,RouteID,BeginPoint,EndPoint,ValueDate,Comments,ValueNumeric,StateCode,BeginDate,ValueText,DataItem
0,06100640000EB,5.87,6.0,2015,same as 2020,,54,01/01/2022,,YEAR_LAST_CONSTRUCTION
1,06100640000EB,6.0,6.1,2015,same as 2020,,54,01/01/2022,,YEAR_LAST_CONSTRUCTION
2,06100640000EB,6.1,6.47,2015,same as 2020,,54,01/01/2022,,YEAR_LAST_CONSTRUCTION
3,06100640000EB,6.47,6.74,2015,same as 2020,,54,01/01/2022,,YEAR_LAST_CONSTRUCTION
4,06100640000EB,6.74,7.2,2015,same as 2020,,54,01/01/2022,,YEAR_LAST_CONSTRUCTION
5,06100640000EB,7.2,7.26,2015,same as 2020,,54,01/01/2022,,YEAR_LAST_CONSTRUCTION
6,06100640000EB,7.26,7.3,2015,same as 2020,,54,01/01/2022,,YEAR_LAST_CONSTRUCTION
7,06100640000EB,7.3,7.72,2015,same as 2020,,54,01/01/2022,,YEAR_LAST_CONSTRUCTION
8,06100640000EB,7.72,8.19,2015,same as 2020,,54,01/01/2022,,YEAR_LAST_CONSTRUCTION
9,06100640000EB,8.19,9.22,2017,same as 2020,,54,01/01/2022,,YEAR_LAST_CONSTRUCTION
10,06100640000EB,9.22,9.52,2017,same as 2020,,54,01/01/2022,,YEAR_LAST_CONSTRUCTION
11,06100640000EB,11.02,11.37,2015,same as 2020,,54,01/01/2022,,YEAR_LAST_CONSTRUCTION
12,06100640000EB,11.37,14.53,2015,same as 2020,,54,01/01/2022,,YEAR_LAST_CONSTRUCTION
13,06100640000EB,14.57,17.5,2016,same as 2020,,54,01/01/2022,,YEAR_LAST_CONSTRUCTION
14,06100640000EB,17.5,17.68,2016,same as 2020,,54,01/01/2022,,YEAR_LAST_CONSTRUCTION
15,06100640000EB,17.68,17.7,2016,same as 2020,,54,01/01/2022,,YEAR_LAST_CONSTRUCTION
16,06100640000EB,17.7,18.0,2016,same as 2020,,54,01/01/2022,,YEAR_LAST_CONSTRUCTION
17,06100640000EB,18.0,18.08,2016,same as 2020,,54,01/01/2022,,YEAR_LAST_CONSTRUCTION
18,06100640000EB,18.08,18.1,2015,same as 2020,,54,01/01/2022,,YEAR_LAST_CONSTRUCTION
19,06100640000EB,18.1,18.49,2015,same as 2020,,54,01/01/2022,,YEAR_LAST_CONSTRUCTION
20,06100640000EB,18.49,19.3,2016,same as 2020,,54,01/01/2022,,YEAR_LAST_CONSTRUCTION
21,06100640000EB,19.3,19.32,2016,same as 2020,,54,01/01/2022,,YEAR_LAST_CONSTRUCTION
22,06100640000EB,19.32,19.4,2016,same as 2020,,54,01/01/2022,,YEAR_LAST_CONSTRUCTION
23,06100640000EB,19.4,19.71,2016,same as 2020,,54,01/01/2022,,YEAR_LAST_CONSTRUCTION
24,06100640000EB,19.71,20.19,2012,same as 2020,,54,01/01/2022,,YEAR_LAST_CONSTRUCTION
25,06100640000EB,20.19,20.2,2012,same as 2020,,54,01/01/2022,,YEAR_LAST_CONSTRUCTION
26,06100640000EB,20.2,20.3,2012,same as 2020,,54,01/01/2022,,YEAR_LAST_CONSTRUCTION
27,06100640000EB,20.3,21.04,2012,same as 2020,,54,01/01/2022,,YEAR_LAST_CONSTRUCTION
28,06100640000EB,21.04,21.16,2012,same as 2020,,54,01/01/2022,,YEAR_LAST_CONSTRUCTION
29,06100640000EB,21.16,21.75,2012,same as 2020,,54,01/01/2022,,YEAR_LAST_CONSTRUCTION
30,06100640000EB,21.75,22.39,2012,same as 2020,,54,01/01/2022,,YEAR_LAST_CONSTRUCTION
31,06100640000EB,22.39,22.4,2017,same as 2020,,54,01/01/2022,,YEAR_LAST_CONSTRUCTION
32,06100640000EB,22.4,22.5,2017,same as 2020,,54,01/01/2022,,YEAR_LAST_CONSTRUCTION
33,06100640000EB,22.5,25.2,2017,same as 2020,,54,01/01/2022,,YEAR_LAST_CONSTRUCTION
34,06100640000EB,25.2,25.3,2017,same as 2020,,54,01/01/2022,,YEAR_LAST_CONSTRUCTION
35,06100640000EB,25.3,27.11,2017,same as 2020,,54,01/01/2022,,YEAR_LAST_CONSTRUCTION
36,06100640000EB,27.11,27.55,2017,same as 2020,,54,01/01/2022,,YEAR_LAST_CONSTRUCTION
37,06100640000EB,27.55,28.67,2018,same as 2020,,54,01/01/2022,,YEAR_LAST_CONSTRUCTION
38,06100640000EB,28.67,29.44,2018,same as 2020,,54,01/01/2022,,YEAR_LAST_CONSTRUCTION
39,06100640000EB,29.44,31.77,2018,same as 2020,,54,01/01/2022,,YEAR_LAST_CONSTRUCTION
40,06200520000EB,0.33,0.45,2021,same as 2020,,54,01/01/2022,,YEAR_LAST_CONSTRUCTION
41,06200520000EB,0.75,1.0,2021,same as 2020,,54,01/01/2022,,YEAR_LAST_CONSTRUCTION
42,06200520000EB,1.0,1.01,2021,same as 2020,,54,01/01/2022,,YEAR_LAST_CONSTRUCTION
43,06200520004NB,0.0,0.32,2022,same as 2020,,54,01/01/2022,,YEAR_LAST_CONSTRUCTION
44,06200520004NB,0.321,0.46,2022,same as 2020,,54,01/01/2022,,YEAR_LAST_CONSTRUCTION
45,06200600000EB,2.97,3.07,2013,same as 2020,,54,01/01/2022,,YEAR_LAST_CONSTRUCTION
46,06200600000EB,6.97,7.51,2019,same as 2020,,54,01/01/2022,,YEAR_LAST_CONSTRUCTION
47,06200600000EB,7.59,7.96,2019,same as 2020,,54,01/01/2022,,YEAR_LAST_CONSTRUCTION
48,06200600000EB,7.96,8.43,2019,same as 2020,,54,01/01/2022,,YEAR_LAST_CONSTRUCTION
49,06200600000EB,8.43,8.78,2019,same as 2020,,54,01/01/2022,,YEAR_LAST_CONSTRUCTION
50,06200600000EB,8.78,8.82,2019,same as 2020,,54,01/01/2022,,YEAR_LAST_CONSTRUCTION
51,06200600000EB,8.82,9.5,2008,same as 2020,,54,01/01/2022,,YEAR_LAST_CONSTRUCTION
52,06200600000EB,9.56,9.92,2008,same as 2020,,54,01/01/2022,,YEAR_LAST_CONSTRUCTION
53,06200600000EB,9.92,10.27,2008,same as 2020,,54,01/01/2022,,YEAR_LAST_CONSTRUCTION
54,06200600000EB,15.59,17.29,2011,same as 2020,,54,01/01/2022,,YEAR_LAST_CONSTRUCTION
55,06200600001EB,0.0,0.39,2017,same as 2020,,54,01/01/2022,,YEAR_LAST_CONSTRUCTION
56,0630002000000,0.1,0.2,2007,same as 2020,,54,01/01/2022,,YEAR_LAST_CONSTRUCTION
57,0630002000000,0.2,0.21,2007,same as 2020,,54,01/01/2022,,YEAR_LAST_CONSTRUCTION
58,0630002000000,9.98,10.08,2016,same as 2020,,54,01/01/2022,,YEAR_LAST_CONSTRUCTION
59,0630002000000,14.38,16.4,2022,same as 2020,,54,01/01/2022,,YEAR_LAST_CONSTRUCTION
60,0630002000000,16.4,16.5,2022,same as 2020,,54,01/01/2022,,YEAR_LAST_CONSTRUCTION
61,0630002000000,16.5,17.99,2022,same as 2020,,54,01/01/2022,,YEAR_LAST_CONSTRUCTION
62,0630002001300,0.0,0.1,2007,same as 2020,,54,01/01/2022,,YEAR_LAST_CONSTRUCTION
63,0630002001300,0.1,0.17,2007,same as 2020,,54,01/01/2022,,YEAR_LAST_CONSTRUCTION
64,0630002001300,0.17,0.2,2013,same as 2020,,54,01/01/2022,,YEAR_LAST_CONSTRUCTION
65,0630002001300,0.2,0.39,2013,same as 2020,,54,01/01/2022,,YEAR_LAST_CONSTRUCTION
66,0630010000000,15.69,15.82,2021,same as 2020,,54,01/01/2022,,YEAR_LAST_CONSTRUCTION
67,0630010000000,15.82,16.27,2021,same as 2020,,54,01/01/2022,,YEAR_LAST_CONSTRUCTION
68,0630010000000,17.46,18.41,2012,same as 2020,,54,01/01/2022,,YEAR_LAST_CONSTRUCTION
69,0630010000100,1.94,2.56,2021,same as 2020,,54,01/01/2022,,YEAR_LAST_CONSTRUCTION
70,0630101000000,0.16,0.36,2022,same as 2020,,54,01/01/2022,,YEAR_LAST_CONSTRUCTION
71,0630152000000,0.76,0.99,2016,same as 2020,,54,01/01/2022,,YEAR_LAST_CONSTRUCTION
72,0630193000000,0.46,3.55,2020,same as 2020,,54,01/01/2022,,YEAR_LAST_CONSTRUCTION
73,0640001000000,2.1,2.224,2022,same as 2020,,54,01/01/2022,,YEAR_LAST_CONSTRUCTION
74,0640001000000,2.477,2.619,2022,same as 2020,,54,01/01/2022,,YEAR_LAST_CONSTRUCTION
75,0640009000000,1.688,1.803,2010,same as 2020,,54,01/01/2022,,YEAR_LAST_CONSTRUCTION
76,0640013000000,0.02,0.42,2018,same as 2020,,54,01/01/2022,,YEAR_LAST_CONSTRUCTION
77,0640017000000,4.05,4.17,2020,same as 2020,,54,01/01/2022,,YEAR_LAST_CONSTRUCTION
78,0640017000000,4.3,4.41,2020,same as 2020,,54,01/01/2022,,YEAR_LAST_CONSTRUCTION
79,0640017000000,4.47,5.02,2020,same as 2020,,54,01/01/2022,,YEAR_LAST_CONSTRUCTION
80,0640021000000,0.537,0.9,2016,same as 2020,,54,01/01/2022,,YEAR_LAST_CONSTRUCTION
81,0640021000000,0.9,1.51,2016,same as 2020,,54,01/01/2022,,YEAR_LAST_CONSTRUCTION
82,0640021000000,1.51,2.939,2016,same as 2020,,54,01/01/2022,,YEAR_LAST_CONSTRUCTION
83,0640021000000,2.947,2.98,2016,same as 2020,,54,01/01/2022,,YEAR_LAST_CONSTRUCTION
84,0640031000000,0.16,0.5,2013,same as 2020,,54,01/01/2022,,YEAR_LAST_CONSTRUCTION
85,0640031060000,0.0,0.38,2019,same as 2020,,54,01/01/2022,,YEAR_LAST_CONSTRUCTION
86,0640031060000,0.38,0.41,2018,same as 2020,,54,01/01/2022,,YEAR_LAST_CONSTRUCTION
87,0640031060000,0.41,0.48,2019,same as 2020,,54,01/01/2022,,YEAR_LAST_CONSTRUCTION
88,0640035000000,7.83,8.63,2015,same as 2020,,54,01/01/2022,,YEAR_LAST_CONSTRUCTION
89,3530002000000,1.9,2.0,2020,same as 2020,,54,01/01/2022,,YEAR_LAST_CONSTRUCTION
90,3530002000000,2.0,2.13,2019,same as 2020,,54,01/01/2022,,YEAR_LAST_CONSTRUCTION
91,3530002000000,2.36,2.84,2014,same as 2020,,54,01/01/2022,,YEAR_LAST_CONSTRUCTION
92,3530002000000,5.81,7.04,2014,same as 2020,,54,01/01/2022,,YEAR_LAST_CONSTRUCTION
93,3530002000000,7.35,7.57,2014,same as 2020,,54,01/01/2022,,YEAR_LAST_CONSTRUCTION
94,0640039000000,2.08,2.62,2020,same as 2020,,54,01/01/2022,,YEAR_LAST_CONSTRUCTION
95,46201190000NB,6.05,6.54,2019,same as 2020,,54,01/01/2022,,YEAR_LAST_CONSTRUCTION
96,46201190000NB,8.59,9.32,2014,same as 2020,,54,01/01/2022,,YEAR_LAST_CONSTRUCTION
97,0640052030000,0.0,0.22,2019,same as 2020,,54,01/01/2022,,YEAR_LAST_CONSTRUCTION
98,4140001000000,1.95,3.4,2014,same as 2020,,54,01/01/2022,,YEAR_LAST_CONSTRUCTION
99,0640060050000,0.0,0.88,2014,same as 2020,,54,01/01/2022,,YEAR_LAST_CONSTRUCTION
100,1771754001900,0.18,0.47,2014,same as 2020,,54,01/01/2022,,YEAR_LAST_CONSTRUCTION
101,1771754001900,0.47,0.57,2014,same as 2020,,54,01/01/2022,,YEAR_LAST_CONSTRUCTION
102,0640060050000,0.88,1.68,2014,same as 2020,,54,01/01/2022,,YEAR_LAST_CONSTRUCTION
103,0640060050000,1.68,1.97,2014,same as 2020,,54,01/01/2022,,YEAR_LAST_CONSTRUCTION
104,0640060700000,0.0,0.18,2019,same as 2020,,54,01/01/2022,,YEAR_LAST_CONSTRUCTION
105,0640060700000,0.18,0.56,2019,same as 2020,,54,01/01/2022,,YEAR_LAST_CONSTRUCTION
106,0640060700000,0.56,0.76,2019,same as 2020,,54,01/01/2022,,YEAR_LAST_CONSTRUCTION
107,0673272001900,0.35,1.04,2013,same as 2020,,54,01/01/2022,,YEAR_LAST_CONSTRUCTION
108,0673272001900,1.08,1.28,2013,same as 2020,,54,01/01/2022,,YEAR_LAST_CONSTRUCTION
109,0673272001900,1.28,1.44,2013,same as 2020,,54,01/01/2022,,YEAR_LAST_CONSTRUCTION
110,0673274001900,1.46,1.56,2013,same as 2020,,54,01/01/2022,,YEAR_LAST_CONSTRUCTION
111,0673281001900,0.19,0.48,2015,same as 2020,,54,01/01/2022,,YEAR_LAST_CONSTRUCTION
112,0673285001900,0.0,0.32,2009,same as 2020,,54,01/01/2022,,YEAR_LAST_CONSTRUCTION
113,0673287001900,0.0,0.28,2011,same as 2020,,54,01/01/2022,,YEAR_LAST_CONSTRUCTION
114,0673287001900,0.51,0.86,2015,same as 2020,,54,01/01/2022,,YEAR_LAST_CONSTRUCTION
115,0673287001900,1.03,1.14,2011,same as 2020,,54,01/01/2022,,YEAR_LAST_CONSTRUCTION
116,0673288001900,0.78,0.89,2009,same as 2020,,54,01/01/2022,,YEAR_LAST_CONSTRUCTION
117,0673289001900,1.72,2.02,2011,same as 2020,,54,01/01/2022,,YEAR_LAST_CONSTRUCTION
118,0673295001900,0.0,1.08,2009,same as 2020,,54,01/01/2022,,YEAR_LAST_CONSTRUCTION
119,0673317001900,0.0,0.24,2009,same as 2020,,54,01/01/2022,,YEAR_LAST_CONSTRUCTION
120,2230003000000,5.71,6.1,2007,same as 2020,,54,01/01/2022,,YEAR_LAST_CONSTRUCTION
121,2230010000000,17.81,19.07,2021,same as 2020,,54,01/01/2022,,YEAR_LAST_CONSTRUCTION
122,23201190000NB,0.0,0.85,2020,same as 2020,,54,01/01/2022,,YEAR_LAST_CONSTRUCTION
123,23201190000NB,1.44,2.2,2020,same as 2020,,54,01/01/2022,,YEAR_LAST_CONSTRUCTION
124,0240013000000,0.43,1.03,2020,same as 2020,,54,01/01/2022,,YEAR_LAST_CONSTRUCTION
125,0240013000000,1.03,1.5,2020,same as 2020,,54,01/01/2022,,YEAR_LAST_CONSTRUCTION
126,23201190000NB,2.2,2.54,2020,same as 2020,,54,01/01/2022,,YEAR_LAST_CONSTRUCTION
127,23201190000NB,2.54,2.67,2020,New 2021,,54,01/01/2022,,YEAR_LAST_CONSTRUCTION
128,23201190000NB,2.67,3.3,2020,same as 2020,,54,01/01/2022,,YEAR_LAST_CONSTRUCTION
129,23201190000NB,3.3,3.5,2020,same as 2020,,54,01/01/2022,,YEAR_LAST_CONSTRUCTION
130,23201190000NB,3.5,3.59,2020,same as 2020,,54,01/01/2022,,YEAR_LAST_CONSTRUCTION
131,23201190000NB,3.59,5.1,2017,same as 2020,,54,01/01/2022,,YEAR_LAST_CONSTRUCTION
132,23201190000NB,5.1,5.27,2017,same as 2020,,54,01/01/2022,,YEAR_LAST_CONSTRUCTION
133,23201190000NB,11.87,12.283,2015,same as 2020,,54,01/01/2022,,YEAR_LAST_CONSTRUCTION
134,2330010000000,12.79,12.9,2008,same as 2020,,54,01/01/2022,,YEAR_LAST_CONSTRUCTION
135,2330010000000,12.9,12.95,2008,same as 2020,,54,01/01/2022,,YEAR_LAST_CONSTRUCTION
136,2330010000000,14.782,15.25,2010,same as 2020,,54,01/01/2022,,YEAR_LAST_CONSTRUCTION
137,2330010000000,15.25,16.17,2010,New 2021,,54,01/01/2022,,YEAR_LAST_CONSTRUCTION
138,2330010000000,16.77,17.46,2008,same as 2020,,54,01/01/2022,,YEAR_LAST_CONSTRUCTION
139,2330010000000,17.46,17.76,2010,same as 2020,,54,01/01/2022,,YEAR_LAST_CONSTRUCTION
140,2330010000000,17.76,18.21,2008,same as 2020,,54,01/01/2022,,YEAR_LAST_CONSTRUCTION
141,2330010000000,18.76,19.41,2008,same as 2020,,54,01/01/2022,,YEAR_LAST_CONSTRUCTION
142,2330010000000,19.41,20.39,2008,New 2021,,54,01/01/2022,,YEAR_LAST_CONSTRUCTION
143,2330010000000,20.39,22.05,2021,New 2021,,54,01/01/2022,,YEAR_LAST_CONSTRUCTION
144,2330010000000,27.14,28.6,2021,same as 2020,,54,01/01/2022,,YEAR_LAST_CONSTRUCTION
145,2330017000000,0.32,1.1,2007,same as 2020,,54,01/01/2022,,YEAR_LAST_CONSTRUCTION
146,2330044000000,16.02,17.07,2008,same as 2020,,54,01/01/2022,,YEAR_LAST_CONSTRUCTION
147,2330073000000,0.31,1.4,2016,same as 2020,,54,01/01/2022,,YEAR_LAST_CONSTRUCTION
148,2330073000000,1.4,1.5,2016,same as 2020,,54,01/01/2022,,YEAR_LAST_CONSTRUCTION
149,2330073000000,1.5,2.1,2016,same as 2020,,54,01/01/2022,,YEAR_LAST_CONSTRUCTION
150,2330073000000,2.1,2.15,2016,same as 2020,,54,01/01/2022,,YEAR_LAST_CONSTRUCTION
151,2330080000000,0.86,1.57,2017,same as 2020,,54,01/01/2022,,YEAR_LAST_CONSTRUCTION
152,2340005000000,0.45,2.789,2014,same as 2020,,54,01/01/2022,,YEAR_LAST_CONSTRUCTION
153,30200520000EB,9.95,11.65,2014,same as 2020,,54,01/01/2022,,YEAR_LAST_CONSTRUCTION
154,30200520000EB,26.08,26.53,2016,same as 2020,,54,01/01/2022,,YEAR_LAST_CONSTRUCTION
155,30200520004NB,0.096,0.39,2009,same as 2020,,54,01/01/2022,,YEAR_LAST_CONSTRUCTION
156,30201190000NB,11.73,12.8,2015,same as 2020,,54,01/01/2022,,YEAR_LAST_CONSTRUCTION
157,30201190000NB,12.88,14.28,2015,same as 2020,,54,01/01/2022,,YEAR_LAST_CONSTRUCTION
158,3030080000000,7.05,9.46,2012,same as 2020,,54,01/01/2022,,YEAR_LAST_CONSTRUCTION
159,50100640000EB,0.0,0.1,2017,same as 2020,,54,01/01/2022,,YEAR_LAST_CONSTRUCTION
160,50100640000EB,0.1,0.11,2017,same as 2020,,54,01/01/2022,,YEAR_LAST_CONSTRUCTION
161,50100640000EB,0.11,1.25,2017,same as 2020,,54,01/01/2022,,YEAR_LAST_CONSTRUCTION
162,50100640000EB,1.29,1.66,2015,same as 2020,,54,01/01/2022,,YEAR_LAST_CONSTRUCTION
163,50100640000EB,1.66,2.0,2015,same as 2020,,54,01/01/2022,,YEAR_LAST_CONSTRUCTION
164,50100640000EB,2.0,2.17,2015,same as 2020,,54,01/01/2022,,YEAR_LAST_CONSTRUCTION
165,50100640000EB,2.17,2.3,2015,same as 2020,,54,01/01/2022,,YEAR_LAST_CONSTRUCTION
166,50100640000EB,2.3,2.7,2015,same as 2020,,54,01/01/2022,,YEAR_LAST_CONSTRUCTION
167,50100640000EB,2.7,2.75,2015,same as 2020,,54,01/01/2022,,YEAR_LAST_CONSTRUCTION
168,50100640000EB,2.75,2.8,2015,same as 2020,,54,01/01/2022,,YEAR_LAST_CONSTRUCTION
169,50100640000EB,2.8,4.22,2015,same as 2020,,54,01/01/2022,,YEAR_LAST_CONSTRUCTION
170,50100640000EB,4.22,4.4,2015,same as 2020,,54,01/01/2022,,YEAR_LAST_CONSTRUCTION
171,50100640000EB,4.4,4.5,2015,same as 2020,,54,01/01/2022,,YEAR_LAST_CONSTRUCTION
172,50100640000EB,4.5,5.29,2015,same as 2020,,54,01/01/2022,,YEAR_LAST_CONSTRUCTION
173,50100640000EB,5.29,5.3,2015,same as 2020,,54,01/01/2022,,YEAR_LAST_CONSTRUCTION
174,50100640000EB,5.3,5.4,2015,same as 2020,,54,01/01/2022,,YEAR_LAST_CONSTRUCTION
175,50100640000EB,5.4,5.87,2015,same as 2020,,54,01/01/2022,,YEAR_LAST_CONSTRUCTION
176,50200520000EB,5.8,6.51,2019,same as 2020,,54,01/01/2022,,YEAR_LAST_CONSTRUCTION
177,50200520000EB,29.12,31.4,2008,same as 2020,,54,01/01/2022,,YEAR_LAST_CONSTRUCTION
178,50200600000EB,0.0,0.16,2018,same as 2020,,54,01/01/2022,,YEAR_LAST_CONSTRUCTION
179,50200600000EB,0.16,0.24,2018,same as 2020,,54,01/01/2022,,YEAR_LAST_CONSTRUCTION
180,50200600000EB,0.49,0.72,2018,same as 2020,,54,01/01/2022,,YEAR_LAST_CONSTRUCTION
181,50200600000EB,1.13,1.83,2018,same as 2020,,54,01/01/2022,,YEAR_LAST_CONSTRUCTION
182,50200600000EB,3.79,4.04,2011,same as 2020,,54,01/01/2022,,YEAR_LAST_CONSTRUCTION
183,50200600000EB,4.04,4.39,2011,same as 2020,,54,01/01/2022,,YEAR_LAST_CONSTRUCTION
184,5030152000000,29.86,30.39,2008,same as 2020,,54,01/01/2022,,YEAR_LAST_CONSTRUCTION
185,5030152000000,40.4,43.98,2020,New 2021,,54,01/01/2022,,YEAR_LAST_CONSTRUCTION
186,5030152000000,43.98,44.59,2020,same as 2020,,54,01/01/2022,,YEAR_LAST_CONSTRUCTION
187,5040001000000,2.16,2.29,2020,same as 2020,,54,01/01/2022,,YEAR_LAST_CONSTRUCTION
188,5040003000000,3.75,3.85,2019,same as 2020,,54,01/01/2022,,YEAR_LAST_CONSTRUCTION
189,5040003000000,3.94,4.06,2019,same as 2020,,54,01/01/2022,,YEAR_LAST_CONSTRUCTION
190,5040003010000,0.09,0.65,2019,same as 2020,,54,01/01/2022,,YEAR_LAST_CONSTRUCTION
191,5040003010000,0.65,0.68,2019,same as 2020,,54,01/01/2022,,YEAR_LAST_CONSTRUCTION
192,5040003020000,0.0,0.64,2019,same as 2020,,54,01/01/2022,,YEAR_LAST_CONSTRUCTION
193,5040003020000,0.64,1.25,2019,same as 2020,,54,01/01/2022,,YEAR_LAST_CONSTRUCTION
194,5040007000000,17.84,18.87,2016,same as 2020,,54,01/01/2022,,YEAR_LAST_CONSTRUCTION
195,5040007000000,19.35,19.76,2016,same as 2020,,54,01/01/2022,,YEAR_LAST_CONSTRUCTION
196,5040008000000,0.0,0.45,2016,same as 2020,,54,01/01/2022,,YEAR_LAST_CONSTRUCTION
197,5040009000000,0.65,1.92,2011,same as 2020,,54,01/01/2022,,YEAR_LAST_CONSTRUCTION
198,5040012000000,3.176,4.65,2016,same as 2020,,54,01/01/2022,,YEAR_LAST_CONSTRUCTION
199,5040060030000,1.37,1.47,2019,same as 2020,,54,01/01/2022,,YEAR_LAST_CONSTRUCTION
200,5040060040000,1.24,2.4,2012,same as 2020,,54,01/01/2022,,YEAR_LAST_CONSTRUCTION
201,5040060070000,0.24,0.87,2018,same as 2020,,54,01/01/2022,,YEAR_LAST_CONSTRUCTION
202,5040060070000,0.87,1.44,2018,same as 2020,,54,01/01/2022,,YEAR_LAST_CONSTRUCTION
203,17200500000EB,1.53,3.37,1969,same as 2020,,54,01/01/2022,,YEAR_LAST_CONSTRUCTION
204,17200500000EB,3.42,3.8,1969,same as 2020,,54,01/01/2022,,YEAR_LAST_CONSTRUCTION
205,17200500000EB,6.11,7.18,1969,same as 2020,,54,01/01/2022,,YEAR_LAST_CONSTRUCTION
206,1740011000000,4.24,4.7,1980,same as 2020,,54,01/01/2022,,YEAR_LAST_CONSTRUCTION
207,1740011000000,4.7,5.24,1980,same as 2020,,54,01/01/2022,,YEAR_LAST_CONSTRUCTION
208,1740012000000,0.14,0.9,1980,same as 2020,,54,01/01/2022,,YEAR_LAST_CONSTRUCTION
209,1740024000000,4.78,5.67,1986,same as 2020,,54,01/01/2022,,YEAR_LAST_CONSTRUCTION
210,1740024020000,0.0,0.75,1979,same as 2020,,54,01/01/2022,,YEAR_LAST_CONSTRUCTION
211,1740024020000,0.75,0.87,1979,same as 2020,,54,01/01/2022,,YEAR_LAST_CONSTRUCTION
212,1740024020000,0.87,1.09,1988,same as 2020,,54,01/01/2022,,YEAR_LAST_CONSTRUCTION
213,1740024020000,1.09,1.86,1980,same as 2020,,54,01/01/2022,,YEAR_LAST_CONSTRUCTION
214,1740024020000,1.86,2.95,1983,same as 2020,,54,01/01/2022,,YEAR_LAST_CONSTRUCTION
215,1740024270000,0.0,0.41,1991,same as 2020,,54,01/01/2022,,YEAR_LAST_CONSTRUCTION
216,1740031000000,0.5,1.45,1971,same as 2020,,54,01/01/2022,,YEAR_LAST_CONSTRUCTION
217,1740050160000,0.12,0.54,1992,same as 2020,,54,01/01/2022,,YEAR_LAST_CONSTRUCTION
218,2540031010000,1.72,2.03,1972,same as 2020,,54,01/01/2022,,YEAR_LAST_CONSTRUCTION
219,2540054000000,0.0,0.183,1973,same as 2020,,54,01/01/2022,,YEAR_LAST_CONSTRUCTION
220,2540060000000,2.11,2.61,1988,same as 2020,,54,01/01/2022,,YEAR_LAST_CONSTRUCTION
221,2540072000000,1.02,1.79,1977,same as 2020,,54,01/01/2022,,YEAR_LAST_CONSTRUCTION
222,2540072000000,2.07,2.67,1978,same as 2020,,54,01/01/2022,,YEAR_LAST_CONSTRUCTION
223,2540072020000,0.0,0.5,1972,same as 2020,,54,01/01/2022,,YEAR_LAST_CONSTRUCTION
224,2540072020000,0.5,0.72,1972,same as 2020,,54,01/01/2022,,YEAR_LAST_CONSTRUCTION
225,2540072020000,0.72,1.17,1972,same as 2020,,54,01/01/2022,,YEAR_LAST_CONSTRUCTION
226,2540072020000,1.17,1.71,1972,same as 2020,,54,01/01/2022,,YEAR_LAST_CONSTRUCTION
227,2540072020000,1.76,1.93,1972,same as 2020,,54,01/01/2022,,YEAR_LAST_CONSTRUCTION
228,2540073000000,2.45,3.55,1991,same as 2020,,54,01/01/2022,,YEAR_LAST_CONSTRUCTION
229,2540073730000,2.11,2.33,1989,same as 2020,,54,01/01/2022,,YEAR_LAST_CONSTRUCTION
230,2540073730000,2.673,3.34,1982,same as 2020,,54,01/01/2022,,YEAR_LAST_CONSTRUCTION
231,2540250320000,2.05,2.49,1987,same as 2020,,54,01/01/2022,,YEAR_LAST_CONSTRUCTION
232,31100790000NB,157.0,160.5,2019,same as 2020,,54,01/01/2022,,YEAR_LAST_CONSTRUCTION
233,31100790000NB,160.5,160.52,2019,same as 2020,,54,01/01/2022,,YEAR_LAST_CONSTRUCTION
234,31200190000NB,8.29,8.806,1986,same as 2020,,54,01/01/2022,,YEAR_LAST_CONSTRUCTION
235,31200190000NB,8.99,9.16,1986,same as 2020,,54,01/01/2022,,YEAR_LAST_CONSTRUCTION
236,31200190000NB,9.54,9.94,1986,same as 2020,,54,01/01/2022,,YEAR_LAST_CONSTRUCTION
237,31200190000NB,10.59,11.08,1970,same as 2020,,54,01/01/2022,,YEAR_LAST_CONSTRUCTION
238,31200190000NB,11.51,12.33,1978,same as 2020,,54,01/01/2022,,YEAR_LAST_CONSTRUCTION
239,31200190000NB,13.74,14.19,1978,same as 2020,,54,01/01/2022,,YEAR_LAST_CONSTRUCTION
240,31200190000NB,14.25,14.3,1972,same as 2020,,54,01/01/2022,,YEAR_LAST_CONSTRUCTION
241,31200190000NB,14.3,14.35,1972,same as 2020,,54,01/01/2022,,YEAR_LAST_CONSTRUCTION
242,31200190000NB,14.44,14.5,1972,same as 2020,,54,01/01/2022,,YEAR_LAST_CONSTRUCTION
243,31200190000NB,14.5,14.8,1972,same as 2020,,54,01/01/2022,,YEAR_LAST_CONSTRUCTION
244,31200190000NB,14.8,14.98,1972,same as 2020,,54,01/01/2022,,YEAR_LAST_CONSTRUCTION
245,31200190000NB,15.62,16.49,1972,same as 2020,,54,01/01/2022,,YEAR_LAST_CONSTRUCTION
246,31200190000NB,16.49,17.021,1972,same as 2020,,54,01/01/2022,,YEAR_LAST_CONSTRUCTION
247,31201190000NB,7.81,9.82,1978,same as 2020,,54,01/01/2022,,YEAR_LAST_CONSTRUCTION
248,31201190000NB,11.9,12.06,1978,same as 2020,,54,01/01/2022,,YEAR_LAST_CONSTRUCTION
249,31201190000NB,13.78,13.8,1978,same as 2020,,54,01/01/2022,,YEAR_LAST_CONSTRUCTION
250,31201190000NB,13.8,13.99,1978,same as 2020,,54,01/01/2022,,YEAR_LAST_CONSTRUCTION
251,31201190000NB,13.99,14.1,1978,same as 2020,,54,01/01/2022,,YEAR_LAST_CONSTRUCTION
252,31201190000NB,14.1,14.22,1978,same as 2020,,54,01/01/2022,,YEAR_LAST_CONSTRUCTION
253,31201190000NB,14.42,14.62,1978,same as 2020,,54,01/01/2022,,YEAR_LAST_CONSTRUCTION
254,31201190000NB,14.85,15.15,1978,same as 2020,,54,01/01/2022,,YEAR_LAST_CONSTRUCTION
255,31201190000NB,15.72,16.0,1978,same as 2020,,54,01/01/2022,,YEAR_LAST_CONSTRUCTION
256,31201190000NB,16.82,17.35,1978,same as 2020,,54,01/01/2022,,YEAR_LAST_CONSTRUCTION
257,31201190000NB,17.44,18.2,1987,same as 2020,,54,01/01/2022,,YEAR_LAST_CONSTRUCTION
258,31201190000NB,18.2,19.66,1987,same as 2020,,54,01/01/2022,,YEAR_LAST_CONSTRUCTION
259,31201190000NB,19.66,20.0,1987,same as 2020,,54,01/01/2022,,YEAR_LAST_CONSTRUCTION
260,31201190000NB,20.0,20.47,1987,same as 2020,,54,01/01/2022,,YEAR_LAST_CONSTRUCTION
261,3130007000000,0.0,3.42,1962,same as 2020,,54,01/01/2022,,YEAR_LAST_CONSTRUCTION
262,3130007000000,4.42,4.54,1970,same as 2020,,54,01/01/2022,,YEAR_LAST_CONSTRUCTION
263,3130007000000,13.21,13.45,1980,same as 2020,,54,01/01/2022,,YEAR_LAST_CONSTRUCTION
264,3130007000000,22.54,24.0,1982,same as 2020,,54,01/01/2022,,YEAR_LAST_CONSTRUCTION
265,3130007000000,25.15,25.85,1982,same as 2020,,54,01/01/2022,,YEAR_LAST_CONSTRUCTION
266,3130007000000,25.85,26.01,1982,same as 2020,,54,01/01/2022,,YEAR_LAST_CONSTRUCTION
267,3130007000000,26.01,27.03,1982,same as 2020,,54,01/01/2022,,YEAR_LAST_CONSTRUCTION
268,3130007000000,27.03,27.265,1982,same as 2020,,54,01/01/2022,,YEAR_LAST_CONSTRUCTION
269,3130007000000,33.83,34.1,1982,same as 2020,,54,01/01/2022,,YEAR_LAST_CONSTRUCTION
270,3130007000000,34.71,35.76,1982,same as 2020,,54,01/01/2022,,YEAR_LAST_CONSTRUCTION
271,3130007000000,35.76,36.13,1982,same as 2020,,54,01/01/2022,,YEAR_LAST_CONSTRUCTION
272,3130007000000,36.13,36.55,1982,same as 2020,,54,01/01/2022,,YEAR_LAST_CONSTRUCTION
273,3130007000000,36.55,38.29,1982,same as 2020,,54,01/01/2022,,YEAR_LAST_CONSTRUCTION
274,3130007000000,38.29,38.65,1982,same as 2020,,54,01/01/2022,,YEAR_LAST_CONSTRUCTION
275,3130100000000,0.0,0.97,1987,same as 2020,,54,01/01/2022,,YEAR_LAST_CONSTRUCTION
276,3130100000000,0.97,1.34,1987,same as 2020,,54,01/01/2022,,YEAR_LAST_CONSTRUCTION
277,3130100000000,1.34,1.64,1987,same as 2020,,54,01/01/2022,,YEAR_LAST_CONSTRUCTION
278,3130100000000,2.54,2.9,1988,same as 2020,,54,01/01/2022,,YEAR_LAST_CONSTRUCTION
279,3130100000000,2.9,3.08,1987,same as 2020,,54,01/01/2022,,YEAR_LAST_CONSTRUCTION
280,3140007210000,0.0,1.11,1905,same as 2020,,54,01/01/2022,,YEAR_LAST_CONSTRUCTION
281,3140057000000,1.21,1.33,1970,same as 2020,,54,01/01/2022,,YEAR_LAST_CONSTRUCTION
282,3140059020000,0.0,0.44,1971,same as 2020,,54,01/01/2022,,YEAR_LAST_CONSTRUCTION
283,3140061010000,0.0,0.37,1967,same as 2020,,54,01/01/2022,,YEAR_LAST_CONSTRUCTION
284,3140061010000,0.41,0.52,1967,same as 2020,,54,01/01/2022,,YEAR_LAST_CONSTRUCTION
285,3140064000000,0.0,0.38,1977,same as 2020,,54,01/01/2022,,YEAR_LAST_CONSTRUCTION
286,3140064030000,0.0,0.29,1988,same as 2020,,54,01/01/2022,,YEAR_LAST_CONSTRUCTION
287,3140065000000,0.0,0.263,1972,same as 2020,,54,01/01/2022,,YEAR_LAST_CONSTRUCTION
288,3140068070000,0.25,0.75,1990,same as 2020,,54,01/01/2022,,YEAR_LAST_CONSTRUCTION
289,3140068070000,0.75,1.32,1990,same as 2020,,54,01/01/2022,,YEAR_LAST_CONSTRUCTION
290,3140068070000,1.61,2.15,1990,same as 2020,,54,01/01/2022,,YEAR_LAST_CONSTRUCTION
291,3140070000000,0.0,0.38,1990,same as 2020,,54,01/01/2022,,YEAR_LAST_CONSTRUCTION
292,3140070000000,0.387,1.47,1990,same as 2020,,54,01/01/2022,,YEAR_LAST_CONSTRUCTION
293,3140072000000,3.772,3.78,1967,same as 2020,,54,01/01/2022,,YEAR_LAST_CONSTRUCTION
294,3140073730000,0.0,0.58,1974,same as 2020,,54,01/01/2022,,YEAR_LAST_CONSTRUCTION
295,3140081000000,7.25,8.03,1978,same as 2020,,54,01/01/2022,,YEAR_LAST_CONSTRUCTION
296,3140082000000,0.0,1.88,1968,same as 2020,,54,01/01/2022,,YEAR_LAST_CONSTRUCTION
297,3140857000000,0.5,1.41,1983,same as 2020,,54,01/01/2022,,YEAR_LAST_CONSTRUCTION
298,39100680000EB,14.66,18.1,1972,same as 2020,,54,01/01/2022,,YEAR_LAST_CONSTRUCTION
299,39100680000EB,18.1,18.12,1972,same as 2020,,54,01/01/2022,,YEAR_LAST_CONSTRUCTION
300,39100680000EB,18.12,18.2,1972,same as 2020,,54,01/01/2022,,YEAR_LAST_CONSTRUCTION
301,39100680000EB,18.2,23.34,1972,same as 2020,,54,01/01/2022,,YEAR_LAST_CONSTRUCTION
302,39100680000EB,26.75,28.64,1972,same as 2020,,54,01/01/2022,,YEAR_LAST_CONSTRUCTION
303,39100680000EB,28.64,29.23,1972,same as 2020,,54,01/01/2022,,YEAR_LAST_CONSTRUCTION
304,39100680000EB,29.23,31.24,1972,same as 2020,,54,01/01/2022,,YEAR_LAST_CONSTRUCTION
305,39100680000EB,31.24,31.42,1972,same as 2020,,54,01/01/2022,,YEAR_LAST_CONSTRUCTION
306,39100680000EB,31.42,32.06,1972,same as 2020,,54,01/01/2022,,YEAR_LAST_CONSTRUCTION
307,39202190000NB,0.0,0.8,1963,same as 2020,,54,01/01/2022,,YEAR_LAST_CONSTRUCTION
308,39202190000NB,0.8,3.01,1963,same as 2020,,54,01/01/2022,,YEAR_LAST_CONSTRUCTION
309,39202190000NB,3.01,3.31,1963,same as 2020,,54,01/01/2022,,YEAR_LAST_CONSTRUCTION
310,39202190000NB,3.31,4.76,1963,same as 2020,,54,01/01/2022,,YEAR_LAST_CONSTRUCTION
311,3930072000000,18.42,20.44,1968,same as 2020,,54,01/01/2022,,YEAR_LAST_CONSTRUCTION
312,3940003000000,4.6,7.27,1952,same as 2020,,54,01/01/2022,,YEAR_LAST_CONSTRUCTION
313,02100810000NB,0.0,1.39,1950,same as 2020,,54,01/01/2022,,YEAR_LAST_CONSTRUCTION
314,02100810000NB,1.39,6.27,1950,same as 2020,,54,01/01/2022,,YEAR_LAST_CONSTRUCTION
315,02100810000NB,6.27,11.63,1996,same as 2020,,54,01/01/2022,,YEAR_LAST_CONSTRUCTION
316,02100810000NB,11.63,13.54,1996,same as 2020,,54,01/01/2022,,YEAR_LAST_CONSTRUCTION
317,02100810000NB,13.54,14.26,1998,same as 2020,,54,01/01/2022,,YEAR_LAST_CONSTRUCTION
318,02100810000NB,14.26,15.22,1998,same as 2020,,54,01/01/2022,,YEAR_LAST_CONSTRUCTION
319,02100810000NB,15.22,15.62,1998,same as 2020,,54,01/01/2022,,YEAR_LAST_CONSTRUCTION
320,02100810000NB,15.62,15.95,1998,same as 2020,,54,01/01/2022,,YEAR_LAST_CONSTRUCTION
321,02100810000NB,15.95,16.23,1998,same as 2020,,54,01/01/2022,,YEAR_LAST_CONSTRUCTION
322,02100810000NB,16.23,17.3,1998,same as 2020,,54,01/01/2022,,YEAR_LAST_CONSTRUCTION
323,02100810000NB,17.3,18.13,1998,same as 2020,,54,01/01/2022,,YEAR_LAST_CONSTRUCTION
324,02100810000NB,18.13,20.37,1998,same as 2020,,54,01/01/2022,,YEAR_LAST_CONSTRUCTION
325,02100810000NB,20.37,23.0,2010,same as 2020,,54,01/01/2022,,YEAR_LAST_CONSTRUCTION
326,02100810000NB,23.0,23.4,2010,same as 2020,,54,01/01/2022,,YEAR_LAST_CONSTRUCTION
327,02100810000NB,23.4,23.46,2010,same as 2020,,54,01/01/2022,,YEAR_LAST_CONSTRUCTION
328,02100810000NB,23.46,23.5,2010,same as 2020,,54,01/01/2022,,YEAR_LAST_CONSTRUCTION
329,02100810000NB,23.5,24.53,2010,same as 2020,,54,01/01/2022,,YEAR_LAST_CONSTRUCTION
330,02100810000NB,24.53,25.9,2010,same as 2020,,54,01/01/2022,,YEAR_LAST_CONSTRUCTION
331,02100810000NB,25.9,26.0,2010,same as 2020,,54,01/01/2022,,YEAR_LAST_CONSTRUCTION
332,0230009000000,0.35,2.2,1930,same as 2020,,54,01/01/2022,,YEAR_LAST_CONSTRUCTION
333,0230009000000,4.9,6.17,1930,New 2021,,54,01/01/2022,,YEAR_LAST_CONSTRUCTION
334,0230009000000,6.17,6.27,1930,same as 2020,,54,01/01/2022,,YEAR_LAST_CONSTRUCTION
335,0230009000000,6.47,7.58,1930,same as 2020,,54,01/01/2022,,YEAR_LAST_CONSTRUCTION
336,0230009000000,10.12,10.37,1960,same as 2020,,54,01/01/2022,,YEAR_LAST_CONSTRUCTION
337,0230009000000,10.52,10.84,1930,same as 2020,,54,01/01/2022,,YEAR_LAST_CONSTRUCTION
338,0230009000000,10.84,11.15,1930,same as 2020,,54,01/01/2022,,YEAR_LAST_CONSTRUCTION
339,0230009000000,14.55,14.9,1950,same as 2020,,54,01/01/2022,,YEAR_LAST_CONSTRUCTION
340,0230009000000,15.57,15.79,1950,same as 2020,,54,01/01/2022,,YEAR_LAST_CONSTRUCTION
341,0230009000000,15.79,16.09,1950,same as 2020,,54,01/01/2022,,YEAR_LAST_CONSTRUCTION
342,0230009000000,17.07,17.48,2010,same as 2020,,54,01/01/2022,,YEAR_LAST_CONSTRUCTION
343,0230009000000,18.18,20.16,2010,same as 2020,,54,01/01/2022,,YEAR_LAST_CONSTRUCTION
344,0230009000000,6.381,6.47,1930,same as 2020,,54,01/01/2022,,YEAR_LAST_CONSTRUCTION
345,0230009000000,7.584,9.95,1930,same as 2020,,54,01/01/2022,,YEAR_LAST_CONSTRUCTION
346,12200480000EB,0.0,5.82,2018,same as 2020,,54,01/01/2022,,YEAR_LAST_CONSTRUCTION
347,1230093000000,9.71,13.45,1940,same as 2020,,54,01/01/2022,,YEAR_LAST_CONSTRUCTION
348,19203400000NB,8.56,9.13,1998,same as 2020,,54,01/01/2022,,YEAR_LAST_CONSTRUCTION
349,19203400000NB,9.13,9.38,1998,same as 2020,,54,01/01/2022,,YEAR_LAST_CONSTRUCTION
350,19203400000NB,9.38,9.5,1998,same as 2020,,54,01/01/2022,,YEAR_LAST_CONSTRUCTION
351,19203400000NB,11.9,12.047,1950,same as 2020,,54,01/01/2022,,YEAR_LAST_CONSTRUCTION
352,19203400000NB,12.88,13.26,1950,same as 2020,,54,01/01/2022,,YEAR_LAST_CONSTRUCTION
353,19203400000NB,13.26,13.82,1950,same as 2020,,54,01/01/2022,,YEAR_LAST_CONSTRUCTION
354,19203400000NB,14.66,14.7,1950,same as 2020,,54,01/01/2022,,YEAR_LAST_CONSTRUCTION
355,19203400000NB,14.7,14.86,1950,same as 2020,,54,01/01/2022,,YEAR_LAST_CONSTRUCTION
356,19203400000NB,14.86,14.9,1950,same as 2020,,54,01/01/2022,,YEAR_LAST_CONSTRUCTION
357,19203400000NB,14.9,15.31,1950,same as 2020,,54,01/01/2022,,YEAR_LAST_CONSTRUCTION
358,19203400005SB,0.0,0.1,1998,same as 2020,,54,01/01/2022,,YEAR_LAST_CONSTRUCTION
359,19203400005SB,0.1,0.17,1998,same as 2020,,54,01/01/2022,,YEAR_LAST_CONSTRUCTION
360,1930009000000,0.0,1.45,2010,New 2021,,54,01/01/2022,,YEAR_LAST_CONSTRUCTION
361,1930009000000,1.45,3.94,2008,same as 2020,,54,01/01/2022,,YEAR_LAST_CONSTRUCTION
362,1930009000000,4.97,6.35,2010,same as 2020,,54,01/01/2022,,YEAR_LAST_CONSTRUCTION
363,1930009000000,10.91,11.418,2010,same as 2020,,54,01/01/2022,,YEAR_LAST_CONSTRUCTION
364,1930009000000,14.435,14.96,2010,same as 2020,,54,01/01/2022,,YEAR_LAST_CONSTRUCTION
365,1930051000000,8.66,8.78,1998,same as 2020,,54,01/01/2022,,YEAR_LAST_CONSTRUCTION
366,29202200000NB,12.61,13.26,1960,same as 2020,,54,01/01/2022,,YEAR_LAST_CONSTRUCTION
367,2930093000000,0.0,3.42,2008,same as 2020,,54,01/01/2022,,YEAR_LAST_CONSTRUCTION
368,08100790000NB,36.0,39.91,2018,,,54,01/01/2022,,YEAR_LAST_CONSTRUCTION
369,03201190000NB,16.97,17.83,1973,,,54,01/01/2022,,YEAR_LAST_CONSTRUCTION
370,0340005000000,15.1,17.57,2011,,,54,01/01/2022,,YEAR_LAST_CONSTRUCTION
371,03201190000NB,12.83,13.54,1973,,,54,01/01/2022,,YEAR_LAST_CONSTRUCTION
372,03201190000NB,11.49,12.83,2013,,,54,01/01/2022,,YEAR_LAST_CONSTRUCTION
373,03201190000NB,9.44,11.49,2013,,,54,01/01/2022,,YEAR_LAST_CONSTRUCTION
374,0330094000000,0.0,3.01,2017,,,54,01/01/2022,,YEAR_LAST_CONSTRUCTION
375,0330003000000,8.17,11.14,2017,,,54,01/01/2022,,YEAR_LAST_CONSTRUCTION
376,03201190000NB,0.0,2.93,2015,,,54,01/01/2022,,YEAR_LAST_CONSTRUCTION
377,08100790000NB,39.91,41.43,2016,,,54,01/01/2022,,YEAR_LAST_CONSTRUCTION
378,20100640000EB,45.39,47.44,2018,,,54,01/01/2022,,YEAR_LAST_CONSTRUCTION
379,08100790000NB,41.43,44.6,2016,,,54,01/01/2022,,YEAR_LAST_CONSTRUCTION
380,2040073000000,0.0,1.18,2015,,,54,01/01/2022,,YEAR_LAST_CONSTRUCTION
381,20100770000NB,102.66,103.69,2009,,,54,01/01/2022,,YEAR_LAST_CONSTRUCTION
382,20100770000NB,100.78,101.08,1973,,,54,01/01/2022,,YEAR_LAST_CONSTRUCTION
383,20100790000NB,5.42,5.56,2017,,,54,01/01/2022,,YEAR_LAST_CONSTRUCTION
384,20100770000NB,114.59,116.05,2010,,,54,01/01/2022,,YEAR_LAST_CONSTRUCTION
385,20100640000EB,47.44,48.4,2018,,,54,01/01/2022,,YEAR_LAST_CONSTRUCTION
386,20100790000NB,6.82,7.19,2017,,,54,01/01/2022,,YEAR_LAST_CONSTRUCTION
387,20100640000EB,48.4,49.75,2018,,,54,01/01/2022,,YEAR_LAST_CONSTRUCTION
388,20100640000EB,51.56,52.38,2013,,,54,01/01/2022,,YEAR_LAST_CONSTRUCTION
389,2730002000000,29.27,35.98,2015,,,54,01/01/2022,,YEAR_LAST_CONSTRUCTION
390,20100790000NB,5.56,6.12,2017,,,54,01/01/2022,,YEAR_LAST_CONSTRUCTION
391,20100640000EB,53.75,54.37,2010,,,54,01/01/2022,,YEAR_LAST_CONSTRUCTION
392,20200600000EB,9.19,10.9,2009,,,54,01/01/2022,,YEAR_LAST_CONSTRUCTION
393,20100770000NB,106.17,107.6,2011,,,54,01/01/2022,,YEAR_LAST_CONSTRUCTION
394,20100790000NB,20.62,21.28,2014,,,54,01/01/2022,,YEAR_LAST_CONSTRUCTION
395,20100640000EB,55.21,56.33,2009,,,54,01/01/2022,,YEAR_LAST_CONSTRUCTION
396,27200350000NB,17.85,17.98,2015,,,54,01/01/2022,,YEAR_LAST_CONSTRUCTION
397,2730002000000,15.93,18.05,2017,,,54,01/01/2022,,YEAR_LAST_CONSTRUCTION
398,20100640000EB,54.37,54.8,2009,,,54,01/01/2022,,YEAR_LAST_CONSTRUCTION
399,20100770000NB,99.12,100.07,2012,,,54,01/01/2022,,YEAR_LAST_CONSTRUCTION
400,27200350000NB,18.35,18.74,2015,,,54,01/01/2022,,YEAR_LAST_CONSTRUCTION
401,20100790000NB,7.19,7.476,2017,,,54,01/01/2022,,YEAR_LAST_CONSTRUCTION
402,20100790000NB,0.0,0.81,2017,,,54,01/01/2022,,YEAR_LAST_CONSTRUCTION
403,20100640000EB,56.33,57.02,2009,,,54,01/01/2022,,YEAR_LAST_CONSTRUCTION
404,27200350000NB,16.41,16.6,2015,,,54,01/01/2022,,YEAR_LAST_CONSTRUCTION
405,20200600000EB,6.2,6.92,2012,,,54,01/01/2022,,YEAR_LAST_CONSTRUCTION
406,20100790000NB,3.51,4.51,2011,,,54,01/01/2022,,YEAR_LAST_CONSTRUCTION
407,20100770000NB,103.69,104.81,2011,,,54,01/01/2022,,YEAR_LAST_CONSTRUCTION
408,20200600000EB,16.07,16.48,2015,,,54,01/01/2022,,YEAR_LAST_CONSTRUCTION
409,20100790000NB,19.22,20.62,2014,,,54,01/01/2022,,YEAR_LAST_CONSTRUCTION
410,2730002000000,18.91,19.89,2018,,,54,01/01/2022,,YEAR_LAST_CONSTRUCTION
411,20100790000NB,0.81,1.95,2017,,,54,01/01/2022,,YEAR_LAST_CONSTRUCTION
412,2040046000000,0.0,0.41,2012,,,54,01/01/2022,,YEAR_LAST_CONSTRUCTION
413,20100640000EB,57.02,57.48,2009,,,54,01/01/2022,,YEAR_LAST_CONSTRUCTION
414,20100640000EB,52.73,53.75,2010,,,54,01/01/2022,,YEAR_LAST_CONSTRUCTION
415,20100770000NB,113.47,114.59,2010,,,54,01/01/2022,,YEAR_LAST_CONSTRUCTION
416,27200350000NB,17.98,18.322,2015,,,54,01/01/2022,,YEAR_LAST_CONSTRUCTION
417,2730062000000,19.72,20.33,2012,,,54,01/01/2022,,YEAR_LAST_CONSTRUCTION
418,20100790000NB,9.97,10.64,2017,,,54,01/01/2022,,YEAR_LAST_CONSTRUCTION
419,27200350000NB,8.53,8.85,2010,,,54,01/01/2022,,YEAR_LAST_CONSTRUCTION
420,20100770000NB,116.05,116.66,2010,,,54,01/01/2022,,YEAR_LAST_CONSTRUCTION
421,20100770000NB,100.28,100.78,1973,,,54,01/01/2022,,YEAR_LAST_CONSTRUCTION
422,20100770000NB,101.65,102.16,2009,,,54,01/01/2022,,YEAR_LAST_CONSTRUCTION
423,20100770000NB,100.07,100.28,2012,,,54,01/01/2022,,YEAR_LAST_CONSTRUCTION
424,2730062000000,20.55,21.94,2012,,,54,01/01/2022,,YEAR_LAST_CONSTRUCTION
425,20200600000EB,2.44,2.86,2015,,,54,01/01/2022,,YEAR_LAST_CONSTRUCTION
426,20100770000NB,116.66,117.5,2010,,,54,01/01/2022,,YEAR_LAST_CONSTRUCTION
427,27200350000NB,9.644,10.37,2010,,,54,01/01/2022,,YEAR_LAST_CONSTRUCTION
428,20100790000NB,4.51,5.42,2011,,,54,01/01/2022,,YEAR_LAST_CONSTRUCTION
429,20100640000EB,50.11,51.56,2013,,,54,01/01/2022,,YEAR_LAST_CONSTRUCTION
430,2730062000000,20.33,20.53,2012,,,54,01/01/2022,,YEAR_LAST_CONSTRUCTION
431,27200350000NB,17.413,17.59,2015,,,54,01/01/2022,,YEAR_LAST_CONSTRUCTION
432,20100770000NB,104.81,105.002,2011,,,54,01/01/2022,,YEAR_LAST_CONSTRUCTION
433,20100790000NB,10.64,16.04,2014,,,54,01/01/2022,,YEAR_LAST_CONSTRUCTION
434,27200350000NB,11.532,11.87,2010,,,54,01/01/2022,,YEAR_LAST_CONSTRUCTION
435,20100640000EB,49.75,50.11,2013,,,54,01/01/2022,,YEAR_LAST_CONSTRUCTION
436,20100790000NB,1.95,2.24,2017,,,54,01/01/2022,,YEAR_LAST_CONSTRUCTION
437,20100770000NB,98.28,99.12,2012,,,54,01/01/2022,,YEAR_LAST_CONSTRUCTION
438,27200350000NB,16.64,17.28,2015,,,54,01/01/2022,,YEAR_LAST_CONSTRUCTION
439,20100640000EB,54.8,55.21,2009,,,54,01/01/2022,,YEAR_LAST_CONSTRUCTION
440,20200600000EB,23.08,23.52,2015,,,54,01/01/2022,,YEAR_LAST_CONSTRUCTION
441,20200600000EB,28.43,29.18,2015,,,54,01/01/2022,,YEAR_LAST_CONSTRUCTION
442,20100790000NB,16.04,19.22,2012,,,54,01/01/2022,,YEAR_LAST_CONSTRUCTION
443,20100640000EB,52.38,52.73,2013,,,54,01/01/2022,,YEAR_LAST_CONSTRUCTION
444,20100790000NB,2.24,3.51,2017,,,54,01/01/2022,,YEAR_LAST_CONSTRUCTION
445,20100770000NB,102.16,102.66,2009,,,54,01/01/2022,,YEAR_LAST_CONSTRUCTION
446,40100640000EB,31.77,32.57,2018,,,54,01/01/2022,,YEAR_LAST_CONSTRUCTION
447,40100640000EB,36.27,38.68,2018,,,54,01/01/2022,,YEAR_LAST_CONSTRUCTION
448,40200350000NB,1.64,2.06,2006,,,54,01/01/2022,,YEAR_LAST_CONSTRUCTION
449,40100640000EB,41.546,41.66,2009,,,54,01/01/2022,,YEAR_LAST_CONSTRUCTION
450,4040046000000,0.0,2.29,2010,,,54,01/01/2022,,YEAR_LAST_CONSTRUCTION
451,40100640000EB,34.45,36.27,2018,,,54,01/01/2022,,YEAR_LAST_CONSTRUCTION
452,40100640000EB,41.86,42.78,2009,,,54,01/01/2022,,YEAR_LAST_CONSTRUCTION
453,40100640000EB,41.66,41.86,2009,,,54,01/01/2022,,YEAR_LAST_CONSTRUCTION
454,40200350000NB,0.29,0.65,2006,,,54,01/01/2022,,YEAR_LAST_CONSTRUCTION
455,40100640000EB,44.47,45.39,2018,,,54,01/01/2022,,YEAR_LAST_CONSTRUCTION
456,40100640000EB,43.77,44.47,2009,,,54,01/01/2022,,YEAR_LAST_CONSTRUCTION
457,40200350000NB,2.1,2.532,2006,,,54,01/01/2022,,YEAR_LAST_CONSTRUCTION
458,40100640000EB,40.46,41.546,2009,,,54,01/01/2022,,YEAR_LAST_CONSTRUCTION
459,40100640000EB,33.45,34.45,2018,,,54,01/01/2022,,YEAR_LAST_CONSTRUCTION
460,40100640000EB,32.57,33.45,2018,,,54,01/01/2022,,YEAR_LAST_CONSTRUCTION
461,40100640000EB,42.79,43.77,2009,,,54,01/01/2022,,YEAR_LAST_CONSTRUCTION
462,40200350000NB,1.36,1.6,2006,,,54,01/01/2022,,YEAR_LAST_CONSTRUCTION
463,24200520000EB,0.0,1.09,1943,same as 2020,,54,01/01/2022,,YEAR_LAST_CONSTRUCTION
464,24200520000EB,2.54,3.72,1943,same as 2020,,54,01/01/2022,,YEAR_LAST_CONSTRUCTION
465,24200520000EB,5.19,6.4,1943,same as 2020,,54,01/01/2022,,YEAR_LAST_CONSTRUCTION
466,24200520000EB,6.4,7.91,1943,same as 2020,,54,01/01/2022,,YEAR_LAST_CONSTRUCTION
467,24200520000EB,9.59,12.82,1943,same as 2020,,54,01/01/2022,,YEAR_LAST_CONSTRUCTION
468,24200520000EB,24.59,26.77,1943,same as 2020,,54,01/01/2022,,YEAR_LAST_CONSTRUCTION
469,2430016000000,0.06,1.73,1938,same as 2020,,54,01/01/2022,,YEAR_LAST_CONSTRUCTION
470,2430016000000,4.05,6.18,1938,same as 2020,,54,01/01/2022,,YEAR_LAST_CONSTRUCTION
471,2430016000000,9.47,10.14,1938,same as 2020,,54,01/01/2022,,YEAR_LAST_CONSTRUCTION
472,2430016000000,13.75,14.05,1938,same as 2020,,54,01/01/2022,,YEAR_LAST_CONSTRUCTION
473,2430016000000,16.06,19.56,1938,same as 2020,,54,01/01/2022,,YEAR_LAST_CONSTRUCTION
474,2430016000000,19.56,20.79,1938,same as 2020,,54,01/01/2022,,YEAR_LAST_CONSTRUCTION
475,2430016000000,20.79,22.05,1938,same as 2020,,54,01/01/2022,,YEAR_LAST_CONSTRUCTION
476,2430016000000,22.05,23.76,1938,same as 2020,,54,01/01/2022,,YEAR_LAST_CONSTRUCTION
477,2430016000000,23.76,24.86,1938,same as 2020,,54,01/01/2022,,YEAR_LAST_CONSTRUCTION
478,2430016000000,29.19,29.41,1938,same as 2020,,54,01/01/2022,,YEAR_LAST_CONSTRUCTION
479,2430016000000,32.7,35.38,1938,same as 2020,,54,01/01/2022,,YEAR_LAST_CONSTRUCTION
480,2430083000000,0.0,6.42,1933,same as 2020,,54,01/01/2022,,YEAR_LAST_CONSTRUCTION
481,2430083000000,6.42,7.46,1933,same as 2020,,54,01/01/2022,,YEAR_LAST_CONSTRUCTION
482,2430083000000,7.94,8.06,1933,same as 2020,,54,01/01/2022,,YEAR_LAST_CONSTRUCTION
483,2430083000000,17.6,18.01,1933,same as 2020,,54,01/01/2022,,YEAR_LAST_CONSTRUCTION
484,2430083000000,14.092,17.6,1933,same as 2020,,54,01/01/2022,,YEAR_LAST_CONSTRUCTION
485,2440009000000,7.87,9.2,1969,same as 2020,,54,01/01/2022,,YEAR_LAST_CONSTRUCTION
486,28100770000NB,8.189,8.98,1968,same as 2020,,54,01/01/2022,,YEAR_LAST_CONSTRUCTION
487,28100770000NB,0.69,2.56,1967,same as 2020,,54,01/01/2022,,YEAR_LAST_CONSTRUCTION
488,28100770000NB,2.56,5.12,1967,same as 2020,,54,01/01/2022,,YEAR_LAST_CONSTRUCTION
489,28100770000NB,5.12,6.9,1967,same as 2020,,54,01/01/2022,,YEAR_LAST_CONSTRUCTION
490,28200190000NB,2.88,3.87,1933,same as 2020,,54,01/01/2022,,YEAR_LAST_CONSTRUCTION
491,28200190000NB,5.34,5.4,1933,same as 2020,,54,01/01/2022,,YEAR_LAST_CONSTRUCTION
492,28200190000NB,5.4,5.5,1933,same as 2020,,54,01/01/2022,,YEAR_LAST_CONSTRUCTION
493,28200190000NB,5.5,6.01,1933,same as 2020,,54,01/01/2022,,YEAR_LAST_CONSTRUCTION
494,28200190000NB,6.01,7.44,1933,same as 2020,,54,01/01/2022,,YEAR_LAST_CONSTRUCTION
495,28200190000NB,10.76,11.7,1933,same as 2020,,54,01/01/2022,,YEAR_LAST_CONSTRUCTION
496,28200520000EB,12.97,13.39,1921,same as 2020,,54,01/01/2022,,YEAR_LAST_CONSTRUCTION
497,28200520000EB,13.44,13.67,1921,same as 2020,,54,01/01/2022,,YEAR_LAST_CONSTRUCTION
498,28200520000EB,0.0,0.58,1921,same as 2020,,54,01/01/2022,,YEAR_LAST_CONSTRUCTION
499,28200520000EB,4.12,5.2,1921,same as 2020,,54,01/01/2022,,YEAR_LAST_CONSTRUCTION
500,28200520000EB,14.91,15.37,1921,same as 2020,,54,01/01/2022,,YEAR_LAST_CONSTRUCTION
501,28200520000EB,6.96,7.76,1921,same as 2020,,54,01/01/2022,,YEAR_LAST_CONSTRUCTION
502,28200520004NB,0.0,0.22,1921,same as 2020,,54,01/01/2022,,YEAR_LAST_CONSTRUCTION
503,28200520018EB,0.0,0.02,1921,New 2021,,54,01/01/2022,,YEAR_LAST_CONSTRUCTION
504,28204600000EB,0.029,1.06,1947,same as 2020,,54,01/01/2022,,YEAR_LAST_CONSTRUCTION
505,28204600000EB,1.33,2.9,1947,same as 2020,,54,01/01/2022,,YEAR_LAST_CONSTRUCTION
506,28204600000EB,2.9,3.09,1947,same as 2020,,54,01/01/2022,,YEAR_LAST_CONSTRUCTION
507,28204600000EB,4.29,5.38,1947,same as 2020,,54,01/01/2022,,YEAR_LAST_CONSTRUCTION
508,28204600000EB,13.48,14.72,1947,same as 2020,,54,01/01/2022,,YEAR_LAST_CONSTRUCTION
509,28204600000EB,14.72,15.15,1947,same as 2020,,54,01/01/2022,,YEAR_LAST_CONSTRUCTION
510,2830020000000,4.23,5.2,1939,same as 2020,,54,01/01/2022,,YEAR_LAST_CONSTRUCTION
511,2830020000000,10.32,11.4,1939,same as 2020,,54,01/01/2022,,YEAR_LAST_CONSTRUCTION
512,2830020000000,12.05,12.78,1939,same as 2020,,54,01/01/2022,,YEAR_LAST_CONSTRUCTION
513,2830104000000,1.65,1.93,1967,same as 2020,,54,01/01/2022,,YEAR_LAST_CONSTRUCTION
514,2830104000000,1.93,1.95,1967,same as 2020,,54,01/01/2022,,YEAR_LAST_CONSTRUCTION
515,2830104000000,1.95,2.65,1967,same as 2020,,54,01/01/2022,,YEAR_LAST_CONSTRUCTION
516,2830598000000,0.0,2.13,1980,same as 2020,,54,01/01/2022,,YEAR_LAST_CONSTRUCTION
517,2830598000000,2.4,2.59,1980,same as 2020,,54,01/01/2022,,YEAR_LAST_CONSTRUCTION
518,2830598000000,2.59,2.98,1980,same as 2020,,54,01/01/2022,,YEAR_LAST_CONSTRUCTION
519,2840007050000,0.0,0.324,1933,same as 2020,,54,01/01/2022,,YEAR_LAST_CONSTRUCTION
520,2840007050000,0.343,1.11,1933,same as 2020,,54,01/01/2022,,YEAR_LAST_CONSTRUCTION
521,2840007050000,1.11,1.83,1969,same as 2020,,54,01/01/2022,,YEAR_LAST_CONSTRUCTION
522,2840007050000,1.836,2.1,1969,same as 2020,,54,01/01/2022,,YEAR_LAST_CONSTRUCTION
523,2840011000000,0.08,0.58,1933,same as 2020,,54,01/01/2022,,YEAR_LAST_CONSTRUCTION
524,2840014000000,0.0,0.63,1933,same as 2020,,54,01/01/2022,,YEAR_LAST_CONSTRUCTION
525,2840016000000,1.7,2.5,1930,same as 2020,,54,01/01/2022,,YEAR_LAST_CONSTRUCTION
526,2840016000000,2.5,2.614,1933,same as 2020,,54,01/01/2022,,YEAR_LAST_CONSTRUCTION
527,2840016010000,0.59,0.74,1933,same as 2020,,54,01/01/2022,,YEAR_LAST_CONSTRUCTION
528,2840016100000,0.0,0.66,1981,same as 2020,,54,01/01/2022,,YEAR_LAST_CONSTRUCTION
529,2840019290000,2.54,3.32,1975,same as 2020,,54,01/01/2022,,YEAR_LAST_CONSTRUCTION
530,2840021010000,0.0,0.89,1933,same as 2020,,54,01/01/2022,,YEAR_LAST_CONSTRUCTION
531,2840024000000,0.0,0.3,1933,same as 2020,,54,01/01/2022,,YEAR_LAST_CONSTRUCTION
532,2840024000000,0.3,2.789,1933,same as 2020,,54,01/01/2022,,YEAR_LAST_CONSTRUCTION
533,2840025000000,0.0,0.57,1933,same as 2020,,54,01/01/2022,,YEAR_LAST_CONSTRUCTION
534,2840025000000,0.57,1.53,1933,same as 2020,,54,01/01/2022,,YEAR_LAST_CONSTRUCTION
535,2840027000000,0.0,1.57,1933,same as 2020,,54,01/01/2022,,YEAR_LAST_CONSTRUCTION
536,2840027000000,2.12,2.59,1933,same as 2020,,54,01/01/2022,,YEAR_LAST_CONSTRUCTION
537,2840052200000,0.001,0.82,1964,same as 2020,,54,01/01/2022,,YEAR_LAST_CONSTRUCTION
538,41100640000EB,128.91,129.49,1979,same as 2020,,54,01/01/2022,,YEAR_LAST_CONSTRUCTION
539,41100640000EB,129.49,132.0,1979,same as 2020,,54,01/01/2022,,YEAR_LAST_CONSTRUCTION
540,41100640000EB,120.69,122.62,1979,New 2021,,54,01/01/2022,,YEAR_LAST_CONSTRUCTION
541,41100640000EB,122.71,122.9,1979,same as 2020,,54,01/01/2022,,YEAR_LAST_CONSTRUCTION
542,41100640000EB,122.9,123.0,1979,same as 2020,,54,01/01/2022,,YEAR_LAST_CONSTRUCTION
543,41100640000EB,123.0,123.18,1979,same as 2020,,54,01/01/2022,,YEAR_LAST_CONSTRUCTION
544,41100640000EB,123.63,124.47,1979,same as 2020,,54,01/01/2022,,YEAR_LAST_CONSTRUCTION
545,41100640000EB,126.65,127.58,1979,same as 2020,,54,01/01/2022,,YEAR_LAST_CONSTRUCTION
546,41100640000EB,132.0,132.53,1979,same as 2020,,54,01/01/2022,,YEAR_LAST_CONSTRUCTION
547,41100640000EB,132.84,137.48,1979,same as 2020,,54,01/01/2022,,YEAR_LAST_CONSTRUCTION
548,41100640000EB,137.48,138.01,1979,same as 2020,,54,01/01/2022,,YEAR_LAST_CONSTRUCTION
549,41200190000NB,0.0,2.17,1922,same as 2020,,54,01/01/2022,,YEAR_LAST_CONSTRUCTION
550,41200190000NB,2.17,6.47,1922,same as 2020,,54,01/01/2022,,YEAR_LAST_CONSTRUCTION
551,41200190000NB,17.18,17.95,1922,same as 2020,,54,01/01/2022,,YEAR_LAST_CONSTRUCTION
552,41200190000NB,18.31,18.41,1922,same as 2020,,54,01/01/2022,,YEAR_LAST_CONSTRUCTION
553,41200190000NB,18.41,18.64,1922,same as 2020,,54,01/01/2022,,YEAR_LAST_CONSTRUCTION
554,41200190000NB,18.64,19.33,1922,same as 2020,,54,01/01/2022,,YEAR_LAST_CONSTRUCTION
555,41200190000NB,19.8,21.61,1922,same as 2020,,54,01/01/2022,,YEAR_LAST_CONSTRUCTION
556,41200190000NB,23.31,24.09,1922,same as 2020,,54,01/01/2022,,YEAR_LAST_CONSTRUCTION
557,41200190000NB,16.669,16.925,1922,same as 2020,,54,01/01/2022,,YEAR_LAST_CONSTRUCTION
558,41200190014NB,0.0,2.0,1922,same as 2020,,54,01/01/2022,,YEAR_LAST_CONSTRUCTION
559,41200190014NB,2.0,2.3,1922,same as 2020,,54,01/01/2022,,YEAR_LAST_CONSTRUCTION
560,41200190014NB,2.3,2.7,1922,same as 2020,,54,01/01/2022,,YEAR_LAST_CONSTRUCTION
561,41200190023EB,0.034,1.1,1922,same as 2020,,54,01/01/2022,,YEAR_LAST_CONSTRUCTION
562,41200190023EB,1.1,1.2,1922,same as 2020,,54,01/01/2022,,YEAR_LAST_CONSTRUCTION
563,41200190023EB,1.2,1.36,1922,same as 2020,,54,01/01/2022,,YEAR_LAST_CONSTRUCTION
564,41200190023EB,0.0,0.033,1922,New 2021,,54,01/01/2022,,YEAR_LAST_CONSTRUCTION
565,41200190023EB,0.033,0.034,1922,New 2021,,54,01/01/2022,,YEAR_LAST_CONSTRUCTION
566,4130003000000,37.1,37.73,1966,same as 2020,,54,01/01/2022,,YEAR_LAST_CONSTRUCTION
567,4130003000000,35.98,36.18,1966,same as 2020,,54,01/01/2022,,YEAR_LAST_CONSTRUCTION
568,4130003000000,36.23,36.49,1966,same as 2020,,54,01/01/2022,,YEAR_LAST_CONSTRUCTION
569,4130016000000,8.47,9.485,1947,same as 2020,,54,01/01/2022,,YEAR_LAST_CONSTRUCTION
570,4130016000000,12.0,14.12,1947,same as 2020,,54,01/01/2022,,YEAR_LAST_CONSTRUCTION
571,4130016000000,14.42,14.72,1947,same as 2020,,54,01/01/2022,,YEAR_LAST_CONSTRUCTION
572,4130016000000,14.72,15.08,1947,same as 2020,,54,01/01/2022,,YEAR_LAST_CONSTRUCTION
573,4130016000000,15.65,15.81,1947,same as 2020,,54,01/01/2022,,YEAR_LAST_CONSTRUCTION
574,4130016000000,18.53,18.82,1947,same as 2020,,54,01/01/2022,,YEAR_LAST_CONSTRUCTION
575,4130016000000,18.82,18.96,1947,New 2021,,54,01/01/2022,,YEAR_LAST_CONSTRUCTION
576,4130016000000,18.96,19.79,1947,same as 2020,,54,01/01/2022,,YEAR_LAST_CONSTRUCTION
577,4130016000000,9.485,9.8,1947,same as 2020,,54,01/01/2022,,YEAR_LAST_CONSTRUCTION
578,4130016000000,15.08,15.4,1947,same as 2020,,54,01/01/2022,,YEAR_LAST_CONSTRUCTION
579,4130041000000,0.0,0.71,1933,same as 2020,,54,01/01/2022,,YEAR_LAST_CONSTRUCTION
580,4130041000000,1.85,1.9,1933,same as 2020,,54,01/01/2022,,YEAR_LAST_CONSTRUCTION
581,4130041000000,1.99,2.19,1933,same as 2020,,54,01/01/2022,,YEAR_LAST_CONSTRUCTION
582,4130054000000,2.48,4.86,1961,same as 2020,,54,01/01/2022,,YEAR_LAST_CONSTRUCTION
583,4130054000000,4.86,5.72,1961,same as 2020,,54,01/01/2022,,YEAR_LAST_CONSTRUCTION
584,4130054000000,6.35,6.54,1961,same as 2020,,54,01/01/2022,,YEAR_LAST_CONSTRUCTION
585,4130054000000,6.54,7.1,1961,same as 2020,,54,01/01/2022,,YEAR_LAST_CONSTRUCTION
586,4130054000000,7.1,7.41,1961,same as 2020,,54,01/01/2022,,YEAR_LAST_CONSTRUCTION
587,4130054000000,7.41,8.84,1961,same as 2020,,54,01/01/2022,,YEAR_LAST_CONSTRUCTION
588,4130054000000,10.14,10.33,1961,same as 2020,,54,01/01/2022,,YEAR_LAST_CONSTRUCTION
589,4130061000000,2.604,3.29,1971,same as 2020,,54,01/01/2022,,YEAR_LAST_CONSTRUCTION
590,4130210000000,1.2,1.89,1966,New 2021,,54,01/01/2022,,YEAR_LAST_CONSTRUCTION
591,4130210000000,1.89,2.79,1966,same as 2020,,54,01/01/2022,,YEAR_LAST_CONSTRUCTION
592,4130307000000,4.55,5.59,1978,same as 2020,,54,01/01/2022,,YEAR_LAST_CONSTRUCTION
593,4130307000000,7.42,8.45,1978,same as 2020,,54,01/01/2022,,YEAR_LAST_CONSTRUCTION
594,4140001000000,3.4,4.14,1970,same as 2020,,54,01/01/2022,,YEAR_LAST_CONSTRUCTION
595,4140003180000,2.77,3.51,1954,same as 2020,,54,01/01/2022,,YEAR_LAST_CONSTRUCTION
596,4140004030000,0.0,0.47,1973,same as 2020,,54,01/01/2022,,YEAR_LAST_CONSTRUCTION
597,4140006000000,0.0,0.14,1983,same as 2020,,54,01/01/2022,,YEAR_LAST_CONSTRUCTION
598,4140006000000,0.91,1.13,1983,same as 2020,,54,01/01/2022,,YEAR_LAST_CONSTRUCTION
599,4140006020000,1.57,1.69,1983,same as 2020,,54,01/01/2022,,YEAR_LAST_CONSTRUCTION
600,4140006030000,0.53,1.48,1983,same as 2020,,54,01/01/2022,,YEAR_LAST_CONSTRUCTION
601,4140006090000,0.6,1.37,1983,New 2021,,54,01/01/2022,,YEAR_LAST_CONSTRUCTION
602,4140008000000,0.0,0.11,1966,same as 2020,,54,01/01/2022,,YEAR_LAST_CONSTRUCTION
603,4140008000000,0.19,0.75,1966,same as 2020,,54,01/01/2022,,YEAR_LAST_CONSTRUCTION
604,4140008010000,1.02,1.6,1966,same as 2020,,54,01/01/2022,,YEAR_LAST_CONSTRUCTION
605,4140008030000,0.0,0.65,1966,same as 2020,,54,01/01/2022,,YEAR_LAST_CONSTRUCTION
606,4140009000000,5.28,5.54,1954,same as 2020,,54,01/01/2022,,YEAR_LAST_CONSTRUCTION
607,4140009090000,0.0,1.81,1954,New 2021,,54,01/01/2022,,YEAR_LAST_CONSTRUCTION
608,4140011000000,0.0,1.26,1969,same as 2020,,54,01/01/2022,,YEAR_LAST_CONSTRUCTION
609,4140016100000,0.53,0.9,1947,same as 2020,,54,01/01/2022,,YEAR_LAST_CONSTRUCTION
610,4140016160000,0.0,0.42,1947,same as 2020,,54,01/01/2022,,YEAR_LAST_CONSTRUCTION
611,4140016390000,0.0,0.64,1947,same as 2020,,54,01/01/2022,,YEAR_LAST_CONSTRUCTION
612,4140018000000,2.99,3.0,1970,same as 2020,,54,01/01/2022,,YEAR_LAST_CONSTRUCTION
613,4140018000000,3.0,3.51,1970,same as 2020,,54,01/01/2022,,YEAR_LAST_CONSTRUCTION
614,4140018000000,3.51,4.41,1970,same as 2020,,54,01/01/2022,,YEAR_LAST_CONSTRUCTION
615,4140019030000,0.387,0.5,1922,same as 2020,,54,01/01/2022,,YEAR_LAST_CONSTRUCTION
616,4140019030000,0.5,0.98,1922,same as 2020,,54,01/01/2022,,YEAR_LAST_CONSTRUCTION
617,4140019210000,3.73,5.14,1922,same as 2020,,54,01/01/2022,,YEAR_LAST_CONSTRUCTION
618,4140025000000,3.7,5.9,1941,same as 2020,,54,01/01/2022,,YEAR_LAST_CONSTRUCTION
619,4140030000000,4.27,4.52,2006,same as 2020,,54,01/01/2022,,YEAR_LAST_CONSTRUCTION
620,4140048000000,0.0,1.9,1973,same as 2020,,54,01/01/2022,,YEAR_LAST_CONSTRUCTION
621,55200520000EB,0.0,1.4,1978,same as 2020,,54,01/01/2022,,YEAR_LAST_CONSTRUCTION
622,55200520000EB,4.78,7.65,1933,same as 2020,,54,01/01/2022,,YEAR_LAST_CONSTRUCTION
623,55200520000EB,7.65,8.34,1933,same as 2020,,54,01/01/2022,,YEAR_LAST_CONSTRUCTION
624,5530010000000,24.14,24.38,1933,same as 2020,,54,01/01/2022,,YEAR_LAST_CONSTRUCTION
625,5530016000000,1.73,3.33,1966,same as 2020,,54,01/01/2022,,YEAR_LAST_CONSTRUCTION
626,5530016000000,6.42,8.95,1966,same as 2020,,54,01/01/2022,,YEAR_LAST_CONSTRUCTION
627,5530016000000,10.99,11.4,1966,same as 2020,,54,01/01/2022,,YEAR_LAST_CONSTRUCTION
628,5530097000000,21.56,22.26,1978,same as 2020,,54,01/01/2022,,YEAR_LAST_CONSTRUCTION
629,5530097000000,22.83,23.2,1978,same as 2020,,54,01/01/2022,,YEAR_LAST_CONSTRUCTION
630,5530097000000,28.09,32.88,1978,same as 2020,,54,01/01/2022,,YEAR_LAST_CONSTRUCTION
631,1030006000000,0.0,0.12,2020,,,54,01/01/2022,,YEAR_LAST_CONSTRUCTION
632,1030006000000,0.12,0.33,2022,,,54,01/01/2022,,YEAR_LAST_CONSTRUCTION
633,1030016000000,14.84,14.97,2022,,,54,01/01/2022,,YEAR_LAST_CONSTRUCTION
634,1030061000000,0.0,1.12,2017,,,54,01/01/2022,,YEAR_LAST_CONSTRUCTION
635,1030061000000,8.74,9.33,2020,,,54,01/01/2022,,YEAR_LAST_CONSTRUCTION
636,1030061000000,22.53,25.56,2011,,,54,01/01/2022,,YEAR_LAST_CONSTRUCTION
637,1040005000000,0.06,0.62,2019,,,54,01/01/2022,,YEAR_LAST_CONSTRUCTION
638,1040008000000,1.3,2.0,2014,,,54,01/01/2022,,YEAR_LAST_CONSTRUCTION
639,1040008000000,2.47,2.82,2014,,,54,01/01/2022,,YEAR_LAST_CONSTRUCTION
640,1040008000000,3.28,6.25,2014,,,54,01/01/2022,,YEAR_LAST_CONSTRUCTION
641,1040012000000,0.18,1.9,2022,,,54,01/01/2022,,YEAR_LAST_CONSTRUCTION
642,1040012000000,1.9,3.28,2022,,,54,01/01/2022,,YEAR_LAST_CONSTRUCTION
643,10200190000NB,6.16,6.66,2016,,,54,01/01/2022,,YEAR_LAST_CONSTRUCTION
644,10200190000NB,6.66,8.23,2019,,,54,01/01/2022,,YEAR_LAST_CONSTRUCTION
645,10200600000EB,0.34,1.01,2015,,,54,01/01/2022,,YEAR_LAST_CONSTRUCTION
646,1374103001900,0.0,0.31,2020,,,54,01/01/2022,,YEAR_LAST_CONSTRUCTION
647,13100640000EB,161.46,165.95,2014,,,54,01/01/2022,,YEAR_LAST_CONSTRUCTION
648,13100640000EB,165.95,168.89,2012,,,54,01/01/2022,,YEAR_LAST_CONSTRUCTION
649,13100640000EB,168.96,170.09,2018,,,54,01/01/2022,,YEAR_LAST_CONSTRUCTION
650,13100640000EB,170.09,170.23,2018,,,54,01/01/2022,,YEAR_LAST_CONSTRUCTION
651,13100640000EB,172.62,174.1,2013,,,54,01/01/2022,,YEAR_LAST_CONSTRUCTION
652,13100640000EB,174.1,175.31,2009,,,54,01/01/2022,,YEAR_LAST_CONSTRUCTION
653,13100640000EB,175.31,176.16,2009,,,54,01/01/2022,,YEAR_LAST_CONSTRUCTION
654,13100640000EB,176.16,178.43,2011,,,54,01/01/2022,,YEAR_LAST_CONSTRUCTION
655,13100640000EB,178.43,181.12,2019,,,54,01/01/2022,,YEAR_LAST_CONSTRUCTION
656,13100640000EB,181.12,182.02,2019,,,54,01/01/2022,,YEAR_LAST_CONSTRUCTION
657,13100640000EB,182.02,184.02,2019,,,54,01/01/2022,,YEAR_LAST_CONSTRUCTION
658,13202190000NB,2.57,4.79,2022,,,54,01/01/2022,,YEAR_LAST_CONSTRUCTION
659,13202190000NB,5.37,5.69,2022,,,54,01/01/2022,,YEAR_LAST_CONSTRUCTION
660,13202190000NB,5.69,6.03,2022,,,54,01/01/2022,,YEAR_LAST_CONSTRUCTION
661,13202190000NB,6.03,6.04,2022,,,54,01/01/2022,,YEAR_LAST_CONSTRUCTION
662,13202190000NB,6.04,6.39,2022,,,54,01/01/2022,,YEAR_LAST_CONSTRUCTION
663,13202190000NB,6.39,6.69,2022,,,54,01/01/2022,,YEAR_LAST_CONSTRUCTION
664,13202190000NB,6.69,7.11,2022,,,54,01/01/2022,,YEAR_LAST_CONSTRUCTION
665,13202190000NB,7.43,8.59,2022,,,54,01/01/2022,,YEAR_LAST_CONSTRUCTION
666,13202190000NB,8.59,9.06,2022,,,54,01/01/2022,,YEAR_LAST_CONSTRUCTION
667,13202190000NB,14.16,14.34,2021,,,54,01/01/2022,,YEAR_LAST_CONSTRUCTION
668,13202190000NB,14.34,14.45,2021,,,54,01/01/2022,,YEAR_LAST_CONSTRUCTION
669,13202190005SB,0.0,0.33,2020,,,54,01/01/2022,,YEAR_LAST_CONSTRUCTION
670,13202190005SB,0.33,1.64,2020,,,54,01/01/2022,,YEAR_LAST_CONSTRUCTION
671,3230012000000,0.78,5.93,2020,,,54,01/01/2022,,YEAR_LAST_CONSTRUCTION
672,3230012000000,9.33,11.31,2022,,,54,01/01/2022,,YEAR_LAST_CONSTRUCTION
673,32202190000NB,1.92,7.87,2014,,,54,01/01/2022,,YEAR_LAST_CONSTRUCTION
674,32202190000NB,19.66,23.0,2010,,,54,01/01/2022,,YEAR_LAST_CONSTRUCTION
675,32202190000NB,26.24,28.68,2022,,,54,01/01/2022,,YEAR_LAST_CONSTRUCTION
676,34200190000NB,1.38,3.4,1995,,,54,01/01/2022,,YEAR_LAST_CONSTRUCTION
677,34200190000NB,11.03,11.47,1995,,,54,01/01/2022,,YEAR_LAST_CONSTRUCTION
678,34200190000NB,31.65,31.85,2014,,,54,01/01/2022,,YEAR_LAST_CONSTRUCTION
679,4530020000000,24.37,24.94,2022,,,54,01/01/2022,,YEAR_LAST_CONSTRUCTION
