RouteID|BeginPoint|EndPoint|ValueDate|Comments|ValueNumeric|StateCode|BeginDate|ValueText|DataItem
06100640000EB|5.87|6.0|2015|same as 2020||54|01/01/2022||YEAR_LAST_IMPROVEMENT
06100640000EB|6.0|6.1|2015|same as 2020||54|01/01/2022||YEAR_LAST_IMPROVEMENT
06100640000EB|6.1|6.47|2015|same as 2020||54|01/01/2022||YEAR_LAST_IMPROVEMENT
06100640000EB|6.47|6.74|2015|same as 2020||54|01/01/2022||YEAR_LAST_IMPROVEMENT
06100640000EB|6.74|7.2|2015|same as 2020||54|01/01/2022||YEAR_LAST_IMPROVEMENT
06100640000EB|7.2|7.26|2015|same as 2020||54|01/01/2022||YEAR_LAST_IMPROVEMENT
06100640000EB|7.26|7.3|2015|same as 2020||54|01/01/2022||YEAR_LAST_IMPROVEMENT
06100640000EB|7.3|7.72|2015|same as 2020||54|01/01/2022||YEAR_LAST_IMPROVEMENT
06100640000EB|7.72|8.19|2015|same as 2020||54|01/01/2022||YEAR_LAST_IMPROVEMENT
06100640000EB|8.19|9.22|2017|same as 2020||54|01/01/2022||YEAR_LAST_IMPROVEMENT
06100640000EB|9.22|9.52|2017|same as 2020||54|01/01/2022||YEAR_LAST_IMPROVEMENT
06100640000EB|11.02|11.37|2015|same as 2020||54|01/01/2022||YEAR_LAST_IMPROVEMENT
06100640000EB|11.37|14.53|2015|same as 2020||54|01/01/2022||YEAR_LAST_IMPROVEMENT
06100640000EB|14.57|17.5|2016|same as 2020||54|01/01/2022||YEAR_LAST_IMPROVEMENT
06100640000EB|17.5|17.68|2016|same as 2020||54|01/01/2022||YEAR_LAST_IMPROVEMENT
06100640000EB|17.68|17.7|2016|same as 2020||54|01/01/2022||YEAR_LAST_IMPROVEMENT
06100640000EB|17.7|18.0|2016|same as 2020||54|01/01/2022||YEAR_LAST_IMPROVEMENT
06100640000EB|18.0|18.08|2016|same as 2020||54|01/01/2022||YEAR_LAST_IMPROVEMENT
06100640000EB|18.08|18.1|2015|same as 2020||54|01/01/2022||YEAR_LAST_IMPROVEMENT
06100640000EB|18.1|18.49|2015|same as 2020||54|01/01/2022||YEAR_LAST_IMPROVEMENT
06100640000EB|18.49|19.3|2016|same as 2020||54|01/01/2022||YEAR_LAST_IMPROVEMENT
06100640000EB|19.3|19.32|2016|same as 2020||54|01/01/2022||YEAR_LAST_IMPROVEMENT
06100640000EB|19.32|19.4|2016|same as 2020||54|01/01/2022||YEAR_LAST_IMPROVEMENT
06100640000EB|19.4|19.71|2016|same as 2020||54|01/01/2022||YEAR_LAST_IMPROVEMENT
06100640000EB|19.71|20.19|2012|same as 2020||54|01/01/2022||YEAR_LAST_IMPROVEMENT
06100640000EB|20.19|20.2|2012|same as 2020||54|01/01/2022||YEAR_LAST_IMPROVEMENT
06100640000EB|20.2|20.3|2012|same as 2020||54|01/01/2022||YEAR_LAST_IMPROVEMENT
06100640000EB|20.3|21.04|2012|same as 2020||54|01/01/2022||YEAR_LAST_IMPROVEMENT
06100640000EB|21.04|21.16|2012|same as 2020||54|01/01/2022||YEAR_LAST_IMPROVEMENT
06100640000EB|21.16|21.75|2012|same as 2020||54|01/01/2022||YEAR_LAST_IMPROVEMENT
06100640000EB|21.75|22.39|2012|same as 2020||54|01/01/2022||YEAR_LAST_IMPROVEMENT
06100640000EB|22.39|22.4|2017|same as 2020||54|01/01/2022||YEAR_LAST_IMPROVEMENT
06100640000EB|22.4|22.5|2017|same as 2020||54|01/01/2022||YEAR_LAST_IMPROVEMENT
06100640000EB|22.5|25.2|2017|same as 2020||54|01/01/2022||YEAR_LAST_IMPROVEMENT
06100640000EB|25.2|25.3|2017|same as 2020||54|01/01/2022||YEAR_LAST_IMPROVEMENT
06100640000EB|25.3|27.11|2017|same as 2020||54|01/01/2022||YEAR_LAST_IMPROVEMENT
06100640000EB|27.11|27.55|2017|same as 2020||54|01/01/2022||YEAR_LAST_IMPROVEMENT
06100640000EB|27.55|28.67|2018|same as 2020||54|01/01/2022||YEAR_LAST_IMPROVEMENT
06100640000EB|28.67|29.44|2018|same as 2020||54|01/01/2022||YEAR_LAST_IMPROVEMENT
06100640000EB|29.44|31.77|2018|same as 2020||54|01/01/2022||YEAR_LAST_IMPROVEMENT
06200520000EB|0.33|0.45|2021|same as 2020||54|01/01/2022||YEAR_LAST_IMPROVEMENT
06200520000EB|0.75|1.0|2021|same as 2020||54|01/01/2022||YEAR_LAST_IMPROVEMENT
06200520000EB|1.0|1.01|2021|same as 2020||54|01/01/2022||YEAR_LAST_IMPROVEMENT
06200520004NB|0.0|0.32|2022|same as 2020||54|01/01/2022||YEAR_LAST_IMPROVEMENT
06200520004NB|0.321|0.46|2022|same as 2020||54|01/01/2022||YEAR_LAST_IMPROVEMENT
06200600000EB|2.97|3.07|2013|same as 2020||54|01/01/2022||YEAR_LAST_IMPROVEMENT
06200600000EB|6.97|7.51|2019|same as 2020||54|01/01/2022||YEAR_LAST_IMPROVEMENT
06200600000EB|7.59|7.96|2019|same as 2020||54|01/01/2022||YEAR_LAST_IMPROVEMENT
06200600000EB|7.96|8.43|2019|same as 2020||54|01/01/2022||YEAR_LAST_IMPROVEMENT
06200600000EB|8.43|8.78|2019|same as 2020||54|01/01/2022||YEAR_LAST_IMPROVEMENT
06200600000EB|8.78|8.82|2019|same as 2020||54|01/01/2022||YEAR_LAST_IMPROVEMENT
06200600000EB|8.82|9.5|2008|same as 2020||54|01/01/2022||YEAR_LAST_IMPROVEMENT
06200600000EB|9.56|9.92|2008|same as 2020||54|01/01/2022||YEAR_LAST_IMPROVEMENT
06200600000EB|9.92|10.27|2008|same as 2020||54|01/01/2022||YEAR_LAST_IMPROVEMENT
06200600000EB|15.59|17.29|2011|same as 2020||54|01/01/2022||YEAR_LAST_IMPROVEMENT
06200600001EB|0.0|0.39|2017|same as 2020||54|01/01/2022||YEAR_LAST_IMPROVEMENT
0630002000000|0.1|0.2|2007|same as 2020||54|01/01/2022||YEAR_LAST_IMPROVEMENT
0630002000000|0.2|0.21|2007|same as 2020||54|01/01/2022||YEAR_LAST_IMPROVEMENT
0630002000000|9.98|10.08|2016|same as 2020||54|01/01/2022||YEAR_LAST_IMPROVEMENT
0630002000000|14.38|16.4|2022|same as 2020||54|01/01/2022||YEAR_LAST_IMPROVEMENT
0630002000000|16.4|16.5|2022|same as 2020||54|01/01/2022||YEAR_LAST_IMPROVEMENT
0630002000000|16.5|17.99|2022|same as 2020||54|01/01/2022||YEAR_LAST_IMPROVEMENT
0630002001300|0.0|0.1|2007|same as 2020||54|01/01/2022||YEAR_LAST_IMPROVEMENT
0630002001300|0.1|0.17|2007|same as 2020||54|01/01/2022||YEAR_LAST_IMPROVEMENT
0630002001300|0.17|0.2|2013|same as 2020||54|01/01/2022||YEAR_LAST_IMPROVEMENT
0630002001300|0.2|0.39|2013|same as 2020||54|01/01/2022||YEAR_LAST_IMPROVEMENT
0630010000000|15.69|15.82|2021|same as 2020||54|01/01/2022||YEAR_LAST_IMPROVEMENT
0630010000000|15.82|16.27|2021|same as 2020||54|01/01/2022||YEAR_LAST_IMPROVEMENT
0630010000000|17.46|18.41|2012|same as 2020||54|01/01/2022||YEAR_LAST_IMPROVEMENT
0630010000100|1.94|2.56|2021|same as 2020||54|01/01/2022||YEAR_LAST_IMPROVEMENT
0630101000000|0.16|0.36|2022|same as 2020||54|01/01/2022||YEAR_LAST_IMPROVEMENT
0630152000000|0.76|0.99|2016|same as 2020||54|01/01/2022||YEAR_LAST_IMPROVEMENT
0630193000000|0.46|3.55|2020|same as 2020||54|01/01/2022||YEAR_LAST_IMPROVEMENT
0640001000000|2.1|2.224|2022|same as 2020||54|01/01/2022||YEAR_LAST_IMPROVEMENT
0640001000000|2.477|2.619|2022|same as 2020||54|01/01/2022||YEAR_LAST_IMPROVEMENT
0640009000000|1.688|1.803|2010|same as 2020||54|01/01/2022||YEAR_LAST_IMPROVEMENT
0640013000000|0.02|0.42|2018|same as 2020||54|01/01/2022||YEAR_LAST_IMPROVEMENT
0640017000000|4.05|4.17|2020|same as 2020||54|01/01/2022||YEAR_LAST_IMPROVEMENT
0640017000000|4.3|4.41|2020|same as 2020||54|01/01/2022||YEAR_LAST_IMPROVEMENT
0640017000000|4.47|5.02|2020|same as 2020||54|01/01/2022||YEAR_LAST_IMPROVEMENT
0640021000000|0.537|0.9|2016|same as 2020||54|01/01/2022||YEAR_LAST_IMPROVEMENT
0640021000000|0.9|1.51|2016|same as 2020||54|01/01/2022||YEAR_LAST_IMPROVEMENT
0640021000000|1.51|2.939|2016|same as 2020||54|01/01/2022||YEAR_LAST_IMPROVEMENT
0640021000000|2.947|2.98|2016|same as 2020||54|01/01/2022||YEAR_LAST_IMPROVEMENT
0640031000000|0.16|0.5|2013|same as 2020||54|01/01/2022||YEAR_LAST_IMPROVEMENT
0640031060000|0.0|0.38|2019|same as 2020||54|01/01/2022||YEAR_LAST_IMPROVEMENT
0640031060000|0.38|0.41|2018|same as 2020||54|01/01/2022||YEAR_LAST_IMPROVEMENT
0640031060000|0.41|0.48|2019|same as 2020||54|01/01/2022||YEAR_LAST_IMPROVEMENT
0640035000000|7.83|8.63|2015|same as 2020||54|01/01/2022||YEAR_LAST_IMPROVEMENT
3530002000000|1.9|2.0|2020|same as 2020||54|01/01/2022||YEAR_LAST_IMPROVEMENT
3530002000000|2.0|2.13|2019|same as 2020||54|01/01/2022||YEAR_LAST_IMPROVEMENT
3530002000000|2.36|2.84|2014|same as 2020||54|01/01/2022||YEAR_LAST_IMPROVEMENT
3530002000000|5.81|7.04|2014|same as 2020||54|01/01/2022||YEAR_LAST_IMPROVEMENT
3530002000000|7.35|7.57|2014|same as 2020||54|01/01/2022||YEAR_LAST_IMPROVEMENT
0640039000000|2.08|2.62|2020|same as 2020||54|01/01/2022||YEAR_LAST_IMPROVEMENT
46201190000NB|6.05|6.54|2019|same as 2020||54|01/01/2022||YEAR_LAST_IMPROVEMENT
46201190000NB|8.59|9.32|2014|same as 2020||54|01/01/2022||YEAR_LAST_IMPROVEMENT
0640052030000|0.0|0.22|2019|same as 2020||54|01/01/2022||YEAR_LAST_IMPROVEMENT
4140001000000|1.95|3.4|2014|same as 2020||54|01/01/2022||YEAR_LAST_IMPROVEMENT
0640060050000|0.0|0.88|2014|same as 2020||54|01/01/2022||YEAR_LAST_IMPROVEMENT
1771754001900|0.18|0.47|2014|same as 2020||54|01/01/2022||YEAR_LAST_IMPROVEMENT
1771754001900|0.47|0.57|2014|same as 2020||54|01/01/2022||YEAR_LAST_IMPROVEMENT
0640060050000|0.88|1.68|2014|same as 2020||54|01/01/2022||YEAR_LAST_IMPROVEMENT
0640060050000|1.68|1.97|2014|same as 2020||54|01/01/2022||YEAR_LAST_IMPROVEMENT
0640060700000|0.0|0.18|2019|same as 2020||54|01/01/2022||YEAR_LAST_IMPROVEMENT
0640060700000|0.18|0.56|2019|same as 2020||54|01/01/2022||YEAR_LAST_IMPROVEMENT
0640060700000|0.56|0.76|2019|same as 2020||54|01/01/2022||YEAR_LAST_IMPROVEMENT
0673272001900|0.35|1.04|2013|same as 2020||54|01/01/2022||YEAR_LAST_IMPROVEMENT
0673272001900|1.08|1.28|2013|same as 2020||54|01/01/2022||YEAR_LAST_IMPROVEMENT
0673272001900|1.28|1.44|2013|same as 2020||54|01/01/2022||YEAR_LAST_IMPROVEMENT
0673274001900|1.46|1.56|2013|same as 2020||54|01/01/2022||YEAR_LAST_IMPROVEMENT
0673281001900|0.19|0.48|2015|same as 2020||54|01/01/2022||YEAR_LAST_IMPROVEMENT
0673285001900|0.0|0.32|2009|same as 2020||54|01/01/2022||YEAR_LAST_IMPROVEMENT
0673287001900|0.0|0.28|2011|same as 2020||54|01/01/2022||YEAR_LAST_IMPROVEMENT
0673287001900|0.51|0.86|2015|same as 2020||54|01/01/2022||YEAR_LAST_IMPROVEMENT
0673287001900|1.03|1.14|2011|same as 2020||54|01/01/2022||YEAR_LAST_IMPROVEMENT
0673288001900|0.78|0.89|2009|same as 2020||54|01/01/2022||YEAR_LAST_IMPROVEMENT
0673295001900|0.0|1.08|2009|same as 2020||54|01/01/2022||YEAR_LAST_IMPROVEMENT
0673317001900|0.0|0.24|2009|same as 2020||54|01/01/2022||YEAR_LAST_IMPROVEMENT
2230003000000|5.71|6.1|2007|same as 2020||54|01/01/2022||YEAR_LAST_IMPROVEMENT
2230010000000|17.81|19.07|2021|same as 2020||54|01/01/2022||YEAR_LAST_IMPROVEMENT
23201190000NB|0.0|0.85|2020|same as 2020||54|01/01/2022||YEAR_LAST_IMPROVEMENT
23201190000NB|1.44|2.2|2020|same as 2020||54|01/01/2022||YEAR_LAST_IMPROVEMENT
0240013000000|0.43|1.03|2020|same as 2020||54|01/01/2022||YEAR_LAST_IMPROVEMENT
0240013000000|1.03|1.5|2020|same as 2020||54|01/01/2022||YEAR_LAST_IMPROVEMENT
23201190000NB|2.2|2.54|2020|same as 2020||54|01/01/2022||YEAR_LAST_IMPROVEMENT
23201190000NB|2.54|2.67|2020|New 2021||54|01/01/2022||YEAR_LAST_IMPROVEMENT
23201190000NB|2.67|3.3|2020|same as 2020||54|01/01/2022||YEAR_LAST_IMPROVEMENT
23201190000NB|3.3|3.5|2020|same as 2020||54|01/01/2022||YEAR_LAST_IMPROVEMENT
23201190000NB|3.5|3.59|2020|same as 2020||54|01/01/2022||YEAR_LAST_IMPROVEMENT
23201190000NB|3.59|5.1|2017|same as 2020||54|01/01/2022||YEAR_LAST_IMPROVEMENT
23201190000NB|5.1|5.27|2017|same as 2020||54|01/01/2022||YEAR_LAST_IMPROVEMENT
23201190000NB|11.87|12.283|2015|same as 2020||54|01/01/2022||YEAR_LAST_IMPROVEMENT
2330010000000|12.79|12.9|2008|same as 2020||54|01/01/2022||YEAR_LAST_IMPROVEMENT
2330010000000|12.9|12.95|2008|same as 2020||54|01/01/2022||YEAR_LAST_IMPROVEMENT
2330010000000|14.782|15.25|2010|same as 2020||54|01/01/2022||YEAR_LAST_IMPROVEMENT
2330010000000|15.25|16.17|2010|New 2021||54|01/01/2022||YEAR_LAST_IMPROVEMENT
2330010000000|16.77|17.46|2008|same as 2020||54|01/01/2022||YEAR_LAST_IMPROVEMENT
2330010000000|17.46|17.76|2010|same as 2020||54|01/01/2022||YEAR_LAST_IMPROVEMENT
2330010000000|17.76|18.21|2008|same as 2020||54|01/01/2022||YEAR_LAST_IMPROVEMENT
2330010000000|18.76|19.41|2008|same as 2020||54|01/01/2022||YEAR_LAST_IMPROVEMENT
2330010000000|19.41|20.39|2008|New 2021||54|01/01/2022||YEAR_LAST_IMPROVEMENT
2330010000000|20.39|22.05|2021|New 2021||54|01/01/2022||YEAR_LAST_IMPROVEMENT
2330010000000|27.14|28.6|2021|same as 2020||54|01/01/2022||YEAR_LAST_IMPROVEMENT
2330017000000|0.32|1.1|2007|same as 2020||54|01/01/2022||YEAR_LAST_IMPROVEMENT
2330044000000|16.02|17.07|2008|same as 2020||54|01/01/2022||YEAR_LAST_IMPROVEMENT
2330073000000|0.31|1.4|2016|same as 2020||54|01/01/2022||YEAR_LAST_IMPROVEMENT
2330073000000|1.4|1.5|2016|same as 2020||54|01/01/2022||YEAR_LAST_IMPROVEMENT
2330073000000|1.5|2.1|2016|same as 2020||54|01/01/2022||YEAR_LAST_IMPROVEMENT
2330073000000|2.1|2.15|2016|same as 2020||54|01/01/2022||YEAR_LAST_IMPROVEMENT
2330080000000|0.86|1.57|2017|same as 2020||54|01/01/2022||YEAR_LAST_IMPROVEMENT
2340005000000|0.45|2.789|2014|same as 2020||54|01/01/2022||YEAR_LAST_IMPROVEMENT
30200520000EB|9.95|11.65|2014|same as 2020||54|01/01/2022||YEAR_LAST_IMPROVEMENT
30200520000EB|21.06|21.95|2022|same as 2020||54|01/01/2022||YEAR_LAST_IMPROVEMENT
30200520000EB|21.97|22.28|2022|same as 2020||54|01/01/2022||YEAR_LAST_IMPROVEMENT
30200520000EB|26.08|26.53|2016|same as 2020||54|01/01/2022||YEAR_LAST_IMPROVEMENT
30200520004NB|0.096|0.39|2009|same as 2020||54|01/01/2022||YEAR_LAST_IMPROVEMENT
30201190000NB|11.73|12.8|2015|same as 2020||54|01/01/2022||YEAR_LAST_IMPROVEMENT
30201190000NB|12.88|14.28|2015|same as 2020||54|01/01/2022||YEAR_LAST_IMPROVEMENT
3030080000000|7.05|9.46|2012|same as 2020||54|01/01/2022||YEAR_LAST_IMPROVEMENT
50100640000EB|0.0|0.1|2017|same as 2020||54|01/01/2022||YEAR_LAST_IMPROVEMENT
50100640000EB|0.1|0.11|2017|same as 2020||54|01/01/2022||YEAR_LAST_IMPROVEMENT
50100640000EB|0.11|1.25|2017|same as 2020||54|01/01/2022||YEAR_LAST_IMPROVEMENT
50100640000EB|1.29|1.66|2015|same as 2020||54|01/01/2022||YEAR_LAST_IMPROVEMENT
50100640000EB|1.66|2.0|2015|same as 2020||54|01/01/2022||YEAR_LAST_IMPROVEMENT
50100640000EB|2.0|2.17|2015|same as 2020||54|01/01/2022||YEAR_LAST_IMPROVEMENT
50100640000EB|2.17|2.3|2015|same as 2020||54|01/01/2022||YEAR_LAST_IMPROVEMENT
50100640000EB|2.3|2.7|2015|same as 2020||54|01/01/2022||YEAR_LAST_IMPROVEMENT
50100640000EB|2.7|2.75|2015|same as 2020||54|01/01/2022||YEAR_LAST_IMPROVEMENT
50100640000EB|2.75|2.8|2015|same as 2020||54|01/01/2022||YEAR_LAST_IMPROVEMENT
50100640000EB|2.8|4.22|2015|same as 2020||54|01/01/2022||YEAR_LAST_IMPROVEMENT
50100640000EB|4.22|4.4|2015|same as 2020||54|01/01/2022||YEAR_LAST_IMPROVEMENT
50100640000EB|4.4|4.5|2015|same as 2020||54|01/01/2022||YEAR_LAST_IMPROVEMENT
50100640000EB|4.5|5.29|2015|same as 2020||54|01/01/2022||YEAR_LAST_IMPROVEMENT
50100640000EB|5.29|5.3|2015|same as 2020||54|01/01/2022||YEAR_LAST_IMPROVEMENT
50100640000EB|5.3|5.4|2015|same as 2020||54|01/01/2022||YEAR_LAST_IMPROVEMENT
50100640000EB|5.4|5.87|2015|same as 2020||54|01/01/2022||YEAR_LAST_IMPROVEMENT
50200520000EB|5.8|6.51|2019|same as 2020||54|01/01/2022||YEAR_LAST_IMPROVEMENT
50200520000EB|29.12|31.4|2008|same as 2020||54|01/01/2022||YEAR_LAST_IMPROVEMENT
50200600000EB|0.0|0.16|2018|same as 2020||54|01/01/2022||YEAR_LAST_IMPROVEMENT
50200600000EB|0.16|0.24|2018|same as 2020||54|01/01/2022||YEAR_LAST_IMPROVEMENT
50200600000EB|0.49|0.72|2018|same as 2020||54|01/01/2022||YEAR_LAST_IMPROVEMENT
50200600000EB|1.13|1.83|2018|same as 2020||54|01/01/2022||YEAR_LAST_IMPROVEMENT
50200600000EB|3.79|4.04|2011|same as 2020||54|01/01/2022||YEAR_LAST_IMPROVEMENT
50200600000EB|4.04|4.39|2011|same as 2020||54|01/01/2022||YEAR_LAST_IMPROVEMENT
5030152000000|29.86|30.39|2008|same as 2020||54|01/01/2022||YEAR_LAST_IMPROVEMENT
5030152000000|40.4|43.98|2020|New 2021||54|01/01/2022||YEAR_LAST_IMPROVEMENT
5030152000000|43.98|44.59|2020|same as 2020||54|01/01/2022||YEAR_LAST_IMPROVEMENT
5040001000000|2.16|2.29|2020|same as 2020||54|01/01/2022||YEAR_LAST_IMPROVEMENT
5040003000000|3.75|3.85|2019|same as 2020||54|01/01/2022||YEAR_LAST_IMPROVEMENT
5040003000000|3.94|4.06|2019|same as 2020||54|01/01/2022||YEAR_LAST_IMPROVEMENT
5040003010000|0.09|0.65|2019|same as 2020||54|01/01/2022||YEAR_LAST_IMPROVEMENT
5040003010000|0.65|0.68|2019|same as 2020||54|01/01/2022||YEAR_LAST_IMPROVEMENT
5040003020000|0.0|0.64|2019|same as 2020||54|01/01/2022||YEAR_LAST_IMPROVEMENT
5040003020000|0.64|1.25|2019|same as 2020||54|01/01/2022||YEAR_LAST_IMPROVEMENT
5040007000000|17.84|18.87|2016|same as 2020||54|01/01/2022||YEAR_LAST_IMPROVEMENT
5040007000000|19.35|19.76|2016|same as 2020||54|01/01/2022||YEAR_LAST_IMPROVEMENT
5040008000000|0.0|0.45|2016|same as 2020||54|01/01/2022||YEAR_LAST_IMPROVEMENT
5040009000000|0.65|1.92|2011|same as 2020||54|01/01/2022||YEAR_LAST_IMPROVEMENT
5040012000000|3.176|4.65|2016|same as 2020||54|01/01/2022||YEAR_LAST_IMPROVEMENT
5040060030000|1.37|1.47|2019|same as 2020||54|01/01/2022||YEAR_LAST_IMPROVEMENT
5040060040000|1.24|2.4|2012|same as 2020||54|01/01/2022||YEAR_LAST_IMPROVEMENT
5040060070000|0.24|0.87|2018|same as 2020||54|01/01/2022||YEAR_LAST_IMPROVEMENT
5040060070000|0.87|1.44|2018|same as 2020||54|01/01/2022||YEAR_LAST_IMPROVEMENT
4330053000000|0.0|1.4|2014|same as 2020||54|01/01/2022||YEAR_LAST_IMPROVEMENT
44200330000EB|4.33|5.61|2017|same as 2020||54|01/01/2022||YEAR_LAST_IMPROVEMENT
44200330000EB|6.75|9.1|2011|same as 2020||54|01/01/2022||YEAR_LAST_IMPROVEMENT
44200330000EB|15.77|17.73|2011|same as 2020||54|01/01/2022||YEAR_LAST_IMPROVEMENT
5440014140000|0.0|0.66|2018|same as 2020||54|01/01/2022||YEAR_LAST_IMPROVEMENT
5430014000000|11.28|11.76|2019|same as 2020||54|01/01/2022||YEAR_LAST_IMPROVEMENT
5430014000000|15.19|15.32|2020|same as 2020||54|01/01/2022||YEAR_LAST_IMPROVEMENT
5430014000000|15.32|15.45|2020|same as 2020||54|01/01/2022||YEAR_LAST_IMPROVEMENT
5430014000000|16.1|16.76|2020|same as 2020||54|01/01/2022||YEAR_LAST_IMPROVEMENT
5430014000100|0.0|0.63|2018|same as 2020||54|01/01/2022||YEAR_LAST_IMPROVEMENT
1830002000000|0.0|2.7|2017|same as 2020||54|01/01/2022||YEAR_LAST_IMPROVEMENT
1830002000000|10.86|11.0|2015|same as 2020||54|01/01/2022||YEAR_LAST_IMPROVEMENT
1830002000000|11.14|11.28|2015|same as 2020||54|01/01/2022||YEAR_LAST_IMPROVEMENT
5330014000000|19.34|20.71|2015|same as 2020||54|01/01/2022||YEAR_LAST_IMPROVEMENT
3730016000000|7.41|8.23|2014|same as 2020||54|01/01/2022||YEAR_LAST_IMPROVEMENT
18100770000NB|132.44|137.74|2016|same as 2020||54|01/01/2022||YEAR_LAST_IMPROVEMENT
18100770000NB|137.74|138.83|2013|same as 2020||54|01/01/2022||YEAR_LAST_IMPROVEMENT
18100770000NB|138.83|145.99|2013|same as 2020||54|01/01/2022||YEAR_LAST_IMPROVEMENT
18100770000NB|145.99|150.45|2021|same as 2020||54|01/01/2022||YEAR_LAST_IMPROVEMENT
18100770000NB|153.79|154.41|2018|same as 2020||54|01/01/2022||YEAR_LAST_IMPROVEMENT
18100770000NB|154.41|156.01|2018|same as 2020||54|01/01/2022||YEAR_LAST_IMPROVEMENT
18100770000NB|156.01|156.99|2018|same as 2020||54|01/01/2022||YEAR_LAST_IMPROVEMENT
07200330000EB|0.09|2.33|2012|same as 2020||54|01/01/2022||YEAR_LAST_IMPROVEMENT
07200330000EB|3.68|5.03|2013|same as 2020||54|01/01/2022||YEAR_LAST_IMPROVEMENT
07200330000EB|6.62|8.3|2015|same as 2020||54|01/01/2022||YEAR_LAST_IMPROVEMENT
5430095000000|3.77|3.99|2011|same as 2020||54|01/01/2022||YEAR_LAST_IMPROVEMENT
5430095000000|6.44|6.58|2010|same as 2020||54|01/01/2022||YEAR_LAST_IMPROVEMENT
54100770000NB|156.99|158.69|2021|same as 2020||54|01/01/2022||YEAR_LAST_IMPROVEMENT
54100770000NB|158.69|160.38|2021|same as 2020||54|01/01/2022||YEAR_LAST_IMPROVEMENT
54100770000NB|160.38|161.66|2015|same as 2020||54|01/01/2022||YEAR_LAST_IMPROVEMENT
54100770000NB|161.66|162.73|2015|same as 2020||54|01/01/2022||YEAR_LAST_IMPROVEMENT
54100770000NB|162.73|168.205|2020|same as 2020||54|01/01/2022||YEAR_LAST_IMPROVEMENT
54100770000NB|168.205|168.37|2020|same as 2020||54|01/01/2022||YEAR_LAST_IMPROVEMENT
54100770000NB|168.37|172.29|2018|same as 2020||54|01/01/2022||YEAR_LAST_IMPROVEMENT
54100770000NB|173.94|176.46|2016|same as 2020||54|01/01/2022||YEAR_LAST_IMPROVEMENT
54100770000NB|176.46|176.76|2015|same as 2020||54|01/01/2022||YEAR_LAST_IMPROVEMENT
54100770000NB|185.64|186.72|2012|same as 2020||54|01/01/2022||YEAR_LAST_IMPROVEMENT
54100770000NB|186.8|187.21|2012|same as 2020||54|01/01/2022||YEAR_LAST_IMPROVEMENT
3730002000000|3.71|4.75|2021|same as 2020||54|01/01/2022||YEAR_LAST_IMPROVEMENT
3730002000000|5.72|6.86|2015|same as 2020||54|01/01/2022||YEAR_LAST_IMPROVEMENT
3730002000000|14.95|17.49|2016|same as 2020||54|01/01/2022||YEAR_LAST_IMPROVEMENT
5440014160000|0.18|0.86|2018|same as 2020||54|01/01/2022||YEAR_LAST_IMPROVEMENT
5440014160000|0.86|1.23|2015|same as 2020||54|01/01/2022||YEAR_LAST_IMPROVEMENT
5440014160000|2.89|3.83|2016|same as 2020||54|01/01/2022||YEAR_LAST_IMPROVEMENT
5440021020000|0.0|0.39|2011|same as 2020||54|01/01/2022||YEAR_LAST_IMPROVEMENT
0730005000000|12.09|12.62|2016|same as 2020||54|01/01/2022||YEAR_LAST_IMPROVEMENT
5430047000000|0.45|0.56|2015|same as 2020||54|01/01/2022||YEAR_LAST_IMPROVEMENT
54200500000EB|8.94|9.2|2021|same as 2020||54|01/01/2022||YEAR_LAST_IMPROVEMENT
54200500000EB|9.3|10.02|2021|same as 2020||54|01/01/2022||YEAR_LAST_IMPROVEMENT
43200500000EB|8.02|9.99|2022|same as 2020||54|01/01/2022||YEAR_LAST_IMPROVEMENT
43200500000EB|10.83|11.79|2022|same as 2020||54|01/01/2022||YEAR_LAST_IMPROVEMENT
43200500000EB|12.54|12.85|2022|same as 2020||54|01/01/2022||YEAR_LAST_IMPROVEMENT
43200500000EB|13.57|14.78|2022|same as 2020||54|01/01/2022||YEAR_LAST_IMPROVEMENT
5430068000000|0.0|0.35|2017|same as 2020||54|01/01/2022||YEAR_LAST_IMPROVEMENT
18200330000EB|11.09|11.48|2018|same as 2020||54|01/01/2022||YEAR_LAST_IMPROVEMENT
18200330000EB|21.43|24.76|2010|same as 2020||54|01/01/2022||YEAR_LAST_IMPROVEMENT
1840021000000|19.64|20.96|2011|same as 2020||54|01/01/2022||YEAR_LAST_IMPROVEMENT
1840021000000|28.32|29.88|2014|same as 2020||54|01/01/2022||YEAR_LAST_IMPROVEMENT
5440047040000|0.0|0.23|2015|same as 2020||54|01/01/2022||YEAR_LAST_IMPROVEMENT
02100810000NB|0.0|1.39|2018|same as 2020||54|01/01/2022||YEAR_LAST_IMPROVEMENT
02100810000NB|1.39|6.27|2010|same as 2020||54|01/01/2022||YEAR_LAST_IMPROVEMENT
02100810000NB|6.27|11.63|2016|same as 2020||54|01/01/2022||YEAR_LAST_IMPROVEMENT
02100810000NB|11.63|13.54|2016|same as 2020||54|01/01/2022||YEAR_LAST_IMPROVEMENT
02100810000NB|13.54|14.26|2016|same as 2020||54|01/01/2022||YEAR_LAST_IMPROVEMENT
02100810000NB|14.26|15.22|2016|same as 2020||54|01/01/2022||YEAR_LAST_IMPROVEMENT
02100810000NB|15.22|15.62|2016|same as 2020||54|01/01/2022||YEAR_LAST_IMPROVEMENT
02100810000NB|15.62|15.95|2016|same as 2020||54|01/01/2022||YEAR_LAST_IMPROVEMENT
02100810000NB|15.95|16.23|2016|same as 2020||54|01/01/2022||YEAR_LAST_IMPROVEMENT
02100810000NB|16.23|17.3|2015|same as 2020||54|01/01/2022||YEAR_LAST_IMPROVEMENT
02100810000NB|17.3|18.13|2015|same as 2020||54|01/01/2022||YEAR_LAST_IMPROVEMENT
02100810000NB|18.13|20.37|2015|same as 2020||54|01/01/2022||YEAR_LAST_IMPROVEMENT
02100810000NB|20.37|23.0|2018|same as 2020||54|01/01/2022||YEAR_LAST_IMPROVEMENT
02100810000NB|23.0|23.4|2021|same as 2020||54|01/01/2022||YEAR_LAST_IMPROVEMENT
02100810000NB|23.4|23.46|2021|same as 2020||54|01/01/2022||YEAR_LAST_IMPROVEMENT
02100810000NB|23.46|23.5|2021|same as 2020||54|01/01/2022||YEAR_LAST_IMPROVEMENT
02100810000NB|23.5|24.53|2021|same as 2020||54|01/01/2022||YEAR_LAST_IMPROVEMENT
02100810000NB|24.53|25.9|2021|same as 2020||54|01/01/2022||YEAR_LAST_IMPROVEMENT
02100810000NB|25.9|26.0|2021|same as 2020||54|01/01/2022||YEAR_LAST_IMPROVEMENT
02200110000NB|5.24|6.05|2022|same as 2020||54|01/01/2022||YEAR_LAST_IMPROVEMENT
0230009000000|0.35|2.2|2013|same as 2020||54|01/01/2022||YEAR_LAST_IMPROVEMENT
0230009000000|4.81|4.9|2021|New 2021||54|01/01/2022||YEAR_LAST_IMPROVEMENT
0230009000000|4.9|6.17|2003|New 2021||54|01/01/2022||YEAR_LAST_IMPROVEMENT
0230009000000|6.17|6.27|2003|same as 2020||54|01/01/2022||YEAR_LAST_IMPROVEMENT
0230009000000|6.47|7.58|2003|same as 2020||54|01/01/2022||YEAR_LAST_IMPROVEMENT
0230009000000|10.12|10.37|2018|same as 2020||54|01/01/2022||YEAR_LAST_IMPROVEMENT
0230009000000|10.52|10.84|2005|same as 2020||54|01/01/2022||YEAR_LAST_IMPROVEMENT
0230009000000|10.84|11.15|2013|same as 2020||54|01/01/2022||YEAR_LAST_IMPROVEMENT
0230009000000|14.55|14.9|1998|same as 2020||54|01/01/2022||YEAR_LAST_IMPROVEMENT
0230009000000|15.57|15.79|1998|same as 2020||54|01/01/2022||YEAR_LAST_IMPROVEMENT
0230009000000|15.79|16.09|1998|same as 2020||54|01/01/2022||YEAR_LAST_IMPROVEMENT
0230009000000|17.07|17.48|2010|same as 2020||54|01/01/2022||YEAR_LAST_IMPROVEMENT
0230009000000|18.18|20.16|2010|same as 2020||54|01/01/2022||YEAR_LAST_IMPROVEMENT
2040012000000|0.0|2.55|2021|same as 2020||54|01/01/2022||YEAR_LAST_IMPROVEMENT
2040012000000|3.6|4.14|2012|same as 2020||54|01/01/2022||YEAR_LAST_IMPROVEMENT
0230009000000|6.381|6.47|2003|same as 2020||54|01/01/2022||YEAR_LAST_IMPROVEMENT
0230009000000|7.584|9.95|2005|same as 2020||54|01/01/2022||YEAR_LAST_IMPROVEMENT
0230045000000|13.355|13.76|2019|same as 2020||54|01/01/2022||YEAR_LAST_IMPROVEMENT
0230045000000|14.39|14.52|2012|same as 2020||54|01/01/2022||YEAR_LAST_IMPROVEMENT
0230045000000|14.52|14.85|2018|same as 2020||54|01/01/2022||YEAR_LAST_IMPROVEMENT
0230045000000|14.85|15.31|2019|same as 2020||54|01/01/2022||YEAR_LAST_IMPROVEMENT
0230045000000|17.53|18.23|2008|same as 2020||54|01/01/2022||YEAR_LAST_IMPROVEMENT
13202190000NB|2.57|4.79|2010|same as 2020||54|01/01/2022||YEAR_LAST_IMPROVEMENT
0230045000000|19.08|19.61|2011|same as 2020||54|01/01/2022||YEAR_LAST_IMPROVEMENT
0230051000000|5.4|8.591|2018|same as 2020||54|01/01/2022||YEAR_LAST_IMPROVEMENT
0230051000000|1.87|2.841|2020|same as 2020||54|01/01/2022||YEAR_LAST_IMPROVEMENT
0230051000000|2.841|4.13|2020|same as 2020||54|01/01/2022||YEAR_LAST_IMPROVEMENT
0230051000000|4.13|4.54|2020|same as 2020||54|01/01/2022||YEAR_LAST_IMPROVEMENT
0230051000000|4.54|4.58|2012|same as 2020||54|01/01/2022||YEAR_LAST_IMPROVEMENT
0230901000000|4.86|5.44|2013|same as 2020||54|01/01/2022||YEAR_LAST_IMPROVEMENT
0240001000000|8.14|9.32|2015|same as 2020||54|01/01/2022||YEAR_LAST_IMPROVEMENT
0240010010000|0.0|0.69|2021|same as 2020||54|01/01/2022||YEAR_LAST_IMPROVEMENT
0240011130000|0.41|0.55|2015|same as 2020||54|01/01/2022||YEAR_LAST_IMPROVEMENT
0240011190000|0.0|0.31|2015|same as 2020||54|01/01/2022||YEAR_LAST_IMPROVEMENT
0240011240000|0.0|0.85|2021|same as 2020||54|01/01/2022||YEAR_LAST_IMPROVEMENT
0240011330000|0.0|0.26|2013|same as 2020||54|01/01/2022||YEAR_LAST_IMPROVEMENT
0240011370000|0.0|0.23|2012|same as 2020||54|01/01/2022||YEAR_LAST_IMPROVEMENT
0240012000000|0.0|1.29|2019|same as 2020||54|01/01/2022||YEAR_LAST_IMPROVEMENT
0240013000000|2.75|3.716|2021|same as 2020||54|01/01/2022||YEAR_LAST_IMPROVEMENT
0240015000000|2.78|3.06|2012|same as 2020||54|01/01/2022||YEAR_LAST_IMPROVEMENT
0240019000000|1.55|3.438|2020|same as 2020||54|01/01/2022||YEAR_LAST_IMPROVEMENT
0240019000000|3.438|4.04|2019|same as 2020||54|01/01/2022||YEAR_LAST_IMPROVEMENT
0240030000000|4.175|4.37|2014|same as 2020||54|01/01/2022||YEAR_LAST_IMPROVEMENT
0240032000000|0.0|1.26|2015|same as 2020||54|01/01/2022||YEAR_LAST_IMPROVEMENT
0240032000000|1.26|1.565|2010|same as 2020||54|01/01/2022||YEAR_LAST_IMPROVEMENT
0240032000000|1.565|2.15|2010|same as 2020||54|01/01/2022||YEAR_LAST_IMPROVEMENT
0240034030000|0.0|1.01|2019|same as 2020||54|01/01/2022||YEAR_LAST_IMPROVEMENT
0240051070000|2.28|3.56|2018|same as 2020||54|01/01/2022||YEAR_LAST_IMPROVEMENT
12200480000EB|0.0|5.82|2018|same as 2020||54|01/01/2022||YEAR_LAST_IMPROVEMENT
12202200000NB|4.41|5.14|2021|same as 2020||54|01/01/2022||YEAR_LAST_IMPROVEMENT
1230028000000|3.35|4.76|2021|same as 2020||54|01/01/2022||YEAR_LAST_IMPROVEMENT
1230028000000|8.23|12.58|2013|same as 2020||54|01/01/2022||YEAR_LAST_IMPROVEMENT
1230028000000|12.58|12.95|2021|same as 2020||54|01/01/2022||YEAR_LAST_IMPROVEMENT
1230028000000|13.03|13.38|2020|same as 2020||54|01/01/2022||YEAR_LAST_IMPROVEMENT
1230042000000|16.97|21.26|2006|same as 2020||54|01/01/2022||YEAR_LAST_IMPROVEMENT
1230042000000|21.78|22.74|2016|same as 2020||54|01/01/2022||YEAR_LAST_IMPROVEMENT
2040038000000|0.0|2.43|2020|same as 2020||54|01/01/2022||YEAR_LAST_IMPROVEMENT
39202190000NB|0.0|0.8|2010|same as 2020||54|01/01/2022||YEAR_LAST_IMPROVEMENT
1230093000000|2.36|2.98|2020|same as 2020||54|01/01/2022||YEAR_LAST_IMPROVEMENT
1230093000000|3.77|4.05|2020|same as 2020||54|01/01/2022||YEAR_LAST_IMPROVEMENT
1230093000000|9.6|9.71|2010|same as 2020||54|01/01/2022||YEAR_LAST_IMPROVEMENT
1230093000000|9.71|13.45|2017|same as 2020||54|01/01/2022||YEAR_LAST_IMPROVEMENT
1230093000000|13.45|15.85|2019|same as 2020||54|01/01/2022||YEAR_LAST_IMPROVEMENT
1230093000000|15.85|18.046|2020|same as 2020||54|01/01/2022||YEAR_LAST_IMPROVEMENT
14200500000EB|7.48|7.5|2018|same as 2020||54|01/01/2022||YEAR_LAST_IMPROVEMENT
14200500000EB|7.5|7.98|2018|same as 2020||54|01/01/2022||YEAR_LAST_IMPROVEMENT
14200500000EB|8.26|8.44|2022|same as 2020||54|01/01/2022||YEAR_LAST_IMPROVEMENT
14200500000EB|8.56|8.92|2008|same as 2020||54|01/01/2022||YEAR_LAST_IMPROVEMENT
14200500000EB|13.37|14.67|2017|same as 2020||54|01/01/2022||YEAR_LAST_IMPROVEMENT
14200500000EB|15.88|16.97|2017|same as 2020||54|01/01/2022||YEAR_LAST_IMPROVEMENT
14200500000EB|29.25|30.33|2018|same as 2020||54|01/01/2022||YEAR_LAST_IMPROVEMENT
1430028000000|16.47|22.27|2019|same as 2020||54|01/01/2022||YEAR_LAST_IMPROVEMENT
16202200000NB|10.53|10.69|2021|same as 2020||54|01/01/2022||YEAR_LAST_IMPROVEMENT
16202200000NB|10.0|10.53|2020|same as 2020||54|01/01/2022||YEAR_LAST_IMPROVEMENT
16202200000NB|10.7|11.7|2012|same as 2020||54|01/01/2022||YEAR_LAST_IMPROVEMENT
16202200000NB|11.8|12.96|2018|same as 2020||54|01/01/2022||YEAR_LAST_IMPROVEMENT
1630055000000|35.57|36.3|2012|same as 2020||54|01/01/2022||YEAR_LAST_IMPROVEMENT
1640007000000|19.2|20.5|2017|same as 2020||54|01/01/2022||YEAR_LAST_IMPROVEMENT
1640007000000|5.61|6.0|2018|same as 2020||54|01/01/2022||YEAR_LAST_IMPROVEMENT
1640010000000|4.6|5.8|2020|same as 2020||54|01/01/2022||YEAR_LAST_IMPROVEMENT
19203400000NB|8.56|9.13|1998|same as 2020||54|01/01/2022||YEAR_LAST_IMPROVEMENT
19203400000NB|9.13|9.38|1998|same as 2020||54|01/01/2022||YEAR_LAST_IMPROVEMENT
19203400000NB|9.38|9.5|1998|same as 2020||54|01/01/2022||YEAR_LAST_IMPROVEMENT
19203400000NB|9.5|9.55|2019|same as 2020||54|01/01/2022||YEAR_LAST_IMPROVEMENT
19203400000NB|9.55|10.41|2022|same as 2020||54|01/01/2022||YEAR_LAST_IMPROVEMENT
19203400000NB|10.41|11.86|2022|same as 2020||54|01/01/2022||YEAR_LAST_IMPROVEMENT
19203400000NB|11.9|12.047|2021|same as 2020||54|01/01/2022||YEAR_LAST_IMPROVEMENT
19203400000NB|12.047|12.88|2020|New 2021||54|01/01/2022||YEAR_LAST_IMPROVEMENT
19203400000NB|12.88|13.26|2021|same as 2020||54|01/01/2022||YEAR_LAST_IMPROVEMENT
19203400000NB|13.26|13.82|2021|same as 2020||54|01/01/2022||YEAR_LAST_IMPROVEMENT
19203400000NB|14.66|14.7|2004|same as 2020||54|01/01/2022||YEAR_LAST_IMPROVEMENT
19203400000NB|14.7|14.86|2004|same as 2020||54|01/01/2022||YEAR_LAST_IMPROVEMENT
19203400000NB|14.86|14.9|2008|same as 2020||54|01/01/2022||YEAR_LAST_IMPROVEMENT
19203400000NB|14.9|15.31|2008|same as 2020||54|01/01/2022||YEAR_LAST_IMPROVEMENT
19203400005SB|0.0|0.1|1998|same as 2020||54|01/01/2022||YEAR_LAST_IMPROVEMENT
19203400005SB|0.1|0.17|1998|same as 2020||54|01/01/2022||YEAR_LAST_IMPROVEMENT
1930009000000|0.0|1.45|2010|New 2021||54|01/01/2022||YEAR_LAST_IMPROVEMENT
1930009000000|1.45|3.94|2008|same as 2020||54|01/01/2022||YEAR_LAST_IMPROVEMENT
1930009000000|4.97|6.35|2010|same as 2020||54|01/01/2022||YEAR_LAST_IMPROVEMENT
1930009000000|10.91|11.418|2010|same as 2020||54|01/01/2022||YEAR_LAST_IMPROVEMENT
1930009000000|14.435|14.96|2010|same as 2020||54|01/01/2022||YEAR_LAST_IMPROVEMENT
1930051000000|8.66|8.78|1998|same as 2020||54|01/01/2022||YEAR_LAST_IMPROVEMENT
1930115000000|0.0|0.22|2021|same as 2020||54|01/01/2022||YEAR_LAST_IMPROVEMENT
1930115000000|0.64|1.15|2021|same as 2020||54|01/01/2022||YEAR_LAST_IMPROVEMENT
1930115000000|1.59|4.09|2014|same as 2020||54|01/01/2022||YEAR_LAST_IMPROVEMENT
1940003000000|1.403|1.82|2018|same as 2020||54|01/01/2022||YEAR_LAST_IMPROVEMENT
1940003000000|1.82|2.02|2018|same as 2020||54|01/01/2022||YEAR_LAST_IMPROVEMENT
1940003000000|2.02|2.36|2018|same as 2020||54|01/01/2022||YEAR_LAST_IMPROVEMENT
1940016000000|0.0|0.417|2015|same as 2020||54|01/01/2022||YEAR_LAST_IMPROVEMENT
1940017040000|0.63|0.92|2015|same as 2020||54|01/01/2022||YEAR_LAST_IMPROVEMENT
1940029000000|0.0|1.26|2021|same as 2020||54|01/01/2022||YEAR_LAST_IMPROVEMENT
1940029000000|1.26|2.19|2021|New 2021||54|01/01/2022||YEAR_LAST_IMPROVEMENT
1940031000000|0.0|0.029|2014|New 2021||54|01/01/2022||YEAR_LAST_IMPROVEMENT
1940340180000|0.64|1.24|2012|same as 2020||54|01/01/2022||YEAR_LAST_IMPROVEMENT
29200500000EB|8.0|10.56|2015|same as 2020||54|01/01/2022||YEAR_LAST_IMPROVEMENT
29202200000NB|12.61|13.26|2014|same as 2020||54|01/01/2022||YEAR_LAST_IMPROVEMENT
29202200000NB|13.78|13.96|2009|same as 2020||54|01/01/2022||YEAR_LAST_IMPROVEMENT
2930028000000|11.868|11.93|2020|same as 2020||54|01/01/2022||YEAR_LAST_IMPROVEMENT
2930028000000|7.69|9.22|2021|same as 2020||54|01/01/2022||YEAR_LAST_IMPROVEMENT
2930028000000|11.93|12.86|2020|same as 2020||54|01/01/2022||YEAR_LAST_IMPROVEMENT
2930028000000|12.86|13.545|2020|same as 2020||54|01/01/2022||YEAR_LAST_IMPROVEMENT
2930028000100|0.0|0.54|2016|same as 2020||54|01/01/2022||YEAR_LAST_IMPROVEMENT
2930028000100|0.54|1.03|2016|same as 2020||54|01/01/2022||YEAR_LAST_IMPROVEMENT
2930028000100|1.03|2.05|2016|same as 2020||54|01/01/2022||YEAR_LAST_IMPROVEMENT
2930028000100|2.05|2.31|2016|same as 2020||54|01/01/2022||YEAR_LAST_IMPROVEMENT
2930028000100|2.42|2.63|2016|same as 2020||54|01/01/2022||YEAR_LAST_IMPROVEMENT
2930028000100|2.63|2.97|2008|same as 2020||54|01/01/2022||YEAR_LAST_IMPROVEMENT
2930046000000|15.38|16.59|2014|same as 2020||54|01/01/2022||YEAR_LAST_IMPROVEMENT
2930046000000|19.82|19.94|2019|same as 2020||54|01/01/2022||YEAR_LAST_IMPROVEMENT
2930093000000|0.0|3.42|2021|same as 2020||54|01/01/2022||YEAR_LAST_IMPROVEMENT
2930972000000|0.0|1.48|2014|same as 2020||54|01/01/2022||YEAR_LAST_IMPROVEMENT
2930972000000|1.48|2.19|2014|same as 2020||54|01/01/2022||YEAR_LAST_IMPROVEMENT
2940008000000|0.0|0.24|2021|same as 2020||54|01/01/2022||YEAR_LAST_IMPROVEMENT
2940014000000|4.19|4.6|2012|same as 2020||54|01/01/2022||YEAR_LAST_IMPROVEMENT
2940028010000|0.0|0.1|2019|same as 2020||54|01/01/2022||YEAR_LAST_IMPROVEMENT
2940028010000|0.1|1.09|2019|same as 2020||54|01/01/2022||YEAR_LAST_IMPROVEMENT
2940028010000|1.19|2.14|2019|same as 2020||54|01/01/2022||YEAR_LAST_IMPROVEMENT
2940046040000|4.532|4.93|2008|same as 2020||54|01/01/2022||YEAR_LAST_IMPROVEMENT
33205220000NB|0.0|6.35|2016|same as 2020||54|01/01/2022||YEAR_LAST_IMPROVEMENT
33205220000NB|6.35|7.81|2010|same as 2020||54|01/01/2022||YEAR_LAST_IMPROVEMENT
33205220000NB|12.67|13.11|2011|same as 2020||54|01/01/2022||YEAR_LAST_IMPROVEMENT
33205220000NB|14.68|15.97|2017|same as 2020||54|01/01/2022||YEAR_LAST_IMPROVEMENT
3330009000000|26.67|29.17|2018|same as 2020||54|01/01/2022||YEAR_LAST_IMPROVEMENT
3330009000000|31.29|33.3|2021|same as 2020||54|01/01/2022||YEAR_LAST_IMPROVEMENT
42200330000EB|7.76|8.05|2015|not all covered||54|01/01/2022||YEAR_LAST_IMPROVEMENT
24200520000EB|0.0|1.09|2000|same as 2020||54|01/01/2022||YEAR_LAST_IMPROVEMENT
24200520000EB|2.54|3.72|2003|same as 2020||54|01/01/2022||YEAR_LAST_IMPROVEMENT
24200520000EB|5.19|6.4|2018|same as 2020||54|01/01/2022||YEAR_LAST_IMPROVEMENT
24200520000EB|6.4|7.91|2016|same as 2020||54|01/01/2022||YEAR_LAST_IMPROVEMENT
24200520000EB|9.59|12.82|2016|same as 2020||54|01/01/2022||YEAR_LAST_IMPROVEMENT
24200520000EB|24.59|26.77|2021|same as 2020||54|01/01/2022||YEAR_LAST_IMPROVEMENT
2430016000000|0.06|1.73|2001|same as 2020||54|01/01/2022||YEAR_LAST_IMPROVEMENT
2430016000000|4.05|6.18|2003|same as 2020||54|01/01/2022||YEAR_LAST_IMPROVEMENT
2430016000000|9.47|10.14|2015|same as 2020||54|01/01/2022||YEAR_LAST_IMPROVEMENT
2430016000000|13.75|14.05|1992|same as 2020||54|01/01/2022||YEAR_LAST_IMPROVEMENT
2430016000000|16.06|19.56|2006|same as 2020||54|01/01/2022||YEAR_LAST_IMPROVEMENT
2430016000000|19.56|20.79|1994|same as 2020||54|01/01/2022||YEAR_LAST_IMPROVEMENT
2430016000000|20.79|22.05|1995|same as 2020||54|01/01/2022||YEAR_LAST_IMPROVEMENT
2430016000000|22.05|23.76|2016|same as 2020||54|01/01/2022||YEAR_LAST_IMPROVEMENT
2430016000000|23.76|24.86|1993|same as 2020||54|01/01/2022||YEAR_LAST_IMPROVEMENT
2430016000000|29.19|29.41|2019|same as 2020||54|01/01/2022||YEAR_LAST_IMPROVEMENT
2430016000000|32.7|35.38|2021|same as 2020||54|01/01/2022||YEAR_LAST_IMPROVEMENT
2430083000000|0.0|6.42|2020|same as 2020||54|01/01/2022||YEAR_LAST_IMPROVEMENT
2430083000000|6.42|7.46|2020|same as 2020||54|01/01/2022||YEAR_LAST_IMPROVEMENT
2430083000000|7.94|8.06|2002|same as 2020||54|01/01/2022||YEAR_LAST_IMPROVEMENT
2430083000000|17.6|18.01|2021|same as 2020||54|01/01/2022||YEAR_LAST_IMPROVEMENT
2430083000000|14.092|17.6|2021|same as 2020||54|01/01/2022||YEAR_LAST_IMPROVEMENT
2440009000000|7.87|9.2|2013|same as 2020||54|01/01/2022||YEAR_LAST_IMPROVEMENT
28100770000NB|8.189|8.98|2018|same as 2020||54|01/01/2022||YEAR_LAST_IMPROVEMENT
28100770000NB|0.69|2.56|2018|same as 2020||54|01/01/2022||YEAR_LAST_IMPROVEMENT
28100770000NB|2.56|5.12|2018|same as 2020||54|01/01/2022||YEAR_LAST_IMPROVEMENT
28100770000NB|5.12|6.9|2018|same as 2020||54|01/01/2022||YEAR_LAST_IMPROVEMENT
28200190000NB|2.88|3.87|2020|same as 2020||54|01/01/2022||YEAR_LAST_IMPROVEMENT
28200190000NB|5.34|5.4|2010|same as 2020||54|01/01/2022||YEAR_LAST_IMPROVEMENT
28200190000NB|5.4|5.5|2019|same as 2020||54|01/01/2022||YEAR_LAST_IMPROVEMENT
28200190000NB|5.5|6.01|2019|same as 2020||54|01/01/2022||YEAR_LAST_IMPROVEMENT
28200190000NB|6.01|7.44|2021|same as 2020||54|01/01/2022||YEAR_LAST_IMPROVEMENT
28200190000NB|10.76|11.7|2007|same as 2020||54|01/01/2022||YEAR_LAST_IMPROVEMENT
28200520000EB|12.97|13.39|2019|same as 2020||54|01/01/2022||YEAR_LAST_IMPROVEMENT
28200520000EB|13.44|13.67|2019|same as 2020||54|01/01/2022||YEAR_LAST_IMPROVEMENT
28200520000EB|0.0|0.58|2022|same as 2020||54|01/01/2022||YEAR_LAST_IMPROVEMENT
28200520000EB|4.12|5.2|2021|same as 2020||54|01/01/2022||YEAR_LAST_IMPROVEMENT
28200520000EB|6.96|7.76|2002|same as 2020||54|01/01/2022||YEAR_LAST_IMPROVEMENT
28200520004NB|0.0|0.22|2022|same as 2020||54|01/01/2022||YEAR_LAST_IMPROVEMENT
28200520018EB|0.0|0.02|2022|New 2021||54|01/01/2022||YEAR_LAST_IMPROVEMENT
28204600000EB|0.029|1.06|2019|same as 2020||54|01/01/2022||YEAR_LAST_IMPROVEMENT
28204600000EB|1.33|2.9|2019|same as 2020||54|01/01/2022||YEAR_LAST_IMPROVEMENT
28204600000EB|2.9|3.09|2015|same as 2020||54|01/01/2022||YEAR_LAST_IMPROVEMENT
28204600000EB|4.29|5.38|2010|same as 2020||54|01/01/2022||YEAR_LAST_IMPROVEMENT
28204600000EB|13.48|14.72|2006|same as 2020||54|01/01/2022||YEAR_LAST_IMPROVEMENT
28204600000EB|14.72|15.15|2006|same as 2020||54|01/01/2022||YEAR_LAST_IMPROVEMENT
2830020000000|4.23|5.2|2015|same as 2020||54|01/01/2022||YEAR_LAST_IMPROVEMENT
2830020000000|10.32|11.4|2016|same as 2020||54|01/01/2022||YEAR_LAST_IMPROVEMENT
2830020000000|12.05|12.78|2014|same as 2020||54|01/01/2022||YEAR_LAST_IMPROVEMENT
2830104000000|1.93|1.95|2018|same as 2020||54|01/01/2022||YEAR_LAST_IMPROVEMENT
2830104000000|1.95|2.65|2018|same as 2020||54|01/01/2022||YEAR_LAST_IMPROVEMENT
2830598000000|0.0|2.13|1992|same as 2020||54|01/01/2022||YEAR_LAST_IMPROVEMENT
2830598000000|2.4|2.59|1992|same as 2020||54|01/01/2022||YEAR_LAST_IMPROVEMENT
2830598000000|2.59|2.98|2019|same as 2020||54|01/01/2022||YEAR_LAST_IMPROVEMENT
2840007050000|1.11|1.83|2005|same as 2020||54|01/01/2022||YEAR_LAST_IMPROVEMENT
2840007050000|1.836|2.1|2005|same as 2020||54|01/01/2022||YEAR_LAST_IMPROVEMENT
2840011000000|0.08|0.58|2001|same as 2020||54|01/01/2022||YEAR_LAST_IMPROVEMENT
2840014000000|0.0|0.63|2014|same as 2020||54|01/01/2022||YEAR_LAST_IMPROVEMENT
2840016000000|1.7|2.5|2010|same as 2020||54|01/01/2022||YEAR_LAST_IMPROVEMENT
2840016000000|2.5|2.614|2010|same as 2020||54|01/01/2022||YEAR_LAST_IMPROVEMENT
2840016010000|0.59|0.74|2016|same as 2020||54|01/01/2022||YEAR_LAST_IMPROVEMENT
2840016100000|0.0|0.66|2012|same as 2020||54|01/01/2022||YEAR_LAST_IMPROVEMENT
2840019290000|2.54|3.32|2019|same as 2020||54|01/01/2022||YEAR_LAST_IMPROVEMENT
2840021010000|0.0|0.89|2002|same as 2020||54|01/01/2022||YEAR_LAST_IMPROVEMENT
2840024000000|0.0|0.3|2015|same as 2020||54|01/01/2022||YEAR_LAST_IMPROVEMENT
2840024000000|0.3|2.789|2017|same as 2020||54|01/01/2022||YEAR_LAST_IMPROVEMENT
2840025000000|0.0|0.57|2019|same as 2020||54|01/01/2022||YEAR_LAST_IMPROVEMENT
2840025000000|0.57|1.53|2019|same as 2020||54|01/01/2022||YEAR_LAST_IMPROVEMENT
2840027000000|0.0|1.57|2017|same as 2020||54|01/01/2022||YEAR_LAST_IMPROVEMENT
2840027000000|2.12|2.59|2017|same as 2020||54|01/01/2022||YEAR_LAST_IMPROVEMENT
2840052200000|0.001|0.82|2015|same as 2020||54|01/01/2022||YEAR_LAST_IMPROVEMENT
41100640000EB|128.91|129.49|2022|same as 2020||54|01/01/2022||YEAR_LAST_IMPROVEMENT
41100640000EB|129.49|132.0|2022|same as 2020||54|01/01/2022||YEAR_LAST_IMPROVEMENT
41100640000EB|120.69|122.62|2022|New 2021||54|01/01/2022||YEAR_LAST_IMPROVEMENT
41100640000EB|122.71|122.9|2022|same as 2020||54|01/01/2022||YEAR_LAST_IMPROVEMENT
41100640000EB|122.9|123.0|2022|same as 2020||54|01/01/2022||YEAR_LAST_IMPROVEMENT
41100640000EB|123.0|123.18|2022|same as 2020||54|01/01/2022||YEAR_LAST_IMPROVEMENT
41100640000EB|123.63|124.47|2022|same as 2020||54|01/01/2022||YEAR_LAST_IMPROVEMENT
41100640000EB|126.65|127.58|2022|same as 2020||54|01/01/2022||YEAR_LAST_IMPROVEMENT
41100640000EB|132.0|132.53|2012|same as 2020||54|01/01/2022||YEAR_LAST_IMPROVEMENT
41100640000EB|132.84|137.48|2012|same as 2020||54|01/01/2022||YEAR_LAST_IMPROVEMENT
41100640000EB|137.48|138.01|2011|same as 2020||54|01/01/2022||YEAR_LAST_IMPROVEMENT
41200190000NB|0.0|2.17|2021|same as 2020||54|01/01/2022||YEAR_LAST_IMPROVEMENT
41200190000NB|17.18|17.95|2017|same as 2020||54|01/01/2022||YEAR_LAST_IMPROVEMENT
41200190000NB|18.31|18.41|2017|same as 2020||54|01/01/2022||YEAR_LAST_IMPROVEMENT
41200190000NB|18.64|19.33|2021|same as 2020||54|01/01/2022||YEAR_LAST_IMPROVEMENT
41200190000NB|19.8|21.61|2009|same as 2020||54|01/01/2022||YEAR_LAST_IMPROVEMENT
41200190000NB|16.669|16.925|2017|same as 2020||54|01/01/2022||YEAR_LAST_IMPROVEMENT
41200190014NB|0.0|2.0|2019|same as 2020||54|01/01/2022||YEAR_LAST_IMPROVEMENT
41200190014NB|2.0|2.3|2019|same as 2020||54|01/01/2022||YEAR_LAST_IMPROVEMENT
41200190014NB|2.3|2.7|2019|same as 2020||54|01/01/2022||YEAR_LAST_IMPROVEMENT
41200190023EB|0.0|0.033|2019|New 2021||54|01/01/2022||YEAR_LAST_IMPROVEMENT
4130003000000|37.1|37.73|2010|same as 2020||54|01/01/2022||YEAR_LAST_IMPROVEMENT
4130003000000|35.98|36.18|2015|same as 2020||54|01/01/2022||YEAR_LAST_IMPROVEMENT
4130003000000|36.23|36.49|2011|same as 2020||54|01/01/2022||YEAR_LAST_IMPROVEMENT
4130016000000|14.42|14.72|2019|same as 2020||54|01/01/2022||YEAR_LAST_IMPROVEMENT
4130016000000|14.72|15.08|2019|same as 2020||54|01/01/2022||YEAR_LAST_IMPROVEMENT
4130016000000|15.65|15.81|2011|same as 2020||54|01/01/2022||YEAR_LAST_IMPROVEMENT
4130016000000|9.485|9.8|2019|same as 2020||54|01/01/2022||YEAR_LAST_IMPROVEMENT
4130016000000|15.08|15.4|2019|same as 2020||54|01/01/2022||YEAR_LAST_IMPROVEMENT
4130041000000|0.0|0.71|2000|same as 2020||54|01/01/2022||YEAR_LAST_IMPROVEMENT
4130041000000|1.85|1.9|2005|same as 2020||54|01/01/2022||YEAR_LAST_IMPROVEMENT
4130041000000|1.99|2.19|1997|same as 2020||54|01/01/2022||YEAR_LAST_IMPROVEMENT
4130054000000|2.48|4.86|2003|same as 2020||54|01/01/2022||YEAR_LAST_IMPROVEMENT
4130054000000|10.14|10.33|1999|same as 2020||54|01/01/2022||YEAR_LAST_IMPROVEMENT
4130061000000|2.604|3.29|2005|same as 2020||54|01/01/2022||YEAR_LAST_IMPROVEMENT
4130210000000|1.2|1.89|2020|New 2021||54|01/01/2022||YEAR_LAST_IMPROVEMENT
4130210000000|1.89|2.79|2020|same as 2020||54|01/01/2022||YEAR_LAST_IMPROVEMENT
4130307000000|4.55|5.59|2021|same as 2020||54|01/01/2022||YEAR_LAST_IMPROVEMENT
4130307000000|7.42|8.45|2020|same as 2020||54|01/01/2022||YEAR_LAST_IMPROVEMENT
4140001000000|3.4|4.14|1995|same as 2020||54|01/01/2022||YEAR_LAST_IMPROVEMENT
4140003180000|2.77|3.51|2018|same as 2020||54|01/01/2022||YEAR_LAST_IMPROVEMENT
4140004030000|0.0|0.47|2019|same as 2020||54|01/01/2022||YEAR_LAST_IMPROVEMENT
4140006000000|0.0|0.14|2014|same as 2020||54|01/01/2022||YEAR_LAST_IMPROVEMENT
4140006000000|0.91|1.13|2014|same as 2020||54|01/01/2022||YEAR_LAST_IMPROVEMENT
4140006020000|1.57|1.69|2019|same as 2020||54|01/01/2022||YEAR_LAST_IMPROVEMENT
4140006030000|0.53|1.48|2006|same as 2020||54|01/01/2022||YEAR_LAST_IMPROVEMENT
4140008000000|0.0|0.11|2021|same as 2020||54|01/01/2022||YEAR_LAST_IMPROVEMENT
4140008000000|0.19|0.75|2021|same as 2020||54|01/01/2022||YEAR_LAST_IMPROVEMENT
4140008010000|1.02|1.6|2013|same as 2020||54|01/01/2022||YEAR_LAST_IMPROVEMENT
4140008030000|0.0|0.65|2013|same as 2020||54|01/01/2022||YEAR_LAST_IMPROVEMENT
4140011000000|0.0|1.26|2015|same as 2020||54|01/01/2022||YEAR_LAST_IMPROVEMENT
4140016100000|0.53|0.9|2020|same as 2020||54|01/01/2022||YEAR_LAST_IMPROVEMENT
4140018000000|2.99|3.0|2018|same as 2020||54|01/01/2022||YEAR_LAST_IMPROVEMENT
4140018000000|3.0|3.51|2018|same as 2020||54|01/01/2022||YEAR_LAST_IMPROVEMENT
4140018000000|3.51|4.41|2018|same as 2020||54|01/01/2022||YEAR_LAST_IMPROVEMENT
4140019030000|0.387|0.5|2009|same as 2020||54|01/01/2022||YEAR_LAST_IMPROVEMENT
4140025000000|3.7|5.9|1981|same as 2020||54|01/01/2022||YEAR_LAST_IMPROVEMENT
4140041210000|0.0|1.63|2019|same as 2020||54|01/01/2022||YEAR_LAST_IMPROVEMENT
4140048000000|0.0|1.9|2007|same as 2020||54|01/01/2022||YEAR_LAST_IMPROVEMENT
55200520000EB|0.0|1.4|2002|same as 2020||54|01/01/2022||YEAR_LAST_IMPROVEMENT
55200520000EB|4.78|7.65|2018|same as 2020||54|01/01/2022||YEAR_LAST_IMPROVEMENT
55200520000EB|7.65|8.34|2018|same as 2020||54|01/01/2022||YEAR_LAST_IMPROVEMENT
5530010000000|24.14|24.38|2021|same as 2020||54|01/01/2022||YEAR_LAST_IMPROVEMENT
5530016000000|1.73|3.33|2018|same as 2020||54|01/01/2022||YEAR_LAST_IMPROVEMENT
5530016000000|6.42|8.95|2009|same as 2020||54|01/01/2022||YEAR_LAST_IMPROVEMENT
5530016000000|10.99|11.4|2007|same as 2020||54|01/01/2022||YEAR_LAST_IMPROVEMENT
5530097000000|21.56|22.26|1996|same as 2020||54|01/01/2022||YEAR_LAST_IMPROVEMENT
5530097000000|22.83|23.2|1996|same as 2020||54|01/01/2022||YEAR_LAST_IMPROVEMENT
5530097000000|28.09|32.88|2019|same as 2020||54|01/01/2022||YEAR_LAST_IMPROVEMENT
1540011022800|2.75|3.57|2022|State Paver||54|01/01/2022||YEAR_LAST_IMPROVEMENT
1540009040000|1.47|2.19|2022|State Paver||54|01/01/2022||YEAR_LAST_IMPROVEMENT
3540023060000|0.0|0.76|2022|State Paver||54|01/01/2022||YEAR_LAST_IMPROVEMENT
3540008010000|0.0|0.1|2022|State Paver||54|01/01/2022||YEAR_LAST_IMPROVEMENT
3540007090000|0.0|0.32|2022|State Paver||54|01/01/2022||YEAR_LAST_IMPROVEMENT
1540066020000|0.0|3.27|2022|State Paver||54|01/01/2022||YEAR_LAST_IMPROVEMENT
0540007220000|0.0|0.25|2022|State Paver||54|01/01/2022||YEAR_LAST_IMPROVEMENT
0540007280000|0.0|0.21|2022|State Paver||54|01/01/2022||YEAR_LAST_IMPROVEMENT
0540007300000|0.0|0.23|2022|State Paver||54|01/01/2022||YEAR_LAST_IMPROVEMENT
0540007330000|0.0|0.26|2022|State Paver||54|01/01/2022||YEAR_LAST_IMPROVEMENT
3540007060000|0.0|0.52|2022|State Paver||54|01/01/2022||YEAR_LAST_IMPROVEMENT
3540004020000|0.0|0.34|2022|State Paver||54|01/01/2022||YEAR_LAST_IMPROVEMENT
0540027040000|1.85|1.89|2022|State Paver||54|01/01/2022||YEAR_LAST_IMPROVEMENT
0540027090000|0.0|0.42|2022|State Paver||54|01/01/2022||YEAR_LAST_IMPROVEMENT
0540027100000|0.0|0.24|2022|State Paver||54|01/01/2022||YEAR_LAST_IMPROVEMENT
0540027130000|0.0|0.24|2022|State Paver||54|01/01/2022||YEAR_LAST_IMPROVEMENT
0540027150000|0.0|0.39|2022|State Paver||54|01/01/2022||YEAR_LAST_IMPROVEMENT
0540027160000|0.0|0.25|2022|State Paver||54|01/01/2022||YEAR_LAST_IMPROVEMENT
0540027220000|0.0|0.1|2022|State Paver||54|01/01/2022||YEAR_LAST_IMPROVEMENT
0540027310000|0.0|0.33|2022|State Paver||54|01/01/2022||YEAR_LAST_IMPROVEMENT
0540027340000|0.0|0.35|2022|State Paver||54|01/01/2022||YEAR_LAST_IMPROVEMENT
0540027350000|0.0|0.15|2022|State Paver||54|01/01/2022||YEAR_LAST_IMPROVEMENT
0540027360000|0.0|0.12|2022|State Paver||54|01/01/2022||YEAR_LAST_IMPROVEMENT
0540027370000|0.0|0.11|2022|State Paver||54|01/01/2022||YEAR_LAST_IMPROVEMENT
0540027380000|0.0|0.21|2022|State Paver||54|01/01/2022||YEAR_LAST_IMPROVEMENT
0540027410000|0.0|0.44|2022|State Paver||54|01/01/2022||YEAR_LAST_IMPROVEMENT
0580921000000|0.0|0.37|2022|State Paver||54|01/01/2022||YEAR_LAST_IMPROVEMENT
0580944000000|0.0|0.21|2022|State Paver||54|01/01/2022||YEAR_LAST_IMPROVEMENT
0580970000000|0.0|0.51|2022|State Paver||54|01/01/2022||YEAR_LAST_IMPROVEMENT
0580971000000|0.0|0.48|2022|State Paver||54|01/01/2022||YEAR_LAST_IMPROVEMENT
2640086050000|0.0|0.2|2022|State Paver||54|01/01/2022||YEAR_LAST_IMPROVEMENT
2640086060000|0.0|0.15|2022|State Paver||54|01/01/2022||YEAR_LAST_IMPROVEMENT
2640086070000|0.0|0.41|2022|State Paver||54|01/01/2022||YEAR_LAST_IMPROVEMENT
2640086080000|0.0|0.11|2022|State Paver||54|01/01/2022||YEAR_LAST_IMPROVEMENT
2640086090000|0.0|0.6|2022|State Paver||54|01/01/2022||YEAR_LAST_IMPROVEMENT
2640086120000|0.0|0.16|2022|State Paver||54|01/01/2022||YEAR_LAST_IMPROVEMENT
2640086130000|0.0|0.03|2022|State Paver||54|01/01/2022||YEAR_LAST_IMPROVEMENT
2680901000000|0.0|0.18|2022|State Paver||54|01/01/2022||YEAR_LAST_IMPROVEMENT
2640088200000|0.0|0.28|2022|State Paver||54|01/01/2022||YEAR_LAST_IMPROVEMENT
2640088210000|0.0|0.35|2022|State Paver||54|01/01/2022||YEAR_LAST_IMPROVEMENT
5240007230000|0.0|0.92|2022|State Paver||54|01/01/2022||YEAR_LAST_IMPROVEMENT
4840018010000|0.0|1.31|2022|State Paver||54|01/01/2022||YEAR_LAST_IMPROVEMENT
