Unnamed: 0|BeginDate|StateID|RouteID|BeginPoint|EndPoint|DataItem|Value_Numeric|Value_Text|Value_Date|Comments
0|12/31/2021|54|0230009000000|10.9|11.0|FAULTING|0.05||4/2021|
1|12/31/2021|54|0230009000000|11.1|11.2|FAULTING|0.04||4/2021|
2|12/31/2021|54|0230009000000|16.2|16.3|FAULTING|0.02||4/2021|
3|12/31/2021|54|0230009000000|16.3|16.4|FAULTING|0.02||4/2021|
4|12/31/2021|54|0230009000000|16.4|16.5|FAULTING|0.02||4/2021|
5|12/31/2021|54|0230009000000|16.5|16.6|FAULTING|0.02||4/2021|
6|12/31/2021|54|0230009000000|16.6|16.7|FAULTING|0.02||4/2021|
7|12/31/2021|54|0230009000000|16.7|16.8|FAULTING|0.02||4/2021|
8|12/31/2021|54|0230009000000|16.8|16.9|FAULTING|0.02||4/2021|
9|12/31/2021|54|0230009000000|16.9|17.0|FAULTING|0.02||4/2021|
10|12/31/2021|54|0230009000000|17.0|17.1|FAULTING|0.03||4/2021|
11|12/31/2021|54|0230009000000|17.1|17.2|FAULTING|0.03||4/2021|
12|12/31/2021|54|0230009000000|17.2|17.3|FAULTING|0.03||4/2021|
13|12/31/2021|54|0230009000000|17.3|17.4|FAULTING|0.02||4/2021|
14|12/31/2021|54|0230009000000|17.6|17.7|FAULTING|0.02||4/2021|
15|12/31/2021|54|0230009000000|17.7|17.8|FAULTING|0.02||4/2021|
16|12/31/2021|54|0230009000000|17.8|17.9|FAULTING|0.02||4/2021|
17|12/31/2021|54|0230009000000|17.9|18.0|FAULTING|0.02||4/2021|
18|12/31/2021|54|0230009000000|18.0|18.1|FAULTING|0.02||4/2021|
19|12/31/2021|54|0230009000000|18.2|18.3|FAULTING|0.02||4/2021|
20|12/31/2021|54|0230009000000|18.3|18.4|FAULTING|0.02||4/2021|
21|12/31/2021|54|0230009000000|18.4|18.5|FAULTING|0.02||4/2021|
22|12/31/2021|54|0230009000000|18.5|18.6|FAULTING|0.02||4/2021|
23|12/31/2021|54|0230009000000|18.6|18.7|FAULTING|0.02||4/2021|
24|12/31/2021|54|0230009000000|18.7|18.8|FAULTING|0.02||4/2021|
25|12/31/2021|54|0230009000000|18.8|18.9|FAULTING|0.02||4/2021|
26|12/31/2021|54|0230009000000|18.9|19.0|FAULTING|0.02||4/2021|
27|12/31/2021|54|0230009000000|19.0|19.1|FAULTING|0.02||4/2021|
28|12/31/2021|54|0230009000000|19.1|19.2|FAULTING|0.02||4/2021|
29|12/31/2021|54|0230009000000|19.2|19.3|FAULTING|0.02||4/2021|
30|12/31/2021|54|0230009000000|19.3|19.4|FAULTING|0.02||4/2021|
31|12/31/2021|54|0230009000000|19.4|19.5|FAULTING|0.02||4/2021|
32|12/31/2021|54|0230009000000|19.5|19.6|FAULTING|0.02||4/2021|
33|12/31/2021|54|0230009000000|19.6|19.7|FAULTING|0.02||4/2021|
34|12/31/2021|54|0230009000000|19.8|19.9|FAULTING|0.02||4/2021|
35|12/31/2021|54|0230009000000|19.9|20.0|FAULTING|0.03||4/2021|
36|12/31/2021|54|0230009000000|20.0|20.1|FAULTING|0.02||4/2021|
37|12/31/2021|54|05200220000EB|0.6|0.7|FAULTING|0.19||5/2021|
38|12/31/2021|54|05200220000EB|0.7|0.8|FAULTING|0.02||5/2021|
39|12/31/2021|54|05200220000EB|0.8|0.9|FAULTING|0.06||5/2021|
40|12/31/2021|54|05200220000EB|0.9|1.0|FAULTING|0.05||5/2021|
41|12/31/2021|54|05200220000EB|1.0|1.1|FAULTING|0.11||5/2021|
42|12/31/2021|54|05200220000EB|1.1|1.2|FAULTING|0.03||5/2021|
43|12/31/2021|54|05200220000EB|1.2|1.3|FAULTING|0.03||5/2021|
44|12/31/2021|54|05200220000EB|1.3|1.4|FAULTING|0.03||5/2021|
45|12/31/2021|54|05200220000EB|1.4|1.5|FAULTING|0.03||5/2021|
46|12/31/2021|54|05200220000EB|1.5|1.6|FAULTING|0.04||5/2021|
47|12/31/2021|54|05200220000EB|1.6|1.7|FAULTING|0.05||5/2021|
48|12/31/2021|54|05200220000EB|1.7|1.8|FAULTING|0.03||5/2021|
49|12/31/2021|54|05200220000EB|1.8|1.9|FAULTING|0.05||5/2021|
50|12/31/2021|54|05200220000EB|1.9|2.0|FAULTING|0.08||5/2021|
51|12/31/2021|54|05200220000EB|2.5|2.6|FAULTING|0.06||5/2021|
52|12/31/2021|54|05200220000EB|2.6|2.7|FAULTING|0.06||5/2021|
53|12/31/2021|54|05200220000EB|2.7|2.8|FAULTING|0.04||5/2021|
54|12/31/2021|54|05200220000EB|2.8|2.9|FAULTING|0.07||5/2021|
55|12/31/2021|54|05200220000EB|2.9|3.0|FAULTING|0.02||5/2021|
56|12/31/2021|54|05200220000EB|3.2|3.3|FAULTING|0.05||5/2021|
57|12/31/2021|54|05200220000EB|3.3|3.4|FAULTING|0.04||5/2021|
58|12/31/2021|54|05200220000EB|3.4|3.5|FAULTING|0.05||5/2021|
59|12/31/2021|54|05200220000EB|3.5|3.6|FAULTING|0.07||5/2021|
60|12/31/2021|54|05200220000EB|3.6|3.7|FAULTING|0.06||5/2021|
61|12/31/2021|54|05200220000EB|3.7|3.8|FAULTING|0.05||5/2021|
62|12/31/2021|54|05200220000EB|3.8|3.9|FAULTING|0.07||5/2021|
63|12/31/2021|54|05200220000EB|3.9|4.0|FAULTING|0.07||5/2021|
64|12/31/2021|54|05200220000EB|4.0|4.1|FAULTING|0.05||5/2021|
65|12/31/2021|54|05200220000EB|4.1|4.2|FAULTING|0.05||5/2021|
66|12/31/2021|54|05200220000EB|4.2|4.3|FAULTING|0.05||5/2021|
67|12/31/2021|54|05200220000EB|4.3|4.4|FAULTING|0.04||5/2021|
68|12/31/2021|54|05200220000EB|4.4|4.5|FAULTING|0.06||5/2021|
69|12/31/2021|54|05200220000EB|4.5|4.6|FAULTING|0.06||5/2021|
70|12/31/2021|54|05200220000EB|4.6|4.7|FAULTING|0.05||5/2021|
71|12/31/2021|54|05200220000EB|4.7|4.8|FAULTING|0.03||5/2021|
72|12/31/2021|54|05200220000EB|4.8|4.9|FAULTING|0.04||5/2021|
73|12/31/2021|54|05200220000EB|4.9|5.0|FAULTING|0.03||5/2021|
74|12/31/2021|54|05200220000EB|5.0|5.1|FAULTING|0.05||5/2021|
75|12/31/2021|54|05200220000EB|5.1|5.2|FAULTING|0.04||5/2021|
76|12/31/2021|54|05200220000EB|5.2|5.3|FAULTING|0.05||5/2021|
77|12/31/2021|54|05200220000EB|5.3|5.4|FAULTING|0.08||5/2021|
78|12/31/2021|54|05200220000EB|5.4|5.5|FAULTING|0.04||5/2021|
79|12/31/2021|54|05200220000EB|5.5|5.6|FAULTING|0.03||5/2021|
80|12/31/2021|54|05200220000EB|5.6|5.7|FAULTING|0.04||5/2021|
81|12/31/2021|54|05200220000EB|5.7|5.8|FAULTING|0.04||5/2021|
82|12/31/2021|54|0530002000000|15.0|15.1|FAULTING|0.07||4/2021|
83|12/31/2021|54|0530002000000|15.1|15.2|FAULTING|0.05||4/2021|
84|12/31/2021|54|0530002000000|15.2|15.3|FAULTING|0.1||4/2021|
85|12/31/2021|54|0530002000000|15.3|15.4|FAULTING|0.05||4/2021|
86|12/31/2021|54|0530002000000|15.4|15.5|FAULTING|0.05||4/2021|
87|12/31/2021|54|0530002000000|15.5|15.6|FAULTING|0.05||4/2021|
88|12/31/2021|54|0530002000000|15.8|15.9|FAULTING|0.03||4/2021|
89|12/31/2021|54|0530002000000|15.9|16.0|FAULTING|0.01||4/2021|
90|12/31/2021|54|05300020005SB|0.6|0.7|FAULTING|0.05||5/2021|
91|12/31/2021|54|05300020005SB|0.7|0.8|FAULTING|0.05||5/2021|
92|12/31/2021|54|05300020005SB|0.8|0.9|FAULTING|0.08||5/2021|
93|12/31/2021|54|05300020005SB|0.9|1.0|FAULTING|0.1||5/2021|
94|12/31/2021|54|05300020005SB|1.0|1.1|FAULTING|0.05||5/2021|
95|12/31/2021|54|05300020005SB|1.1|1.2|FAULTING|0.09||5/2021|
96|12/31/2021|54|05300020005SB|1.2|1.3|FAULTING|0.07||5/2021|
97|12/31/2021|54|06200600007WB|3.3|3.4|FAULTING|0.03||5/2021|
98|12/31/2021|54|06200600007WB|3.4|3.5|FAULTING|0.03||5/2021|
99|12/31/2021|54|0630527000000|0.4|0.5|FAULTING|0.11||5/2021|
100|12/31/2021|54|0630527000000|1.1|1.2|FAULTING|0.18||5/2021|
101|12/31/2021|54|0630527000100|0.4|0.5|FAULTING|0.09||5/2021|
102|12/31/2021|54|15200220000EB|0.0|0.1|FAULTING|0.05||5/2021|
103|12/31/2021|54|15200220000EB|0.1|0.2|FAULTING|0.07||5/2021|
104|12/31/2021|54|15200220000EB|0.2|0.3|FAULTING|0.04||5/2021|
105|12/31/2021|54|15200300000EB|0.5|0.6|FAULTING|0.02||4/2021|
106|12/31/2021|54|1530002000000|20.9|21.0|FAULTING|0.06||4/2021|
107|12/31/2021|54|1530002000000|21.0|21.1|FAULTING|0.03||4/2021|
108|12/31/2021|54|1530002000000|21.1|21.2|FAULTING|0.05||4/2021|
109|12/31/2021|54|1530002000000|21.2|21.3|FAULTING|0.06||4/2021|
110|12/31/2021|54|18200330000EB|0.0|0.1|FAULTING|0.03||5/2021|
111|12/31/2021|54|19203400000NB|4.1|4.2|FAULTING|0.06||4/2021|
112|12/31/2021|54|19203400000NB|4.2|4.3|FAULTING|0.07||4/2021|
113|12/31/2021|54|19203400000NB|4.3|4.4|FAULTING|0.09||4/2021|
114|12/31/2021|54|19203400000NB|4.4|4.5|FAULTING|0.01||4/2021|
115|12/31/2021|54|19203400000NB|4.5|4.6|FAULTING|0.01||4/2021|
116|12/31/2021|54|19203400000NB|4.6|4.7|FAULTING|0.01||4/2021|
117|12/31/2021|54|19203400000NB|4.7|4.8|FAULTING|0.02||4/2021|
118|12/31/2021|54|19203400000NB|4.8|4.9|FAULTING|0.04||4/2021|
119|12/31/2021|54|19203400000NB|4.9|5.0|FAULTING|0.07||4/2021|
120|12/31/2021|54|19203400000NB|5.0|5.1|FAULTING|0.04||4/2021|
121|12/31/2021|54|19203400000NB|5.1|5.2|FAULTING|0.03||4/2021|
122|12/31/2021|54|19203400000NB|5.2|5.3|FAULTING|0.09||4/2021|
123|12/31/2021|54|19203400000NB|5.3|5.4|FAULTING|0.03||4/2021|
124|12/31/2021|54|19203400000NB|5.4|5.5|FAULTING|0.02||4/2021|
125|12/31/2021|54|19203400000NB|5.5|5.6|FAULTING|0.09||4/2021|
126|12/31/2021|54|19203400000NB|5.6|5.7|FAULTING|0.09||4/2021|
127|12/31/2021|54|19203400000NB|5.7|5.8|FAULTING|0.06||4/2021|
128|12/31/2021|54|19203400000NB|5.8|5.9|FAULTING|0.02||4/2021|
129|12/31/2021|54|19203400000NB|5.9|6.0|FAULTING|0.07||4/2021|
130|12/31/2021|54|19203400000NB|6.0|6.1|FAULTING|0.03||4/2021|
131|12/31/2021|54|19203400000NB|6.1|6.2|FAULTING|0.02||4/2021|
132|12/31/2021|54|19203400000NB|6.2|6.3|FAULTING|0.02||4/2021|
133|12/31/2021|54|19203400000NB|6.3|6.4|FAULTING|0.03||4/2021|
134|12/31/2021|54|19203400000NB|6.4|6.5|FAULTING|0.03||4/2021|
135|12/31/2021|54|19203400000NB|6.5|6.6|FAULTING|0.04||4/2021|
136|12/31/2021|54|19203400000NB|6.6|6.7|FAULTING|0.05||4/2021|
137|12/31/2021|54|19203400000NB|6.7|6.8|FAULTING|0.04||4/2021|
138|12/31/2021|54|19203400000NB|6.8|6.9|FAULTING|0.04||4/2021|
139|12/31/2021|54|19203400000NB|6.9|7.0|FAULTING|0.03||4/2021|
140|12/31/2021|54|19203400000NB|7.0|7.1|FAULTING|0.03||4/2021|
141|12/31/2021|54|19203400000NB|7.1|7.2|FAULTING|0.03||4/2021|
142|12/31/2021|54|19203400000NB|7.2|7.3|FAULTING|0.03||4/2021|
143|12/31/2021|54|19203400000NB|7.3|7.4|FAULTING|0.02||4/2021|
144|12/31/2021|54|19203400000NB|7.4|7.5|FAULTING|0.02||4/2021|
145|12/31/2021|54|19203400000NB|7.5|7.6|FAULTING|0.02||4/2021|
146|12/31/2021|54|19203400000NB|7.6|7.7|FAULTING|0.02||4/2021|
147|12/31/2021|54|19203400000NB|7.7|7.8|FAULTING|0.02||4/2021|
148|12/31/2021|54|19203400000NB|7.8|7.9|FAULTING|0.04||4/2021|
149|12/31/2021|54|19203400000NB|7.9|8.0|FAULTING|0.03||4/2021|
150|12/31/2021|54|19203400000NB|8.0|8.1|FAULTING|0.03||4/2021|
151|12/31/2021|54|19203400000NB|8.1|8.2|FAULTING|0.02||4/2021|
152|12/31/2021|54|19203400000NB|8.2|8.3|FAULTING|0.04||4/2021|
153|12/31/2021|54|19203400000NB|8.3|8.4|FAULTING|0.03||4/2021|
154|12/31/2021|54|19203400000NB|8.4|8.5|FAULTING|0.05||4/2021|
155|12/31/2021|54|19203400000NB|8.5|8.6|FAULTING|0.1||4/2021|
156|12/31/2021|54|19203400000NB|8.6|8.7|FAULTING|0.11||4/2021|
157|12/31/2021|54|19203400000NB|8.7|8.8|FAULTING|0.07||4/2021|
158|12/31/2021|54|19203400000NB|8.8|8.9|FAULTING|0.1||4/2021|
159|12/31/2021|54|19203400000NB|8.9|9.0|FAULTING|0.05||4/2021|
160|12/31/2021|54|19203400000NB|9.0|9.1|FAULTING|0.0||4/2021|
161|12/31/2021|54|19203400000NB|9.1|9.2|FAULTING|0.0||4/2021|
162|12/31/2021|54|19203400000NB|9.2|9.3|FAULTING|0.4||4/2021|
163|12/31/2021|54|19203400000NB|9.3|9.4|FAULTING|0.0||4/2021|
164|12/31/2021|54|19203400005SB|0.2|0.3|FAULTING|0.1||6/2021|
165|12/31/2021|54|19203400005SB|0.4|0.5|FAULTING|0.04||6/2021|
166|12/31/2021|54|19203400005SB|0.5|0.6|FAULTING|0.03||6/2021|
167|12/31/2021|54|1930009000000|0.0|0.1|FAULTING|0.03||4/2021|
168|12/31/2021|54|1930009000000|0.1|0.2|FAULTING|0.02||4/2021|
169|12/31/2021|54|1930009000000|0.2|0.3|FAULTING|0.02||4/2021|
170|12/31/2021|54|1930009000000|0.3|0.4|FAULTING|0.02||4/2021|
171|12/31/2021|54|1930009000000|0.4|0.5|FAULTING|0.02||4/2021|
172|12/31/2021|54|1930009000000|0.5|0.6|FAULTING|0.02||4/2021|
173|12/31/2021|54|1930009000000|0.6|0.7|FAULTING|0.02||4/2021|
174|12/31/2021|54|1930009000000|0.7|0.8|FAULTING|0.02||4/2021|
175|12/31/2021|54|1930009000000|0.8|0.9|FAULTING|0.02||4/2021|
176|12/31/2021|54|1930009000000|0.9|1.0|FAULTING|0.02||4/2021|
177|12/31/2021|54|1930009000000|1.0|1.1|FAULTING|0.02||4/2021|
178|12/31/2021|54|1930009000000|1.1|1.2|FAULTING|0.02||4/2021|
179|12/31/2021|54|1930009000000|1.2|1.3|FAULTING|0.02||4/2021|
180|12/31/2021|54|1930009000000|1.3|1.4|FAULTING|0.02||4/2021|
181|12/31/2021|54|1930009000000|1.4|1.5|FAULTING|0.02||4/2021|
182|12/31/2021|54|1930009000000|1.5|1.6|FAULTING|0.01||4/2021|
183|12/31/2021|54|1930009000000|1.6|1.7|FAULTING|0.02||4/2021|
184|12/31/2021|54|1930009000000|1.7|1.8|FAULTING|0.02||4/2021|
185|12/31/2021|54|1930009000000|10.0|10.1|FAULTING|0.04||4/2021|
186|12/31/2021|54|1930009000000|10.1|10.2|FAULTING|0.03||4/2021|
187|12/31/2021|54|1930009000000|10.4|10.5|FAULTING|0.01||4/2021|
188|12/31/2021|54|1930009000000|10.5|10.6|FAULTING|0.02||4/2021|
189|12/31/2021|54|1930009000000|10.6|10.7|FAULTING|0.02||4/2021|
190|12/31/2021|54|1930009000000|10.7|10.8|FAULTING|0.03||4/2021|
191|12/31/2021|54|1930009000000|10.8|10.9|FAULTING|0.02||4/2021|
192|12/31/2021|54|1930009000000|10.9|11.0|FAULTING|0.02||4/2021|
193|12/31/2021|54|1930009000000|11.0|11.1|FAULTING|0.02||4/2021|
194|12/31/2021|54|1930009000000|11.1|11.2|FAULTING|0.02||4/2021|
195|12/31/2021|54|1930009000000|11.2|11.3|FAULTING|0.02||4/2021|
196|12/31/2021|54|1930009000000|11.3|11.4|FAULTING|0.03||4/2021|
197|12/31/2021|54|1930009000000|11.4|11.5|FAULTING|0.02||4/2021|
198|12/31/2021|54|1930009000000|11.5|11.6|FAULTING|0.02||4/2021|
199|12/31/2021|54|1930009000000|11.6|11.7|FAULTING|0.03||4/2021|
200|12/31/2021|54|1930009000000|11.7|11.8|FAULTING|0.03||4/2021|
201|12/31/2021|54|1930009000000|11.8|11.9|FAULTING|0.03||4/2021|
202|12/31/2021|54|1930009000000|11.9|12.0|FAULTING|0.03||4/2021|
203|12/31/2021|54|1930009000000|12.0|12.1|FAULTING|0.01||4/2021|
204|12/31/2021|54|1930009000000|12.1|12.2|FAULTING|0.02||4/2021|
205|12/31/2021|54|1930009000000|12.2|12.3|FAULTING|0.02||4/2021|
206|12/31/2021|54|1930009000000|12.3|12.4|FAULTING|0.01||4/2021|
207|12/31/2021|54|1930009000000|12.4|12.5|FAULTING|0.01||4/2021|
208|12/31/2021|54|1930009000000|12.5|12.6|FAULTING|0.01||4/2021|
209|12/31/2021|54|1930009000000|12.6|12.7|FAULTING|0.02||4/2021|
210|12/31/2021|54|1930009000000|12.7|12.8|FAULTING|0.03||4/2021|
211|12/31/2021|54|1930009000000|12.8|12.9|FAULTING|0.02||4/2021|
212|12/31/2021|54|1930009000000|12.9|13.0|FAULTING|0.02||4/2021|
213|12/31/2021|54|1930009000000|13.0|13.1|FAULTING|0.02||4/2021|
214|12/31/2021|54|1930009000000|13.1|13.2|FAULTING|0.02||4/2021|
215|12/31/2021|54|1930009000000|13.2|13.3|FAULTING|0.02||4/2021|
216|12/31/2021|54|1930009000000|2.0|2.1|FAULTING|0.03||4/2021|
217|12/31/2021|54|1930009000000|2.1|2.2|FAULTING|0.03||4/2021|
218|12/31/2021|54|1930009000000|2.2|2.3|FAULTING|0.02||4/2021|
219|12/31/2021|54|1930009000000|2.4|2.5|FAULTING|0.02||4/2021|
220|12/31/2021|54|1930009000000|2.5|2.6|FAULTING|0.02||4/2021|
221|12/31/2021|54|1930009000000|2.6|2.7|FAULTING|0.03||4/2021|
222|12/31/2021|54|1930009000000|2.7|2.8|FAULTING|0.02||4/2021|
223|12/31/2021|54|1930009000000|2.8|2.9|FAULTING|0.02||4/2021|
224|12/31/2021|54|1930009000000|2.9|3.0|FAULTING|0.03||4/2021|
225|12/31/2021|54|1930009000000|3.0|3.1|FAULTING|0.02||4/2021|
226|12/31/2021|54|1930009000000|3.1|3.2|FAULTING|0.02||4/2021|
227|12/31/2021|54|1930009000000|3.2|3.3|FAULTING|0.02||4/2021|
228|12/31/2021|54|1930009000000|3.3|3.4|FAULTING|0.02||4/2021|
229|12/31/2021|54|1930009000000|3.4|3.5|FAULTING|0.02||4/2021|
230|12/31/2021|54|1930009000000|3.5|3.6|FAULTING|0.03||4/2021|
231|12/31/2021|54|1930009000000|3.7|3.8|FAULTING|0.06||4/2021|
232|12/31/2021|54|1930009000000|3.8|3.9|FAULTING|0.02||4/2021|
233|12/31/2021|54|1930009000000|4.0|4.1|FAULTING|0.03||4/2021|
234|12/31/2021|54|1930009000000|4.1|4.2|FAULTING|0.04||4/2021|
235|12/31/2021|54|1930009000000|4.2|4.3|FAULTING|0.05||4/2021|
236|12/31/2021|54|1930009000000|4.3|4.4|FAULTING|0.05||4/2021|
237|12/31/2021|54|1930009000000|4.4|4.5|FAULTING|0.04||4/2021|
238|12/31/2021|54|1930009000000|4.5|4.6|FAULTING|0.04||4/2021|
239|12/31/2021|54|1930009000000|4.6|4.7|FAULTING|0.04||4/2021|
240|12/31/2021|54|1930009000000|4.7|4.8|FAULTING|0.03||4/2021|
241|12/31/2021|54|1930009000000|4.8|4.9|FAULTING|0.03||4/2021|
242|12/31/2021|54|1930009000000|4.9|5.0|FAULTING|0.02||4/2021|
243|12/31/2021|54|1930009000000|5.0|5.1|FAULTING|0.03||4/2021|
244|12/31/2021|54|1930009000000|5.1|5.2|FAULTING|0.03||4/2021|
245|12/31/2021|54|1930009000000|5.2|5.3|FAULTING|0.03||4/2021|
246|12/31/2021|54|1930009000000|5.3|5.4|FAULTING|0.03||4/2021|
247|12/31/2021|54|1930009000000|5.4|5.5|FAULTING|0.03||4/2021|
248|12/31/2021|54|1930009000000|5.5|5.6|FAULTING|0.03||4/2021|
249|12/31/2021|54|1930009000000|5.6|5.7|FAULTING|0.03||4/2021|
250|12/31/2021|54|1930009000000|5.7|5.8|FAULTING|0.03||4/2021|
251|12/31/2021|54|1930009000000|5.8|5.9|FAULTING|0.03||4/2021|
252|12/31/2021|54|1930009000000|5.9|6.0|FAULTING|0.04||4/2021|
253|12/31/2021|54|1930009000000|6.0|6.1|FAULTING|0.03||4/2021|
254|12/31/2021|54|1930009000000|6.1|6.2|FAULTING|0.03||4/2021|
255|12/31/2021|54|1930009000000|6.2|6.3|FAULTING|0.0||4/2021|
256|12/31/2021|54|1930009000000|6.3|6.4|FAULTING|0.0||4/2021|
257|12/31/2021|54|1930009000000|6.4|6.5|FAULTING|0.01||4/2021|
258|12/31/2021|54|1930009000000|6.5|6.6|FAULTING|0.03||4/2021|
259|12/31/2021|54|1930009000000|6.7|6.8|FAULTING|0.05||4/2021|
260|12/31/2021|54|1930009000000|6.8|6.9|FAULTING|0.05||4/2021|
261|12/31/2021|54|1930009000000|6.9|7.0|FAULTING|0.07||4/2021|
262|12/31/2021|54|1930009000000|7.0|7.1|FAULTING|0.06||4/2021|
263|12/31/2021|54|1930009000000|7.1|7.2|FAULTING|0.05||4/2021|
264|12/31/2021|54|1930009000000|7.2|7.3|FAULTING|0.02||4/2021|
265|12/31/2021|54|1930009000000|7.3|7.4|FAULTING|0.0||4/2021|
266|12/31/2021|54|1930009000000|7.4|7.5|FAULTING|0.02||4/2021|
267|12/31/2021|54|1930009000000|7.5|7.6|FAULTING|0.02||4/2021|
268|12/31/2021|54|1930009000000|7.6|7.7|FAULTING|0.0||4/2021|
269|12/31/2021|54|1930009000000|7.7|7.8|FAULTING|0.03||4/2021|
270|12/31/2021|54|1930009000000|7.8|7.9|FAULTING|0.1||4/2021|
271|12/31/2021|54|1930009000000|8.0|8.1|FAULTING|0.04||4/2021|
272|12/31/2021|54|1930009000000|8.1|8.2|FAULTING|0.03||4/2021|
273|12/31/2021|54|1930009000000|8.2|8.3|FAULTING|0.04||4/2021|
274|12/31/2021|54|1930009000000|8.3|8.4|FAULTING|0.01||4/2021|
275|12/31/2021|54|1930009000000|8.4|8.5|FAULTING|0.01||4/2021|
276|12/31/2021|54|1930009000000|8.5|8.6|FAULTING|0.03||4/2021|
277|12/31/2021|54|1930009000000|8.6|8.7|FAULTING|0.01||4/2021|
278|12/31/2021|54|1930009000000|8.7|8.8|FAULTING|0.0||4/2021|
279|12/31/2021|54|1930009000000|8.8|8.9|FAULTING|0.02||4/2021|
280|12/31/2021|54|1930009000000|8.9|9.0|FAULTING|0.05||4/2021|
281|12/31/2021|54|1930009000000|9.0|9.1|FAULTING|0.04||4/2021|
282|12/31/2021|54|20200600000EB|20.5|20.6|FAULTING|0.04||4/2021|
283|12/31/2021|54|2040060620000|0.0|0.1|FAULTING|0.04||5/2021|
284|12/31/2021|54|2040060630000|0.4|0.5|FAULTING|0.07||5/2021|
285|12/31/2021|54|2330010000000|10.0|10.1|FAULTING|0.02||9/2021|
286|12/31/2021|54|2330010000000|10.1|10.2|FAULTING|0.03||9/2021|
287|12/31/2021|54|2330010000000|10.2|10.3|FAULTING|0.03||9/2021|
288|12/31/2021|54|2330010000000|10.3|10.4|FAULTING|0.04||9/2021|
289|12/31/2021|54|2330010000000|10.4|10.5|FAULTING|0.02||9/2021|
290|12/31/2021|54|2330010000000|10.5|10.6|FAULTING|0.02||9/2021|
291|12/31/2021|54|2330010000000|10.6|10.7|FAULTING|0.02||9/2021|
292|12/31/2021|54|2330010000000|10.7|10.8|FAULTING|0.02||9/2021|
293|12/31/2021|54|2330010000000|10.8|10.9|FAULTING|0.02||9/2021|
294|12/31/2021|54|2330010000000|10.9|11.0|FAULTING|0.02||9/2021|
295|12/31/2021|54|2330010000000|11.0|11.1|FAULTING|0.03||9/2021|
296|12/31/2021|54|2330010000000|11.1|11.2|FAULTING|0.03||9/2021|
297|12/31/2021|54|2330010000000|11.2|11.3|FAULTING|0.04||9/2021|
298|12/31/2021|54|2330010000000|11.5|11.6|FAULTING|0.02||9/2021|
299|12/31/2021|54|2330010000000|11.6|11.7|FAULTING|0.03||9/2021|
300|12/31/2021|54|2330010000000|11.7|11.8|FAULTING|0.03||9/2021|
301|12/31/2021|54|2330010000000|11.8|11.9|FAULTING|0.03||9/2021|
302|12/31/2021|54|2330010000000|12.2|12.3|FAULTING|0.03||9/2021|
303|12/31/2021|54|2330010000000|12.3|12.4|FAULTING|0.03||9/2021|
304|12/31/2021|54|2330010000000|12.4|12.5|FAULTING|0.02||9/2021|
305|12/31/2021|54|2330010000000|12.5|12.6|FAULTING|0.03||9/2021|
306|12/31/2021|54|2330010000000|12.6|12.7|FAULTING|0.02||9/2021|
307|12/31/2021|54|2330010000000|12.7|12.8|FAULTING|0.03||9/2021|
308|12/31/2021|54|2330010000000|12.8|12.9|FAULTING|0.02||9/2021|
309|12/31/2021|54|2330010000000|9.1|9.2|FAULTING|0.02||9/2021|
310|12/31/2021|54|2330010000000|9.2|9.3|FAULTING|0.02||9/2021|
311|12/31/2021|54|2330010000000|9.3|9.4|FAULTING|0.02||9/2021|
312|12/31/2021|54|2330010000000|9.4|9.5|FAULTING|0.03||9/2021|
313|12/31/2021|54|2330010000000|9.5|9.6|FAULTING|0.02||9/2021|
314|12/31/2021|54|2330010000000|9.6|9.7|FAULTING|0.03||9/2021|
315|12/31/2021|54|2330010000000|9.9|10.0|FAULTING|0.03||9/2021|
316|12/31/2021|54|2330073000000|1.4|1.5|FAULTING|0.04||5/2021|
317|12/31/2021|54|2330073000000|2.2|2.3|FAULTING|0.3||5/2021|
318|12/31/2021|54|27200350000NB|10.0|10.1|FAULTING|0.09||4/2021|
319|12/31/2021|54|27200350000NB|10.1|10.2|FAULTING|0.04||4/2021|
320|12/31/2021|54|27200350000NB|10.2|10.3|FAULTING|0.04||4/2021|
321|12/31/2021|54|27200350000NB|10.3|10.4|FAULTING|0.08||4/2021|
322|12/31/2021|54|27200350000NB|10.4|10.5|FAULTING|0.03||4/2021|
323|12/31/2021|54|27200350000NB|10.5|10.6|FAULTING|0.04||4/2021|
324|12/31/2021|54|27200350000NB|10.6|10.7|FAULTING|0.08||4/2021|
325|12/31/2021|54|27200350000NB|10.7|10.8|FAULTING|0.03||4/2021|
326|12/31/2021|54|27200350000NB|10.8|10.9|FAULTING|0.02||4/2021|
327|12/31/2021|54|27200350000NB|10.9|11.0|FAULTING|0.02||4/2021|
328|12/31/2021|54|27200350000NB|11.0|11.1|FAULTING|0.02||4/2021|
329|12/31/2021|54|27200350000NB|11.1|11.2|FAULTING|0.02||4/2021|
330|12/31/2021|54|27200350000NB|11.3|11.4|FAULTING|0.03||4/2021|
331|12/31/2021|54|27200350000NB|11.4|11.5|FAULTING|0.04||4/2021|
332|12/31/2021|54|27200350000NB|11.5|11.6|FAULTING|0.03||4/2021|
333|12/31/2021|54|27200350000NB|11.6|11.7|FAULTING|0.02||4/2021|
334|12/31/2021|54|27200350000NB|11.7|11.8|FAULTING|0.02||4/2021|
335|12/31/2021|54|27200350000NB|11.8|11.9|FAULTING|0.03||4/2021|
336|12/31/2021|54|27200350000NB|11.9|12.0|FAULTING|0.05||4/2021|
337|12/31/2021|54|27200350000NB|12.0|12.1|FAULTING|0.03||4/2021|
338|12/31/2021|54|27200350000NB|12.1|12.2|FAULTING|0.03||4/2021|
339|12/31/2021|54|27200350000NB|12.2|12.3|FAULTING|0.02||4/2021|
340|12/31/2021|54|27200350000NB|8.6|8.7|FAULTING|0.09||4/2021|
341|12/31/2021|54|27200350000NB|8.7|8.8|FAULTING|0.05||4/2021|
342|12/31/2021|54|27200350000NB|8.8|8.9|FAULTING|0.03||4/2021|
343|12/31/2021|54|27200350000NB|8.9|9.0|FAULTING|0.06||4/2021|
344|12/31/2021|54|27200350000NB|9.0|9.1|FAULTING|0.07||4/2021|
345|12/31/2021|54|27200350000NB|9.1|9.2|FAULTING|0.05||4/2021|
346|12/31/2021|54|27200350000NB|9.2|9.3|FAULTING|0.03||4/2021|
347|12/31/2021|54|27200350000NB|9.3|9.4|FAULTING|0.02||4/2021|
348|12/31/2021|54|27200350000NB|9.4|9.5|FAULTING|0.04||4/2021|
349|12/31/2021|54|27200350000NB|9.5|9.6|FAULTING|0.03||4/2021|
350|12/31/2021|54|27200350000NB|9.6|9.7|FAULTING|0.03||4/2021|
351|12/31/2021|54|27200350000NB|9.7|9.8|FAULTING|0.03||4/2021|
352|12/31/2021|54|27200350000NB|9.8|9.9|FAULTING|0.03||4/2021|
353|12/31/2021|54|27200350000NB|9.9|10.0|FAULTING|0.12||4/2021|
354|12/31/2021|54|30200520000EB|22.6|22.7|FAULTING|0.05||9/2021|
355|12/31/2021|54|30200520000EB|22.7|22.8|FAULTING|0.07||9/2021|
356|12/31/2021|54|30200520000EB|32.8|32.9|FAULTING|0.03||9/2021|
357|12/31/2021|54|30200520000EB|32.9|33.0|FAULTING|0.03||9/2021|
358|12/31/2021|54|30200520000EB|33.0|33.1|FAULTING|0.03||9/2021|
359|12/31/2021|54|30200520000EB|33.1|33.2|FAULTING|0.03||9/2021|
360|12/31/2021|54|30200520000EB|33.2|33.3|FAULTING|0.02||9/2021|
361|12/31/2021|54|30200520000EB|33.3|33.4|FAULTING|0.02||9/2021|
362|12/31/2021|54|30200520000EB|33.4|33.5|FAULTING|0.03||9/2021|
363|12/31/2021|54|30200520000EB|33.5|33.6|FAULTING|0.03||9/2021|
364|12/31/2021|54|30200520000EB|33.6|33.7|FAULTING|0.03||9/2021|
365|12/31/2021|54|30200520000EB|33.7|33.8|FAULTING|0.02||9/2021|
366|12/31/2021|54|30200520000EB|33.8|33.9|FAULTING|0.03||9/2021|
367|12/31/2021|54|30200520000EB|34.0|34.1|FAULTING|0.04||9/2021|
368|12/31/2021|54|30200520000EB|34.1|34.2|FAULTING|0.02||9/2021|
369|12/31/2021|54|30200520000EB|34.2|34.3|FAULTING|0.03||9/2021|
370|12/31/2021|54|30200520000EB|34.3|34.4|FAULTING|0.02||9/2021|
371|12/31/2021|54|30200520000EB|34.4|34.5|FAULTING|0.03||9/2021|
372|12/31/2021|54|30200520000EB|34.5|34.6|FAULTING|0.04||9/2021|
373|12/31/2021|54|30200520000EB|34.6|34.7|FAULTING|0.04||9/2021|
374|12/31/2021|54|30200520000EB|34.7|34.8|FAULTING|0.04||9/2021|
375|12/31/2021|54|30200520000EB|34.8|34.9|FAULTING|0.04||9/2021|
376|12/31/2021|54|30200520000EB|34.9|35.0|FAULTING|0.03||9/2021|
377|12/31/2021|54|30200520000EB|35.0|35.1|FAULTING|0.04||9/2021|
378|12/31/2021|54|30200520000EB|35.1|35.2|FAULTING|0.04||9/2021|
379|12/31/2021|54|30200520000EB|35.2|35.3|FAULTING|0.04||9/2021|
380|12/31/2021|54|30200520000EB|35.3|35.4|FAULTING|0.03||9/2021|
381|12/31/2021|54|30200520000EB|35.4|35.5|FAULTING|0.03||9/2021|
382|12/31/2021|54|30200520000EB|35.5|35.6|FAULTING|0.02||9/2021|
383|12/31/2021|54|30200520000EB|35.6|35.7|FAULTING|0.03||9/2021|
384|12/31/2021|54|30200520000EB|35.7|35.8|FAULTING|0.03||9/2021|
385|12/31/2021|54|30200520000EB|35.8|35.9|FAULTING|0.03||9/2021|
386|12/31/2021|54|30200520000EB|35.9|36.0|FAULTING|0.04||9/2021|
387|12/31/2021|54|30200520000EB|36.1|36.2|FAULTING|0.03||9/2021|
388|12/31/2021|54|30200520000EB|36.3|36.4|FAULTING|0.04||9/2021|
389|12/31/2021|54|30200520000EB|36.4|36.5|FAULTING|0.04||9/2021|
390|12/31/2021|54|30200520000EB|36.5|36.6|FAULTING|0.03||9/2021|
391|12/31/2021|54|30200520000EB|36.6|36.7|FAULTING|0.03||9/2021|
392|12/31/2021|54|30200520000EB|36.7|36.8|FAULTING|0.03||9/2021|
393|12/31/2021|54|30200520000EB|36.8|36.9|FAULTING|0.04||9/2021|
394|12/31/2021|54|30200520000EB|36.9|37.0|FAULTING|0.03||9/2021|
395|12/31/2021|54|30200520000EB|37.0|37.1|FAULTING|0.04||9/2021|
396|12/31/2021|54|30200520000EB|37.1|37.2|FAULTING|0.03||9/2021|
397|12/31/2021|54|30200520000EB|37.2|37.3|FAULTING|0.04||9/2021|
398|12/31/2021|54|30200520000EB|37.3|37.4|FAULTING|0.04||9/2021|
399|12/31/2021|54|30200520000EB|37.4|37.5|FAULTING|0.03||9/2021|
400|12/31/2021|54|30200520000EB|37.5|37.6|FAULTING|0.02||9/2021|
401|12/31/2021|54|30200520000EB|37.6|37.7|FAULTING|0.02||9/2021|
402|12/31/2021|54|30200520000EB|37.7|37.8|FAULTING|0.03||9/2021|
403|12/31/2021|54|30200520000EB|37.8|37.9|FAULTING|0.02||9/2021|
404|12/31/2021|54|30200520000EB|37.9|38.0|FAULTING|0.03||9/2021|
405|12/31/2021|54|30200520000EB|38.0|38.1|FAULTING|0.04||9/2021|
406|12/31/2021|54|30200520000EB|38.1|38.2|FAULTING|0.03||9/2021|
407|12/31/2021|54|30200520000EB|38.2|38.3|FAULTING|0.02||9/2021|
408|12/31/2021|54|30200520000EB|38.3|38.4|FAULTING|0.02||9/2021|
409|12/31/2021|54|30200520000EB|38.4|38.5|FAULTING|0.02||9/2021|
410|12/31/2021|54|30200520000EB|38.5|38.6|FAULTING|0.02||9/2021|
411|12/31/2021|54|30200520000EB|38.6|38.7|FAULTING|0.02||9/2021|
412|12/31/2021|54|30200520000EB|38.7|38.8|FAULTING|0.03||9/2021|
413|12/31/2021|54|30200520000EB|38.8|38.9|FAULTING|0.03||9/2021|
414|12/31/2021|54|30200520000EB|38.9|39.0|FAULTING|0.03||9/2021|
415|12/31/2021|54|30200520000EB|39.0|39.1|FAULTING|0.02||9/2021|
416|12/31/2021|54|30200520000EB|39.1|39.2|FAULTING|0.04||9/2021|
417|12/31/2021|54|30200520000EB|39.2|39.3|FAULTING|0.04||9/2021|
418|12/31/2021|54|30200520000EB|39.3|39.4|FAULTING|0.02||9/2021|
419|12/31/2021|54|30200520000EB|39.4|39.5|FAULTING|0.03||9/2021|
420|12/31/2021|54|30200520000EB|39.5|39.6|FAULTING|0.03||9/2021|
421|12/31/2021|54|30200520000EB|39.6|39.7|FAULTING|0.02||9/2021|
422|12/31/2021|54|30200520000EB|39.7|39.8|FAULTING|0.02||9/2021|
423|12/31/2021|54|30200520000EB|39.8|39.9|FAULTING|0.03||9/2021|
424|12/31/2021|54|30200520000EB|39.9|40.0|FAULTING|0.03||9/2021|
425|12/31/2021|54|30200520000EB|40.0|40.1|FAULTING|0.03||9/2021|
426|12/31/2021|54|30200520000EB|40.1|40.2|FAULTING|0.02||9/2021|
427|12/31/2021|54|30200520000EB|40.2|40.3|FAULTING|0.03||9/2021|
428|12/31/2021|54|30200520000EB|40.3|40.4|FAULTING|0.02||9/2021|
429|12/31/2021|54|30200520000EB|40.4|40.5|FAULTING|0.03||9/2021|
430|12/31/2021|54|30200520000EB|40.5|40.6|FAULTING|0.04||9/2021|
431|12/31/2021|54|30200520000EB|40.6|40.7|FAULTING|0.04||9/2021|
432|12/31/2021|54|30200520000EB|40.7|40.8|FAULTING|0.04||9/2021|
433|12/31/2021|54|30200520000EB|40.8|40.9|FAULTING|0.03||9/2021|
434|12/31/2021|54|30200520000EB|40.9|41.0|FAULTING|0.04||9/2021|
435|12/31/2021|54|30200520000EB|41.0|41.1|FAULTING|0.03||9/2021|
436|12/31/2021|54|30200520000EB|41.1|41.2|FAULTING|0.04||9/2021|
437|12/31/2021|54|30200520000EB|41.2|41.3|FAULTING|0.03||9/2021|
438|12/31/2021|54|30200520000EB|41.3|41.4|FAULTING|0.03||9/2021|
439|12/31/2021|54|30200520000EB|41.4|41.5|FAULTING|0.04||9/2021|
440|12/31/2021|54|30200520000EB|41.5|41.6|FAULTING|0.04||9/2021|
441|12/31/2021|54|30200520000EB|41.6|41.7|FAULTING|0.04||9/2021|
442|12/31/2021|54|30200520000EB|41.7|41.8|FAULTING|0.04||9/2021|
443|12/31/2021|54|30200520000EB|41.8|41.9|FAULTING|0.03||9/2021|
444|12/31/2021|54|30200520000EB|41.9|42.0|FAULTING|0.03||9/2021|
445|12/31/2021|54|30200520000EB|42.0|42.1|FAULTING|0.03||9/2021|
446|12/31/2021|54|30200520000EB|42.1|42.2|FAULTING|0.03||9/2021|
447|12/31/2021|54|30200520000EB|42.2|42.3|FAULTING|0.04||9/2021|
448|12/31/2021|54|30200520000EB|42.3|42.4|FAULTING|0.03||9/2021|
449|12/31/2021|54|30200520000EB|42.4|42.5|FAULTING|0.04||9/2021|
450|12/31/2021|54|30200520000EB|42.5|42.6|FAULTING|0.03||9/2021|
451|12/31/2021|54|30200520000EB|42.6|42.7|FAULTING|0.03||9/2021|
452|12/31/2021|54|30200520000EB|42.7|42.8|FAULTING|0.03||9/2021|
453|12/31/2021|54|30200520000EB|42.8|42.9|FAULTING|0.04||9/2021|
454|12/31/2021|54|30200520000EB|42.9|43.0|FAULTING|0.04||9/2021|
455|12/31/2021|54|30200520000EB|43.0|43.1|FAULTING|0.05||9/2021|
456|12/31/2021|54|30200520000EB|43.1|43.2|FAULTING|0.09||9/2021|
457|12/31/2021|54|30200520000EB|43.2|43.3|FAULTING|0.06||9/2021|
458|12/31/2021|54|30200520000EB|43.3|43.4|FAULTING|0.03||9/2021|
459|12/31/2021|54|30200520000EB|43.4|43.5|FAULTING|0.04||9/2021|
460|12/31/2021|54|30200520000EB|43.5|43.6|FAULTING|0.02||9/2021|
461|12/31/2021|54|30200520000EB|43.6|43.7|FAULTING|0.03||9/2021|
462|12/31/2021|54|30200520000EB|43.8|43.9|FAULTING|0.03||9/2021|
463|12/31/2021|54|30200520000EB|43.9|44.0|FAULTING|0.05||9/2021|
464|12/31/2021|54|30200520000EB|44.0|44.1|FAULTING|0.03||9/2021|
465|12/31/2021|54|30200520000EB|44.1|44.2|FAULTING|0.03||9/2021|
466|12/31/2021|54|30200520000EB|44.2|44.3|FAULTING|0.04||9/2021|
467|12/31/2021|54|30200520000EB|44.3|44.4|FAULTING|0.03||9/2021|
468|12/31/2021|54|30200520000EB|44.4|44.5|FAULTING|0.03||9/2021|
469|12/31/2021|54|30200520000EB|44.5|44.6|FAULTING|0.03||9/2021|
470|12/31/2021|54|31200190000NB|9.0|9.1|FAULTING|0.1||4/2021|
471|12/31/2021|54|31200190000NB|9.1|9.2|FAULTING|0.13||4/2021|
472|12/31/2021|54|31200190000NB|9.2|9.3|FAULTING|0.15||4/2021|
473|12/31/2021|54|31201190000NB|12.8|12.9|FAULTING|0.04||4/2021|
474|12/31/2021|54|31201190000NB|12.9|13.0|FAULTING|0.04||4/2021|
475|12/31/2021|54|31201190000NB|13.0|13.1|FAULTING|0.03||4/2021|
476|12/31/2021|54|31201190000NB|13.1|13.2|FAULTING|0.03||4/2021|
477|12/31/2021|54|31201190000NB|13.2|13.3|FAULTING|0.05||4/2021|
478|12/31/2021|54|31201190000NB|13.3|13.4|FAULTING|0.04||4/2021|
479|12/31/2021|54|31201190000NB|13.4|13.5|FAULTING|0.06||4/2021|
480|12/31/2021|54|31201190000NB|13.5|13.6|FAULTING|0.2||4/2021|
481|12/31/2021|54|31201190000NB|13.6|13.7|FAULTING|0.05||4/2021|
482|12/31/2021|54|3130705000000|0.7|0.8|FAULTING|0.15||4/2021|
483|12/31/2021|54|3130705000000|0.8|0.9|FAULTING|0.04||4/2021|
484|12/31/2021|54|3130705000000|0.9|1.0|FAULTING|0.06||4/2021|
485|12/31/2021|54|3130705000000|1.0|1.1|FAULTING|0.04||4/2021|
486|12/31/2021|54|3130705000000|1.1|1.2|FAULTING|0.04||4/2021|
487|12/31/2021|54|3130705000000|1.2|1.3|FAULTING|0.28||4/2021|
488|12/31/2021|54|3130705000000|1.3|1.4|FAULTING|0.05||4/2021|
489|12/31/2021|54|3130705000000|1.4|1.5|FAULTING|0.05||4/2021|
490|12/31/2021|54|3130705000000|1.5|1.6|FAULTING|0.03||4/2021|
491|12/31/2021|54|3130705000000|1.6|1.7|FAULTING|0.3||4/2021|
492|12/31/2021|54|3130705000000|1.7|1.8|FAULTING|0.06||4/2021|
493|12/31/2021|54|3130705000000|1.8|1.9|FAULTING|0.29||4/2021|
494|12/31/2021|54|3130705000000|1.9|2.0|FAULTING|0.04||4/2021|
495|12/31/2021|54|3130705000000|2.0|2.1|FAULTING|0.02||4/2021|
496|12/31/2021|54|3130705000000|2.1|2.2|FAULTING|0.04||4/2021|
497|12/31/2021|54|3130705000000|2.2|2.3|FAULTING|0.07||4/2021|
498|12/31/2021|54|3130705000000|2.3|2.4|FAULTING|0.03||4/2021|
499|12/31/2021|54|3130705000000|2.4|2.5|FAULTING|0.06||4/2021|
500|12/31/2021|54|3130705000000|3.4|3.5|FAULTING|0.05||4/2021|
501|12/31/2021|54|3140019240000|2.8|2.9|FAULTING|0.08||4/2021|
502|12/31/2021|54|3140019240000|2.9|3.0|FAULTING|0.17||4/2021|
503|12/31/2021|54|3140857000000|6.4|6.5|FAULTING|0.09||4/2021|
504|12/31/2021|54|3140857000000|6.5|6.6|FAULTING|0.07||4/2021|
505|12/31/2021|54|3140857000000|6.6|6.7|FAULTING|0.11||4/2021|
506|12/31/2021|54|3140857000000|6.7|6.8|FAULTING|0.08||4/2021|
507|12/31/2021|54|3140857000000|6.8|6.9|FAULTING|0.06||4/2021|
508|12/31/2021|54|3140857000000|6.9|7.0|FAULTING|0.05||4/2021|
509|12/31/2021|54|3140857000000|7.0|7.1|FAULTING|0.08||4/2021|
510|12/31/2021|54|3140857000000|7.1|7.2|FAULTING|0.1||4/2021|
511|12/31/2021|54|35202500000NB|1.0|1.1|FAULTING|0.14||4/2021|
512|12/31/2021|54|35202500000NB|1.1|1.2|FAULTING|0.08||4/2021|
513|12/31/2021|54|35202500000NB|1.2|1.3|FAULTING|0.1||4/2021|
514|12/31/2021|54|35202500000NB|1.7|1.8|FAULTING|0.11||4/2021|
515|12/31/2021|54|35202500000NB|1.8|1.9|FAULTING|0.19||4/2021|
516|12/31/2021|54|35202500000NB|2.6|2.7|FAULTING|0.08||4/2021|
517|12/31/2021|54|35202500000NB|2.7|2.8|FAULTING|0.06||4/2021|
518|12/31/2021|54|35202500000NB|2.8|2.9|FAULTING|0.06||4/2021|
519|12/31/2021|54|35202500000NB|2.9|3.0|FAULTING|0.05||4/2021|
520|12/31/2021|54|35202500000NB|3.0|3.1|FAULTING|0.07||4/2021|
521|12/31/2021|54|35202500009NB|0.0|0.1|FAULTING|0.07||4/2021|
522|12/31/2021|54|35202500009NB|0.1|0.2|FAULTING|0.1||4/2021|
523|12/31/2021|54|35202500009NB|0.4|0.5|FAULTING|0.06||4/2021|
524|12/31/2021|54|35202500009NB|0.5|0.6|FAULTING|0.14||4/2021|
525|12/31/2021|54|35202500010SB|0.0|0.1|FAULTING|0.08||4/2021|
526|12/31/2021|54|35202500010SB|0.1|0.2|FAULTING|0.13||4/2021|
527|12/31/2021|54|35202500010SB|0.5|0.6|FAULTING|0.08||4/2021|
528|12/31/2021|54|3730002000000|10.4|10.5|FAULTING|0.2||4/2021|
529|12/31/2021|54|3730002000000|10.5|10.6|FAULTING|0.16||4/2021|
530|12/31/2021|54|3730002000000|10.6|10.7|FAULTING|0.08||4/2021|
531|12/31/2021|54|3730002000000|10.7|10.8|FAULTING|0.24||4/2021|
532|12/31/2021|54|3730002000000|10.8|10.9|FAULTING|0.15||4/2021|
533|12/31/2021|54|3730002000000|10.9|11.0|FAULTING|0.07||4/2021|
534|12/31/2021|54|3730002000000|11.0|11.1|FAULTING|0.12||4/2021|
535|12/31/2021|54|40200350000NB|2.3|2.4|FAULTING|0.05||4/2021|
536|12/31/2021|54|40200350000NB|2.4|2.5|FAULTING|0.04||4/2021|
537|12/31/2021|54|40200350000NB|2.6|2.7|FAULTING|0.03||4/2021|
538|12/31/2021|54|40200350000NB|2.7|2.8|FAULTING|0.03||4/2021|
539|12/31/2021|54|40200350000NB|2.8|2.9|FAULTING|0.03||4/2021|
540|12/31/2021|54|40200350000NB|2.9|3.0|FAULTING|0.03||4/2021|
541|12/31/2021|54|40200350000NB|3.0|3.1|FAULTING|0.03||4/2021|
542|12/31/2021|54|40200350000NB|3.1|3.2|FAULTING|0.03||4/2021|
543|12/31/2021|54|40200350000NB|3.2|3.3|FAULTING|0.03||4/2021|
544|12/31/2021|54|40200350000NB|3.3|3.4|FAULTING|0.03||4/2021|
545|12/31/2021|54|40200350000NB|3.4|3.5|FAULTING|0.03||4/2021|
546|12/31/2021|54|40200350000NB|3.5|3.6|FAULTING|0.03||4/2021|
547|12/31/2021|54|40200350000NB|3.6|3.7|FAULTING|0.03||4/2021|
548|12/31/2021|54|40200350000NB|3.7|3.8|FAULTING|0.02||4/2021|
549|12/31/2021|54|40200350000NB|3.8|3.9|FAULTING|0.03||4/2021|
550|12/31/2021|54|40200350000NB|3.9|4.0|FAULTING|0.03||4/2021|
551|12/31/2021|54|40200350000NB|4.0|4.1|FAULTING|0.03||4/2021|
552|12/31/2021|54|40200350000NB|4.1|4.2|FAULTING|0.04||4/2021|
553|12/31/2021|54|40200350000NB|4.2|4.3|FAULTING|0.03||4/2021|
554|12/31/2021|54|40200350000NB|4.3|4.4|FAULTING|0.03||4/2021|
555|12/31/2021|54|40200350000NB|4.4|4.5|FAULTING|0.05||4/2021|
556|12/31/2021|54|40200350000NB|4.5|4.6|FAULTING|0.03||4/2021|
557|12/31/2021|54|40200350000NB|4.6|4.7|FAULTING|0.04||4/2021|
558|12/31/2021|54|40200350000NB|4.7|4.8|FAULTING|0.05||4/2021|
559|12/31/2021|54|40200350000NB|4.8|4.9|FAULTING|0.03||4/2021|
560|12/31/2021|54|40200350000NB|4.9|5.0|FAULTING|0.02||4/2021|
561|12/31/2021|54|40200350000NB|5.0|5.1|FAULTING|0.02||4/2021|
562|12/31/2021|54|40200350000NB|5.1|5.2|FAULTING|0.02||4/2021|
563|12/31/2021|54|40200350000NB|5.2|5.3|FAULTING|0.05||4/2021|
564|12/31/2021|54|40200350000NB|5.3|5.4|FAULTING|0.03||4/2021|
565|12/31/2021|54|40200350000NB|5.4|5.5|FAULTING|0.03||4/2021|
566|12/31/2021|54|40200350000NB|5.5|5.6|FAULTING|0.03||4/2021|
567|12/31/2021|54|40200350000NB|5.7|5.8|FAULTING|0.03||4/2021|
568|12/31/2021|54|40200350000NB|5.8|5.9|FAULTING|0.03||4/2021|
569|12/31/2021|54|40200350000NB|5.9|6.0|FAULTING|0.03||4/2021|
570|12/31/2021|54|40200350000NB|6.0|6.1|FAULTING|0.02||4/2021|
571|12/31/2021|54|40200350000NB|6.1|6.2|FAULTING|0.02||4/2021|
572|12/31/2021|54|40200350000NB|6.2|6.3|FAULTING|0.04||4/2021|
573|12/31/2021|54|40200350000NB|6.3|6.4|FAULTING|0.04||4/2021|
574|12/31/2021|54|40200350000NB|6.4|6.5|FAULTING|0.03||4/2021|
575|12/31/2021|54|40200350000NB|6.6|6.7|FAULTING|0.02||4/2021|
576|12/31/2021|54|40200350000NB|6.7|6.8|FAULTING|0.03||4/2021|
577|12/31/2021|54|40200350000NB|6.8|6.9|FAULTING|0.03||4/2021|
578|12/31/2021|54|40200350000NB|6.9|7.0|FAULTING|0.05||4/2021|
579|12/31/2021|54|40200350000NB|7.0|7.1|FAULTING|0.03||4/2021|
580|12/31/2021|54|40200350000NB|7.1|7.2|FAULTING|0.03||4/2021|
581|12/31/2021|54|40200350000NB|7.2|7.3|FAULTING|0.04||4/2021|
582|12/31/2021|54|40200350000NB|7.3|7.4|FAULTING|0.03||4/2021|
583|12/31/2021|54|40200350000NB|7.4|7.5|FAULTING|0.03||4/2021|
584|12/31/2021|54|40200350000NB|7.5|7.6|FAULTING|0.02||4/2021|
585|12/31/2021|54|40200350000NB|7.6|7.7|FAULTING|0.02||4/2021|
586|12/31/2021|54|40200350000NB|7.7|7.8|FAULTING|0.04||4/2021|
587|12/31/2021|54|40200350000NB|7.8|7.9|FAULTING|0.03||4/2021|
588|12/31/2021|54|40200350000NB|7.9|8.0|FAULTING|0.04||4/2021|
589|12/31/2021|54|40200350000NB|8.0|8.1|FAULTING|0.03||4/2021|
590|12/31/2021|54|40200350000NB|8.1|8.2|FAULTING|0.03||4/2021|
591|12/31/2021|54|40200350000NB|8.3|8.4|FAULTING|0.03||4/2021|
592|12/31/2021|54|40200350000NB|8.4|8.5|FAULTING|0.03||4/2021|
593|12/31/2021|54|40200350000NB|8.5|8.6|FAULTING|0.03||4/2021|
594|12/31/2021|54|40200350000NB|8.6|8.7|FAULTING|0.03||4/2021|
595|12/31/2021|54|41200190023EB|0.0|0.1|FAULTING|0.04||6/2021|
596|12/31/2021|54|41200190023EB|0.1|0.2|FAULTING|0.1||6/2021|
597|12/31/2021|54|41200190023EB|0.6|0.7|FAULTING|0.05||6/2021|
598|12/31/2021|54|41200190023EB|0.7|0.8|FAULTING|0.04||6/2021|
599|12/31/2021|54|41200190023EB|0.8|0.9|FAULTING|0.03||6/2021|
600|12/31/2021|54|41200190023EB|0.9|1.0|FAULTING|0.03||6/2021|
601|12/31/2021|54|41200190023EB|1.0|1.1|FAULTING|0.04||6/2021|
602|12/31/2021|54|41200190023EB|1.1|1.2|FAULTING|0.05||6/2021|
603|12/31/2021|54|41200190023EB|1.2|1.3|FAULTING|0.06||6/2021|
604|12/31/2021|54|4130016000000|15.4|15.5|FAULTING|0.0||4/2021|
605|12/31/2021|54|4130016000000|15.5|15.6|FAULTING|0.0||4/2021|
606|12/31/2021|54|4130016000000|15.6|15.7|FAULTING|0.03||4/2021|
607|12/31/2021|54|50200600000EB|0.2|0.3|FAULTING|0.06||5/2021|
608|12/31/2021|54|5430068000000|16.6|16.7|FAULTING|0.31||5/2021|
609|12/31/2021|54|5430068000000|16.7|16.8|FAULTING|0.62||5/2021|
