BeginDate|StateID|RouteID|BeginPoint|EndPoint|DataItem|Value_Numeric|Value_Text|Value_Date
12/31/2021|54.0|08100790000NB|36.0|39.91|LAST_OVERLAY_THICKNESS|2.0||
12/31/2021|54.0|03201190000NB|16.97|17.83|LAST_OVERLAY_THICKNESS|10.0||
12/31/2021|54.0|0340005000000|15.1|17.57|LAST_OVERLAY_THICKNESS|1.5||
12/31/2021|54.0|03201190000NB|12.83|13.54|LAST_OVERLAY_THICKNESS|10.0||
12/31/2021|54.0|03201190000NB|11.49|12.83|LAST_OVERLAY_THICKNESS|4.5||
12/31/2021|54.0|03201190000NB|9.44|11.49|LAST_OVERLAY_THICKNESS|4.5||
12/31/2021|54.0|0330094000000|0.0|3.01|LAST_OVERLAY_THICKNESS|1.5||
12/31/2021|54.0|0330003000000|8.17|11.14|LAST_OVERLAY_THICKNESS|2.0||
12/31/2021|54.0|0830036000000|2.48|4.2|LAST_OVERLAY_THICKNESS|1.5||
12/31/2021|54.0|03201190000NB|0.0|2.93|LAST_OVERLAY_THICKNESS|2.0||
12/31/2021|54.0|08100790000NB|39.91|41.43|LAST_OVERLAY_THICKNESS|9.0||
12/31/2021|54.0|0830016000000|19.19|20.35|LAST_OVERLAY_THICKNESS|1.5||
12/31/2021|54.0|20100640000EB|45.39|47.44|LAST_OVERLAY_THICKNESS|2.0||
12/31/2021|54.0|0830004000000|21.98|22.98|LAST_OVERLAY_THICKNESS|2.0||
12/31/2021|54.0|08100790000NB|41.43|44.6|LAST_OVERLAY_THICKNESS|9.0||
12/31/2021|54.0|2040073000000|0.0|1.18|LAST_OVERLAY_THICKNESS|1.5||
12/31/2021|54.0|20100770000NB|102.66|103.69|LAST_OVERLAY_THICKNESS|2.0||
12/31/2021|54.0|20100770000NB|100.78|101.08|LAST_OVERLAY_THICKNESS|8.0||
12/31/2021|54.0|20100790000NB|5.42|5.56|LAST_OVERLAY_THICKNESS|1.5||
12/31/2021|54.0|20100770000NB|114.59|116.05|LAST_OVERLAY_THICKNESS|4.0||
12/31/2021|54.0|20100640000EB|47.44|48.4|LAST_OVERLAY_THICKNESS|2.0||
12/31/2021|54.0|20100790000NB|6.82|7.19|LAST_OVERLAY_THICKNESS|1.5||
12/31/2021|54.0|2040160070000|0.27|0.51|LAST_OVERLAY_THICKNESS|1.5||
12/31/2021|54.0|20100640000EB|48.4|49.75|LAST_OVERLAY_THICKNESS|2.0||
12/31/2021|54.0|20100640000EB|51.56|52.38|LAST_OVERLAY_THICKNESS|3.5||
12/31/2021|54.0|2730002000000|29.27|35.98|LAST_OVERLAY_THICKNESS|1.5||
12/31/2021|54.0|20100790000NB|5.56|6.12|LAST_OVERLAY_THICKNESS|1.5||
12/31/2021|54.0|20100640000EB|53.75|54.37|LAST_OVERLAY_THICKNESS|7.0||
12/31/2021|54.0|20200600000EB|9.19|10.9|LAST_OVERLAY_THICKNESS|1.5||
12/31/2021|54.0|20100770000NB|106.17|107.6|LAST_OVERLAY_THICKNESS|4.0||
12/31/2021|54.0|20100790000NB|20.62|21.28|LAST_OVERLAY_THICKNESS|4.0||
12/31/2021|54.0|20100640000EB|55.21|56.33|LAST_OVERLAY_THICKNESS|1.5||
12/31/2021|54.0|27200350000NB|17.85|17.98|LAST_OVERLAY_THICKNESS|4.0||
12/31/2021|54.0|2730002000000|15.93|18.05|LAST_OVERLAY_THICKNESS|1.5||
12/31/2021|54.0|20100640000EB|54.37|54.8|LAST_OVERLAY_THICKNESS|1.5||
12/31/2021|54.0|20100770000NB|99.12|100.07|LAST_OVERLAY_THICKNESS|3.0||
12/31/2021|54.0|27200350000NB|18.35|18.74|LAST_OVERLAY_THICKNESS|4.0||
12/31/2021|54.0|20100790000NB|7.19|7.476|LAST_OVERLAY_THICKNESS|1.5||
12/31/2021|54.0|20200600007WB|7.93|8.1|LAST_OVERLAY_THICKNESS|1.5||
12/31/2021|54.0|2040025250000|0.0|0.15|LAST_OVERLAY_THICKNESS|1.0||
12/31/2021|54.0|2030622000000|2.72|3.79|LAST_OVERLAY_THICKNESS|1.5||
12/31/2021|54.0|2040160070000|0.0|0.27|LAST_OVERLAY_THICKNESS|1.5||
12/31/2021|54.0|20100790000NB|0.0|0.81|LAST_OVERLAY_THICKNESS|1.5||
12/31/2021|54.0|2040114010000|0.0|1.07|LAST_OVERLAY_THICKNESS|1.5||
12/31/2021|54.0|20100640000EB|56.33|57.02|LAST_OVERLAY_THICKNESS|1.5||
12/31/2021|54.0|27200350000NB|16.41|16.6|LAST_OVERLAY_THICKNESS|4.0||
12/31/2021|54.0|20200600000EB|6.2|6.92|LAST_OVERLAY_THICKNESS|1.5||
12/31/2021|54.0|20100790000NB|3.51|4.51|LAST_OVERLAY_THICKNESS|1.5||
12/31/2021|54.0|20100770000NB|103.69|104.81|LAST_OVERLAY_THICKNESS|4.0||
12/31/2021|54.0|20200600000EB|16.07|16.48|LAST_OVERLAY_THICKNESS|1.5||
12/31/2021|54.0|20100790000NB|19.22|20.62|LAST_OVERLAY_THICKNESS|4.0||
12/31/2021|54.0|2730002000000|18.91|19.89|LAST_OVERLAY_THICKNESS|1.5||
12/31/2021|54.0|20100790000NB|0.81|1.95|LAST_OVERLAY_THICKNESS|1.5||
12/31/2021|54.0|2040046000000|0.0|0.41|LAST_OVERLAY_THICKNESS|1.5||
12/31/2021|54.0|20100640000EB|57.02|57.48|LAST_OVERLAY_THICKNESS|1.5||
12/31/2021|54.0|20100640000EB|52.73|53.75|LAST_OVERLAY_THICKNESS|7.0||
12/31/2021|54.0|20100770000NB|113.47|114.59|LAST_OVERLAY_THICKNESS|4.0||
12/31/2021|54.0|27200350000NB|17.98|18.322|LAST_OVERLAY_THICKNESS|4.0||
12/31/2021|54.0|2730062000000|19.72|20.33|LAST_OVERLAY_THICKNESS|1.5||
12/31/2021|54.0|20100790000NB|9.97|10.64|LAST_OVERLAY_THICKNESS|1.5||
12/31/2021|54.0|27200350000NB|8.53|8.85|LAST_OVERLAY_THICKNESS|11.0||
12/31/2021|54.0|20100770000NB|116.05|116.66|LAST_OVERLAY_THICKNESS|4.0||
12/31/2021|54.0|2730002000000|1.39|3.15|LAST_OVERLAY_THICKNESS|1.5||
12/31/2021|54.0|20100770000NB|100.28|100.78|LAST_OVERLAY_THICKNESS|8.0||
12/31/2021|54.0|2040025260000|0.0|0.31|LAST_OVERLAY_THICKNESS|1.5||
12/31/2021|54.0|20100770000NB|101.65|102.16|LAST_OVERLAY_THICKNESS|2.0||
12/31/2021|54.0|20100770000NB|100.07|100.28|LAST_OVERLAY_THICKNESS|3.0||
12/31/2021|54.0|2730062000000|20.55|21.94|LAST_OVERLAY_THICKNESS|1.5||
12/31/2021|54.0|2040022000000|0.86|1.19|LAST_OVERLAY_THICKNESS|1.5||
12/31/2021|54.0|20200600000EB|2.44|2.86|LAST_OVERLAY_THICKNESS|1.5||
12/31/2021|54.0|20100770000NB|116.66|117.5|LAST_OVERLAY_THICKNESS|4.0||
12/31/2021|54.0|2040025260000|0.4|0.71|LAST_OVERLAY_THICKNESS|1.5||
12/31/2021|54.0|27200350000NB|9.644|10.37|LAST_OVERLAY_THICKNESS|11.0||
12/31/2021|54.0|20100790000NB|4.51|5.42|LAST_OVERLAY_THICKNESS|1.5||
12/31/2021|54.0|20100640000EB|50.11|51.56|LAST_OVERLAY_THICKNESS|3.5||
12/31/2021|54.0|2730062000000|20.33|20.53|LAST_OVERLAY_THICKNESS|1.5||
12/31/2021|54.0|27200350000NB|17.413|17.59|LAST_OVERLAY_THICKNESS|4.0||
12/31/2021|54.0|2040022000000|1.19|2.47|LAST_OVERLAY_THICKNESS|1.5||
12/31/2021|54.0|20100770000NB|104.81|105.002|LAST_OVERLAY_THICKNESS|4.0||
12/31/2021|54.0|20100790000NB|10.64|16.04|LAST_OVERLAY_THICKNESS|4.0||
12/31/2021|54.0|27200350000NB|11.532|11.87|LAST_OVERLAY_THICKNESS|11.0||
12/31/2021|54.0|20100640000EB|49.75|50.11|LAST_OVERLAY_THICKNESS|3.5||
12/31/2021|54.0|20100790000NB|1.95|2.24|LAST_OVERLAY_THICKNESS|1.5||
12/31/2021|54.0|20100770000NB|98.28|99.12|LAST_OVERLAY_THICKNESS|3.0||
12/31/2021|54.0|27200350000NB|16.64|17.28|LAST_OVERLAY_THICKNESS|4.0||
12/31/2021|54.0|20100640000EB|54.8|55.21|LAST_OVERLAY_THICKNESS|1.5||
12/31/2021|54.0|20200600000EB|23.08|23.52|LAST_OVERLAY_THICKNESS|1.5||
12/31/2021|54.0|2040025250000|0.15|2.17|LAST_OVERLAY_THICKNESS|1.0||
12/31/2021|54.0|20200600000EB|28.43|29.18|LAST_OVERLAY_THICKNESS|1.5||
12/31/2021|54.0|20100790000NB|16.04|19.22|LAST_OVERLAY_THICKNESS|9.0||
12/31/2021|54.0|20100640000EB|52.38|52.73|LAST_OVERLAY_THICKNESS|3.5||
12/31/2021|54.0|20100790000NB|2.24|3.51|LAST_OVERLAY_THICKNESS|1.5||
12/31/2021|54.0|20100770000NB|102.16|102.66|LAST_OVERLAY_THICKNESS|2.0||
12/31/2021|54.0|40100640000EB|31.77|32.57|LAST_OVERLAY_THICKNESS|9.0||
12/31/2021|54.0|4040012000000|4.71|8.19|LAST_OVERLAY_THICKNESS|1.5||
12/31/2021|54.0|40100640000EB|36.27|38.68|LAST_OVERLAY_THICKNESS|9.0||
12/31/2021|54.0|40200350000NB|1.64|2.06|LAST_OVERLAY_THICKNESS|12.0||
12/31/2021|54.0|40100640000EB|41.546|41.66|LAST_OVERLAY_THICKNESS|2.0||
12/31/2021|54.0|4040046000000|0.0|2.29|LAST_OVERLAY_THICKNESS|2.0||
12/31/2021|54.0|40100640000EB|34.45|36.27|LAST_OVERLAY_THICKNESS|9.0||
12/31/2021|54.0|40100640000EB|41.86|42.78|LAST_OVERLAY_THICKNESS|2.0||
12/31/2021|54.0|40100640000EB|41.66|41.86|LAST_OVERLAY_THICKNESS|2.0||
12/31/2021|54.0|40200350000NB|0.29|0.65|LAST_OVERLAY_THICKNESS|12.0||
12/31/2021|54.0|40100640000EB|44.47|45.39|LAST_OVERLAY_THICKNESS|2.0||
12/31/2021|54.0|40100640000EB|43.77|44.47|LAST_OVERLAY_THICKNESS|2.0||
12/31/2021|54.0|40200350000NB|2.1|2.532|LAST_OVERLAY_THICKNESS|12.0||
12/31/2021|54.0|40100640000EB|40.46|41.546|LAST_OVERLAY_THICKNESS|2.0||
12/31/2021|54.0|40100640000EB|33.45|34.45|LAST_OVERLAY_THICKNESS|9.0||
12/31/2021|54.0|40100640000EB|32.57|33.45|LAST_OVERLAY_THICKNESS|9.0||
12/31/2021|54.0|40100640000EB|42.79|43.77|LAST_OVERLAY_THICKNESS|2.0||
12/31/2021|54.0|40200350000NB|1.36|1.6|LAST_OVERLAY_THICKNESS|12.0||
12/31/2021|54.0|4040050000000|13.38|14.06|LAST_OVERLAY_THICKNESS|2.0||
12/31/2021|54.0|0640001000000|2.1|2.224|LAST_OVERLAY_THICKNESS|1.5||
12/31/2021|54.0|0640001000000|2.477|2.619|LAST_OVERLAY_THICKNESS|1.5||
12/31/2021|54.0|0630002001300|0.0|0.17|LAST_OVERLAY_THICKNESS|1.5||
12/31/2021|54.0|0630002000000|0.1|0.21|LAST_OVERLAY_THICKNESS|1.5||
12/31/2021|54.0|0630002001300|0.17|0.39|LAST_OVERLAY_THICKNESS|1.5||
12/31/2021|54.0|0630002000000|9.98|10.08|LAST_OVERLAY_THICKNESS|1.5||
12/31/2021|54.0|0640009000000|1.688|1.803|LAST_OVERLAY_THICKNESS|1.5||
12/31/2021|54.0|0630010000100|1.94|2.56|LAST_OVERLAY_THICKNESS|1.5||
12/31/2021|54.0|0630010000000|15.69|15.82|LAST_OVERLAY_THICKNESS|1.5||
12/31/2021|54.0|0630010000000|15.82|16.27|LAST_OVERLAY_THICKNESS|1.5||
12/31/2021|54.0|0630010000000|17.46|18.41|LAST_OVERLAY_THICKNESS|1.5||
12/31/2021|54.0|0640013000000|0.02|0.42|LAST_OVERLAY_THICKNESS|1.5||
12/31/2021|54.0|0640017000000|4.3|4.41|LAST_OVERLAY_THICKNESS|1.5||
12/31/2021|54.0|0640017000000|4.47|5.02|LAST_OVERLAY_THICKNESS|1.5||
12/31/2021|54.0|0640021000000|0.537|0.9|LAST_OVERLAY_THICKNESS|1.5||
12/31/2021|54.0|0640021000000|0.9|1.51|LAST_OVERLAY_THICKNESS|1.5||
12/31/2021|54.0|0640021000000|1.51|2.939|LAST_OVERLAY_THICKNESS|1.5||
12/31/2021|54.0|0640021000000|2.947|2.98|LAST_OVERLAY_THICKNESS|1.5||
12/31/2021|54.0|0640031000000|0.16|0.5|LAST_OVERLAY_THICKNESS|1.5||
12/31/2021|54.0|0640031060000|0.0|0.38|LAST_OVERLAY_THICKNESS|1.0||
12/31/2021|54.0|0640031060000|0.41|0.48|LAST_OVERLAY_THICKNESS|1.0||
12/31/2021|54.0|0640035000000|7.83|8.63|LAST_OVERLAY_THICKNESS|1.5||
12/31/2021|54.0|0640039000000|2.08|2.62|LAST_OVERLAY_THICKNESS|1.5||
12/31/2021|54.0|06200520000EB|0.33|0.45|LAST_OVERLAY_THICKNESS|1.5||
12/31/2021|54.0|06200520000EB|0.75|1.01|LAST_OVERLAY_THICKNESS|1.5||
12/31/2021|54.0|0640052030000|0.0|0.22|LAST_OVERLAY_THICKNESS|1.0||
12/31/2021|54.0|06200600001EB|0.0|0.39|LAST_OVERLAY_THICKNESS|1.5||
12/31/2021|54.0|06200600000EB|2.97|3.07|LAST_OVERLAY_THICKNESS|1.5||
12/31/2021|54.0|06200600000EB|6.97|7.51|LAST_OVERLAY_THICKNESS|1.0||
12/31/2021|54.0|06200600000EB|7.59|7.96|LAST_OVERLAY_THICKNESS|1.0||
12/31/2021|54.0|06200600000EB|7.96|8.43|LAST_OVERLAY_THICKNESS|1.0||
12/31/2021|54.0|06200600000EB|8.43|8.82|LAST_OVERLAY_THICKNESS|1.0||
12/31/2021|54.0|06200600000EB|8.82|9.5|LAST_OVERLAY_THICKNESS|1.5||
12/31/2021|54.0|06200600000EB|9.56|9.92|LAST_OVERLAY_THICKNESS|1.5||
12/31/2021|54.0|06200600000EB|9.92|10.27|LAST_OVERLAY_THICKNESS|1.5||
12/31/2021|54.0|06200600000EB|15.59|17.29|LAST_OVERLAY_THICKNESS|1.5||
12/31/2021|54.0|0640060050000|0.0|0.88|LAST_OVERLAY_THICKNESS|1.5||
12/31/2021|54.0|0640060050000|0.88|1.68|LAST_OVERLAY_THICKNESS|1.5||
12/31/2021|54.0|0640060050000|1.68|1.97|LAST_OVERLAY_THICKNESS|1.5||
12/31/2021|54.0|0640060700000|0.0|0.18|LAST_OVERLAY_THICKNESS|1.5||
12/31/2021|54.0|0640060700000|0.18|0.56|LAST_OVERLAY_THICKNESS|1.5||
12/31/2021|54.0|0640060700000|0.56|0.76|LAST_OVERLAY_THICKNESS|1.5||
12/31/2021|54.0|06100640000EB|5.87|6.47|LAST_OVERLAY_THICKNESS|1.5||
12/31/2021|54.0|06100640000EB|6.47|6.74|LAST_OVERLAY_THICKNESS|1.5||
12/31/2021|54.0|06100640000EB|6.74|7.26|LAST_OVERLAY_THICKNESS|1.5||
12/31/2021|54.0|06100640000EB|7.26|7.72|LAST_OVERLAY_THICKNESS|1.5||
12/31/2021|54.0|06100640000EB|7.72|8.19|LAST_OVERLAY_THICKNESS|1.5||
12/31/2021|54.0|06100640000EB|8.19|9.22|LAST_OVERLAY_THICKNESS|1.0||
12/31/2021|54.0|06100640000EB|9.22|9.52|LAST_OVERLAY_THICKNESS|1.0||
12/31/2021|54.0|06100640000EB|11.02|11.37|LAST_OVERLAY_THICKNESS|4.0||
12/31/2021|54.0|06100640000EB|11.37|14.53|LAST_OVERLAY_THICKNESS|4.0||
12/31/2021|54.0|06100640000EB|17.68|18.08|LAST_OVERLAY_THICKNESS|2.0||
12/31/2021|54.0|06100640000EB|18.08|18.49|LAST_OVERLAY_THICKNESS|4.0||
12/31/2021|54.0|06100640000EB|18.49|19.32|LAST_OVERLAY_THICKNESS|2.0||
12/31/2021|54.0|06100640000EB|19.32|19.71|LAST_OVERLAY_THICKNESS|2.0||
12/31/2021|54.0|06100640000EB|19.71|20.19|LAST_OVERLAY_THICKNESS|4.0||
12/31/2021|54.0|06100640000EB|20.19|21.04|LAST_OVERLAY_THICKNESS|4.0||
12/31/2021|54.0|06100640000EB|21.04|21.16|LAST_OVERLAY_THICKNESS|4.0||
12/31/2021|54.0|06100640000EB|21.16|21.75|LAST_OVERLAY_THICKNESS|4.0||
12/31/2021|54.0|06100640000EB|21.75|22.39|LAST_OVERLAY_THICKNESS|4.0||
12/31/2021|54.0|06100640000EB|22.39|27.11|LAST_OVERLAY_THICKNESS|1.0||
12/31/2021|54.0|06100640000EB|27.11|27.55|LAST_OVERLAY_THICKNESS|1.0||
12/31/2021|54.0|06100640000EB|27.55|28.67|LAST_OVERLAY_THICKNESS|9.5||
12/31/2021|54.0|06100640000EB|28.67|29.44|LAST_OVERLAY_THICKNESS|9.5||
12/31/2021|54.0|06100640000EB|29.44|31.77|LAST_OVERLAY_THICKNESS|9.5||
12/31/2021|54.0|0630152000000|0.76|0.99|LAST_OVERLAY_THICKNESS|1.0||
12/31/2021|54.0|0673272001900|0.35|1.04|LAST_OVERLAY_THICKNESS|1.5||
12/31/2021|54.0|0673272001900|1.08|1.44|LAST_OVERLAY_THICKNESS|1.5||
12/31/2021|54.0|0673274001900|1.46|1.56|LAST_OVERLAY_THICKNESS|1.5||
12/31/2021|54.0|0673281001900|0.19|0.48|LAST_OVERLAY_THICKNESS|1.5||
12/31/2021|54.0|0673285001900|0.0|0.32|LAST_OVERLAY_THICKNESS|1.5||
12/31/2021|54.0|0673287001900|0.0|0.28|LAST_OVERLAY_THICKNESS|1.5||
12/31/2021|54.0|0673287001900|0.51|0.86|LAST_OVERLAY_THICKNESS|1.5||
12/31/2021|54.0|0673287001900|1.03|1.14|LAST_OVERLAY_THICKNESS|1.5||
12/31/2021|54.0|0673289001900|1.72|2.02|LAST_OVERLAY_THICKNESS|1.5||
12/31/2021|54.0|0673295001900|0.0|1.08|LAST_OVERLAY_THICKNESS|1.5||
12/31/2021|54.0|0673317001900|0.0|0.24|LAST_OVERLAY_THICKNESS|1.5||
12/31/2021|54.0|2230003000000|5.71|6.1|LAST_OVERLAY_THICKNESS|1.5||
12/31/2021|54.0|2230010000000|17.81|19.07|LAST_OVERLAY_THICKNESS|1.5||
12/31/2021|54.0|2340005000000|0.45|2.789|LAST_OVERLAY_THICKNESS|1.5||
12/31/2021|54.0|2330010000000|12.79|12.95|LAST_OVERLAY_THICKNESS|1.5||
12/31/2021|54.0|2330010000000|14.782|15.25|LAST_OVERLAY_THICKNESS|1.5||
12/31/2021|54.0|2330010000000|15.25|16.17|LAST_OVERLAY_THICKNESS|1.5||
12/31/2021|54.0|2330010000000|16.77|17.46|LAST_OVERLAY_THICKNESS|1.5||
12/31/2021|54.0|2330010000000|17.46|17.76|LAST_OVERLAY_THICKNESS|1.5||
12/31/2021|54.0|2330010000000|17.76|18.21|LAST_OVERLAY_THICKNESS|1.5||
12/31/2021|54.0|2330010000000|18.76|19.41|LAST_OVERLAY_THICKNESS|1.5||
12/31/2021|54.0|2330010000000|19.41|20.39|LAST_OVERLAY_THICKNESS|1.5||
12/31/2021|54.0|2330010000000|20.39|22.05|LAST_OVERLAY_THICKNESS|1.5||
12/31/2021|54.0|2330010000000|27.14|28.6|LAST_OVERLAY_THICKNESS|1.5||
12/31/2021|54.0|2330017000000|0.32|1.1|LAST_OVERLAY_THICKNESS|2.0||
12/31/2021|54.0|2330044000000|16.02|17.07|LAST_OVERLAY_THICKNESS|2.0||
12/31/2021|54.0|2330073000000|0.31|2.15|LAST_OVERLAY_THICKNESS|1.0||
12/31/2021|54.0|2330080000000|0.86|1.57|LAST_OVERLAY_THICKNESS|2.0||
12/31/2021|54.0|23201190000NB|0.0|0.85|LAST_OVERLAY_THICKNESS|1.0||
12/31/2021|54.0|23201190000NB|1.44|2.2|LAST_OVERLAY_THICKNESS|1.0||
12/31/2021|54.0|23201190000NB|2.2|2.54|LAST_OVERLAY_THICKNESS|1.0||
12/31/2021|54.0|23201190000NB|2.54|2.67|LAST_OVERLAY_THICKNESS|1.0||
12/31/2021|54.0|23201190000NB|2.67|3.59|LAST_OVERLAY_THICKNESS|1.0||
12/31/2021|54.0|23201190000NB|3.59|5.27|LAST_OVERLAY_THICKNESS|1.5||
12/31/2021|54.0|23201190000NB|11.87|12.283|LAST_OVERLAY_THICKNESS|1.5||
12/31/2021|54.0|30200520004NB|0.096|0.39|LAST_OVERLAY_THICKNESS|2.0||
12/31/2021|54.0|30200520000EB|9.95|11.65|LAST_OVERLAY_THICKNESS|2.0||
12/31/2021|54.0|30200520000EB|26.08|26.53|LAST_OVERLAY_THICKNESS|2.0||
12/31/2021|54.0|3030080000000|7.05|9.46|LAST_OVERLAY_THICKNESS|2.0||
12/31/2021|54.0|30201190000NB|11.73|12.8|LAST_OVERLAY_THICKNESS|1.5||
12/31/2021|54.0|30201190000NB|12.88|14.28|LAST_OVERLAY_THICKNESS|1.5||
12/31/2021|54.0|5040001000000|2.16|2.29|LAST_OVERLAY_THICKNESS|1.5||
12/31/2021|54.0|5040003000000|3.75|3.85|LAST_OVERLAY_THICKNESS|1.5||
12/31/2021|54.0|5040003000000|3.94|4.06|LAST_OVERLAY_THICKNESS|1.5||
12/31/2021|54.0|5040003010000|0.09|0.65|LAST_OVERLAY_THICKNESS|1.0||
12/31/2021|54.0|5040003010000|0.65|0.68|LAST_OVERLAY_THICKNESS|1.0||
12/31/2021|54.0|5040003020000|0.0|0.64|LAST_OVERLAY_THICKNESS|1.0||
12/31/2021|54.0|5040003020000|0.64|1.25|LAST_OVERLAY_THICKNESS|1.0||
12/31/2021|54.0|5040007000000|17.84|18.87|LAST_OVERLAY_THICKNESS|1.0||
12/31/2021|54.0|5040007000000|19.35|19.76|LAST_OVERLAY_THICKNESS|1.0||
12/31/2021|54.0|5040008000000|0.0|0.45|LAST_OVERLAY_THICKNESS|1.5||
12/31/2021|54.0|5040009000000|0.65|1.92|LAST_OVERLAY_THICKNESS|2.0||
12/31/2021|54.0|5040012000000|3.176|4.65|LAST_OVERLAY_THICKNESS|1.5||
12/31/2021|54.0|50200520000EB|5.8|6.51|LAST_OVERLAY_THICKNESS|1.0||
12/31/2021|54.0|50200520000EB|29.12|31.4|LAST_OVERLAY_THICKNESS|3.0||
12/31/2021|54.0|50200600000EB|0.0|0.24|LAST_OVERLAY_THICKNESS|1.0||
12/31/2021|54.0|50200600000EB|0.49|0.72|LAST_OVERLAY_THICKNESS|1.0||
12/31/2021|54.0|50200600000EB|1.13|1.83|LAST_OVERLAY_THICKNESS|1.0||
12/31/2021|54.0|50200600000EB|3.79|4.04|LAST_OVERLAY_THICKNESS|1.5||
12/31/2021|54.0|50200600000EB|4.04|4.39|LAST_OVERLAY_THICKNESS|1.5||
12/31/2021|54.0|5040060030000|1.37|1.47|LAST_OVERLAY_THICKNESS|1.5||
12/31/2021|54.0|5040060040000|1.24|2.4|LAST_OVERLAY_THICKNESS|1.5||
12/31/2021|54.0|5040060070000|0.24|0.87|LAST_OVERLAY_THICKNESS|1.5||
12/31/2021|54.0|5040060070000|0.87|1.44|LAST_OVERLAY_THICKNESS|1.5||
12/31/2021|54.0|50100640000EB|0.0|1.25|LAST_OVERLAY_THICKNESS|1.0||
12/31/2021|54.0|50100640000EB|1.29|1.66|LAST_OVERLAY_THICKNESS|4.0||
12/31/2021|54.0|50100640000EB|1.66|2.17|LAST_OVERLAY_THICKNESS|4.0||
12/31/2021|54.0|50100640000EB|2.17|2.75|LAST_OVERLAY_THICKNESS|4.0||
12/31/2021|54.0|50100640000EB|2.75|4.22|LAST_OVERLAY_THICKNESS|4.0||
12/31/2021|54.0|50100640000EB|4.22|5.29|LAST_OVERLAY_THICKNESS|4.0||
12/31/2021|54.0|50100640000EB|5.29|5.87|LAST_OVERLAY_THICKNESS|4.0||
12/31/2021|54.0|5030152000000|29.86|30.39|LAST_OVERLAY_THICKNESS|3.0||
12/31/2021|54.0|5030152000000|40.4|43.98|LAST_OVERLAY_THICKNESS|1.0||
12/31/2021|54.0|5030152000000|43.98|44.59|LAST_OVERLAY_THICKNESS|1.0||
12/31/2021|54.0|0940011000000|11.45|12.55|LAST_OVERLAY_THICKNESS|2.0||
12/31/2021|54.0|0940003000000|4.14|5.77|LAST_OVERLAY_THICKNESS|2.0||
12/31/2021|54.0|09200500000EB|0.0|3.98|LAST_OVERLAY_THICKNESS|2.0||
12/31/2021|54.0|09200500000EB|3.98|5.61|LAST_OVERLAY_THICKNESS|2.0||
12/31/2021|54.0|09200500000EB|5.63|6.54|LAST_OVERLAY_THICKNESS|2.0||
12/31/2021|54.0|09200500000EB|8.26|8.8|LAST_OVERLAY_THICKNESS|2.0||
12/31/2021|54.0|09200500000EB|8.8|9.75|LAST_OVERLAY_THICKNESS|2.0||
12/31/2021|54.0|09200500000EB|9.75|11.01|LAST_OVERLAY_THICKNESS|2.0||
12/31/2021|54.0|09200500000EB|11.43|12.1|LAST_OVERLAY_THICKNESS|2.0||
12/31/2021|54.0|09200500000EB|12.1|12.96|LAST_OVERLAY_THICKNESS|2.0||
12/31/2021|54.0|09200500000EB|17.75|18.87|LAST_OVERLAY_THICKNESS|2.0||
12/31/2021|54.0|1740011000000|0.0|1.14|LAST_OVERLAY_THICKNESS|3.5||
12/31/2021|54.0|1740011000000|1.14|2.3|LAST_OVERLAY_THICKNESS|3.5||
12/31/2021|54.0|1740011000000|4.24|4.7|LAST_OVERLAY_THICKNESS|3.5||
12/31/2021|54.0|1740011000000|4.7|5.24|LAST_OVERLAY_THICKNESS|3.5||
12/31/2021|54.0|1740019570000|0.0|0.49|LAST_OVERLAY_THICKNESS|2.0||
12/31/2021|54.0|1740024020000|0.75|0.87|LAST_OVERLAY_THICKNESS|1.5||
12/31/2021|54.0|1740024020000|1.09|1.86|LAST_OVERLAY_THICKNESS|1.5||
12/31/2021|54.0|1740006000000|0.0|0.808|LAST_OVERLAY_THICKNESS|2.0||
12/31/2021|54.0|17100790000NB|106.42|107.57|LAST_OVERLAY_THICKNESS|2.0||
12/31/2021|54.0|17100790000NB|107.57|107.94|LAST_OVERLAY_THICKNESS|2.0||
12/31/2021|54.0|17100790000NB|107.94|109.77|LAST_OVERLAY_THICKNESS|2.0||
12/31/2021|54.0|17100790000NB|109.77|110.29|LAST_OVERLAY_THICKNESS|2.0||
12/31/2021|54.0|17100790000NB|110.29|111.13|LAST_OVERLAY_THICKNESS|2.0||
12/31/2021|54.0|17100790000NB|111.13|111.91|LAST_OVERLAY_THICKNESS|2.0||
12/31/2021|54.0|17100790000NB|111.91|114.132|LAST_OVERLAY_THICKNESS|2.0||
12/31/2021|54.0|17100790000NB|114.9|115.33|LAST_OVERLAY_THICKNESS|1.5||
12/31/2021|54.0|17100790000NB|115.33|117.17|LAST_OVERLAY_THICKNESS|1.5||
12/31/2021|54.0|17100790000NB|117.17|117.74|LAST_OVERLAY_THICKNESS|1.5||
12/31/2021|54.0|17100790000NB|122.43|122.9|LAST_OVERLAY_THICKNESS|1.5||
12/31/2021|54.0|17100790000NB|122.9|123.988|LAST_OVERLAY_THICKNESS|1.5||
12/31/2021|54.0|17100790000NB|123.988|125.38|LAST_OVERLAY_THICKNESS|1.5||
12/31/2021|54.0|17100790000NB|125.38|125.8|LAST_OVERLAY_THICKNESS|2.0||
12/31/2021|54.0|17100790000NB|125.8|129.217|LAST_OVERLAY_THICKNESS|2.0||
12/31/2021|54.0|17200500000EB|0.0|1.53|LAST_OVERLAY_THICKNESS|2.0||
12/31/2021|54.0|17200500000EB|1.53|3.37|LAST_OVERLAY_THICKNESS|2.0||
12/31/2021|54.0|17200500000EB|3.42|3.8|LAST_OVERLAY_THICKNESS|2.0||
12/31/2021|54.0|17200500000EB|6.11|7.16|LAST_OVERLAY_THICKNESS|2.0||
12/31/2021|54.0|17200500000EB|11.38|12.29|LAST_OVERLAY_THICKNESS|2.0||
12/31/2021|54.0|17200500000EB|12.29|12.88|LAST_OVERLAY_THICKNESS|2.0||
12/31/2021|54.0|17200500000EB|13.25|13.78|LAST_OVERLAY_THICKNESS|2.0||
12/31/2021|54.0|17200500000EB|13.78|14.03|LAST_OVERLAY_THICKNESS|2.0||
12/31/2021|54.0|17200500000EB|14.03|14.25|LAST_OVERLAY_THICKNESS|2.0||
12/31/2021|54.0|17200500000EB|14.324|14.64|LAST_OVERLAY_THICKNESS|2.0||
12/31/2021|54.0|17200500000EB|14.96|15.31|LAST_OVERLAY_THICKNESS|2.0||
||||||||
12/31/2021|54.0|17200500000EB|15.68|16.24|LAST_OVERLAY_THICKNESS|2.0||
12/31/2021|54.0|17200500000EB|16.27|17.79|LAST_OVERLAY_THICKNESS|2.0||
12/31/2021|54.0|17200500000EB|17.79|18.0|LAST_OVERLAY_THICKNESS|2.0||
12/31/2021|54.0|17200500000EB|18.32|18.45|LAST_OVERLAY_THICKNESS|2.0||
12/31/2021|54.0|17200500000EB|18.45|18.52|LAST_OVERLAY_THICKNESS|2.0||
12/31/2021|54.0|17200500000EB|18.52|18.8|LAST_OVERLAY_THICKNESS|2.0||
12/31/2021|54.0|17200500000EB|18.85|19.21|LAST_OVERLAY_THICKNESS|2.0||
12/31/2021|54.0|1730131000000|4.33|5.47|LAST_OVERLAY_THICKNESS|0.5||
12/31/2021|54.0|1730020002300|0.0|0.13|LAST_OVERLAY_THICKNESS|1.0||
12/31/2021|54.0|1730098000000|0.42|1.96|LAST_OVERLAY_THICKNESS|1.0||
12/31/2021|54.0|2540019310000|0.4|0.89|LAST_OVERLAY_THICKNESS|1.5||
12/31/2021|54.0|2540060000000|4.38|4.86|LAST_OVERLAY_THICKNESS|2.0||
12/31/2021|54.0|2540072040000|0.0|0.13|LAST_OVERLAY_THICKNESS|1.5||
12/31/2021|54.0|2540073000000|2.45|3.55|LAST_OVERLAY_THICKNESS|1.5||
12/31/2021|54.0|2540073730000|2.11|2.33|LAST_OVERLAY_THICKNESS|1.5||
12/31/2021|54.0|2540073730000|2.673|3.34|LAST_OVERLAY_THICKNESS|1.5||
12/31/2021|54.0|25100790000NB|129.22|129.52|LAST_OVERLAY_THICKNESS|1.5||
12/31/2021|54.0|25100790000NB|129.52|130.48|LAST_OVERLAY_THICKNESS|1.5||
12/31/2021|54.0|25100790000NB|130.53|133.37|LAST_OVERLAY_THICKNESS|1.5||
12/31/2021|54.0|25100790000NB|133.37|134.97|LAST_OVERLAY_THICKNESS|1.5||
12/31/2021|54.0|25100790000NB|134.97|135.66|LAST_OVERLAY_THICKNESS|2.0||
12/31/2021|54.0|25100790000NB|135.66|136.64|LAST_OVERLAY_THICKNESS|2.0||
12/31/2021|54.0|25100790000NB|136.64|139.1|LAST_OVERLAY_THICKNESS|2.0||
12/31/2021|54.0|25100790000NB|139.1|139.82|LAST_OVERLAY_THICKNESS|1.5||
12/31/2021|54.0|25100790000NB|139.82|140.352|LAST_OVERLAY_THICKNESS|1.5||
12/31/2021|54.0|25200190000NB|7.97|8.47|LAST_OVERLAY_THICKNESS|1.5||
12/31/2021|54.0|25202500000NB|2.87|3.0|LAST_OVERLAY_THICKNESS|1.5||
12/31/2021|54.0|25202500000NB|3.785|4.16|LAST_OVERLAY_THICKNESS|1.0||
12/31/2021|54.0|2530310000000|7.16|7.808|LAST_OVERLAY_THICKNESS|1.0||
12/31/2021|54.0|2530310000000|8.35|8.45|LAST_OVERLAY_THICKNESS|1.5||
12/31/2021|54.0|3140049000000|0.66|1.25|LAST_OVERLAY_THICKNESS|2.0||
12/31/2021|54.0|3140060000000|0.0|0.85|LAST_OVERLAY_THICKNESS|1.0||
12/31/2021|54.0|3140060000000|0.85|1.75|LAST_OVERLAY_THICKNESS|1.0||
12/31/2021|54.0|3140061040000|0.0|0.25|LAST_OVERLAY_THICKNESS|2.0||
12/31/2021|54.0|3140061040000|0.45|0.91|LAST_OVERLAY_THICKNESS|2.0||
12/31/2021|54.0|3140065000000|0.0|0.263|LAST_OVERLAY_THICKNESS|2.0||
12/31/2021|54.0|3140069060000|0.0|0.32|LAST_OVERLAY_THICKNESS|1.5||
12/31/2021|54.0|3140081000000|7.25|8.03|LAST_OVERLAY_THICKNESS|1.5||
12/31/2021|54.0|3140082000000|0.0|1.88|LAST_OVERLAY_THICKNESS|2.0||
12/31/2021|54.0|3140857000000|10.85|11.35|LAST_OVERLAY_THICKNESS|2.0||
12/31/2021|54.0|31100680004NB|0.0|0.84|LAST_OVERLAY_THICKNESS|1.5||
12/31/2021|54.0|31100680006EB|0.0|0.89|LAST_OVERLAY_THICKNESS|1.5||
12/31/2021|54.0|31100680005SB|0.65|1.14|LAST_OVERLAY_THICKNESS|1.5||
12/31/2021|54.0|31100680000EB|1.15|2.67|LAST_OVERLAY_THICKNESS|1.5||
12/31/2021|54.0|31100680000EB|2.67|4.13|LAST_OVERLAY_THICKNESS|1.5||
12/31/2021|54.0|31100680000EB|7.2|7.54|LAST_OVERLAY_THICKNESS|2.0||
12/31/2021|54.0|31100680000EB|7.54|8.89|LAST_OVERLAY_THICKNESS|2.0||
12/31/2021|54.0|31100680000EB|8.89|9.4|LAST_OVERLAY_THICKNESS|2.0||
12/31/2021|54.0|31100680000EB|10.28|10.32|LAST_OVERLAY_THICKNESS|2.0||
12/31/2021|54.0|31100680000EB|10.32|10.79|LAST_OVERLAY_THICKNESS|2.0||
12/31/2021|54.0|31100680000EB|10.79|13.149|LAST_OVERLAY_THICKNESS|2.0||
12/31/2021|54.0|31100790000NB|142.37|143.81|LAST_OVERLAY_THICKNESS|2.0||
12/31/2021|54.0|31100790000NB|143.81|145.2|LAST_OVERLAY_THICKNESS|2.0||
12/31/2021|54.0|31100790000NB|145.2|145.65|LAST_OVERLAY_THICKNESS|2.0||
12/31/2021|54.0|31100790000NB|145.65|147.85|LAST_OVERLAY_THICKNESS|2.0||
12/31/2021|54.0|31100790000NB|147.85|148.022|LAST_OVERLAY_THICKNESS|2.0||
12/31/2021|54.0|31100790000NB|148.29|148.47|LAST_OVERLAY_THICKNESS|2.0||
12/31/2021|54.0|31100790000NB|148.47|148.66|LAST_OVERLAY_THICKNESS|2.0||
12/31/2021|54.0|31100790000NB|148.66|149.05|LAST_OVERLAY_THICKNESS|2.0||
12/31/2021|54.0|31100790000NB|149.05|149.38|LAST_OVERLAY_THICKNESS|2.0||
12/31/2021|54.0|31100790000NB|149.38|149.68|LAST_OVERLAY_THICKNESS|1.5||
12/31/2021|54.0|31100790000NB|149.68|150.74|LAST_OVERLAY_THICKNESS|1.5||
12/31/2021|54.0|31100790000NB|150.74|151.07|LAST_OVERLAY_THICKNESS|1.5||
12/31/2021|54.0|31100790000NB|151.07|152.32|LAST_OVERLAY_THICKNESS|1.5||
12/31/2021|54.0|31100790000NB|152.32|152.501|LAST_OVERLAY_THICKNESS|1.5||
12/31/2021|54.0|31100790000NB|152.92|156.983|LAST_OVERLAY_THICKNESS|2.0||
12/31/2021|54.0|31100790000NB|157.0|160.52|LAST_OVERLAY_THICKNESS|1.5||
12/31/2021|54.0|31201190000NB|17.44|18.2|LAST_OVERLAY_THICKNESS|1.5||
12/31/2021|54.0|31201190000NB|18.2|19.66|LAST_OVERLAY_THICKNESS|1.5||
12/31/2021|54.0|31201190000NB|19.66|20.0|LAST_OVERLAY_THICKNESS|1.5||
12/31/2021|54.0|31201190000NB|20.0|20.47|LAST_OVERLAY_THICKNESS|1.5||
12/31/2021|54.0|31200190000NB|8.29|8.806|LAST_OVERLAY_THICKNESS|2.0||
12/31/2021|54.0|3130007000000|4.42|4.54|LAST_OVERLAY_THICKNESS|1.0||
12/31/2021|54.0|3130007000000|25.15|25.85|LAST_OVERLAY_THICKNESS|0.5||
12/31/2021|54.0|3130007000000|25.85|26.01|LAST_OVERLAY_THICKNESS|1.5||
12/31/2021|54.0|3130007000000|26.01|27.03|LAST_OVERLAY_THICKNESS|1.5||
12/31/2021|54.0|3130007000000|27.03|27.265|LAST_OVERLAY_THICKNESS|1.5||
12/31/2021|54.0|3130007000000|34.71|35.76|LAST_OVERLAY_THICKNESS|1.0||
12/31/2021|54.0|3130007000000|35.76|36.13|LAST_OVERLAY_THICKNESS|1.0||
12/31/2021|54.0|3130007000000|38.29|38.65|LAST_OVERLAY_THICKNESS|1.0||
12/31/2021|54.0|3940003000000|4.6|7.27|LAST_OVERLAY_THICKNESS|2.0||
12/31/2021|54.0|39100680000EB|18.12|23.34|LAST_OVERLAY_THICKNESS|2.0||
12/31/2021|54.0|39100680000EB|26.75|28.64|LAST_OVERLAY_THICKNESS|1.5||
12/31/2021|54.0|39100680000EB|28.64|29.23|LAST_OVERLAY_THICKNESS|1.5||
12/31/2021|54.0|39100680000EB|29.23|31.24|LAST_OVERLAY_THICKNESS|1.5||
12/31/2021|54.0|39100680000EB|31.24|31.42|LAST_OVERLAY_THICKNESS|2.0||
12/31/2021|54.0|39100680000EB|31.42|32.06|LAST_OVERLAY_THICKNESS|2.0||
12/31/2021|54.0|39202190000NB|0.0|0.8|LAST_OVERLAY_THICKNESS|1.5||
12/31/2021|54.0|39202190000NB|0.8|3.01|LAST_OVERLAY_THICKNESS|1.5||
12/31/2021|54.0|39202190000NB|3.01|3.31|LAST_OVERLAY_THICKNESS|1.5||
12/31/2021|54.0|39202190000NB|3.31|4.76|LAST_OVERLAY_THICKNESS|1.5||
12/31/2021|54.0|3930072000000|18.42|20.44|LAST_OVERLAY_THICKNESS|1.5||
12/31/2021|54.0|4640009000000|1.16|1.59|LAST_OVERLAY_THICKNESS|2.0||
12/31/2021|54.0|46202500000NB|6.95|7.082|LAST_OVERLAY_THICKNESS|2.0||
12/31/2021|54.0|46202500000NB|16.38|16.52|LAST_OVERLAY_THICKNESS|1.5||
12/31/2021|54.0|46200500000EB|12.99|13.65|LAST_OVERLAY_THICKNESS|1.5||
12/31/2021|54.0|1940031000000|0.0|0.029|LAST_OVERLAY_THICKNESS|1.5||
12/31/2021|54.0|0230009000000|4.81|6.17|LAST_OVERLAY_THICKNESS|2.0||
12/31/2021|54.0|1940029000000|1.26|2.19|LAST_OVERLAY_THICKNESS|2.0||
12/31/2021|54.0|19203400000NB|12.047|12.88|LAST_OVERLAY_THICKNESS|2.0||
12/31/2021|54.0|33205220000NB|14.68|15.97|LAST_OVERLAY_THICKNESS|2.0||
12/31/2021|54.0|33205220000NB|12.67|13.11|LAST_OVERLAY_THICKNESS|2.0||
12/31/2021|54.0|33205220000NB|6.35|7.81|LAST_OVERLAY_THICKNESS|2.0||
12/31/2021|54.0|33205220000NB|0.0|6.35|LAST_OVERLAY_THICKNESS|2.0||
12/31/2021|54.0|3330009000000|31.29|33.3|LAST_OVERLAY_THICKNESS|2.0||
12/31/2021|54.0|3330009000000|26.67|29.17|LAST_OVERLAY_THICKNESS|2.0||
12/31/2021|54.0|2930972000000|1.48|2.19|LAST_OVERLAY_THICKNESS|2.0||
12/31/2021|54.0|2930972000000|0.0|1.48|LAST_OVERLAY_THICKNESS|2.0||
12/31/2021|54.0|29202200000NB|13.78|13.96|LAST_OVERLAY_THICKNESS|2.0||
12/31/2021|54.0|29202200000NB|12.61|13.26|LAST_OVERLAY_THICKNESS|1.0||
12/31/2021|54.0|2930093000000|0.0|3.42|LAST_OVERLAY_THICKNESS|1.5||
12/31/2021|54.0|29200500000EB|8.0|10.56|LAST_OVERLAY_THICKNESS|2.0||
12/31/2021|54.0|2940046040000|4.532|4.93|LAST_OVERLAY_THICKNESS|1.5||
12/31/2021|54.0|2930046000000|19.82|19.94|LAST_OVERLAY_THICKNESS|2.0||
12/31/2021|54.0|2930046000000|15.38|16.59|LAST_OVERLAY_THICKNESS|1.5||
12/31/2021|54.0|2930028000100|2.42|2.63|LAST_OVERLAY_THICKNESS|1.5||
12/31/2021|54.0|2930028000100|2.05|2.31|LAST_OVERLAY_THICKNESS|1.5||
12/31/2021|54.0|2930028000100|1.03|2.05|LAST_OVERLAY_THICKNESS|1.5||
12/31/2021|54.0|2930028000100|0.54|1.03|LAST_OVERLAY_THICKNESS|1.5||
12/31/2021|54.0|2930028000100|0.0|0.54|LAST_OVERLAY_THICKNESS|1.5||
12/31/2021|54.0|2940028010000|1.19|2.14|LAST_OVERLAY_THICKNESS|2.0||
12/31/2021|54.0|2940028010000|0.1|1.09|LAST_OVERLAY_THICKNESS|2.0||
12/31/2021|54.0|2940028010000|0.0|0.1|LAST_OVERLAY_THICKNESS|2.0||
12/31/2021|54.0|2930028000000|12.86|13.545|LAST_OVERLAY_THICKNESS|2.0||
12/31/2021|54.0|2930028000000|11.93|12.86|LAST_OVERLAY_THICKNESS|2.0||
12/31/2021|54.0|2930028000000|7.69|9.22|LAST_OVERLAY_THICKNESS|2.0||
12/31/2021|54.0|2940014000000|4.19|4.6|LAST_OVERLAY_THICKNESS|1.5||
12/31/2021|54.0|2940008000000|0.0|0.24|LAST_OVERLAY_THICKNESS|2.0||
12/31/2021|54.0|2930028000000|11.868|11.93|LAST_OVERLAY_THICKNESS|2.0||
12/31/2021|54.0|1940340180000|0.64|1.24|LAST_OVERLAY_THICKNESS|2.0||
12/31/2021|54.0|19203400000NB|14.86|15.31|LAST_OVERLAY_THICKNESS|2.0||
12/31/2021|54.0|19203400000NB|14.66|14.86|LAST_OVERLAY_THICKNESS|2.0||
12/31/2021|54.0|19203400000NB|13.26|13.82|LAST_OVERLAY_THICKNESS|2.0||
12/31/2021|54.0|19203400000NB|12.88|13.26|LAST_OVERLAY_THICKNESS|2.0||
12/31/2021|54.0|19203400000NB|11.9|12.047|LAST_OVERLAY_THICKNESS|2.0||
12/31/2021|54.0|19203400000NB|10.41|11.86|LAST_OVERLAY_THICKNESS|2.0||
12/31/2021|54.0|19203400000NB|9.55|10.41|LAST_OVERLAY_THICKNESS|2.0||
12/31/2021|54.0|1930115000000|1.59|4.09|LAST_OVERLAY_THICKNESS|1.5||
12/31/2021|54.0|1930115000000|0.64|1.15|LAST_OVERLAY_THICKNESS|2.0||
12/31/2021|54.0|1930115000000|0.0|0.22|LAST_OVERLAY_THICKNESS|2.0||
12/31/2021|54.0|1940029000000|0.0|1.26|LAST_OVERLAY_THICKNESS|2.0||
12/31/2021|54.0|1940017040000|0.63|0.92|LAST_OVERLAY_THICKNESS|2.0||
12/31/2021|54.0|1940016000000|0.0|0.417|LAST_OVERLAY_THICKNESS|2.0||
12/31/2021|54.0|1940003000000|2.02|2.36|LAST_OVERLAY_THICKNESS|2.0||
12/31/2021|54.0|1940003000000|1.82|2.02|LAST_OVERLAY_THICKNESS|2.0||
12/31/2021|54.0|1940003000000|1.403|1.82|LAST_OVERLAY_THICKNESS|2.0||
12/31/2021|54.0|16202200000NB|11.8|12.96|LAST_OVERLAY_THICKNESS|1.0||
12/31/2021|54.0|16202200000NB|10.7|11.7|LAST_OVERLAY_THICKNESS|2.0||
12/31/2021|54.0|16202200000NB|10.0|10.53|LAST_OVERLAY_THICKNESS|2.0||
12/31/2021|54.0|1630055000000|35.57|36.3|LAST_OVERLAY_THICKNESS|2.0||
12/31/2021|54.0|16202200000NB|10.53|10.69|LAST_OVERLAY_THICKNESS|2.0||
12/31/2021|54.0|1640010000000|4.6|5.8|LAST_OVERLAY_THICKNESS|2.0||
12/31/2021|54.0|1640007000000|5.61|6.0|LAST_OVERLAY_THICKNESS|2.0||
12/31/2021|54.0|1640007000000|19.2|20.5|LAST_OVERLAY_THICKNESS|1.5||
12/31/2021|54.0|14200500000EB|29.25|30.33|LAST_OVERLAY_THICKNESS|2.0||
12/31/2021|54.0|14200500000EB|15.88|16.97|LAST_OVERLAY_THICKNESS|2.0||
12/31/2021|54.0|14200500000EB|13.37|14.67|LAST_OVERLAY_THICKNESS|2.0||
12/31/2021|54.0|14200500000EB|8.56|8.92|LAST_OVERLAY_THICKNESS|2.0||
12/31/2021|54.0|14200500000EB|7.48|7.98|LAST_OVERLAY_THICKNESS|2.0||
12/31/2021|54.0|1430028000000|16.47|22.27|LAST_OVERLAY_THICKNESS|1.5||
12/31/2021|54.0|12202200000NB|4.41|5.14|LAST_OVERLAY_THICKNESS|2.0||
12/31/2021|54.0|1230093000000|15.85|18.046|LAST_OVERLAY_THICKNESS|2.0||
12/31/2021|54.0|1230093000000|13.45|15.85|LAST_OVERLAY_THICKNESS|2.0||
12/31/2021|54.0|1230093000000|9.71|13.45|LAST_OVERLAY_THICKNESS|2.0||
12/31/2021|54.0|1230093000000|9.6|9.71|LAST_OVERLAY_THICKNESS|2.0||
12/31/2021|54.0|1230093000000|3.77|4.05|LAST_OVERLAY_THICKNESS|2.0||
12/31/2021|54.0|1230093000000|2.36|2.98|LAST_OVERLAY_THICKNESS|2.0||
12/31/2021|54.0|1230042000000|21.78|22.74|LAST_OVERLAY_THICKNESS|2.0||
12/31/2021|54.0|1230042000000|16.97|21.26|LAST_OVERLAY_THICKNESS|2.0||
12/31/2021|54.0|1230028000000|13.03|13.38|LAST_OVERLAY_THICKNESS|2.0||
12/31/2021|54.0|1230028000000|8.23|12.58|LAST_OVERLAY_THICKNESS|1.5||
12/31/2021|54.0|1230028000000|3.35|4.76|LAST_OVERLAY_THICKNESS|1.5||
12/31/2021|54.0|0230901000000|4.86|5.44|LAST_OVERLAY_THICKNESS|2.0||
12/31/2021|54.0|02100810000NB|24.53|26.0|LAST_OVERLAY_THICKNESS|2.0||
12/31/2021|54.0|02100810000NB|23.46|24.53|LAST_OVERLAY_THICKNESS|2.0||
12/31/2021|54.0|02100810000NB|23.0|23.46|LAST_OVERLAY_THICKNESS|2.0||
12/31/2021|54.0|02100810000NB|20.37|23.0|LAST_OVERLAY_THICKNESS|2.0||
12/31/2021|54.0|02100810000NB|18.13|20.37|LAST_OVERLAY_THICKNESS|2.0||
12/31/2021|54.0|02100810000NB|17.3|18.13|LAST_OVERLAY_THICKNESS|2.0||
12/31/2021|54.0|02100810000NB|16.23|17.3|LAST_OVERLAY_THICKNESS|2.0||
12/31/2021|54.0|02100810000NB|15.95|16.23|LAST_OVERLAY_THICKNESS|2.0||
12/31/2021|54.0|02100810000NB|15.62|15.95|LAST_OVERLAY_THICKNESS|2.0||
12/31/2021|54.0|02100810000NB|15.22|15.62|LAST_OVERLAY_THICKNESS|2.0||
12/31/2021|54.0|02100810000NB|14.26|15.22|LAST_OVERLAY_THICKNESS|2.0||
12/31/2021|54.0|02100810000NB|13.54|14.26|LAST_OVERLAY_THICKNESS|2.0||
12/31/2021|54.0|02100810000NB|11.63|13.54|LAST_OVERLAY_THICKNESS|2.0||
12/31/2021|54.0|02100810000NB|6.27|11.63|LAST_OVERLAY_THICKNESS|2.0||
12/31/2021|54.0|02100810000NB|1.39|6.27|LAST_OVERLAY_THICKNESS|2.0||
12/31/2021|54.0|02100810000NB|0.0|1.39|LAST_OVERLAY_THICKNESS|2.0||
12/31/2021|54.0|0240051070000|2.28|3.56|LAST_OVERLAY_THICKNESS|2.0||
12/31/2021|54.0|0230051000000|4.54|4.58|LAST_OVERLAY_THICKNESS|2.0||
12/31/2021|54.0|0230051000000|4.13|4.54|LAST_OVERLAY_THICKNESS|2.0||
12/31/2021|54.0|0230051000000|2.841|4.13|LAST_OVERLAY_THICKNESS|2.0||
12/31/2021|54.0|0230051000000|1.87|2.841|LAST_OVERLAY_THICKNESS|2.0||
12/31/2021|54.0|0230051000000|5.4|8.591|LAST_OVERLAY_THICKNESS|2.0||
12/31/2021|54.0|0230045000000|19.08|19.61|LAST_OVERLAY_THICKNESS|2.0||
12/31/2021|54.0|0230045000000|17.53|18.23|LAST_OVERLAY_THICKNESS|2.0||
12/31/2021|54.0|0230045000000|14.85|15.31|LAST_OVERLAY_THICKNESS|2.0||
12/31/2021|54.0|0230045000000|14.52|14.85|LAST_OVERLAY_THICKNESS|2.0||
12/31/2021|54.0|0230045000000|14.39|14.52|LAST_OVERLAY_THICKNESS|2.0||
12/31/2021|54.0|0240034030000|0.0|1.01|LAST_OVERLAY_THICKNESS|2.0||
12/31/2021|54.0|0240032000000|1.565|2.15|LAST_OVERLAY_THICKNESS|2.0||
12/31/2021|54.0|0240032000000|1.26|1.565|LAST_OVERLAY_THICKNESS|2.0||
12/31/2021|54.0|0240030000000|4.175|4.37|LAST_OVERLAY_THICKNESS|2.0||
12/31/2021|54.0|0240019000000|3.438|4.04|LAST_OVERLAY_THICKNESS|2.0||
12/31/2021|54.0|0240019000000|1.55|3.438|LAST_OVERLAY_THICKNESS|2.0||
12/31/2021|54.0|0240015000000|2.78|3.06|LAST_OVERLAY_THICKNESS|2.0||
12/31/2021|54.0|0240013000000|2.75|3.716|LAST_OVERLAY_THICKNESS|2.0||
12/31/2021|54.0|0240013000000|1.03|1.5|LAST_OVERLAY_THICKNESS|2.0||
12/31/2021|54.0|0240012000000|0.0|1.29|LAST_OVERLAY_THICKNESS|2.0||
12/31/2021|54.0|0240011370000|0.0|0.23|LAST_OVERLAY_THICKNESS|1.0||
12/31/2021|54.0|0240011330000|0.0|0.26|LAST_OVERLAY_THICKNESS|1.5||
12/31/2021|54.0|0240011240000|0.0|0.85|LAST_OVERLAY_THICKNESS|2.0||
12/31/2021|54.0|0240011190000|0.0|0.31|LAST_OVERLAY_THICKNESS|1.5||
12/31/2021|54.0|0240011130000|0.41|0.55|LAST_OVERLAY_THICKNESS|1.5||
12/31/2021|54.0|0240010010000|0.0|0.69|LAST_OVERLAY_THICKNESS|2.0||
12/31/2021|54.0|0230009000000|7.584|9.95|LAST_OVERLAY_THICKNESS|1.5||
12/31/2021|54.0|0230009000000|6.381|6.47|LAST_OVERLAY_THICKNESS|1.5||
12/31/2021|54.0|0230009000000|15.79|16.09|LAST_OVERLAY_THICKNESS|1.0||
12/31/2021|54.0|0230009000000|15.57|15.79|LAST_OVERLAY_THICKNESS|1.0||
12/31/2021|54.0|0230009000000|14.55|14.9|LAST_OVERLAY_THICKNESS|1.0||
12/31/2021|54.0|0230009000000|10.84|11.15|LAST_OVERLAY_THICKNESS|2.0||
12/31/2021|54.0|0230009000000|10.52|10.84|LAST_OVERLAY_THICKNESS|1.5||
12/31/2021|54.0|0230009000000|6.47|7.58|LAST_OVERLAY_THICKNESS|1.5||
12/31/2021|54.0|0230009000000|6.17|6.27|LAST_OVERLAY_THICKNESS|1.5||
12/31/2021|54.0|0230009000000|0.35|2.2|LAST_OVERLAY_THICKNESS|2.0||
12/31/2021|54.0|0230045000000|13.355|13.76|LAST_OVERLAY_THICKNESS|2.0||
12/31/2021|54.0|0240032000000|0.0|1.26|LAST_OVERLAY_THICKNESS|2.0||
12/31/2021|54.0|0240001000000|8.14|9.32|LAST_OVERLAY_THICKNESS|1.5||
12/31/2021|54.0|0540001000000|1.07|1.34|LAST_OVERLAY_THICKNESS|3.0||
12/31/2021|54.0|0540001000000|3.26|4.01|LAST_OVERLAY_THICKNESS|0.5||
12/31/2021|54.0|0540001000000|4.01|4.8|LAST_OVERLAY_THICKNESS|0.5||
12/31/2021|54.0|0530002000000|6.8|7.06|LAST_OVERLAY_THICKNESS|2.0||
12/31/2021|54.0|0530002000000|7.06|7.47|LAST_OVERLAY_THICKNESS|2.0||
12/31/2021|54.0|0530002000000|7.59|8.67|LAST_OVERLAY_THICKNESS|3.0||
12/31/2021|54.0|0530002000000|10.14|10.72|LAST_OVERLAY_THICKNESS|1.5||
12/31/2021|54.0|0530002000000|12.63|13.08|LAST_OVERLAY_THICKNESS|1.5||
12/31/2021|54.0|0530002000000|15.75|16.16|LAST_OVERLAY_THICKNESS|1.5||
12/31/2021|54.0|0530002000000|3.33|3.88|LAST_OVERLAY_THICKNESS|1.0||
12/31/2021|54.0|0540002010000|0.0|0.13|LAST_OVERLAY_THICKNESS|3.0||
12/31/2021|54.0|0540002010000|0.13|1.03|LAST_OVERLAY_THICKNESS|3.0||
12/31/2021|54.0|0540007010000|0.0|0.84|LAST_OVERLAY_THICKNESS|3.0||
12/31/2021|54.0|0540007010000|0.84|1.99|LAST_OVERLAY_THICKNESS|3.0||
12/31/2021|54.0|0540013000000|0.0|0.14|LAST_OVERLAY_THICKNESS|2.0||
12/31/2021|54.0|0540014000000|2.43|3.45|LAST_OVERLAY_THICKNESS|3.0||
12/31/2021|54.0|0540027040000|0.0|0.13|LAST_OVERLAY_THICKNESS|3.0||
12/31/2021|54.0|0540027040000|0.44|0.84|LAST_OVERLAY_THICKNESS|3.0||
12/31/2021|54.0|1530002000000|0.0|0.1|LAST_OVERLAY_THICKNESS|3.0||
12/31/2021|54.0|1530002000000|0.1|0.28|LAST_OVERLAY_THICKNESS|3.0||
12/31/2021|54.0|1530002000000|1.49|2.3|LAST_OVERLAY_THICKNESS|3.0||
12/31/2021|54.0|1530002000000|2.3|2.66|LAST_OVERLAY_THICKNESS|3.0||
12/31/2021|54.0|1530002000000|2.66|3.03|LAST_OVERLAY_THICKNESS|3.0||
12/31/2021|54.0|1530002000000|4.69|6.69|LAST_OVERLAY_THICKNESS|3.0||
12/31/2021|54.0|1530002000000|10.8|11.14|LAST_OVERLAY_THICKNESS|1.0||
12/31/2021|54.0|1530002000000|11.14|11.45|LAST_OVERLAY_THICKNESS|1.0||
12/31/2021|54.0|1530002000000|12.89|13.84|LAST_OVERLAY_THICKNESS|1.0||
12/31/2021|54.0|1530002000000|16.52|17.44|LAST_OVERLAY_THICKNESS|3.0||
12/31/2021|54.0|1530002000000|17.55|18.12|LAST_OVERLAY_THICKNESS|3.0||
12/31/2021|54.0|1530002000000|19.71|20.25|LAST_OVERLAY_THICKNESS|3.0||
12/31/2021|54.0|1540003060000|2.171|2.32|LAST_OVERLAY_THICKNESS|3.0||
12/31/2021|54.0|1530105000000|4.14|4.26|LAST_OVERLAY_THICKNESS|3.0||
12/31/2021|54.0|1540011000000|0.0|2.31|LAST_OVERLAY_THICKNESS|1.5||
12/31/2021|54.0|1540011000000|2.31|2.9|LAST_OVERLAY_THICKNESS|1.5||
12/31/2021|54.0|1540011020000|0.0|0.57|LAST_OVERLAY_THICKNESS|3.0||
12/31/2021|54.0|1540011020000|0.57|2.75|LAST_OVERLAY_THICKNESS|3.0||
12/31/2021|54.0|1540011030000|0.06|0.352|LAST_OVERLAY_THICKNESS|1.5||
12/31/2021|54.0|1540013000000|0.0|0.2|LAST_OVERLAY_THICKNESS|2.0||
12/31/2021|54.0|1540013000000|0.2|0.5|LAST_OVERLAY_THICKNESS|2.0||
12/31/2021|54.0|1540015000000|0.0|1.44|LAST_OVERLAY_THICKNESS|4.5||
12/31/2021|54.0|1530105000000|0.38|1.14|LAST_OVERLAY_THICKNESS|2.0||
12/31/2021|54.0|1530105000000|1.14|3.27|LAST_OVERLAY_THICKNESS|2.0||
12/31/2021|54.0|1530105000000|3.27|4.14|LAST_OVERLAY_THICKNESS|0.5||
12/31/2021|54.0|1530105000000|4.26|4.58|LAST_OVERLAY_THICKNESS|3.0||
12/31/2021|54.0|1530105000000|4.58|4.82|LAST_OVERLAY_THICKNESS|0.5||
12/31/2021|54.0|2640001000000|0.0|0.44|LAST_OVERLAY_THICKNESS|1.5||
12/31/2021|54.0|2640001000000|0.49|0.6|LAST_OVERLAY_THICKNESS|1.5||
12/31/2021|54.0|2640001000000|0.6|1.209|LAST_OVERLAY_THICKNESS|1.5||
12/31/2021|54.0|2630002000000|10.22|11.92|LAST_OVERLAY_THICKNESS|3.0||
12/31/2021|54.0|2630002000000|13.46|13.89|LAST_OVERLAY_THICKNESS|3.0||
12/31/2021|54.0|2630002000000|18.24|18.76|LAST_OVERLAY_THICKNESS|1.5||
12/31/2021|54.0|2640034000000|1.15|1.61|LAST_OVERLAY_THICKNESS|1.5||
12/31/2021|54.0|2640054000000|7.086|7.71|LAST_OVERLAY_THICKNESS|3.0||
12/31/2021|54.0|3530002000000|2.36|2.84|LAST_OVERLAY_THICKNESS|2.0||
12/31/2021|54.0|3530002000000|5.81|7.04|LAST_OVERLAY_THICKNESS|1.5||
12/31/2021|54.0|3530002000000|7.57|8.08|LAST_OVERLAY_THICKNESS|1.5||
12/31/2021|54.0|3530002000000|8.22|8.5|LAST_OVERLAY_THICKNESS|1.5||
12/31/2021|54.0|3540004000000|1.92|2.19|LAST_OVERLAY_THICKNESS|1.5||
12/31/2021|54.0|35200400000EB|2.81|2.83|LAST_OVERLAY_THICKNESS|2.0||
12/31/2021|54.0|3540007000000|0.0|0.44|LAST_OVERLAY_THICKNESS|1.5||
12/31/2021|54.0|35100700000EB|11.761|14.45|LAST_OVERLAY_THICKNESS|1.0||
12/31/2021|54.0|3540013000000|0.0|0.99|LAST_OVERLAY_THICKNESS|3.0||
12/31/2021|54.0|3540015010000|2.48|2.77|LAST_OVERLAY_THICKNESS|1.5||
12/31/2021|54.0|3540017000000|0.27|0.95|LAST_OVERLAY_THICKNESS|3.0||
12/31/2021|54.0|3540018030000|0.0|0.61|LAST_OVERLAY_THICKNESS|1.0||
12/31/2021|54.0|3540018030000|0.61|1.15|LAST_OVERLAY_THICKNESS|2.0||
12/31/2021|54.0|3540018030000|1.75|2.03|LAST_OVERLAY_THICKNESS|2.0||
12/31/2021|54.0|3540039000000|0.01|0.42|LAST_OVERLAY_THICKNESS|3.0||
12/31/2021|54.0|3540039000000|0.42|1.56|LAST_OVERLAY_THICKNESS|3.0||
12/31/2021|54.0|3540039000000|1.56|2.05|LAST_OVERLAY_THICKNESS|3.0||
12/31/2021|54.0|35200400000EB|2.83|3.24|LAST_OVERLAY_THICKNESS|2.0||
12/31/2021|54.0|35200400000EB|3.44|3.91|LAST_OVERLAY_THICKNESS|2.0||
12/31/2021|54.0|35200400000EB|4.32|5.42|LAST_OVERLAY_THICKNESS|2.0||
12/31/2021|54.0|35200400000EB|5.42|5.93|LAST_OVERLAY_THICKNESS|2.0||
12/31/2021|54.0|35200400000EB|7.1|7.44|LAST_OVERLAY_THICKNESS|2.0||
12/31/2021|54.0|35200400000EB|8.5|8.88|LAST_OVERLAY_THICKNESS|2.0||
12/31/2021|54.0|35200400000EB|2.102|2.71|LAST_OVERLAY_THICKNESS|3.0||
12/31/2021|54.0|35200400000EB|8.06|8.26|LAST_OVERLAY_THICKNESS|2.0||
12/31/2021|54.0|3540040010000|0.85|1.08|LAST_OVERLAY_THICKNESS|1.5||
12/31/2021|54.0|4830002000000|12.02|13.02|LAST_OVERLAY_THICKNESS|3.0||
12/31/2021|54.0|4830002000000|10.25|12.02|LAST_OVERLAY_THICKNESS|3.0||
12/31/2021|54.0|4830002000000|9.93|10.25|LAST_OVERLAY_THICKNESS|3.0||
12/31/2021|54.0|4830002000000|4.9|6.65|LAST_OVERLAY_THICKNESS|2.0||
12/31/2021|54.0|4830002000000|2.84|4.64|LAST_OVERLAY_THICKNESS|2.0||
12/31/2021|54.0|5230002000000|11.75|12.12|LAST_OVERLAY_THICKNESS|1.0||
12/31/2021|54.0|5230002000000|8.6|9.24|LAST_OVERLAY_THICKNESS|2.0||
12/31/2021|54.0|5230002000000|8.35|8.6|LAST_OVERLAY_THICKNESS|2.0||
12/31/2021|54.0|5230002000000|7.29|7.84|LAST_OVERLAY_THICKNESS|2.0||
12/31/2021|54.0|5230002000000|6.95|7.09|LAST_OVERLAY_THICKNESS|2.0||
12/31/2021|54.0|5230002000000|6.08|6.5|LAST_OVERLAY_THICKNESS|2.0||
12/31/2021|54.0|5230002000000|5.69|6.08|LAST_OVERLAY_THICKNESS|2.0||
12/31/2021|54.0|5230002000000|5.29|5.69|LAST_OVERLAY_THICKNESS|1.5||
12/31/2021|54.0|5230002000000|4.21|4.442|LAST_OVERLAY_THICKNESS|1.5||
12/31/2021|54.0|5230007000000|2.0|2.55|LAST_OVERLAY_THICKNESS|1.0||
12/31/2021|54.0|0540507020000|0.0|1.22|LAST_OVERLAY_THICKNESS|2.0||
12/31/2021|54.0|0530027000100|0.4|0.96|LAST_OVERLAY_THICKNESS|1.0||
12/31/2021|54.0|2640088120000|0.37|0.52|LAST_OVERLAY_THICKNESS|1.5||
12/31/2021|54.0|26202500000NB|0.0|3.56|LAST_OVERLAY_THICKNESS|0.5||
12/31/2021|54.0|26202500000NB|3.56|4.01|LAST_OVERLAY_THICKNESS|0.5||
12/31/2021|54.0|26202500000NB|4.01|4.62|LAST_OVERLAY_THICKNESS|0.5||
12/31/2021|54.0|26202500000NB|4.65|7.1|LAST_OVERLAY_THICKNESS|0.5||
12/31/2021|54.0|26202500000NB|11.65|12.35|LAST_OVERLAY_THICKNESS|1.0||
12/31/2021|54.0|26202500000NB|12.47|13.37|LAST_OVERLAY_THICKNESS|1.0||
12/31/2021|54.0|26202500000NB|13.4|15.31|LAST_OVERLAY_THICKNESS|1.5||
12/31/2021|54.0|26202500000NB|23.89|24.64|LAST_OVERLAY_THICKNESS|1.0||
12/31/2021|54.0|26202500000NB|31.63|31.73|LAST_OVERLAY_THICKNESS|2.0||
12/31/2021|54.0|35100700000EB|5.37|5.93|LAST_OVERLAY_THICKNESS|1.0||
12/31/2021|54.0|35100700000EB|5.93|6.9|LAST_OVERLAY_THICKNESS|1.0||
12/31/2021|54.0|35100700000EB|6.9|8.07|LAST_OVERLAY_THICKNESS|1.0||
12/31/2021|54.0|35100700000EB|8.07|10.75|LAST_OVERLAY_THICKNESS|1.0||
12/31/2021|54.0|35100700000EB|10.75|11.06|LAST_OVERLAY_THICKNESS|1.0||
12/31/2021|54.0|35100700000EB|11.06|11.761|LAST_OVERLAY_THICKNESS|1.0||
12/31/2021|54.0|3530088000000|7.12|7.47|LAST_OVERLAY_THICKNESS|1.5||
12/31/2021|54.0|3530088000000|7.77|8.5|LAST_OVERLAY_THICKNESS|1.5||
12/31/2021|54.0|35104700000EB|0.0|0.98|LAST_OVERLAY_THICKNESS|1.5||
12/31/2021|54.0|35104700000EB|0.98|2.25|LAST_OVERLAY_THICKNESS|1.5||
12/31/2021|54.0|35104700000EB|2.25|3.94|LAST_OVERLAY_THICKNESS|1.5||
12/31/2021|54.0|52202500000NB|9.63|11.07|LAST_OVERLAY_THICKNESS|3.0||
12/31/2021|54.0|52202500000NB|9.2|9.63|LAST_OVERLAY_THICKNESS|3.0||
12/31/2021|54.0|52202500000NB|8.68|9.05|LAST_OVERLAY_THICKNESS|1.0||
12/31/2021|54.0|52202500000NB|8.1|8.64|LAST_OVERLAY_THICKNESS|1.0||
12/31/2021|54.0|52202500000NB|7.02|7.97|LAST_OVERLAY_THICKNESS|3.0||
12/31/2021|54.0|52202500000NB|5.54|6.88|LAST_OVERLAY_THICKNESS|1.0||
12/31/2021|54.0|11200330000EB|22.28|25.09|LAST_OVERLAY_THICKNESS|1.0||
12/31/2021|54.0|04100790000NB|53.27|54.18|LAST_OVERLAY_THICKNESS|9.0||
12/31/2021|54.0|0140030000000|6.14|6.83|LAST_OVERLAY_THICKNESS|1.5||
12/31/2021|54.0|04100790000NB|54.18|57.51|LAST_OVERLAY_THICKNESS|1.5||
12/31/2021|54.0|1140007000000|6.97|8.67|LAST_OVERLAY_THICKNESS|1.5||
12/31/2021|54.0|04100790000NB|49.73|50.35|LAST_OVERLAY_THICKNESS|9.0||
12/31/2021|54.0|0130076000000|1.75|6.62|LAST_OVERLAY_THICKNESS|1.5||
12/31/2021|54.0|11200330000EB|18.2|19.62|LAST_OVERLAY_THICKNESS|1.5||
12/31/2021|54.0|04100790000NB|69.32|70.83|LAST_OVERLAY_THICKNESS|9.0||
12/31/2021|54.0|0140010000000|7.41|8.63|LAST_OVERLAY_THICKNESS|1.5||
12/31/2021|54.0|04100790000NB|67.52|69.32|LAST_OVERLAY_THICKNESS|9.0||
12/31/2021|54.0|04100790000NB|78.41|79.08|LAST_OVERLAY_THICKNESS|0.75||
12/31/2021|54.0|04100790000NB|63.46|64.83|LAST_OVERLAY_THICKNESS|1.5||
12/31/2021|54.0|11200330000EB|19.62|22.18|LAST_OVERLAY_THICKNESS|1.0||
12/31/2021|54.0|04100790000NB|79.08|83.15|LAST_OVERLAY_THICKNESS|1.5||
12/31/2021|54.0|01201190000NB|10.66|11.5|LAST_OVERLAY_THICKNESS|1.0||
12/31/2021|54.0|11200330000EB|2.2|6.44|LAST_OVERLAY_THICKNESS|1.5||
12/31/2021|54.0|04100790000NB|70.83|78.41|LAST_OVERLAY_THICKNESS|0.75||
12/31/2021|54.0|04100790000NB|64.83|67.52|LAST_OVERLAY_THICKNESS|9.0||
12/31/2021|54.0|11200330000EB|1.39|1.96|LAST_OVERLAY_THICKNESS|1.5||
12/31/2021|54.0|04100790000NB|61.47|62.04|LAST_OVERLAY_THICKNESS|9.0||
12/31/2021|54.0|11200330000EB|25.09|26.73|LAST_OVERLAY_THICKNESS|1.0||
12/31/2021|54.0|04100790000NB|51.61|52.61|LAST_OVERLAY_THICKNESS|9.0||
12/31/2021|54.0|0130092000000|8.64|10.73|LAST_OVERLAY_THICKNESS|3.0||
12/31/2021|54.0|1130005000000|10.83|12.51|LAST_OVERLAY_THICKNESS|1.5||
12/31/2021|54.0|0140024000000|2.79|4.74|LAST_OVERLAY_THICKNESS|1.5||
12/31/2021|54.0|0130038000000|0.43|2.43|LAST_OVERLAY_THICKNESS|1.5||
12/31/2021|54.0|04100790000NB|57.51|59.0|LAST_OVERLAY_THICKNESS|9.0||
12/31/2021|54.0|04100790000NB|46.22|49.73|LAST_OVERLAY_THICKNESS|9.0||
12/31/2021|54.0|04100790000NB|62.04|63.46|LAST_OVERLAY_THICKNESS|1.5||
12/31/2021|54.0|01201190000NB|6.95|9.29|LAST_OVERLAY_THICKNESS|1.5||
12/31/2021|54.0|0130020000000|0.0|2.15|LAST_OVERLAY_THICKNESS|1.5||
12/31/2021|54.0|04100790000NB|50.35|51.61|LAST_OVERLAY_THICKNESS|9.0||
12/31/2021|54.0|0140024000000|1.64|2.79|LAST_OVERLAY_THICKNESS|1.5||
12/31/2021|54.0|0140046010000|0.0|1.62|LAST_OVERLAY_THICKNESS|2.0||
12/31/2021|54.0|0130038000000|5.53|6.31|LAST_OVERLAY_THICKNESS|1.5||
12/31/2021|54.0|04100790000NB|59.0|61.47|LAST_OVERLAY_THICKNESS|9.0||
12/31/2021|54.0|04200190000NB|26.57|27.64|LAST_OVERLAY_THICKNESS|1.5||
12/31/2021|54.0|1140009000000|0.0|3.41|LAST_OVERLAY_THICKNESS|1.5||
12/31/2021|54.0|04100790000NB|44.6|46.22|LAST_OVERLAY_THICKNESS|2.0||
12/31/2021|54.0|04100790000NB|52.61|53.27|LAST_OVERLAY_THICKNESS|9.0||
12/31/2021|54.0|0140006000000|0.11|3.13|LAST_OVERLAY_THICKNESS|1.5||
12/31/2021|54.0|21200330000EB|20.19|21.03|LAST_OVERLAY_THICKNESS|1.5||
12/31/2021|54.0|21200330000EB|17.59|17.96|LAST_OVERLAY_THICKNESS|1.5||
12/31/2021|54.0|21100790000NB|104.15|104.69|LAST_OVERLAY_THICKNESS|1.5||
12/31/2021|54.0|2140013000000|0.0|0.4|LAST_OVERLAY_THICKNESS|1.5||
12/31/2021|54.0|21100790000NB|100.39|101.69|LAST_OVERLAY_THICKNESS|2.0||
12/31/2021|54.0|21100790000NB|101.69|104.15|LAST_OVERLAY_THICKNESS|1.5||
12/31/2021|54.0|21200330000EB|22.25|22.84|LAST_OVERLAY_THICKNESS|1.5||
12/31/2021|54.0|21200330000EB|16.0|16.23|LAST_OVERLAY_THICKNESS|1.5||
12/31/2021|54.0|21100790000NB|104.69|106.42|LAST_OVERLAY_THICKNESS|1.5||
12/31/2021|54.0|21100790000NB|83.55|87.45|LAST_OVERLAY_THICKNESS|4.0||
12/31/2021|54.0|2140015000000|2.36|4.01|LAST_OVERLAY_THICKNESS|1.5||
12/31/2021|54.0|21200330000EB|19.84|20.19|LAST_OVERLAY_THICKNESS|1.5||
12/31/2021|54.0|21200330000EB|21.25|22.25|LAST_OVERLAY_THICKNESS|1.5||
12/31/2021|54.0|49200330000EB|5.37|7.192|LAST_OVERLAY_THICKNESS|1.5||
12/31/2021|54.0|4940016000000|9.05|9.51|LAST_OVERLAY_THICKNESS|1.5||
12/31/2021|54.0|4940012000000|0.85|1.53|LAST_OVERLAY_THICKNESS|1.0||
12/31/2021|54.0|49200330000EB|4.0|4.35|LAST_OVERLAY_THICKNESS|1.5||
12/31/2021|54.0|4940007000000|0.22|0.423|LAST_OVERLAY_THICKNESS|1.5||
12/31/2021|54.0|4940012000000|5.08|5.29|LAST_OVERLAY_THICKNESS|1.5||
12/31/2021|54.0|4940151000000|1.13|1.6|LAST_OVERLAY_THICKNESS|1.5||
12/31/2021|54.0|49201190000NB|5.38|5.6|LAST_OVERLAY_THICKNESS|1.5||
12/31/2021|54.0|4930020000000|22.87|23.54|LAST_OVERLAY_THICKNESS|1.5||
12/31/2021|54.0|5130015000000|6.3|8.48|LAST_OVERLAY_THICKNESS|1.5||
12/31/2021|54.0|4940151000000|0.34|0.64|LAST_OVERLAY_THICKNESS|1.5||
12/31/2021|54.0|49200330000EB|2.51|4.0|LAST_OVERLAY_THICKNESS|1.5||
12/31/2021|54.0|49200330000EB|1.22|2.51|LAST_OVERLAY_THICKNESS|1.5||
12/31/2021|54.0|4940012000000|2.57|4.26|LAST_OVERLAY_THICKNESS|1.5||
12/31/2021|54.0|4940009010000|0.0|0.97|LAST_OVERLAY_THICKNESS|1.5||
12/31/2021|54.0|4940012000000|1.53|2.57|LAST_OVERLAY_THICKNESS|1.0||
12/31/2021|54.0|5140003000000|8.08|10.38|LAST_OVERLAY_THICKNESS|2.0||
12/31/2021|54.0|4940001000000|2.28|3.17|LAST_OVERLAY_THICKNESS|1.5||
12/31/2021|54.0|3630028000000|24.07|25.57|LAST_OVERLAY_THICKNESS|2.0||
12/31/2021|54.0|42202500000NB|9.71|12.45|LAST_OVERLAY_THICKNESS|1.5||
12/31/2021|54.0|4730032000000|16.09|16.45|LAST_OVERLAY_THICKNESS|1.5||
12/31/2021|54.0|38202190000NB|26.37|29.12|LAST_OVERLAY_THICKNESS|1.5||
12/31/2021|54.0|42202190000NB|17.4|19.15|LAST_OVERLAY_THICKNESS|2.0||
12/31/2021|54.0|4730093000000|2.34|7.42|LAST_OVERLAY_THICKNESS|12.0||
12/31/2021|54.0|38202190000NB|34.47|34.78|LAST_OVERLAY_THICKNESS|2.0||
12/31/2021|54.0|38202190000NB|0.0|3.69|LAST_OVERLAY_THICKNESS|2.0||
12/31/2021|54.0|47202190000NB|22.16|25.83|LAST_OVERLAY_THICKNESS|1.5||
12/31/2021|54.0|38202190000NB|34.79|37.89|LAST_OVERLAY_THICKNESS|2.0||
12/31/2021|54.0|42202190000NB|27.85|30.16|LAST_OVERLAY_THICKNESS|1.5||
12/31/2021|54.0|42202190000NB|8.74|9.68|LAST_OVERLAY_THICKNESS|2.0||
12/31/2021|54.0|4730032000000|14.79|16.09|LAST_OVERLAY_THICKNESS|2.0||
12/31/2021|54.0|4240011000000|2.48|2.491|LAST_OVERLAY_THICKNESS|1.0||
12/31/2021|54.0|47202190000NB|26.1|27.76|LAST_OVERLAY_THICKNESS|1.5||
12/31/2021|54.0|38202190000NB|6.01|7.15|LAST_OVERLAY_THICKNESS|1.0||
12/31/2021|54.0|3830039000000|27.78|28.08|LAST_OVERLAY_THICKNESS|2.0||
12/31/2021|54.0|42200330000EB|10.26|10.99|LAST_OVERLAY_THICKNESS|1.0||
12/31/2021|54.0|38202190000NB|4.37|6.01|LAST_OVERLAY_THICKNESS|1.0||
12/31/2021|54.0|42202190000NB|19.15|21.44|LAST_OVERLAY_THICKNESS|2.0||
12/31/2021|54.0|47202190000NB|5.57|7.37|LAST_OVERLAY_THICKNESS|2.0||
12/31/2021|54.0|36200330000EB|5.49|5.92|LAST_OVERLAY_THICKNESS|2.0||
12/31/2021|54.0|42200330000EB|9.5|9.74|LAST_OVERLAY_THICKNESS|1.5||
12/31/2021|54.0|4730032000000|0.0|3.26|LAST_OVERLAY_THICKNESS|1.5||
12/31/2021|54.0|3830092000000|0.0|5.83|LAST_OVERLAY_THICKNESS|2.0||
12/31/2021|54.0|38202190000NB|14.15|14.67|LAST_OVERLAY_THICKNESS|0.5||
12/31/2021|54.0|4272254001900|0.0|0.3|LAST_OVERLAY_THICKNESS|1.0||
12/31/2021|54.0|42202190000NB|0.0|3.24|LAST_OVERLAY_THICKNESS|1.5||
12/31/2021|54.0|42202190000NB|15.89|17.4|LAST_OVERLAY_THICKNESS|2.0||
12/31/2021|54.0|47300320005SB|0.04|0.19|LAST_OVERLAY_THICKNESS|1.5||
12/31/2021|54.0|38202190000NB|19.58|21.84|LAST_OVERLAY_THICKNESS|2.0||
12/31/2021|54.0|4240031000000|0.0|1.81|LAST_OVERLAY_THICKNESS|1.5||
12/31/2021|54.0|47202190000NB|13.1|17.49|LAST_OVERLAY_THICKNESS|0.05||
12/31/2021|54.0|4730093000000|0.15|0.91|LAST_OVERLAY_THICKNESS|12.0||
12/31/2021|54.0|47202190000NB|17.49|18.0|LAST_OVERLAY_THICKNESS|2.0||
12/31/2021|54.0|42202190000NB|21.48|21.67|LAST_OVERLAY_THICKNESS|1.5||
12/31/2021|54.0|38202190000NB|7.77|9.82|LAST_OVERLAY_THICKNESS|2.0||
12/31/2021|54.0|42202190000NB|8.55|8.74|LAST_OVERLAY_THICKNESS|1.5||
12/31/2021|54.0|38202190000NB|3.69|4.37|LAST_OVERLAY_THICKNESS|1.5||
12/31/2021|54.0|4730093000000|0.0|0.15|LAST_OVERLAY_THICKNESS|3.0||
12/31/2021|54.0|28200520000EB|0.0|0.58|LAST_OVERLAY_THICKNESS|1.5||
12/31/2021|54.0|41100640000EB|120.69|122.62|LAST_OVERLAY_THICKNESS|11.0||
12/31/2021|54.0|5530097000000|28.09|32.88|LAST_OVERLAY_THICKNESS|1.0||
12/31/2021|54.0|5530097000000|22.83|23.2|LAST_OVERLAY_THICKNESS|1.0||
12/31/2021|54.0|5530097000000|21.56|22.26|LAST_OVERLAY_THICKNESS|1.1||
12/31/2021|54.0|55200520000EB|7.65|8.34|LAST_OVERLAY_THICKNESS|1.0||
12/31/2021|54.0|55200520000EB|4.78|7.65|LAST_OVERLAY_THICKNESS|1.5||
12/31/2021|54.0|55200520000EB|0.0|1.4|LAST_OVERLAY_THICKNESS|1.0||
12/31/2021|54.0|5530016000000|10.99|11.4|LAST_OVERLAY_THICKNESS|1.5||
12/31/2021|54.0|5530016000000|6.42|8.95|LAST_OVERLAY_THICKNESS|1.5||
12/31/2021|54.0|5530016000000|1.73|3.33|LAST_OVERLAY_THICKNESS|1.1||
12/31/2021|54.0|5530010000000|24.14|24.38|LAST_OVERLAY_THICKNESS|1.0||
12/31/2021|54.0|4130307000000|7.42|8.45|LAST_OVERLAY_THICKNESS|11.0||
12/31/2021|54.0|4130307000000|4.55|5.59|LAST_OVERLAY_THICKNESS|1.5||
12/31/2021|54.0|4130210000000|1.89|2.79|LAST_OVERLAY_THICKNESS|1.5||
12/31/2021|54.0|41100640000EB|137.48|138.01|LAST_OVERLAY_THICKNESS|11.0||
12/31/2021|54.0|41100640000EB|132.84|137.48|LAST_OVERLAY_THICKNESS|11.0||
12/31/2021|54.0|41100640000EB|132.0|132.53|LAST_OVERLAY_THICKNESS|11.0||
12/31/2021|54.0|41100640000EB|126.65|127.58|LAST_OVERLAY_THICKNESS|11.0||
12/31/2021|54.0|41100640000EB|123.63|124.47|LAST_OVERLAY_THICKNESS|11.0||
12/31/2021|54.0|41100640000EB|122.71|123.18|LAST_OVERLAY_THICKNESS|11.0||
12/31/2021|54.0|4130061000000|2.604|3.29|LAST_OVERLAY_THICKNESS|1.0||
12/31/2021|54.0|4130054000000|10.14|10.33|LAST_OVERLAY_THICKNESS|1.1||
12/31/2021|54.0|4130054000000|2.48|4.86|LAST_OVERLAY_THICKNESS|1.1||
12/31/2021|54.0|4140048000000|0.0|1.9|LAST_OVERLAY_THICKNESS|1.0||
12/31/2021|54.0|4140041210000|0.0|1.63|LAST_OVERLAY_THICKNESS|1.5||
12/31/2021|54.0|4130041000000|1.99|2.19|LAST_OVERLAY_THICKNESS|1.0||
12/31/2021|54.0|4130041000000|1.85|1.99|LAST_OVERLAY_THICKNESS|1.1||
12/31/2021|54.0|4130041000000|0.0|0.71|LAST_OVERLAY_THICKNESS|1.1||
12/31/2021|54.0|4140025000000|3.7|5.9|LAST_OVERLAY_THICKNESS|2.0||
12/31/2021|54.0|41200190014NB|0.0|2.7|LAST_OVERLAY_THICKNESS|1.5||
12/31/2021|54.0|4140019030000|0.387|0.5|LAST_OVERLAY_THICKNESS|1.5||
12/31/2021|54.0|41200190000NB|16.669|16.925|LAST_OVERLAY_THICKNESS|1.0||
12/31/2021|54.0|41200190000NB|19.8|21.61|LAST_OVERLAY_THICKNESS|1.5||
12/31/2021|54.0|41200190000NB|18.64|19.33|LAST_OVERLAY_THICKNESS|1.5||
12/31/2021|54.0|41200190000NB|18.31|18.41|LAST_OVERLAY_THICKNESS|1.0||
12/31/2021|54.0|41200190000NB|17.18|17.95|LAST_OVERLAY_THICKNESS|1.0||
12/31/2021|54.0|41200190000NB|0.0|2.17|LAST_OVERLAY_THICKNESS|1.5||
12/31/2021|54.0|4140018000000|3.51|4.41|LAST_OVERLAY_THICKNESS|1.0||
12/31/2021|54.0|4140018000000|3.0|3.51|LAST_OVERLAY_THICKNESS|1.0||
12/31/2021|54.0|4140018000000|2.99|3.0|LAST_OVERLAY_THICKNESS|1.0||
12/31/2021|54.0|4140016100000|0.53|0.9|LAST_OVERLAY_THICKNESS|1.5||
12/31/2021|54.0|4130016000000|15.08|15.61|LAST_OVERLAY_THICKNESS|1.5||
12/31/2021|54.0|4130016000000|9.485|9.8|LAST_OVERLAY_THICKNESS|1.5||
12/31/2021|54.0|4130016000000|15.65|15.81|LAST_OVERLAY_THICKNESS|1.0||
12/31/2021|54.0|4130016000000|14.72|15.08|LAST_OVERLAY_THICKNESS|1.5||
12/31/2021|54.0|4130016000000|14.42|14.72|LAST_OVERLAY_THICKNESS|1.5||
12/31/2021|54.0|4140011000000|0.0|1.26|LAST_OVERLAY_THICKNESS|1.0||
12/31/2021|54.0|4140008030000|0.0|0.65|LAST_OVERLAY_THICKNESS|2.0||
12/31/2021|54.0|4140008010000|1.02|1.6|LAST_OVERLAY_THICKNESS|2.0||
12/31/2021|54.0|4140008000000|0.19|0.75|LAST_OVERLAY_THICKNESS|1.5||
12/31/2021|54.0|4140008000000|0.0|0.11|LAST_OVERLAY_THICKNESS|1.5||
12/31/2021|54.0|41100640000EB|129.49|132.0|LAST_OVERLAY_THICKNESS|11.0||
12/31/2021|54.0|41100640000EB|128.91|129.49|LAST_OVERLAY_THICKNESS|11.0||
12/31/2021|54.0|4140006030000|0.53|1.48|LAST_OVERLAY_THICKNESS|1.5||
12/31/2021|54.0|4140006020000|1.57|1.69|LAST_OVERLAY_THICKNESS|1.0||
12/31/2021|54.0|4140006000000|0.91|1.13|LAST_OVERLAY_THICKNESS|1.5||
12/31/2021|54.0|4140006000000|0.0|0.14|LAST_OVERLAY_THICKNESS|1.5||
12/31/2021|54.0|4140004030000|0.0|0.47|LAST_OVERLAY_THICKNESS|1.5||
12/31/2021|54.0|4140003180000|2.77|3.51|LAST_OVERLAY_THICKNESS|1.0||
12/31/2021|54.0|4130003000000|36.23|36.49|LAST_OVERLAY_THICKNESS|1.5||
12/31/2021|54.0|4130003000000|35.98|36.18|LAST_OVERLAY_THICKNESS|1.0||
12/31/2021|54.0|4130003000000|37.1|37.73|LAST_OVERLAY_THICKNESS|1.5||
12/31/2021|54.0|4140001000000|3.4|4.14|LAST_OVERLAY_THICKNESS|2.0||
12/31/2021|54.0|4140001000000|1.95|3.4|LAST_OVERLAY_THICKNESS|2.0||
12/31/2021|54.0|41200190023EB|0.0|0.033|LAST_OVERLAY_THICKNESS|1.5||
12/31/2021|54.0|2830598000000|2.59|2.98|LAST_OVERLAY_THICKNESS|1.5||
12/31/2021|54.0|2830598000000|2.4|2.59|LAST_OVERLAY_THICKNESS|1.5||
12/31/2021|54.0|2830598000000|0.0|2.13|LAST_OVERLAY_THICKNESS|1.5||
12/31/2021|54.0|28204600000EB|14.72|15.15|LAST_OVERLAY_THICKNESS|1.5||
12/31/2021|54.0|28204600000EB|13.48|14.72|LAST_OVERLAY_THICKNESS|1.5||
12/31/2021|54.0|28204600000EB|4.29|5.38|LAST_OVERLAY_THICKNESS|1.5||
12/31/2021|54.0|28204600000EB|2.9|3.09|LAST_OVERLAY_THICKNESS|1.5||
12/31/2021|54.0|28204600000EB|1.33|2.9|LAST_OVERLAY_THICKNESS|1.5||
12/31/2021|54.0|28204600000EB|0.029|1.06|LAST_OVERLAY_THICKNESS|1.5||
12/31/2021|54.0|28100770000NB|5.12|8.189|LAST_OVERLAY_THICKNESS|11.0||
12/31/2021|54.0|28100770000NB|2.56|5.12|LAST_OVERLAY_THICKNESS|11.0||
12/31/2021|54.0|28100770000NB|0.69|2.56|LAST_OVERLAY_THICKNESS|11.0||
12/31/2021|54.0|28200520004NB|0.0|0.22|LAST_OVERLAY_THICKNESS|1.5||
12/31/2021|54.0|28200520000EB|6.96|7.76|LAST_OVERLAY_THICKNESS|1.5||
12/31/2021|54.0|28200520000EB|4.12|5.2|LAST_OVERLAY_THICKNESS|1.5||
12/31/2021|54.0|2840027000000|2.12|2.59|LAST_OVERLAY_THICKNESS|1.0||
12/31/2021|54.0|2840027000000|0.0|1.57|LAST_OVERLAY_THICKNESS|1.0||
12/31/2021|54.0|2840025000000|0.57|1.53|LAST_OVERLAY_THICKNESS|1.5||
12/31/2021|54.0|2840025000000|0.0|0.57|LAST_OVERLAY_THICKNESS|1.5||
12/31/2021|54.0|2840024000000|0.3|2.789|LAST_OVERLAY_THICKNESS|1.0||
12/31/2021|54.0|2840024000000|0.0|0.3|LAST_OVERLAY_THICKNESS|1.0||
12/31/2021|54.0|2840021010000|0.0|0.89|LAST_OVERLAY_THICKNESS|1.5||
12/31/2021|54.0|2830020000000|12.05|12.78|LAST_OVERLAY_THICKNESS|1.5||
12/31/2021|54.0|2830020000000|10.32|11.4|LAST_OVERLAY_THICKNESS|1.5||
12/31/2021|54.0|2830020000000|4.23|5.2|LAST_OVERLAY_THICKNESS|1.5||
12/31/2021|54.0|2840019290000|2.54|3.32|LAST_OVERLAY_THICKNESS|1.5||
12/31/2021|54.0|28200190000NB|10.76|11.7|LAST_OVERLAY_THICKNESS|1.5||
12/31/2021|54.0|28200190000NB|6.01|7.44|LAST_OVERLAY_THICKNESS|1.5||
12/31/2021|54.0|28200190000NB|5.34|6.01|LAST_OVERLAY_THICKNESS|1.5||
12/31/2021|54.0|28200190000NB|2.88|3.87|LAST_OVERLAY_THICKNESS|1.5||
12/31/2021|54.0|2840016100000|0.0|0.66|LAST_OVERLAY_THICKNESS|2.0||
12/31/2021|54.0|2840016010000|0.59|0.74|LAST_OVERLAY_THICKNESS|1.0||
12/31/2021|54.0|2840016000000|2.5|2.614|LAST_OVERLAY_THICKNESS|1.5||
12/31/2021|54.0|2840016000000|1.7|2.5|LAST_OVERLAY_THICKNESS|1.5||
12/31/2021|54.0|2840014000000|0.0|0.63|LAST_OVERLAY_THICKNESS|1.5||
12/31/2021|54.0|2840011000000|0.08|0.58|LAST_OVERLAY_THICKNESS|1.5||
12/31/2021|54.0|28100770000NB|8.189|8.98|LAST_OVERLAY_THICKNESS|11.0||
12/31/2021|54.0|2840007050000|1.836|2.1|LAST_OVERLAY_THICKNESS|1.0||
12/31/2021|54.0|2840007050000|1.11|1.83|LAST_OVERLAY_THICKNESS|1.0||
12/31/2021|54.0|2840052200000|0.001|0.82|LAST_OVERLAY_THICKNESS|1.5||
12/31/2021|54.0|28200520000EB|13.44|13.67|LAST_OVERLAY_THICKNESS|1.5||
12/31/2021|54.0|28200520000EB|12.97|13.39|LAST_OVERLAY_THICKNESS|1.5||
12/31/2021|54.0|4130210000000|1.2|1.89|LAST_OVERLAY_THICKNESS|1.5||
12/31/2021|54.0|2430083000000|14.092|17.6|LAST_OVERLAY_THICKNESS|1.5||
12/31/2021|54.0|2430083000000|17.6|18.01|LAST_OVERLAY_THICKNESS|1.0||
12/31/2021|54.0|2430083000000|7.94|8.06|LAST_OVERLAY_THICKNESS|1.0||
12/31/2021|54.0|2430083000000|6.42|7.46|LAST_OVERLAY_THICKNESS|1.5||
12/31/2021|54.0|2430083000000|0.0|6.42|LAST_OVERLAY_THICKNESS|1.5||
12/31/2021|54.0|24200520000EB|24.59|26.77|LAST_OVERLAY_THICKNESS|1.5||
12/31/2021|54.0|24200520000EB|9.59|12.82|LAST_OVERLAY_THICKNESS|1.0||
12/31/2021|54.0|24200520000EB|6.4|7.91|LAST_OVERLAY_THICKNESS|1.5||
12/31/2021|54.0|24200520000EB|5.19|6.4|LAST_OVERLAY_THICKNESS|1.5||
12/31/2021|54.0|24200520000EB|2.54|3.72|LAST_OVERLAY_THICKNESS|1.0||
12/31/2021|54.0|24200520000EB|0.0|1.09|LAST_OVERLAY_THICKNESS|1.0||
12/31/2021|54.0|2430016000000|32.7|35.38|LAST_OVERLAY_THICKNESS|1.5||
12/31/2021|54.0|2430016000000|29.19|29.41|LAST_OVERLAY_THICKNESS|1.5||
12/31/2021|54.0|2430016000000|23.76|24.86|LAST_OVERLAY_THICKNESS|1.0||
12/31/2021|54.0|2430016000000|22.05|23.76|LAST_OVERLAY_THICKNESS|1.5||
12/31/2021|54.0|2430016000000|20.79|22.05|LAST_OVERLAY_THICKNESS|1.0||
12/31/2021|54.0|2430016000000|19.56|20.79|LAST_OVERLAY_THICKNESS|1.0||
12/31/2021|54.0|2430016000000|16.06|19.56|LAST_OVERLAY_THICKNESS|1.0||
12/31/2021|54.0|2430016000000|13.75|14.05|LAST_OVERLAY_THICKNESS|1.0||
12/31/2021|54.0|2430016000000|9.47|10.14|LAST_OVERLAY_THICKNESS|1.5||
12/31/2021|54.0|2430016000000|4.05|6.18|LAST_OVERLAY_THICKNESS|1.0||
12/31/2021|54.0|2430016000000|0.06|1.73|LAST_OVERLAY_THICKNESS|1.0||
12/31/2021|54.0|2440009000000|7.87|9.2|LAST_OVERLAY_THICKNESS|1.5||
12/31/2021|54.0|1030006000000|0.0|0.12|LAST_OVERLAY_THICKNESS|2.0||
12/31/2021|54.0|1030016000000|1.75|2.38|LAST_OVERLAY_THICKNESS|2.0||
12/31/2021|54.0|1030061000000|8.74|9.33|LAST_OVERLAY_THICKNESS|2.0||
12/31/2021|54.0|1030061000000|22.53|25.56|LAST_OVERLAY_THICKNESS|2.0||
12/31/2021|54.0|1030061000000|0.0|1.12|LAST_OVERLAY_THICKNESS|2.0||
12/31/2021|54.0|1040005000000|0.06|0.62|LAST_OVERLAY_THICKNESS|2.0||
12/31/2021|54.0|1040008000000|3.28|6.25|LAST_OVERLAY_THICKNESS|2.0||
12/31/2021|54.0|1040008000000|1.3|2.0|LAST_OVERLAY_THICKNESS|2.0||
12/31/2021|54.0|1040008000000|2.47|2.82|LAST_OVERLAY_THICKNESS|2.0||
12/31/2021|54.0|10200190000NB|6.66|8.23|LAST_OVERLAY_THICKNESS|2.0||
||||||||
12/31/2021|54.0|10200190000NB|6.16|6.66|LAST_OVERLAY_THICKNESS|2.0||
12/31/2021|54.0|10200600000EB|0.34|1.01|LAST_OVERLAY_THICKNESS|2.0||
12/31/2021|54.0|1374103001900|0.0|0.31|LAST_OVERLAY_THICKNESS|2.0||
12/31/2021|54.0|13100640000EB|182.02|184.02|LAST_OVERLAY_THICKNESS|2.0||
||||||||
12/31/2021|54.0|13100640000EB|181.12|182.02|LAST_OVERLAY_THICKNESS|2.0||
12/31/2021|54.0|13100640000EB|178.43|181.12|LAST_OVERLAY_THICKNESS|2.0||
12/31/2021|54.0|13100640000EB|174.1|175.31|LAST_OVERLAY_THICKNESS|2.0||
12/31/2021|54.0|13100640000EB|161.46|165.95|LAST_OVERLAY_THICKNESS|2.0||
12/31/2021|54.0|13100640000EB|176.16|178.43|LAST_OVERLAY_THICKNESS|2.0||
12/31/2021|54.0|13100640000EB|170.09|170.23|LAST_OVERLAY_THICKNESS|2.0||
12/31/2021|54.0|13100640000EB|175.31|176.16|LAST_OVERLAY_THICKNESS|2.0||
12/31/2021|54.0|13100640000EB|168.96|170.09|LAST_OVERLAY_THICKNESS|2.0||
12/31/2021|54.0|13100640000EB|165.95|168.89|LAST_OVERLAY_THICKNESS|2.0||
12/31/2021|54.0|13100640000EB|172.62|174.1|LAST_OVERLAY_THICKNESS|2.0||
12/31/2021|54.0|13202190005SB|0.0|0.33|LAST_OVERLAY_THICKNESS|2.0||
12/31/2021|54.0|13202190005SB|0.33|1.64|LAST_OVERLAY_THICKNESS|2.0||
12/31/2021|54.0|32202190000NB|19.66|23.0|LAST_OVERLAY_THICKNESS|2.0||
12/31/2021|54.0|32202190000NB|1.92|7.87|LAST_OVERLAY_THICKNESS|2.0||
12/31/2021|54.0|34200190000NB|1.38|3.4|LAST_OVERLAY_THICKNESS|2.0||
12/31/2021|54.0|34200190000NB|11.03|11.47|LAST_OVERLAY_THICKNESS|3.0||
||||||||
||||||||
12/31/2021|54.0|5440021020000|0.0|0.39|LAST_OVERLAY_THICKNESS|1.0||
12/31/2021|54.0|5430068000000|0.0|0.35|LAST_OVERLAY_THICKNESS|1.5||
12/31/2021|54.0|5430095000000|6.44|6.58|LAST_OVERLAY_THICKNESS|3.0||
12/31/2021|54.0|5430095000000|3.77|3.99|LAST_OVERLAY_THICKNESS|3.0||
12/31/2021|54.0|54100770000NB|186.72|187.21|LAST_OVERLAY_THICKNESS|1.5||
12/31/2021|54.0|54100770000NB|185.64|186.72|LAST_OVERLAY_THICKNESS|1.5||
12/31/2021|54.0|54100770000NB|176.46|176.76|LAST_OVERLAY_THICKNESS|1.5||
12/31/2021|54.0|54100770000NB|173.94|176.46|LAST_OVERLAY_THICKNESS|1.5||
12/31/2021|54.0|54100770000NB|168.37|172.29|LAST_OVERLAY_THICKNESS|1.5||
12/31/2021|54.0|54100770000NB|162.73|168.205|LAST_OVERLAY_THICKNESS|1.5||
12/31/2021|54.0|54100770000NB|161.66|162.73|LAST_OVERLAY_THICKNESS|2.0||
12/31/2021|54.0|54100770000NB|160.38|161.66|LAST_OVERLAY_THICKNESS|2.0||
12/31/2021|54.0|54100770000NB|158.69|160.38|LAST_OVERLAY_THICKNESS|2.0||
12/31/2021|54.0|54100770000NB|156.99|158.69|LAST_OVERLAY_THICKNESS|2.0||
12/31/2021|54.0|54200500000EB|8.94|10.02|LAST_OVERLAY_THICKNESS|2.0||
12/31/2021|54.0|5440047040000|0.0|0.23|LAST_OVERLAY_THICKNESS|0.75||
12/31/2021|54.0|5430047000000|0.45|0.56|LAST_OVERLAY_THICKNESS|0.75||
12/31/2021|54.0|5430014000100|0.0|0.63|LAST_OVERLAY_THICKNESS|1.5||
12/31/2021|54.0|5440014160000|2.89|3.83|LAST_OVERLAY_THICKNESS|1.5||
12/31/2021|54.0|5440014160000|0.86|1.23|LAST_OVERLAY_THICKNESS|1.5||
12/31/2021|54.0|5440014160000|0.18|0.86|LAST_OVERLAY_THICKNESS|1.5||
12/31/2021|54.0|5440014140000|0.0|0.66|LAST_OVERLAY_THICKNESS|1.5||
12/31/2021|54.0|5430014000000|16.1|16.76|LAST_OVERLAY_THICKNESS|2.0||
12/31/2021|54.0|5430014000000|15.32|15.45|LAST_OVERLAY_THICKNESS|2.0||
12/31/2021|54.0|5430014000000|15.19|15.32|LAST_OVERLAY_THICKNESS|2.0||
12/31/2021|54.0|5430014000000|11.28|11.76|LAST_OVERLAY_THICKNESS|1.5||
12/31/2021|54.0|54100770000NB|168.205|168.37|LAST_OVERLAY_THICKNESS|1.5||
12/31/2021|54.0|5330014000000|19.34|20.71|LAST_OVERLAY_THICKNESS|1.5||
12/31/2021|54.0|44200330000EB|15.77|17.73|LAST_OVERLAY_THICKNESS|1.5||
12/31/2021|54.0|44200330000EB|6.75|9.1|LAST_OVERLAY_THICKNESS|1.0||
12/31/2021|54.0|44200330000EB|4.33|5.61|LAST_OVERLAY_THICKNESS|1.5||
12/31/2021|54.0|4330053000000|0.0|1.4|LAST_OVERLAY_THICKNESS|1.5||
12/31/2021|54.0|43200500000EB|13.57|14.78|LAST_OVERLAY_THICKNESS|1.5||
12/31/2021|54.0|3730016000000|7.41|8.23|LAST_OVERLAY_THICKNESS|1.0||
12/31/2021|54.0|3730002000000|14.95|17.49|LAST_OVERLAY_THICKNESS|1.5||
12/31/2021|54.0|3730002000000|5.72|6.86|LAST_OVERLAY_THICKNESS|1.5||
12/31/2021|54.0|3730002000000|3.71|4.75|LAST_OVERLAY_THICKNESS|2.0||
12/31/2021|54.0|18100770000NB|145.99|150.45|LAST_OVERLAY_THICKNESS|2.0||
12/31/2021|54.0|18100770000NB|138.83|145.99|LAST_OVERLAY_THICKNESS|1.5||
12/31/2021|54.0|18100770000NB|137.74|138.83|LAST_OVERLAY_THICKNESS|1.5||
12/31/2021|54.0|18100770000NB|132.44|137.74|LAST_OVERLAY_THICKNESS|1.5||
12/31/2021|54.0|18200330000EB|21.43|24.76|LAST_OVERLAY_THICKNESS|0.5||
12/31/2021|54.0|18200330000EB|11.09|11.48|LAST_OVERLAY_THICKNESS|1.5||
12/31/2021|54.0|1840021000000|28.32|29.88|LAST_OVERLAY_THICKNESS|1.5||
12/31/2021|54.0|1840021000000|19.64|20.96|LAST_OVERLAY_THICKNESS|1.5||
12/31/2021|54.0|1830002000000|11.14|11.28|LAST_OVERLAY_THICKNESS|1.5||
12/31/2021|54.0|1830002000000|10.86|11.0|LAST_OVERLAY_THICKNESS|2.0||
12/31/2021|54.0|1830002000000|0.0|2.72|LAST_OVERLAY_THICKNESS|1.5||
12/31/2021|54.0|07200330000EB|6.62|8.3|LAST_OVERLAY_THICKNESS|1.5||
12/31/2021|54.0|07200330000EB|3.68|5.03|LAST_OVERLAY_THICKNESS|1.5||
12/31/2021|54.0|07200330000EB|0.09|2.33|LAST_OVERLAY_THICKNESS|1.5||
12/31/2021|54.0|0730005000000|12.09|12.62|LAST_OVERLAY_THICKNESS|1.5||
