BeginDate|StateID|RouteID|BMP|EMP|DataItem|ValueNumeric|ValueText|ValueDate|Comments
01/01/2024|54|3130705000000|0.0|0.51|thickness_rigid|10.0|||
01/01/2024|54|3130705000000|0.68|1.23|thickness_rigid|10.0|||
01/01/2024|54|3130705000000|1.23|1.64|thickness_rigid|10.0|||
01/01/2024|54|3130705000000|1.64|1.81|thickness_rigid|10.0|||
01/01/2024|54|42202500000NB|9.71|9.77|thickness_rigid|7.0|||
01/01/2024|54|42202500000NB|9.77|10.42|thickness_rigid|7.0|||
01/01/2024|54|42202500000NB|10.42|12.45|thickness_rigid|7.0|||
01/01/2024|54|0240005000000|5.9|7.94|thickness_rigid|10.0|||
01/01/2024|54|5140003000000|8.08|10.38|thickness_rigid|2.0|||
01/01/2024|54|17200500000EB|11.38|12.29|thickness_rigid|8.0|||
01/01/2024|54|1930009000000|0.0|0.059|thickness_rigid|10.0|||
01/01/2024|54|1930009000000|0.059|0.1|thickness_rigid|10.0|||
01/01/2024|54|1930009000000|0.1|0.2|thickness_rigid|10.0|||
01/01/2024|54|1930009000000|0.2|0.3|thickness_rigid|10.0|||
01/01/2024|54|1930009000000|0.3|0.4|thickness_rigid|10.0|||
01/01/2024|54|1930009000000|0.4|0.5|thickness_rigid|10.0|||
01/01/2024|54|1930009000000|0.5|0.6|thickness_rigid|10.0|||
01/01/2024|54|1930009000000|0.6|0.7|thickness_rigid|10.0|||
01/01/2024|54|1930009000000|0.7|0.8|thickness_rigid|10.0|||
01/01/2024|54|1930009000000|0.8|0.9|thickness_rigid|10.0|||
01/01/2024|54|1930009000000|0.9|1.0|thickness_rigid|10.0|||
01/01/2024|54|1930009000000|1.0|1.1|thickness_rigid|10.0|||
01/01/2024|54|1930009000000|1.1|1.2|thickness_rigid|10.0|||
01/01/2024|54|1930009000000|1.2|1.3|thickness_rigid|10.0|||
01/01/2024|54|1930009000000|1.3|1.4|thickness_rigid|10.0|||
01/01/2024|54|1930009000000|1.4|1.45|thickness_rigid|10.0|||
01/01/2024|54|1930009000000|1.45|1.5|thickness_rigid|10.0|||
01/01/2024|54|1930009000000|1.5|1.6|thickness_rigid|10.0|||
01/01/2024|54|1930009000000|1.6|1.7|thickness_rigid|10.0|||
01/01/2024|54|1930009000000|1.7|1.8|thickness_rigid|10.0|||
01/01/2024|54|1930009000000|1.8|1.9|thickness_rigid|10.0|||
01/01/2024|54|1930009000000|1.9|2.0|thickness_rigid|10.0|||
01/01/2024|54|1930009000000|2.0|2.1|thickness_rigid|10.0|||
01/01/2024|54|1930009000000|2.1|2.2|thickness_rigid|10.0|||
01/01/2024|54|1930009000000|2.2|2.3|thickness_rigid|10.0|||
01/01/2024|54|1930009000000|2.3|2.4|thickness_rigid|10.0|||
01/01/2024|54|1930009000000|2.4|2.5|thickness_rigid|10.0|||
01/01/2024|54|1930009000000|2.5|2.6|thickness_rigid|10.0|||
01/01/2024|54|1930009000000|2.6|2.7|thickness_rigid|10.0|||
01/01/2024|54|1930009000000|2.7|2.8|thickness_rigid|10.0|||
01/01/2024|54|1930009000000|2.8|2.9|thickness_rigid|10.0|||
01/01/2024|54|1930009000000|2.9|3.0|thickness_rigid|10.0|||
01/01/2024|54|1930009000000|3.0|3.1|thickness_rigid|10.0|||
01/01/2024|54|1930009000000|3.1|3.2|thickness_rigid|10.0|||
01/01/2024|54|1930009000000|3.2|3.3|thickness_rigid|10.0|||
01/01/2024|54|1930009000000|3.3|3.4|thickness_rigid|10.0|||
01/01/2024|54|1930009000000|3.4|3.5|thickness_rigid|10.0|||
01/01/2024|54|1930009000000|3.5|3.6|thickness_rigid|10.0|||
01/01/2024|54|1930009000000|3.6|3.7|thickness_rigid|10.0|||
01/01/2024|54|1930009000000|3.7|3.8|thickness_rigid|10.0|||
01/01/2024|54|1930009000000|3.8|3.9|thickness_rigid|10.0|||
01/01/2024|54|1930009000000|3.9|3.94|thickness_rigid|10.0|||
01/01/2024|54|1930009000000|4.97|5.0|thickness_rigid|10.0|||
01/01/2024|54|1930009000000|5.0|5.1|thickness_rigid|10.0|||
01/01/2024|54|1930009000000|5.1|5.2|thickness_rigid|10.0|||
01/01/2024|54|1930009000000|5.2|5.3|thickness_rigid|10.0|||
01/01/2024|54|1930009000000|5.3|5.4|thickness_rigid|10.0|||
01/01/2024|54|1930009000000|5.4|5.5|thickness_rigid|10.0|||
01/01/2024|54|1930009000000|5.5|5.6|thickness_rigid|10.0|||
01/01/2024|54|1930009000000|5.6|5.7|thickness_rigid|10.0|||
01/01/2024|54|1930009000000|5.7|5.8|thickness_rigid|10.0|||
01/01/2024|54|1930009000000|5.8|5.9|thickness_rigid|10.0|||
01/01/2024|54|1930009000000|5.9|6.0|thickness_rigid|10.0|||
01/01/2024|54|1930009000000|6.0|6.1|thickness_rigid|10.0|||
01/01/2024|54|1930009000000|6.1|6.2|thickness_rigid|10.0|||
01/01/2024|54|1930009000000|6.2|6.3|thickness_rigid|10.0|||
01/01/2024|54|1930009000000|6.3|6.35|thickness_rigid|10.0|||
01/01/2024|54|1930009000000|10.91|11.0|thickness_rigid|10.0|||
01/01/2024|54|1930009000000|11.0|11.1|thickness_rigid|10.0|||
01/01/2024|54|1930009000000|11.1|11.2|thickness_rigid|10.0|||
01/01/2024|54|1930009000000|11.2|11.3|thickness_rigid|10.0|||
01/01/2024|54|1930009000000|11.3|11.4|thickness_rigid|10.0|||
01/01/2024|54|1930009000000|11.4|11.418|thickness_rigid|10.0|||
01/01/2024|54|1930009000000|14.435|14.5|thickness_rigid|10.0|||
01/01/2024|54|1930009000000|14.5|14.6|thickness_rigid|10.0|||
01/01/2024|54|1930009000000|14.6|14.7|thickness_rigid|10.0|||
01/01/2024|54|1930009000000|14.7|14.8|thickness_rigid|10.0|||
01/01/2024|54|1930009000000|14.8|14.9|thickness_rigid|10.0|||
01/01/2024|54|1930009000000|14.9|14.96|thickness_rigid|10.0|||
01/01/2024|54|17100790000NB|114.132|114.9|thickness_rigid|9.0|||
01/01/2024|54|17100790000NB|115.33|117.17|thickness_rigid|9.0|||
01/01/2024|54|17100790000NB|118.5|118.7|thickness_rigid|9.0|||
01/01/2024|54|3530002000000|2.36|2.84|thickness_rigid|9.0|||
01/01/2024|54|28204600000EB|0.029|1.06|thickness_rigid|9.0|||
01/01/2024|54|28204600000EB|1.33|2.9|thickness_rigid|9.0|||
01/01/2024|54|28204600000EB|2.9|3.09|thickness_rigid|9.0|||
01/01/2024|54|28204600000EB|4.29|5.38|thickness_rigid|9.0|||
01/01/2024|54|28204600000EB|13.48|14.72|thickness_rigid|9.0|||
01/01/2024|54|28204600000EB|14.72|15.15|thickness_rigid|9.0|||
01/01/2024|54|03201190000NB|11.49|12.36|thickness_rigid|9.0|||
01/01/2024|54|03201190000NB|12.83|13.54|thickness_rigid|10.0|||
01/01/2024|54|03201190000NB|16.97|17.83|thickness_rigid|10.0|||
01/01/2024|54|2040114010000|0.0|1.07|thickness_rigid|3.0|||
01/01/2024|54|0230009000000|17.07|17.1|thickness_rigid|10.0|||
01/01/2024|54|0230009000000|17.1|17.2|thickness_rigid|10.0|||
01/01/2024|54|0230009000000|17.2|17.3|thickness_rigid|10.0|||
01/01/2024|54|0230009000000|17.3|17.4|thickness_rigid|10.0|||
01/01/2024|54|0230009000000|17.4|17.48|thickness_rigid|10.0|||
01/01/2024|54|0230009000000|18.18|18.2|thickness_rigid|10.0|||
01/01/2024|54|0230009000000|18.2|18.3|thickness_rigid|10.0|||
01/01/2024|54|0230009000000|18.3|18.4|thickness_rigid|10.0|||
01/01/2024|54|0230009000000|18.4|18.5|thickness_rigid|10.0|||
01/01/2024|54|0230009000000|18.5|18.6|thickness_rigid|10.0|||
01/01/2024|54|0230009000000|18.6|18.7|thickness_rigid|10.0|||
01/01/2024|54|0230009000000|18.7|18.8|thickness_rigid|10.0|||
01/01/2024|54|0230009000000|18.8|18.9|thickness_rigid|10.0|||
01/01/2024|54|0230009000000|18.9|19.0|thickness_rigid|10.0|||
01/01/2024|54|0230009000000|19.0|19.1|thickness_rigid|10.0|||
01/01/2024|54|0230009000000|19.1|19.2|thickness_rigid|10.0|||
01/01/2024|54|0230009000000|19.2|19.3|thickness_rigid|10.0|||
01/01/2024|54|0230009000000|19.3|19.4|thickness_rigid|10.0|||
01/01/2024|54|0230009000000|19.4|19.5|thickness_rigid|10.0|||
01/01/2024|54|0230009000000|19.5|19.6|thickness_rigid|10.0|||
01/01/2024|54|0230009000000|19.6|19.7|thickness_rigid|10.0|||
01/01/2024|54|0230009000000|19.7|19.8|thickness_rigid|10.0|||
01/01/2024|54|0230009000000|19.8|19.9|thickness_rigid|10.0|||
01/01/2024|54|0230009000000|19.9|20.0|thickness_rigid|10.0|||
01/01/2024|54|0230009000000|20.0|20.1|thickness_rigid|10.0|||
01/01/2024|54|0230009000000|20.1|20.16|thickness_rigid|10.0|||
01/01/2024|54|19203400005SB|0.0|0.1|thickness_rigid|10.0|||
01/01/2024|54|19203400005SB|0.1|0.17|thickness_rigid|10.0|||
01/01/2024|54|19203400005SB|0.17|0.2|thickness_rigid|10.0|||
01/01/2024|54|19203400005SB|0.2|0.23|thickness_rigid|10.0|||
01/01/2024|54|19203400005SB|0.23|0.3|thickness_rigid|10.0|||
01/01/2024|54|19203400005SB|0.3|0.37|thickness_rigid|10.0|||
01/01/2024|54|19203400005SB|0.371|0.4|thickness_rigid|10.0|||
01/01/2024|54|19203400005SB|0.4|0.5|thickness_rigid|10.0|||
01/01/2024|54|19203400005SB|0.5|0.6|thickness_rigid|10.0|||
01/01/2024|54|39100680000EB|18.12|23.34|thickness_rigid|9.0|||
01/01/2024|54|39100680000EB|26.75|28.64|thickness_rigid|9.0|||
01/01/2024|54|39100680000EB|28.64|29.23|thickness_rigid|9.0|||
01/01/2024|54|39100680000EB|31.24|31.42|thickness_rigid|9.0|||
01/01/2024|54|20100770000NB|106.17|107.6|thickness_rigid|8.0|||
01/01/2024|54|15200300000EB|0.53|0.61|thickness_rigid|7.0|||
01/01/2024|54|01200330000EB|0.0|0.1|thickness_rigid|10.0|||
01/01/2024|54|01200330000EB|0.1|0.2|thickness_rigid|10.0|||
01/01/2024|54|01200330000EB|0.2|0.3|thickness_rigid|10.0|||
01/01/2024|54|01200330000EB|0.3|0.4|thickness_rigid|10.0|||
01/01/2024|54|01200330000EB|0.4|0.5|thickness_rigid|10.0|||
01/01/2024|54|01200330000EB|0.5|0.6|thickness_rigid|10.0|||
01/01/2024|54|01200330000EB|0.6|0.7|thickness_rigid|10.0|||
01/01/2024|54|01200330000EB|0.7|0.8|thickness_rigid|10.0|||
01/01/2024|54|01200330000EB|0.8|0.9|thickness_rigid|10.0|||
01/01/2024|54|01200330000EB|0.9|1.0|thickness_rigid|10.0|||
01/01/2024|54|01200330000EB|1.0|1.1|thickness_rigid|10.0|||
01/01/2024|54|01200330000EB|1.1|1.2|thickness_rigid|10.0|||
01/01/2024|54|01200330000EB|1.2|1.3|thickness_rigid|10.0|||
01/01/2024|54|01200330000EB|1.3|1.4|thickness_rigid|10.0|||
01/01/2024|54|01200330000EB|1.4|1.5|thickness_rigid|10.0|||
01/01/2024|54|01200330000EB|1.5|1.6|thickness_rigid|10.0|||
01/01/2024|54|01200330000EB|1.6|1.7|thickness_rigid|10.0|||
01/01/2024|54|01200330000EB|1.7|1.8|thickness_rigid|10.0|||
01/01/2024|54|01200330000EB|1.8|1.87|thickness_rigid|10.0|||
01/01/2024|54|19203400000NB|6.9|7.0|thickness_rigid|10.0|||
01/01/2024|54|19203400000NB|7.0|7.1|thickness_rigid|10.0|||
01/01/2024|54|19203400000NB|7.1|7.2|thickness_rigid|10.0|||
01/01/2024|54|19203400000NB|7.2|7.3|thickness_rigid|10.0|||
01/01/2024|54|19203400000NB|7.3|7.4|thickness_rigid|10.0|||
01/01/2024|54|19203400000NB|7.4|7.5|thickness_rigid|10.0|||
01/01/2024|54|19203400000NB|7.5|7.6|thickness_rigid|10.0|||
01/01/2024|54|19203400000NB|7.6|7.7|thickness_rigid|10.0|||
01/01/2024|54|19203400000NB|7.7|7.8|thickness_rigid|10.0|||
01/01/2024|54|19203400000NB|7.8|7.9|thickness_rigid|10.0|||
01/01/2024|54|19203400000NB|7.9|8.0|thickness_rigid|10.0|||
01/01/2024|54|19203400000NB|8.0|8.1|thickness_rigid|10.0|||
01/01/2024|54|19203400000NB|8.1|8.2|thickness_rigid|10.0|||
01/01/2024|54|19203400000NB|8.2|8.3|thickness_rigid|10.0|||
01/01/2024|54|19203400000NB|8.3|8.4|thickness_rigid|10.0|||
01/01/2024|54|19203400000NB|8.4|8.5|thickness_rigid|10.0|||
01/01/2024|54|19203400000NB|8.5|8.56|thickness_rigid|10.0|||
01/01/2024|54|19203400000NB|8.56|8.6|thickness_rigid|10.0|||
01/01/2024|54|19203400000NB|8.6|8.627|thickness_rigid|10.0|||
01/01/2024|54|19203400000NB|8.627|8.7|thickness_rigid|10.0|||
01/01/2024|54|19203400000NB|8.7|8.8|thickness_rigid|10.0|||
01/01/2024|54|19203400000NB|8.8|8.9|thickness_rigid|10.0|||
01/01/2024|54|19203400000NB|8.9|9.0|thickness_rigid|10.0|||
01/01/2024|54|19203400000NB|9.0|9.1|thickness_rigid|10.0|||
01/01/2024|54|19203400000NB|9.1|9.13|thickness_rigid|10.0|||
01/01/2024|54|19203400000NB|9.13|9.2|thickness_rigid|10.0|||
01/01/2024|54|19203400000NB|9.2|9.3|thickness_rigid|10.0|||
01/01/2024|54|19203400000NB|9.3|9.38|thickness_rigid|10.0|||
01/01/2024|54|19203400000NB|9.38|9.4|thickness_rigid|10.0|||
01/01/2024|54|19203400000NB|9.4|9.5|thickness_rigid|10.0|||
01/01/2024|54|19203400000NB|9.5|9.55|thickness_rigid|10.0|||
01/01/2024|54|19203400000NB|9.6|9.7|thickness_rigid|10.0|||
01/01/2024|54|19203400000NB|9.7|9.8|thickness_rigid|10.0|||
01/01/2024|54|19203400000NB|9.8|9.9|thickness_rigid|10.0|||
01/01/2024|54|19203400000NB|9.9|10.0|thickness_rigid|10.0|||
01/01/2024|54|19203400000NB|10.0|10.1|thickness_rigid|10.0|||
01/01/2024|54|19203400000NB|10.1|10.2|thickness_rigid|10.0|||
01/01/2024|54|19203400000NB|10.2|10.3|thickness_rigid|10.0|||
01/01/2024|54|19203400000NB|10.3|10.4|thickness_rigid|10.0|||
01/01/2024|54|19203400000NB|10.4|10.41|thickness_rigid|10.0|||
01/01/2024|54|19203400000NB|10.41|10.5|thickness_rigid|10.0|||
01/01/2024|54|19203400000NB|10.5|10.6|thickness_rigid|10.0|||
01/01/2024|54|19203400000NB|10.6|10.7|thickness_rigid|10.0|||
01/01/2024|54|19203400000NB|10.7|10.8|thickness_rigid|10.0|||
01/01/2024|54|19203400000NB|10.8|10.9|thickness_rigid|10.0|||
01/01/2024|54|19203400000NB|10.9|11.0|thickness_rigid|10.0|||
01/01/2024|54|19203400000NB|11.0|11.1|thickness_rigid|10.0|||
01/01/2024|54|19203400000NB|11.1|11.2|thickness_rigid|10.0|||
01/01/2024|54|19203400000NB|11.2|11.3|thickness_rigid|10.0|||
01/01/2024|54|19203400000NB|11.3|11.4|thickness_rigid|10.0|||
01/01/2024|54|19203400000NB|11.4|11.5|thickness_rigid|10.0|||
01/01/2024|54|19203400000NB|11.5|11.6|thickness_rigid|10.0|||
01/01/2024|54|19203400000NB|11.6|11.7|thickness_rigid|10.0|||
01/01/2024|54|19203400000NB|11.7|11.8|thickness_rigid|10.0|||
01/01/2024|54|19203400000NB|11.8|11.86|thickness_rigid|10.0|||
01/01/2024|54|19203400000NB|11.9|12.0|thickness_rigid|10.0|||
01/01/2024|54|19203400000NB|12.0|12.047|thickness_rigid|10.0|||
01/01/2024|54|19203400000NB|12.047|12.1|thickness_rigid|10.0|||
01/01/2024|54|19203400000NB|12.1|12.2|thickness_rigid|10.0|||
01/01/2024|54|19203400000NB|12.2|12.3|thickness_rigid|10.0|||
01/01/2024|54|19203400000NB|12.3|12.4|thickness_rigid|10.0|||
01/01/2024|54|19203400000NB|12.4|12.5|thickness_rigid|10.0|||
01/01/2024|54|19203400000NB|12.5|12.6|thickness_rigid|10.0|||
01/01/2024|54|19203400000NB|12.6|12.7|thickness_rigid|10.0|||
01/01/2024|54|19203400000NB|12.7|12.8|thickness_rigid|10.0|||
01/01/2024|54|19203400000NB|12.8|12.88|thickness_rigid|10.0|||
01/01/2024|54|19203400000NB|12.88|12.9|thickness_rigid|10.0|||
01/01/2024|54|19203400000NB|12.9|13.0|thickness_rigid|10.0|||
01/01/2024|54|19203400000NB|13.0|13.1|thickness_rigid|10.0|||
01/01/2024|54|19203400000NB|13.1|13.2|thickness_rigid|10.0|||
01/01/2024|54|19203400000NB|13.2|13.26|thickness_rigid|10.0|||
01/01/2024|54|19203400000NB|13.26|13.3|thickness_rigid|10.0|||
01/01/2024|54|19203400000NB|13.3|13.4|thickness_rigid|10.0|||
01/01/2024|54|19203400000NB|13.4|13.5|thickness_rigid|10.0|||
01/01/2024|54|19203400000NB|13.5|13.6|thickness_rigid|10.0|||
01/01/2024|54|19203400000NB|13.6|13.7|thickness_rigid|10.0|||
01/01/2024|54|19203400000NB|13.7|13.8|thickness_rigid|10.0|||
01/01/2024|54|19203400000NB|13.8|13.82|thickness_rigid|10.0|||
01/01/2024|54|19203400000NB|14.66|14.7|thickness_rigid|10.0|||
01/01/2024|54|19203400000NB|14.7|14.8|thickness_rigid|10.0|||
01/01/2024|54|19203400000NB|14.8|14.86|thickness_rigid|10.0|||
01/01/2024|54|19203400000NB|14.86|14.9|thickness_rigid|10.0|||
01/01/2024|54|19203400000NB|14.9|15.0|thickness_rigid|10.0|||
01/01/2024|54|19203400000NB|15.0|15.1|thickness_rigid|10.0|||
01/01/2024|54|19203400000NB|15.1|15.2|thickness_rigid|10.0|||
01/01/2024|54|19203400000NB|15.2|15.3|thickness_rigid|10.0|||
01/01/2024|54|19203400000NB|15.3|15.31|thickness_rigid|10.0|||
01/01/2024|54|20100640006EB|0.0|0.3|thickness_rigid|9.0|||
01/01/2024|54|31200190000NB|8.99|9.16|thickness_rigid|10.0|||
01/01/2024|54|02100810000NB|0.0|1.39|thickness_rigid|10.0|||
01/01/2024|54|02100810000NB|1.39|6.27|thickness_rigid|10.0|||
01/01/2024|54|02100810000NB|11.63|12.0|thickness_rigid|10.0|||
01/01/2024|54|02100810000NB|12.0|13.54|thickness_rigid|10.0|||
01/01/2024|54|02100810000NB|13.54|14.26|thickness_rigid|10.0|||
01/01/2024|54|02100810000NB|14.26|15.22|thickness_rigid|10.0|||
01/01/2024|54|02100810000NB|15.22|15.62|thickness_rigid|10.0|||
01/01/2024|54|02100810000NB|15.62|15.95|thickness_rigid|10.0|||
01/01/2024|54|02100810000NB|15.95|16.23|thickness_rigid|10.0|||
01/01/2024|54|02100810000NB|16.23|17.3|thickness_rigid|10.0|||
01/01/2024|54|02100810000NB|17.3|18.13|thickness_rigid|10.0|||
01/01/2024|54|02100810000NB|18.13|20.37|thickness_rigid|10.0|||
01/01/2024|54|02100810000NB|20.37|23.0|thickness_rigid|10.0|||
01/01/2024|54|02100810000NB|23.0|23.46|thickness_rigid|10.0|||
01/01/2024|54|02100810000NB|23.46|24.53|thickness_rigid|10.0|||
01/01/2024|54|02100810000NB|24.53|26.0|thickness_rigid|10.0|||
01/01/2024|54|1930051000000|8.66|8.78|thickness_rigid|10.0|||
01/01/2024|54|1030006000000|0.12|0.33|thickness_rigid|8.0|||
01/01/2024|54|12200480000EB|0.0|0.1|thickness_rigid|10.0|||
01/01/2024|54|12200480000EB|0.1|0.2|thickness_rigid|10.0|||
01/01/2024|54|12200480000EB|0.2|0.3|thickness_rigid|10.0|||
01/01/2024|54|12200480000EB|0.3|0.4|thickness_rigid|10.0|||
01/01/2024|54|12200480000EB|0.4|0.5|thickness_rigid|10.0|||
01/01/2024|54|12200480000EB|0.5|0.6|thickness_rigid|10.0|||
01/01/2024|54|12200480000EB|0.6|0.7|thickness_rigid|10.0|||
01/01/2024|54|12200480000EB|0.7|0.8|thickness_rigid|10.0|||
01/01/2024|54|12200480000EB|0.8|0.9|thickness_rigid|10.0|||
01/01/2024|54|12200480000EB|0.9|1.0|thickness_rigid|10.0|||
01/01/2024|54|12200480000EB|1.0|1.1|thickness_rigid|10.0|||
01/01/2024|54|12200480000EB|1.1|1.2|thickness_rigid|10.0|||
01/01/2024|54|12200480000EB|1.2|1.3|thickness_rigid|10.0|||
01/01/2024|54|12200480000EB|1.3|1.4|thickness_rigid|10.0|||
01/01/2024|54|12200480000EB|1.4|1.5|thickness_rigid|10.0|||
01/01/2024|54|12200480000EB|1.5|1.6|thickness_rigid|10.0|||
01/01/2024|54|12200480000EB|1.6|1.7|thickness_rigid|10.0|||
01/01/2024|54|12200480000EB|1.7|1.8|thickness_rigid|10.0|||
01/01/2024|54|12200480000EB|1.8|1.9|thickness_rigid|10.0|||
01/01/2024|54|12200480000EB|1.9|2.0|thickness_rigid|10.0|||
01/01/2024|54|12200480000EB|2.0|2.1|thickness_rigid|10.0|||
01/01/2024|54|12200480000EB|2.1|2.2|thickness_rigid|10.0|||
01/01/2024|54|12200480000EB|2.2|2.3|thickness_rigid|10.0|||
01/01/2024|54|12200480000EB|2.3|2.4|thickness_rigid|10.0|||
01/01/2024|54|12200480000EB|2.4|2.5|thickness_rigid|10.0|||
01/01/2024|54|12200480000EB|2.5|2.6|thickness_rigid|10.0|||
01/01/2024|54|12200480000EB|2.6|2.7|thickness_rigid|10.0|||
01/01/2024|54|12200480000EB|2.7|2.8|thickness_rigid|10.0|||
01/01/2024|54|12200480000EB|2.8|2.9|thickness_rigid|10.0|||
01/01/2024|54|12200480000EB|2.9|3.0|thickness_rigid|10.0|||
01/01/2024|54|12200480000EB|3.0|3.1|thickness_rigid|10.0|||
01/01/2024|54|12200480000EB|3.1|3.2|thickness_rigid|10.0|||
01/01/2024|54|12200480000EB|3.2|3.3|thickness_rigid|10.0|||
01/01/2024|54|12200480000EB|3.3|3.4|thickness_rigid|10.0|||
01/01/2024|54|12200480000EB|3.4|3.5|thickness_rigid|10.0|||
01/01/2024|54|12200480000EB|3.5|3.6|thickness_rigid|10.0|||
01/01/2024|54|12200480000EB|3.6|3.7|thickness_rigid|10.0|||
01/01/2024|54|12200480000EB|3.7|3.8|thickness_rigid|10.0|||
01/01/2024|54|12200480000EB|3.8|3.9|thickness_rigid|10.0|||
01/01/2024|54|12200480000EB|3.9|4.0|thickness_rigid|10.0|||
01/01/2024|54|12200480000EB|4.0|4.1|thickness_rigid|10.0|||
01/01/2024|54|12200480000EB|4.1|4.2|thickness_rigid|10.0|||
01/01/2024|54|12200480000EB|4.2|4.3|thickness_rigid|10.0|||
01/01/2024|54|12200480000EB|4.3|4.4|thickness_rigid|10.0|||
01/01/2024|54|12200480000EB|4.4|4.5|thickness_rigid|10.0|||
01/01/2024|54|12200480000EB|4.5|4.6|thickness_rigid|10.0|||
01/01/2024|54|12200480000EB|4.6|4.7|thickness_rigid|10.0|||
01/01/2024|54|12200480000EB|4.7|4.8|thickness_rigid|10.0|||
01/01/2024|54|12200480000EB|4.8|4.9|thickness_rigid|10.0|||
01/01/2024|54|12200480000EB|4.9|5.0|thickness_rigid|10.0|||
01/01/2024|54|12200480000EB|5.0|5.1|thickness_rigid|10.0|||
01/01/2024|54|12200480000EB|5.1|5.2|thickness_rigid|10.0|||
01/01/2024|54|12200480000EB|5.2|5.3|thickness_rigid|10.0|||
01/01/2024|54|12200480000EB|5.3|5.4|thickness_rigid|10.0|||
01/01/2024|54|12200480000EB|5.4|5.5|thickness_rigid|10.0|||
01/01/2024|54|12200480000EB|5.5|5.6|thickness_rigid|10.0|||
01/01/2024|54|12200480000EB|5.6|5.7|thickness_rigid|10.0|||
01/01/2024|54|12200480000EB|5.7|5.8|thickness_rigid|10.0|||
01/01/2024|54|12200480000EB|5.8|5.82|thickness_rigid|10.0|||
01/01/2024|54|4730032000000|14.79|16.09|thickness_rigid|7.0|||
01/01/2024|54|4730032000000|16.09|16.45|thickness_rigid|7.0|||
01/01/2024|54|28100770000NB|0.69|0.7|thickness_rigid|11.0|||
01/01/2024|54|28100770000NB|0.7|0.8|thickness_rigid|11.0|||
01/01/2024|54|28100770000NB|0.8|0.9|thickness_rigid|11.0|||
01/01/2024|54|28100770000NB|0.9|1.0|thickness_rigid|11.0|||
01/01/2024|54|28100770000NB|1.0|1.1|thickness_rigid|11.0|||
01/01/2024|54|28100770000NB|1.1|1.2|thickness_rigid|11.0|||
01/01/2024|54|28100770000NB|1.2|1.3|thickness_rigid|11.0|||
01/01/2024|54|28100770000NB|1.3|1.4|thickness_rigid|11.0|||
01/01/2024|54|28100770000NB|1.4|1.5|thickness_rigid|11.0|||
01/01/2024|54|28100770000NB|1.5|1.6|thickness_rigid|11.0|||
01/01/2024|54|28100770000NB|1.6|1.7|thickness_rigid|11.0|||
01/01/2024|54|28100770000NB|1.7|1.8|thickness_rigid|11.0|||
01/01/2024|54|28100770000NB|1.8|1.9|thickness_rigid|11.0|||
01/01/2024|54|28100770000NB|1.9|2.0|thickness_rigid|11.0|||
01/01/2024|54|28100770000NB|2.0|2.1|thickness_rigid|11.0|||
01/01/2024|54|28100770000NB|2.1|2.2|thickness_rigid|11.0|||
01/01/2024|54|28100770000NB|2.2|2.3|thickness_rigid|11.0|||
01/01/2024|54|28100770000NB|2.3|2.4|thickness_rigid|11.0|||
01/01/2024|54|28100770000NB|2.4|2.5|thickness_rigid|11.0|||
01/01/2024|54|28100770000NB|2.5|2.56|thickness_rigid|11.0|||
01/01/2024|54|28100770000NB|2.56|2.6|thickness_rigid|11.0|||
01/01/2024|54|28100770000NB|2.6|2.7|thickness_rigid|11.0|||
01/01/2024|54|28100770000NB|2.7|2.8|thickness_rigid|11.0|||
01/01/2024|54|28100770000NB|2.8|2.9|thickness_rigid|11.0|||
01/01/2024|54|28100770000NB|2.9|3.0|thickness_rigid|11.0|||
01/01/2024|54|28100770000NB|3.0|3.1|thickness_rigid|11.0|||
01/01/2024|54|28100770000NB|3.1|3.2|thickness_rigid|11.0|||
01/01/2024|54|28100770000NB|3.2|3.3|thickness_rigid|11.0|||
01/01/2024|54|28100770000NB|3.3|3.4|thickness_rigid|11.0|||
01/01/2024|54|28100770000NB|3.4|3.5|thickness_rigid|11.0|||
01/01/2024|54|28100770000NB|3.5|3.6|thickness_rigid|11.0|||
01/01/2024|54|28100770000NB|3.6|3.7|thickness_rigid|11.0|||
01/01/2024|54|28100770000NB|3.7|3.8|thickness_rigid|11.0|||
01/01/2024|54|28100770000NB|3.8|3.9|thickness_rigid|11.0|||
01/01/2024|54|28100770000NB|3.9|4.0|thickness_rigid|11.0|||
01/01/2024|54|28100770000NB|4.0|4.1|thickness_rigid|11.0|||
01/01/2024|54|28100770000NB|4.1|4.2|thickness_rigid|11.0|||
01/01/2024|54|28100770000NB|4.2|4.3|thickness_rigid|11.0|||
01/01/2024|54|28100770000NB|4.3|4.4|thickness_rigid|11.0|||
01/01/2024|54|28100770000NB|4.4|4.5|thickness_rigid|11.0|||
01/01/2024|54|28100770000NB|4.5|4.6|thickness_rigid|11.0|||
01/01/2024|54|28100770000NB|4.6|4.7|thickness_rigid|11.0|||
01/01/2024|54|28100770000NB|4.7|4.8|thickness_rigid|11.0|||
01/01/2024|54|28100770000NB|4.8|4.9|thickness_rigid|11.0|||
01/01/2024|54|28100770000NB|4.9|5.0|thickness_rigid|11.0|||
01/01/2024|54|28100770000NB|5.0|5.1|thickness_rigid|11.0|||
01/01/2024|54|28100770000NB|5.1|5.12|thickness_rigid|11.0|||
01/01/2024|54|28100770000NB|5.12|5.2|thickness_rigid|11.0|||
01/01/2024|54|28100770000NB|5.2|5.3|thickness_rigid|11.0|||
01/01/2024|54|28100770000NB|5.3|5.4|thickness_rigid|11.0|||
01/01/2024|54|28100770000NB|5.4|5.5|thickness_rigid|11.0|||
01/01/2024|54|28100770000NB|5.5|5.6|thickness_rigid|11.0|||
01/01/2024|54|28100770000NB|5.6|5.7|thickness_rigid|11.0|||
01/01/2024|54|28100770000NB|5.7|5.8|thickness_rigid|11.0|||
01/01/2024|54|28100770000NB|5.8|5.9|thickness_rigid|11.0|||
01/01/2024|54|28100770000NB|5.9|6.0|thickness_rigid|11.0|||
01/01/2024|54|28100770000NB|6.0|6.1|thickness_rigid|11.0|||
01/01/2024|54|28100770000NB|6.1|6.2|thickness_rigid|11.0|||
01/01/2024|54|28100770000NB|6.2|6.3|thickness_rigid|11.0|||
01/01/2024|54|28100770000NB|6.3|6.4|thickness_rigid|11.0|||
01/01/2024|54|28100770000NB|6.4|6.5|thickness_rigid|11.0|||
01/01/2024|54|28100770000NB|6.5|6.6|thickness_rigid|11.0|||
01/01/2024|54|28100770000NB|6.6|6.7|thickness_rigid|11.0|||
01/01/2024|54|28100770000NB|6.7|6.8|thickness_rigid|11.0|||
01/01/2024|54|28100770000NB|6.8|6.9|thickness_rigid|11.0|||
01/01/2024|54|41100640000EB|120.0|120.1|thickness_rigid|11.0|||
01/01/2024|54|41100640000EB|120.1|120.5|thickness_rigid|11.0|||
01/01/2024|54|41100640000EB|120.69|120.7|thickness_rigid|11.0|||
01/01/2024|54|41100640000EB|120.7|120.8|thickness_rigid|11.0|||
01/01/2024|54|41100640000EB|120.8|120.9|thickness_rigid|11.0|||
01/01/2024|54|41100640000EB|120.9|121.0|thickness_rigid|11.0|||
01/01/2024|54|41100640000EB|121.0|121.1|thickness_rigid|11.0|||
01/01/2024|54|41100640000EB|121.1|121.2|thickness_rigid|11.0|||
01/01/2024|54|41100640000EB|121.2|121.3|thickness_rigid|11.0|||
01/01/2024|54|41100640000EB|121.3|121.4|thickness_rigid|11.0|||
01/01/2024|54|41100640000EB|121.4|121.5|thickness_rigid|11.0|||
01/01/2024|54|41100640000EB|121.5|121.6|thickness_rigid|11.0|||
01/01/2024|54|41100640000EB|121.6|121.7|thickness_rigid|11.0|||
01/01/2024|54|41100640000EB|121.7|121.8|thickness_rigid|11.0|||
01/01/2024|54|41100640000EB|121.8|121.9|thickness_rigid|11.0|||
01/01/2024|54|41100640000EB|121.9|122.0|thickness_rigid|11.0|||
01/01/2024|54|41100640000EB|122.0|122.1|thickness_rigid|11.0|||
01/01/2024|54|41100640000EB|122.1|122.2|thickness_rigid|11.0|||
01/01/2024|54|41100640000EB|122.2|122.3|thickness_rigid|11.0|||
01/01/2024|54|41100640000EB|122.3|122.4|thickness_rigid|11.0|||
01/01/2024|54|41100640000EB|122.4|122.5|thickness_rigid|11.0|||
01/01/2024|54|41100640000EB|122.5|122.6|thickness_rigid|11.0|||
01/01/2024|54|41100640000EB|122.6|122.62|thickness_rigid|11.0|||
01/01/2024|54|41100640000EB|122.62|122.71|thickness_rigid|11.0|||
01/01/2024|54|41100640000EB|122.71|122.8|thickness_rigid|11.0|||
01/01/2024|54|41100640000EB|122.8|122.9|thickness_rigid|11.0|||
01/01/2024|54|41100640000EB|122.9|123.0|thickness_rigid|11.0|||
01/01/2024|54|41100640000EB|123.0|123.1|thickness_rigid|11.0|||
01/01/2024|54|41100640000EB|123.1|123.18|thickness_rigid|11.0|||
01/01/2024|54|41100640000EB|123.18|123.3|thickness_rigid|11.0|||
01/01/2024|54|41100640000EB|123.63|123.7|thickness_rigid|11.0|||
01/01/2024|54|41100640000EB|123.7|123.8|thickness_rigid|11.0|||
01/01/2024|54|41100640000EB|123.8|123.9|thickness_rigid|11.0|||
01/01/2024|54|41100640000EB|123.9|124.0|thickness_rigid|11.0|||
01/01/2024|54|41100640000EB|124.0|124.1|thickness_rigid|11.0|||
01/01/2024|54|41100640000EB|124.1|124.2|thickness_rigid|11.0|||
01/01/2024|54|41100640000EB|124.2|124.3|thickness_rigid|11.0|||
01/01/2024|54|41100640000EB|124.3|124.4|thickness_rigid|11.0|||
01/01/2024|54|41100640000EB|124.4|124.47|thickness_rigid|11.0|||
01/01/2024|54|41100640000EB|124.9|125.65|thickness_rigid|11.0|||
01/01/2024|54|41100640000EB|125.65|126.6|thickness_rigid|11.0|||
01/01/2024|54|41100640000EB|126.65|126.7|thickness_rigid|11.0|||
01/01/2024|54|41100640000EB|126.7|126.8|thickness_rigid|11.0|||
01/01/2024|54|41100640000EB|126.8|126.9|thickness_rigid|11.0|||
01/01/2024|54|41100640000EB|126.9|127.0|thickness_rigid|11.0|||
01/01/2024|54|41100640000EB|127.0|127.1|thickness_rigid|11.0|||
01/01/2024|54|41100640000EB|127.1|127.2|thickness_rigid|11.0|||
01/01/2024|54|41100640000EB|127.2|127.3|thickness_rigid|11.0|||
01/01/2024|54|41100640000EB|127.3|127.4|thickness_rigid|11.0|||
01/01/2024|54|41100640000EB|127.4|127.5|thickness_rigid|11.0|||
01/01/2024|54|41100640000EB|127.5|127.58|thickness_rigid|11.0|||
01/01/2024|54|41100640000EB|128.91|129.0|thickness_rigid|11.0|||
01/01/2024|54|41100640000EB|129.0|129.1|thickness_rigid|11.0|||
01/01/2024|54|41100640000EB|129.1|129.2|thickness_rigid|11.0|||
01/01/2024|54|41100640000EB|129.2|129.3|thickness_rigid|11.0|||
01/01/2024|54|41100640000EB|129.3|129.4|thickness_rigid|11.0|||
01/01/2024|54|41100640000EB|129.4|129.49|thickness_rigid|11.0|||
01/01/2024|54|41100640000EB|129.49|129.5|thickness_rigid|11.0|||
01/01/2024|54|41100640000EB|129.5|129.6|thickness_rigid|11.0|||
01/01/2024|54|41100640000EB|129.6|129.7|thickness_rigid|11.0|||
01/01/2024|54|41100640000EB|129.7|129.8|thickness_rigid|11.0|||
01/01/2024|54|41100640000EB|129.8|129.9|thickness_rigid|11.0|||
01/01/2024|54|41100640000EB|129.9|130.0|thickness_rigid|11.0|||
01/01/2024|54|41100640000EB|130.0|130.1|thickness_rigid|11.0|||
01/01/2024|54|41100640000EB|130.1|130.2|thickness_rigid|11.0|||
01/01/2024|54|41100640000EB|130.2|130.3|thickness_rigid|11.0|||
01/01/2024|54|41100640000EB|130.3|130.4|thickness_rigid|11.0|||
01/01/2024|54|41100640000EB|130.4|130.5|thickness_rigid|11.0|||
01/01/2024|54|41100640000EB|130.5|130.6|thickness_rigid|11.0|||
01/01/2024|54|41100640000EB|130.6|130.7|thickness_rigid|11.0|||
01/01/2024|54|41100640000EB|130.7|130.8|thickness_rigid|11.0|||
01/01/2024|54|41100640000EB|130.8|130.9|thickness_rigid|11.0|||
01/01/2024|54|41100640000EB|130.9|131.0|thickness_rigid|11.0|||
01/01/2024|54|41100640000EB|131.0|131.1|thickness_rigid|11.0|||
01/01/2024|54|41100640000EB|131.1|131.2|thickness_rigid|11.0|||
01/01/2024|54|41100640000EB|131.2|131.3|thickness_rigid|11.0|||
01/01/2024|54|41100640000EB|131.3|131.4|thickness_rigid|11.0|||
01/01/2024|54|41100640000EB|131.4|131.5|thickness_rigid|11.0|||
01/01/2024|54|41100640000EB|131.5|131.6|thickness_rigid|11.0|||
01/01/2024|54|41100640000EB|131.6|131.7|thickness_rigid|11.0|||
01/01/2024|54|41100640000EB|131.7|131.8|thickness_rigid|11.0|||
01/01/2024|54|41100640000EB|131.8|131.9|thickness_rigid|11.0|||
01/01/2024|54|41100640000EB|131.9|132.0|thickness_rigid|11.0|||
01/01/2024|54|41100640000EB|132.0|132.1|thickness_rigid|11.0|||
01/01/2024|54|41100640000EB|132.1|132.2|thickness_rigid|11.0|||
01/01/2024|54|41100640000EB|132.2|132.3|thickness_rigid|11.0|||
01/01/2024|54|41100640000EB|132.3|132.4|thickness_rigid|11.0|||
01/01/2024|54|41100640000EB|132.4|132.5|thickness_rigid|11.0|||
01/01/2024|54|41100640000EB|132.5|132.53|thickness_rigid|11.0|||
01/01/2024|54|41100640000EB|132.84|132.9|thickness_rigid|11.0|||
01/01/2024|54|41100640000EB|132.9|133.0|thickness_rigid|11.0|||
01/01/2024|54|41100640000EB|133.0|133.1|thickness_rigid|11.0|||
01/01/2024|54|41100640000EB|133.1|133.2|thickness_rigid|11.0|||
01/01/2024|54|41100640000EB|133.2|133.3|thickness_rigid|11.0|||
01/01/2024|54|41100640000EB|133.3|133.4|thickness_rigid|11.0|||
01/01/2024|54|41100640000EB|133.4|133.5|thickness_rigid|11.0|||
01/01/2024|54|41100640000EB|133.5|133.6|thickness_rigid|11.0|||
01/01/2024|54|41100640000EB|133.6|133.7|thickness_rigid|11.0|||
01/01/2024|54|41100640000EB|133.7|133.8|thickness_rigid|11.0|||
01/01/2024|54|41100640000EB|133.8|133.9|thickness_rigid|11.0|||
01/01/2024|54|41100640000EB|133.9|134.0|thickness_rigid|11.0|||
01/01/2024|54|41100640000EB|134.0|134.1|thickness_rigid|11.0|||
01/01/2024|54|41100640000EB|134.1|134.2|thickness_rigid|11.0|||
01/01/2024|54|41100640000EB|134.2|134.3|thickness_rigid|11.0|||
01/01/2024|54|41100640000EB|134.3|134.4|thickness_rigid|11.0|||
01/01/2024|54|41100640000EB|134.4|134.5|thickness_rigid|11.0|||
01/01/2024|54|41100640000EB|134.5|134.6|thickness_rigid|11.0|||
01/01/2024|54|41100640000EB|134.6|134.7|thickness_rigid|11.0|||
01/01/2024|54|41100640000EB|134.7|134.8|thickness_rigid|11.0|||
01/01/2024|54|41100640000EB|134.8|134.9|thickness_rigid|11.0|||
01/01/2024|54|41100640000EB|134.9|135.0|thickness_rigid|11.0|||
01/01/2024|54|41100640000EB|135.0|135.1|thickness_rigid|11.0|||
01/01/2024|54|41100640000EB|135.1|135.2|thickness_rigid|11.0|||
01/01/2024|54|41100640000EB|135.2|135.3|thickness_rigid|11.0|||
01/01/2024|54|41100640000EB|135.3|135.4|thickness_rigid|11.0|||
01/01/2024|54|41100640000EB|135.4|135.5|thickness_rigid|11.0|||
01/01/2024|54|41100640000EB|135.5|135.6|thickness_rigid|11.0|||
01/01/2024|54|41100640000EB|135.6|135.7|thickness_rigid|11.0|||
01/01/2024|54|41100640000EB|135.7|135.8|thickness_rigid|11.0|||
01/01/2024|54|41100640000EB|135.8|135.9|thickness_rigid|11.0|||
01/01/2024|54|41100640000EB|135.9|136.0|thickness_rigid|11.0|||
01/01/2024|54|41100640000EB|136.0|136.1|thickness_rigid|11.0|||
01/01/2024|54|41100640000EB|136.1|136.2|thickness_rigid|11.0|||
01/01/2024|54|41100640000EB|136.2|136.3|thickness_rigid|11.0|||
01/01/2024|54|41100640000EB|136.3|136.4|thickness_rigid|11.0|||
01/01/2024|54|41100640000EB|136.4|136.5|thickness_rigid|11.0|||
01/01/2024|54|41100640000EB|136.5|136.6|thickness_rigid|11.0|||
01/01/2024|54|41100640000EB|136.6|136.7|thickness_rigid|11.0|||
01/01/2024|54|41100640000EB|136.7|136.8|thickness_rigid|11.0|||
01/01/2024|54|41100640000EB|136.8|136.9|thickness_rigid|11.0|||
01/01/2024|54|41100640000EB|136.9|137.0|thickness_rigid|11.0|||
01/01/2024|54|41100640000EB|137.0|137.1|thickness_rigid|11.0|||
01/01/2024|54|41100640000EB|137.1|137.2|thickness_rigid|11.0|||
01/01/2024|54|41100640000EB|137.2|137.3|thickness_rigid|11.0|||
01/01/2024|54|41100640000EB|137.3|137.4|thickness_rigid|11.0|||
01/01/2024|54|41100640000EB|137.4|137.48|thickness_rigid|11.0|||
01/01/2024|54|41100640000EB|137.48|137.5|thickness_rigid|11.0|||
01/01/2024|54|41100640000EB|137.5|137.6|thickness_rigid|11.0|||
01/01/2024|54|41100640000EB|137.6|137.7|thickness_rigid|11.0|||
01/01/2024|54|41100640000EB|137.7|137.8|thickness_rigid|11.0|||
01/01/2024|54|41100640000EB|137.8|137.9|thickness_rigid|11.0|||
01/01/2024|54|41100640000EB|137.9|138.0|thickness_rigid|11.0|||
01/01/2024|54|41100640000EB|138.0|138.01|thickness_rigid|11.0|||
01/01/2024|54|05200220000EB|3.17|3.35|thickness_rigid|12.0|||
01/01/2024|54|05200220000EB|3.35|3.45|thickness_rigid|12.0|||
01/01/2024|54|05200220000EB|3.45|4.73|thickness_rigid|12.0|||
01/01/2024|54|05200220000EB|4.73|5.19|thickness_rigid|12.0|||
01/01/2024|54|05200220000EB|5.19|5.89|thickness_rigid|12.0|||
01/01/2024|54|4130307000000|7.42|8.45|thickness_rigid|11.0|||
