StateId,RouteId,BeginPoint,EndPoint,DataItem,BeginDate,CURVES_F_VN,CURVES_F_VT,CURVES_F_VD,Comments,ReportDate,EndDate,SectionLength,ProcessId,IsWarning,IsApproved
54,01201190000NB,6.95,9.29,CURVES_F,1/1/2022 12:00:00 AM,0.034,,,,5/16/2023 5:45:21 PM,12/31/9999 12:00:00 AM,2.34,d2e5c1c4-7bb9-434c-8e6b-406ec9136a57,,
54,01201190000NB,10.66,11.5,CURVES_F,1/1/2022 12:00:00 AM,0.001,,,,5/16/2023 5:45:19 PM,12/31/9999 12:00:00 AM,0.84,d2e5c1c4-7bb9-434c-8e6b-406ec9136a57,,
54,0130076000000,1.75,6.62,CURVES_F,1/1/2022 12:00:00 AM,0.024,,,,5/16/2023 5:45:19 PM,12/31/9999 12:00:00 AM,4.87,d2e5c1c4-7bb9-434c-8e6b-406ec9136a57,,
54,0140006000000,0.11,3.13,CURVES_F,1/1/2022 12:00:00 AM,0.033,,,,5/16/2023 5:45:18 PM,12/31/9999 12:00:00 AM,3.02,d2e5c1c4-7bb9-434c-8e6b-406ec9136a57,,
54,0140010000000,7.41,8.63,CURVES_F,1/1/2022 12:00:00 AM,0.007,,,,5/16/2023 5:45:21 PM,12/31/9999 12:00:00 AM,1.22,d2e5c1c4-7bb9-434c-8e6b-406ec9136a57,,
54,0140024000000,1.64,2.79,CURVES_F,1/1/2022 12:00:00 AM,0.057,,,,5/16/2023 5:45:19 PM,12/31/9999 12:00:00 AM,1.15,d2e5c1c4-7bb9-434c-8e6b-406ec9136a57,,
54,0140024000000,2.79,4.74,CURVES_F,1/1/2022 12:00:00 AM,0.032,,,,5/16/2023 5:45:20 PM,12/31/9999 12:00:00 AM,1.95,d2e5c1c4-7bb9-434c-8e6b-406ec9136a57,,
54,0140030000000,6.14,6.83,CURVES_F,1/1/2022 12:00:00 AM,0.018,,,,5/16/2023 5:45:21 PM,12/31/9999 12:00:00 AM,0.69,d2e5c1c4-7bb9-434c-8e6b-406ec9136a57,,
54,0140030070000,0.0,0.92,CURVES_F,1/1/2022 12:00:00 AM,0.063,,,,5/16/2023 5:45:18 PM,12/31/9999 12:00:00 AM,0.92,d2e5c1c4-7bb9-434c-8e6b-406ec9136a57,,
54,0140030070000,0.92,2.0,CURVES_F,1/1/2022 12:00:00 AM,0.008,,,,5/16/2023 5:45:19 PM,12/31/9999 12:00:00 AM,1.08,d2e5c1c4-7bb9-434c-8e6b-406ec9136a57,,
54,0140046010000,0.0,1.62,CURVES_F,1/1/2022 12:00:00 AM,0.061,,,,5/16/2023 5:45:18 PM,12/31/9999 12:00:00 AM,1.62,d2e5c1c4-7bb9-434c-8e6b-406ec9136a57,,
54,02100810000NB,1.39,6.27,CURVES_F,1/1/2022 12:00:00 AM,0.001,,,,5/16/2023 5:45:19 PM,12/31/9999 12:00:00 AM,4.88,d2e5c1c4-7bb9-434c-8e6b-406ec9136a57,,
54,02100810000NB,6.27,11.63,CURVES_F,1/1/2022 12:00:00 AM,0.002,,,,5/16/2023 5:45:21 PM,12/31/9999 12:00:00 AM,5.36,d2e5c1c4-7bb9-434c-8e6b-406ec9136a57,,
54,0230009000000,6.17,6.27,CURVES_F,1/1/2022 12:00:00 AM,0.011,,,,5/16/2023 5:45:21 PM,12/31/9999 12:00:00 AM,0.1,d2e5c1c4-7bb9-434c-8e6b-406ec9136a57,,
54,0230045000000,14.85,15.31,CURVES_F,1/1/2022 12:00:00 AM,0.016,,,,5/16/2023 5:45:20 PM,12/31/9999 12:00:00 AM,0.46,d2e5c1c4-7bb9-434c-8e6b-406ec9136a57,,
54,0230045000000,17.53,18.23,CURVES_F,1/1/2022 12:00:00 AM,0.01,,,,5/16/2023 5:45:20 PM,12/31/9999 12:00:00 AM,0.7,d2e5c1c4-7bb9-434c-8e6b-406ec9136a57,,
54,0230051000000,1.87,2.841,CURVES_F,1/1/2022 12:00:00 AM,0.003,,,,5/16/2023 5:45:19 PM,12/31/9999 12:00:00 AM,0.971,d2e5c1c4-7bb9-434c-8e6b-406ec9136a57,,
54,0240005000000,5.9,7.94,CURVES_F,1/1/2022 12:00:00 AM,0.064,,,,5/16/2023 5:45:21 PM,12/31/9999 12:00:00 AM,2.04,d2e5c1c4-7bb9-434c-8e6b-406ec9136a57,,
54,0240009050000,1.67,3.26,CURVES_F,1/1/2022 12:00:00 AM,0.034,,,,5/16/2023 5:45:19 PM,12/31/9999 12:00:00 AM,1.59,d2e5c1c4-7bb9-434c-8e6b-406ec9136a57,,
54,0240009270000,0.0,0.31,CURVES_F,1/1/2022 12:00:00 AM,0.001,,,,5/16/2023 5:45:17 PM,12/31/9999 12:00:00 AM,0.31,d2e5c1c4-7bb9-434c-8e6b-406ec9136a57,,
54,0240010010000,0.0,0.69,CURVES_F,1/1/2022 12:00:00 AM,0.011,,,,5/16/2023 5:45:18 PM,12/31/9999 12:00:00 AM,0.69,d2e5c1c4-7bb9-434c-8e6b-406ec9136a57,,
54,0240011130000,0.28,0.41,CURVES_F,1/1/2022 12:00:00 AM,0.02,,,,5/16/2023 5:45:18 PM,12/31/9999 12:00:00 AM,0.13,d2e5c1c4-7bb9-434c-8e6b-406ec9136a57,,
54,0240011130000,0.41,0.55,CURVES_F,1/1/2022 12:00:00 AM,0.023,,,,5/16/2023 5:45:18 PM,12/31/9999 12:00:00 AM,0.14,d2e5c1c4-7bb9-434c-8e6b-406ec9136a57,,
54,0240011190000,0.0,0.31,CURVES_F,1/1/2022 12:00:00 AM,0.024,,,,5/16/2023 5:45:18 PM,12/31/9999 12:00:00 AM,0.31,d2e5c1c4-7bb9-434c-8e6b-406ec9136a57,,
54,0240011240000,0.0,0.85,CURVES_F,1/1/2022 12:00:00 AM,0.013,,,,5/16/2023 5:45:18 PM,12/31/9999 12:00:00 AM,0.85,d2e5c1c4-7bb9-434c-8e6b-406ec9136a57,,
54,0240012000000,0.0,1.29,CURVES_F,1/1/2022 12:00:00 AM,0.05,,,,5/16/2023 5:45:18 PM,12/31/9999 12:00:00 AM,1.29,d2e5c1c4-7bb9-434c-8e6b-406ec9136a57,,
54,0240013000000,0.43,1.03,CURVES_F,1/1/2022 12:00:00 AM,0.031,,,,5/16/2023 5:45:18 PM,12/31/9999 12:00:00 AM,0.6,d2e5c1c4-7bb9-434c-8e6b-406ec9136a57,,
54,0240013000000,1.03,1.5,CURVES_F,1/1/2022 12:00:00 AM,0.008,,,,5/16/2023 5:45:19 PM,12/31/9999 12:00:00 AM,0.47,d2e5c1c4-7bb9-434c-8e6b-406ec9136a57,,
54,0240013000000,2.75,3.716,CURVES_F,1/1/2022 12:00:00 AM,0.002,,,,5/16/2023 5:45:20 PM,12/31/9999 12:00:00 AM,0.966,d2e5c1c4-7bb9-434c-8e6b-406ec9136a57,,
54,0240015000000,2.78,3.06,CURVES_F,1/1/2022 12:00:00 AM,0.001,,,,5/16/2023 5:45:20 PM,12/31/9999 12:00:00 AM,0.28,d2e5c1c4-7bb9-434c-8e6b-406ec9136a57,,
54,0240019000000,3.438,4.04,CURVES_F,1/1/2022 12:00:00 AM,0.024,,,,5/16/2023 5:45:21 PM,12/31/9999 12:00:00 AM,0.602,d2e5c1c4-7bb9-434c-8e6b-406ec9136a57,,
54,0240032000000,0.0,1.26,CURVES_F,1/1/2022 12:00:00 AM,0.064,,,,5/16/2023 5:45:18 PM,12/31/9999 12:00:00 AM,1.26,d2e5c1c4-7bb9-434c-8e6b-406ec9136a57,,
54,0240032000000,1.565,2.15,CURVES_F,1/1/2022 12:00:00 AM,0.011,,,,5/16/2023 5:45:19 PM,12/31/9999 12:00:00 AM,0.585,d2e5c1c4-7bb9-434c-8e6b-406ec9136a57,,
54,0240034030000,0.0,1.01,CURVES_F,1/1/2022 12:00:00 AM,0.058,,,,5/16/2023 5:45:18 PM,12/31/9999 12:00:00 AM,1.01,d2e5c1c4-7bb9-434c-8e6b-406ec9136a57,,
54,0240036010000,1.6,1.98,CURVES_F,1/1/2022 12:00:00 AM,0.001,,,,5/16/2023 5:45:19 PM,12/31/9999 12:00:00 AM,0.38,d2e5c1c4-7bb9-434c-8e6b-406ec9136a57,,
54,0240045050000,0.55,1.25,CURVES_F,1/1/2022 12:00:00 AM,0.015,,,,5/16/2023 5:45:19 PM,12/31/9999 12:00:00 AM,0.7,d2e5c1c4-7bb9-434c-8e6b-406ec9136a57,,
54,0240051070000,2.28,3.56,CURVES_F,1/1/2022 12:00:00 AM,0.012,,,,5/16/2023 5:45:20 PM,12/31/9999 12:00:00 AM,1.28,d2e5c1c4-7bb9-434c-8e6b-406ec9136a57,,
54,0274256001900,0.0,0.66,CURVES_F,1/1/2022 12:00:00 AM,0.034,,,,5/16/2023 5:45:18 PM,12/31/9999 12:00:00 AM,0.66,d2e5c1c4-7bb9-434c-8e6b-406ec9136a57,,
54,0274257001900,0.0,0.11,CURVES_F,1/1/2022 12:00:00 AM,0.002,,,,5/16/2023 5:45:18 PM,12/31/9999 12:00:00 AM,0.11,d2e5c1c4-7bb9-434c-8e6b-406ec9136a57,,
54,0274265001900,0.0,0.57,CURVES_F,1/1/2022 12:00:00 AM,0.001,,,,5/16/2023 5:45:18 PM,12/31/9999 12:00:00 AM,0.57,d2e5c1c4-7bb9-434c-8e6b-406ec9136a57,,
54,0274266001900,0.0,0.44,CURVES_F,1/1/2022 12:00:00 AM,0.012,,,,5/16/2023 5:45:18 PM,12/31/9999 12:00:00 AM,0.44,d2e5c1c4-7bb9-434c-8e6b-406ec9136a57,,
54,0274273001900,0.0,0.11,CURVES_F,1/1/2022 12:00:00 AM,0.009,,,,5/16/2023 5:45:18 PM,12/31/9999 12:00:00 AM,0.11,d2e5c1c4-7bb9-434c-8e6b-406ec9136a57,,
54,0330094000000,0.0,3.01,CURVES_F,1/1/2022 12:00:00 AM,0.013,,,,5/16/2023 5:45:18 PM,12/31/9999 12:00:00 AM,3.01,d2e5c1c4-7bb9-434c-8e6b-406ec9136a57,,
54,0340005000000,5.42,6.96,CURVES_F,1/1/2022 12:00:00 AM,0.309,,,,5/16/2023 5:45:21 PM,12/31/9999 12:00:00 AM,1.54,d2e5c1c4-7bb9-434c-8e6b-406ec9136a57,,
54,0340006000000,2.99,5.53,CURVES_F,1/1/2022 12:00:00 AM,0.167,,,,5/16/2023 5:45:20 PM,12/31/9999 12:00:00 AM,2.54,d2e5c1c4-7bb9-434c-8e6b-406ec9136a57,,
54,0530002000000,15.75,16.16,CURVES_F,1/1/2022 12:00:00 AM,0.001,,,,5/16/2023 5:45:20 PM,12/31/9999 12:00:00 AM,0.41,d2e5c1c4-7bb9-434c-8e6b-406ec9136a57,,
54,05300020005SB,0.0,0.34,CURVES_F,1/1/2022 12:00:00 AM,0.003,,,,5/16/2023 5:45:18 PM,12/31/9999 12:00:00 AM,0.34,d2e5c1c4-7bb9-434c-8e6b-406ec9136a57,,
54,0530067000000,6.14,6.71,CURVES_F,1/1/2022 12:00:00 AM,0.039,,,,5/16/2023 5:45:21 PM,12/31/9999 12:00:00 AM,0.57,d2e5c1c4-7bb9-434c-8e6b-406ec9136a57,,
54,0540001000000,3.26,4.01,CURVES_F,1/1/2022 12:00:00 AM,0.001,,,,5/16/2023 5:45:20 PM,12/31/9999 12:00:00 AM,0.75,d2e5c1c4-7bb9-434c-8e6b-406ec9136a57,,
54,0540001000000,4.01,4.8,CURVES_F,1/1/2022 12:00:00 AM,0.059,,,,5/16/2023 5:45:21 PM,12/31/9999 12:00:00 AM,0.79,d2e5c1c4-7bb9-434c-8e6b-406ec9136a57,,
54,0540001080000,0.81,0.95,CURVES_F,1/1/2022 12:00:00 AM,0.029,,,,5/16/2023 5:45:19 PM,12/31/9999 12:00:00 AM,0.14,d2e5c1c4-7bb9-434c-8e6b-406ec9136a57,,
54,0540003010000,0.48,0.61,CURVES_F,1/1/2022 12:00:00 AM,0.01,,,,5/16/2023 5:45:18 PM,12/31/9999 12:00:00 AM,0.13,d2e5c1c4-7bb9-434c-8e6b-406ec9136a57,,
54,0540003010000,0.61,1.65,CURVES_F,1/1/2022 12:00:00 AM,0.114,,,,5/16/2023 5:45:18 PM,12/31/9999 12:00:00 AM,1.04,d2e5c1c4-7bb9-434c-8e6b-406ec9136a57,,
54,0540003010000,1.65,1.94,CURVES_F,1/1/2022 12:00:00 AM,0.026,,,,5/16/2023 5:45:19 PM,12/31/9999 12:00:00 AM,0.29,d2e5c1c4-7bb9-434c-8e6b-406ec9136a57,,
54,0540007000000,1.29,2.449,CURVES_F,1/1/2022 12:00:00 AM,0.064,,,,5/16/2023 5:45:19 PM,12/31/9999 12:00:00 AM,1.159,d2e5c1c4-7bb9-434c-8e6b-406ec9136a57,,
54,0540007010000,0.0,0.84,CURVES_F,1/1/2022 12:00:00 AM,0.057,,,,5/16/2023 5:45:18 PM,12/31/9999 12:00:00 AM,0.84,d2e5c1c4-7bb9-434c-8e6b-406ec9136a57,,
54,0540007010000,0.84,1.99,CURVES_F,1/1/2022 12:00:00 AM,0.079,,,,5/16/2023 5:45:19 PM,12/31/9999 12:00:00 AM,1.15,d2e5c1c4-7bb9-434c-8e6b-406ec9136a57,,
54,0540014000000,2.43,3.45,CURVES_F,1/1/2022 12:00:00 AM,0.023,,,,5/16/2023 5:45:20 PM,12/31/9999 12:00:00 AM,1.02,d2e5c1c4-7bb9-434c-8e6b-406ec9136a57,,
54,0540018000000,0.0,0.55,CURVES_F,1/1/2022 12:00:00 AM,0.067,,,,5/16/2023 5:45:18 PM,12/31/9999 12:00:00 AM,0.55,d2e5c1c4-7bb9-434c-8e6b-406ec9136a57,,
54,0540027040000,0.44,0.84,CURVES_F,1/1/2022 12:00:00 AM,0.04,,,,5/16/2023 5:45:18 PM,12/31/9999 12:00:00 AM,0.4,d2e5c1c4-7bb9-434c-8e6b-406ec9136a57,,
54,0540507020000,0.0,1.22,CURVES_F,1/1/2022 12:00:00 AM,0.018,,,,5/16/2023 5:45:18 PM,12/31/9999 12:00:00 AM,1.22,d2e5c1c4-7bb9-434c-8e6b-406ec9136a57,,
54,06200520004NB,0.0,0.32,CURVES_F,1/1/2022 12:00:00 AM,0.025,,,,5/16/2023 5:45:18 PM,12/31/9999 12:00:00 AM,0.32,d2e5c1c4-7bb9-434c-8e6b-406ec9136a57,,
54,06200600001EB,0.0,0.39,CURVES_F,1/1/2022 12:00:00 AM,0.005,,,,5/16/2023 5:45:17 PM,12/31/9999 12:00:00 AM,0.39,d2e5c1c4-7bb9-434c-8e6b-406ec9136a57,,
54,0630002001300,0.17,0.39,CURVES_F,1/1/2022 12:00:00 AM,0.003,,,,5/16/2023 5:45:18 PM,12/31/9999 12:00:00 AM,0.22,d2e5c1c4-7bb9-434c-8e6b-406ec9136a57,,
54,0630527000100,0.0,0.19,CURVES_F,1/1/2022 12:00:00 AM,0.005,,,,5/16/2023 5:45:18 PM,12/31/9999 12:00:00 AM,0.19,d2e5c1c4-7bb9-434c-8e6b-406ec9136a57,,
54,0640001000000,2.145,2.224,CURVES_F,1/1/2022 12:00:00 AM,0.029,,,,5/16/2023 5:45:20 PM,12/31/9999 12:00:00 AM,0.079,d2e5c1c4-7bb9-434c-8e6b-406ec9136a57,,
54,0640009000000,1.7,1.706,CURVES_F,1/1/2022 12:00:00 AM,0.006,,,,5/16/2023 5:45:19 PM,12/31/9999 12:00:00 AM,0.006,d2e5c1c4-7bb9-434c-8e6b-406ec9136a57,,
54,0640021000000,0.537,0.9,CURVES_F,1/1/2022 12:00:00 AM,0.001,,,,5/16/2023 5:45:18 PM,12/31/9999 12:00:00 AM,0.363,d2e5c1c4-7bb9-434c-8e6b-406ec9136a57,,
54,0640021000000,1.51,2.939,CURVES_F,1/1/2022 12:00:00 AM,0.085,,,,5/16/2023 5:45:19 PM,12/31/9999 12:00:00 AM,1.429,d2e5c1c4-7bb9-434c-8e6b-406ec9136a57,,
54,0640031000000,0.16,0.5,CURVES_F,1/1/2022 12:00:00 AM,0.093,,,,5/16/2023 5:45:18 PM,12/31/9999 12:00:00 AM,0.34,d2e5c1c4-7bb9-434c-8e6b-406ec9136a57,,
54,0640031060000,0.0,0.38,CURVES_F,1/1/2022 12:00:00 AM,0.013,,,,5/16/2023 5:45:18 PM,12/31/9999 12:00:00 AM,0.38,d2e5c1c4-7bb9-434c-8e6b-406ec9136a57,,
54,0640031060000,0.38,0.41,CURVES_F,1/1/2022 12:00:00 AM,0.009,,,,5/16/2023 5:45:18 PM,12/31/9999 12:00:00 AM,0.03,d2e5c1c4-7bb9-434c-8e6b-406ec9136a57,,
54,0640031060000,0.41,0.48,CURVES_F,1/1/2022 12:00:00 AM,0.004,,,,5/16/2023 5:45:18 PM,12/31/9999 12:00:00 AM,0.07,d2e5c1c4-7bb9-434c-8e6b-406ec9136a57,,
54,0640035000000,7.83,8.63,CURVES_F,1/1/2022 12:00:00 AM,0.036,,,,5/16/2023 5:45:21 PM,12/31/9999 12:00:00 AM,0.8,d2e5c1c4-7bb9-434c-8e6b-406ec9136a57,,
54,0640060050000,0.0,0.88,CURVES_F,1/1/2022 12:00:00 AM,0.022,,,,5/16/2023 5:45:18 PM,12/31/9999 12:00:00 AM,0.88,d2e5c1c4-7bb9-434c-8e6b-406ec9136a57,,
54,0640060090000,0.0,0.35,CURVES_F,1/1/2022 12:00:00 AM,0.011,,,,5/16/2023 5:45:18 PM,12/31/9999 12:00:00 AM,0.35,d2e5c1c4-7bb9-434c-8e6b-406ec9136a57,,
54,0640060700000,0.18,0.56,CURVES_F,1/1/2022 12:00:00 AM,0.022,,,,5/16/2023 5:45:18 PM,12/31/9999 12:00:00 AM,0.38,d2e5c1c4-7bb9-434c-8e6b-406ec9136a57,,
54,0640060700000,0.56,0.76,CURVES_F,1/1/2022 12:00:00 AM,0.007,,,,5/16/2023 5:45:18 PM,12/31/9999 12:00:00 AM,0.2,d2e5c1c4-7bb9-434c-8e6b-406ec9136a57,,
54,0673272001900,0.35,1.04,CURVES_F,1/1/2022 12:00:00 AM,0.022,,,,5/16/2023 5:45:18 PM,12/31/9999 12:00:00 AM,0.69,d2e5c1c4-7bb9-434c-8e6b-406ec9136a57,,
54,0673274001900,1.46,1.56,CURVES_F,1/1/2022 12:00:00 AM,0.046,,,,5/16/2023 5:45:19 PM,12/31/9999 12:00:00 AM,0.1,d2e5c1c4-7bb9-434c-8e6b-406ec9136a57,,
54,0673285001900,0.0,0.32,CURVES_F,1/1/2022 12:00:00 AM,0.021,,,,5/16/2023 5:45:17 PM,12/31/9999 12:00:00 AM,0.32,d2e5c1c4-7bb9-434c-8e6b-406ec9136a57,,
54,0673287001900,0.51,0.86,CURVES_F,1/1/2022 12:00:00 AM,0.034,,,,5/16/2023 5:45:18 PM,12/31/9999 12:00:00 AM,0.35,d2e5c1c4-7bb9-434c-8e6b-406ec9136a57,,
54,0673289001900,1.72,2.02,CURVES_F,1/1/2022 12:00:00 AM,0.017,,,,5/16/2023 5:45:19 PM,12/31/9999 12:00:00 AM,0.3,d2e5c1c4-7bb9-434c-8e6b-406ec9136a57,,
54,0673295001900,0.0,1.08,CURVES_F,1/1/2022 12:00:00 AM,0.006,,,,5/16/2023 5:45:18 PM,12/31/9999 12:00:00 AM,1.08,d2e5c1c4-7bb9-434c-8e6b-406ec9136a57,,
54,07200330000EB,3.68,5.03,CURVES_F,1/1/2022 12:00:00 AM,0.009,,,,5/16/2023 5:45:21 PM,12/31/9999 12:00:00 AM,1.35,d2e5c1c4-7bb9-434c-8e6b-406ec9136a57,,
54,07200330000EB,6.2,6.6,CURVES_F,1/1/2022 12:00:00 AM,0.012,,,,5/16/2023 5:45:21 PM,12/31/9999 12:00:00 AM,0.4,d2e5c1c4-7bb9-434c-8e6b-406ec9136a57,,
54,07200330000EB,6.62,8.3,CURVES_F,1/1/2022 12:00:00 AM,0.003,,,,5/16/2023 5:45:21 PM,12/31/9999 12:00:00 AM,1.68,d2e5c1c4-7bb9-434c-8e6b-406ec9136a57,,
54,07200330000EB,14.3,14.86,CURVES_F,1/1/2022 12:00:00 AM,0.023,,,,5/16/2023 5:45:20 PM,12/31/9999 12:00:00 AM,0.56,d2e5c1c4-7bb9-434c-8e6b-406ec9136a57,,
54,0740004000000,0.0,0.67,CURVES_F,1/1/2022 12:00:00 AM,0.089,,,,5/16/2023 5:45:18 PM,12/31/9999 12:00:00 AM,0.67,d2e5c1c4-7bb9-434c-8e6b-406ec9136a57,,
54,0830036000000,2.48,4.2,CURVES_F,1/1/2022 12:00:00 AM,0.039,,,,5/16/2023 5:45:20 PM,12/31/9999 12:00:00 AM,1.72,d2e5c1c4-7bb9-434c-8e6b-406ec9136a57,,
54,0940003000000,4.14,5.77,CURVES_F,1/1/2022 12:00:00 AM,0.028,,,,5/16/2023 5:45:21 PM,12/31/9999 12:00:00 AM,1.63,d2e5c1c4-7bb9-434c-8e6b-406ec9136a57,,
54,0940011000000,11.45,12.55,CURVES_F,1/1/2022 12:00:00 AM,0.009,,,,5/16/2023 5:45:19 PM,12/31/9999 12:00:00 AM,1.1,d2e5c1c4-7bb9-434c-8e6b-406ec9136a57,,
54,10100770016NB,59.62,61.6,CURVES_F,1/1/2022 12:00:00 AM,0.003,,,,5/16/2023 5:45:21 PM,12/31/9999 12:00:00 AM,1.98,d2e5c1c4-7bb9-434c-8e6b-406ec9136a57,,
54,1030006000000,0.0,0.12,CURVES_F,1/1/2022 12:00:00 AM,0.035,,,,5/16/2023 5:45:18 PM,12/31/9999 12:00:00 AM,0.12,d2e5c1c4-7bb9-434c-8e6b-406ec9136a57,,
54,1030016000000,23.4,23.74,CURVES_F,1/1/2022 12:00:00 AM,0.009,,,,5/16/2023 5:45:20 PM,12/31/9999 12:00:00 AM,0.34,d2e5c1c4-7bb9-434c-8e6b-406ec9136a57,,
54,1030061000000,22.53,25.56,CURVES_F,1/1/2022 12:00:00 AM,0.33,,,,5/16/2023 5:45:20 PM,12/31/9999 12:00:00 AM,3.03,d2e5c1c4-7bb9-434c-8e6b-406ec9136a57,,
54,1040005000000,0.06,0.37,CURVES_F,1/1/2022 12:00:00 AM,0.009,,,,5/16/2023 5:45:18 PM,12/31/9999 12:00:00 AM,0.31,d2e5c1c4-7bb9-434c-8e6b-406ec9136a57,,
54,1040005000000,0.37,0.4,CURVES_F,1/1/2022 12:00:00 AM,0.009,,,,5/16/2023 5:45:18 PM,12/31/9999 12:00:00 AM,0.03,d2e5c1c4-7bb9-434c-8e6b-406ec9136a57,,
54,1040005000000,0.4,0.6,CURVES_F,1/1/2022 12:00:00 AM,0.009,,,,5/16/2023 5:45:18 PM,12/31/9999 12:00:00 AM,0.2,d2e5c1c4-7bb9-434c-8e6b-406ec9136a57,,
54,1040005000000,0.6,0.62,CURVES_F,1/1/2022 12:00:00 AM,0.009,,,,5/16/2023 5:45:19 PM,12/31/9999 12:00:00 AM,0.02,d2e5c1c4-7bb9-434c-8e6b-406ec9136a57,,
54,1040008000000,3.28,6.25,CURVES_F,1/1/2022 12:00:00 AM,0.166,,,,5/16/2023 5:45:20 PM,12/31/9999 12:00:00 AM,2.97,d2e5c1c4-7bb9-434c-8e6b-406ec9136a57,,
54,1040009010000,0.0,1.93,CURVES_F,1/1/2022 12:00:00 AM,0.209,,,,5/16/2023 5:45:18 PM,12/31/9999 12:00:00 AM,1.93,d2e5c1c4-7bb9-434c-8e6b-406ec9136a57,,
54,1040012000000,0.18,1.9,CURVES_F,1/1/2022 12:00:00 AM,0.187,,,,5/16/2023 5:45:18 PM,12/31/9999 12:00:00 AM,1.72,d2e5c1c4-7bb9-434c-8e6b-406ec9136a57,,
54,1040012000000,1.9,3.28,CURVES_F,1/1/2022 12:00:00 AM,0.098,,,,5/16/2023 5:45:19 PM,12/31/9999 12:00:00 AM,1.38,d2e5c1c4-7bb9-434c-8e6b-406ec9136a57,,
54,1040018230000,0.0,0.44,CURVES_F,1/1/2022 12:00:00 AM,0.029,,,,5/16/2023 5:45:18 PM,12/31/9999 12:00:00 AM,0.44,d2e5c1c4-7bb9-434c-8e6b-406ec9136a57,,
54,1040019020000,0.0,0.82,CURVES_F,1/1/2022 12:00:00 AM,0.003,,,,5/16/2023 5:45:18 PM,12/31/9999 12:00:00 AM,0.82,d2e5c1c4-7bb9-434c-8e6b-406ec9136a57,,
54,1040061100000,0.08,0.45,CURVES_F,1/1/2022 12:00:00 AM,0.043,,,,5/16/2023 5:45:18 PM,12/31/9999 12:00:00 AM,0.37,d2e5c1c4-7bb9-434c-8e6b-406ec9136a57,,
54,11200330000EB,2.2,5.05,CURVES_F,1/1/2022 12:00:00 AM,0.037,,,,5/16/2023 5:45:20 PM,12/31/9999 12:00:00 AM,2.85,d2e5c1c4-7bb9-434c-8e6b-406ec9136a57,,
54,11200330000EB,5.05,6.44,CURVES_F,1/1/2022 12:00:00 AM,0.037,,,,5/16/2023 5:45:21 PM,12/31/9999 12:00:00 AM,1.39,d2e5c1c4-7bb9-434c-8e6b-406ec9136a57,,
54,11200330000EB,18.2,19.62,CURVES_F,1/1/2022 12:00:00 AM,0.01,,,,5/16/2023 5:45:20 PM,12/31/9999 12:00:00 AM,1.42,d2e5c1c4-7bb9-434c-8e6b-406ec9136a57,,
54,11200330000EB,22.28,25.09,CURVES_F,1/1/2022 12:00:00 AM,0.022,,,,5/16/2023 5:45:20 PM,12/31/9999 12:00:00 AM,2.81,d2e5c1c4-7bb9-434c-8e6b-406ec9136a57,,
54,11200330000EB,25.09,26.73,CURVES_F,1/1/2022 12:00:00 AM,0.132,,,,5/16/2023 5:45:20 PM,12/31/9999 12:00:00 AM,1.64,d2e5c1c4-7bb9-434c-8e6b-406ec9136a57,,
54,1140007000000,6.97,8.45,CURVES_F,1/1/2022 12:00:00 AM,0.028,,,,5/16/2023 5:45:21 PM,12/31/9999 12:00:00 AM,1.48,d2e5c1c4-7bb9-434c-8e6b-406ec9136a57,,
54,1140007000000,8.45,8.67,CURVES_F,1/1/2022 12:00:00 AM,0.028,,,,5/16/2023 5:45:21 PM,12/31/9999 12:00:00 AM,0.22,d2e5c1c4-7bb9-434c-8e6b-406ec9136a57,,
54,1230028000000,13.03,13.38,CURVES_F,1/1/2022 12:00:00 AM,0.008,,,,5/16/2023 5:45:20 PM,12/31/9999 12:00:00 AM,0.35,d2e5c1c4-7bb9-434c-8e6b-406ec9136a57,,
54,1230042000000,16.97,21.26,CURVES_F,1/1/2022 12:00:00 AM,0.395,,,,5/16/2023 5:45:20 PM,12/31/9999 12:00:00 AM,4.29,d2e5c1c4-7bb9-434c-8e6b-406ec9136a57,,
54,1230093000000,9.71,13.45,CURVES_F,1/1/2022 12:00:00 AM,0.002,,,,5/16/2023 5:45:21 PM,12/31/9999 12:00:00 AM,3.74,d2e5c1c4-7bb9-434c-8e6b-406ec9136a57,,
54,13200600000EB,16.48,17.43,CURVES_F,1/1/2022 12:00:00 AM,0.015,,,,5/16/2023 5:45:20 PM,12/31/9999 12:00:00 AM,0.95,d2e5c1c4-7bb9-434c-8e6b-406ec9136a57,,
54,13200600000EB,28.53,29.61,CURVES_F,1/1/2022 12:00:00 AM,0.01,,,,5/16/2023 5:45:20 PM,12/31/9999 12:00:00 AM,1.08,d2e5c1c4-7bb9-434c-8e6b-406ec9136a57,,
54,13202190000NB,5.37,5.69,CURVES_F,1/1/2022 12:00:00 AM,0.02,,,,5/16/2023 5:45:21 PM,12/31/9999 12:00:00 AM,0.32,d2e5c1c4-7bb9-434c-8e6b-406ec9136a57,,
54,13202190000NB,6.04,6.39,CURVES_F,1/1/2022 12:00:00 AM,0.008,,,,5/16/2023 5:45:21 PM,12/31/9999 12:00:00 AM,0.35,d2e5c1c4-7bb9-434c-8e6b-406ec9136a57,,
54,13202190000NB,6.39,6.52,CURVES_F,1/1/2022 12:00:00 AM,0.052,,,,5/16/2023 5:45:21 PM,12/31/9999 12:00:00 AM,0.13,d2e5c1c4-7bb9-434c-8e6b-406ec9136a57,,
54,13202190000NB,6.52,6.69,CURVES_F,1/1/2022 12:00:00 AM,0.052,,,,5/16/2023 5:45:21 PM,12/31/9999 12:00:00 AM,0.17,d2e5c1c4-7bb9-434c-8e6b-406ec9136a57,,
54,13202190000NB,6.69,7.11,CURVES_F,1/1/2022 12:00:00 AM,0.021,,,,5/16/2023 5:45:21 PM,12/31/9999 12:00:00 AM,0.42,d2e5c1c4-7bb9-434c-8e6b-406ec9136a57,,
54,13202190000NB,7.43,8.59,CURVES_F,1/1/2022 12:00:00 AM,0.01,,,,5/16/2023 5:45:21 PM,12/31/9999 12:00:00 AM,1.16,d2e5c1c4-7bb9-434c-8e6b-406ec9136a57,,
54,13202190000NB,27.33,29.72,CURVES_F,1/1/2022 12:00:00 AM,0.119,,,,5/16/2023 5:45:20 PM,12/31/9999 12:00:00 AM,2.39,d2e5c1c4-7bb9-434c-8e6b-406ec9136a57,,
54,13202190000NB,29.72,31.56,CURVES_F,1/1/2022 12:00:00 AM,0.015,,,,5/16/2023 5:45:20 PM,12/31/9999 12:00:00 AM,1.84,d2e5c1c4-7bb9-434c-8e6b-406ec9136a57,,
54,13202190000NB,31.56,34.22,CURVES_F,1/1/2022 12:00:00 AM,0.202,,,,5/16/2023 5:45:20 PM,12/31/9999 12:00:00 AM,2.66,d2e5c1c4-7bb9-434c-8e6b-406ec9136a57,,
54,13202190005SB,0.33,1.64,CURVES_F,1/1/2022 12:00:00 AM,0.012,,,,5/16/2023 5:45:18 PM,12/31/9999 12:00:00 AM,1.31,d2e5c1c4-7bb9-434c-8e6b-406ec9136a57,,
54,1330063000000,6.06,7.63,CURVES_F,1/1/2022 12:00:00 AM,0.042,,,,5/16/2023 5:45:21 PM,12/31/9999 12:00:00 AM,1.57,d2e5c1c4-7bb9-434c-8e6b-406ec9136a57,,
54,1340037120000,0.0,0.14,CURVES_F,1/1/2022 12:00:00 AM,0.066,,,,5/16/2023 5:45:18 PM,12/31/9999 12:00:00 AM,0.14,d2e5c1c4-7bb9-434c-8e6b-406ec9136a57,,
54,1340045000000,0.66,1.04,CURVES_F,1/1/2022 12:00:00 AM,0.017,,,,5/16/2023 5:45:18 PM,12/31/9999 12:00:00 AM,0.38,d2e5c1c4-7bb9-434c-8e6b-406ec9136a57,,
54,14200500000EB,8.56,8.92,CURVES_F,1/1/2022 12:00:00 AM,0.003,,,,5/16/2023 5:45:21 PM,12/31/9999 12:00:00 AM,0.36,d2e5c1c4-7bb9-434c-8e6b-406ec9136a57,,
54,1430028000000,16.47,22.27,CURVES_F,1/1/2022 12:00:00 AM,0.011,,,,5/16/2023 5:45:20 PM,12/31/9999 12:00:00 AM,5.8,d2e5c1c4-7bb9-434c-8e6b-406ec9136a57,,
54,1530002000000,1.49,2.3,CURVES_F,1/1/2022 12:00:00 AM,0.005,,,,5/16/2023 5:45:19 PM,12/31/9999 12:00:00 AM,0.81,d2e5c1c4-7bb9-434c-8e6b-406ec9136a57,,
54,1530002000000,2.3,2.66,CURVES_F,1/1/2022 12:00:00 AM,0.004,,,,5/16/2023 5:45:20 PM,12/31/9999 12:00:00 AM,0.36,d2e5c1c4-7bb9-434c-8e6b-406ec9136a57,,
54,1530105000000,0.38,1.14,CURVES_F,1/1/2022 12:00:00 AM,0.017,,,,5/16/2023 5:45:19 PM,12/31/9999 12:00:00 AM,0.76,d2e5c1c4-7bb9-434c-8e6b-406ec9136a57,,
54,1530105000000,1.14,3.27,CURVES_F,1/1/2022 12:00:00 AM,0.015,,,,5/16/2023 5:45:19 PM,12/31/9999 12:00:00 AM,2.13,d2e5c1c4-7bb9-434c-8e6b-406ec9136a57,,
54,1530105000000,4.26,4.58,CURVES_F,1/1/2022 12:00:00 AM,0.001,,,,5/16/2023 5:45:21 PM,12/31/9999 12:00:00 AM,0.32,d2e5c1c4-7bb9-434c-8e6b-406ec9136a57,,
54,1540003060000,2.171,2.32,CURVES_F,1/1/2022 12:00:00 AM,0.006,,,,5/16/2023 5:45:20 PM,12/31/9999 12:00:00 AM,0.149,d2e5c1c4-7bb9-434c-8e6b-406ec9136a57,,
54,1540005000000,1.86,3.674,CURVES_F,1/1/2022 12:00:00 AM,0.146,,,,5/16/2023 5:45:19 PM,12/31/9999 12:00:00 AM,1.814,d2e5c1c4-7bb9-434c-8e6b-406ec9136a57,,
54,1540009000000,0.0,0.79,CURVES_F,1/1/2022 12:00:00 AM,0.027,,,,5/16/2023 5:45:18 PM,12/31/9999 12:00:00 AM,0.79,d2e5c1c4-7bb9-434c-8e6b-406ec9136a57,,
54,1540011000000,0.0,2.31,CURVES_F,1/1/2022 12:00:00 AM,0.16,,,,5/16/2023 5:45:18 PM,12/31/9999 12:00:00 AM,2.31,d2e5c1c4-7bb9-434c-8e6b-406ec9136a57,,
54,1540011000000,2.31,2.9,CURVES_F,1/1/2022 12:00:00 AM,0.077,,,,5/16/2023 5:45:20 PM,12/31/9999 12:00:00 AM,0.59,d2e5c1c4-7bb9-434c-8e6b-406ec9136a57,,
54,1540011000000,4.91,5.16,CURVES_F,1/1/2022 12:00:00 AM,0.013,,,,5/16/2023 5:45:21 PM,12/31/9999 12:00:00 AM,0.25,d2e5c1c4-7bb9-434c-8e6b-406ec9136a57,,
54,1540011000000,5.16,5.35,CURVES_F,1/1/2022 12:00:00 AM,0.024,,,,5/16/2023 5:45:21 PM,12/31/9999 12:00:00 AM,0.19,d2e5c1c4-7bb9-434c-8e6b-406ec9136a57,,
54,1540011000000,5.35,5.59,CURVES_F,1/1/2022 12:00:00 AM,0.021,,,,5/16/2023 5:45:21 PM,12/31/9999 12:00:00 AM,0.24,d2e5c1c4-7bb9-434c-8e6b-406ec9136a57,,
54,1540011000000,5.59,5.61,CURVES_F,1/1/2022 12:00:00 AM,0.001,,,,5/16/2023 5:45:21 PM,12/31/9999 12:00:00 AM,0.02,d2e5c1c4-7bb9-434c-8e6b-406ec9136a57,,
54,1540011020000,0.0,0.57,CURVES_F,1/1/2022 12:00:00 AM,0.088,,,,5/16/2023 5:45:18 PM,12/31/9999 12:00:00 AM,0.57,d2e5c1c4-7bb9-434c-8e6b-406ec9136a57,,
54,1540011020000,0.57,2.75,CURVES_F,1/1/2022 12:00:00 AM,0.078,,,,5/16/2023 5:45:19 PM,12/31/9999 12:00:00 AM,2.18,d2e5c1c4-7bb9-434c-8e6b-406ec9136a57,,
54,1540011020000,2.75,2.78,CURVES_F,1/1/2022 12:00:00 AM,0.011,,,,5/16/2023 5:45:20 PM,12/31/9999 12:00:00 AM,0.03,d2e5c1c4-7bb9-434c-8e6b-406ec9136a57,,
54,1540011030000,0.06,0.352,CURVES_F,1/1/2022 12:00:00 AM,0.015,,,,5/16/2023 5:45:18 PM,12/31/9999 12:00:00 AM,0.292,d2e5c1c4-7bb9-434c-8e6b-406ec9136a57,,
54,1540015000000,0.0,1.44,CURVES_F,1/1/2022 12:00:00 AM,0.017,,,,5/16/2023 5:45:18 PM,12/31/9999 12:00:00 AM,1.44,d2e5c1c4-7bb9-434c-8e6b-406ec9136a57,,
54,1540208000000,3.21,3.55,CURVES_F,1/1/2022 12:00:00 AM,0.016,,,,5/16/2023 5:45:21 PM,12/31/9999 12:00:00 AM,0.34,d2e5c1c4-7bb9-434c-8e6b-406ec9136a57,,
54,1540507000000,1.51,3.33,CURVES_F,1/1/2022 12:00:00 AM,0.006,,,,5/16/2023 5:45:19 PM,12/31/9999 12:00:00 AM,1.82,d2e5c1c4-7bb9-434c-8e6b-406ec9136a57,,
54,1577261001900,0.0,0.73,CURVES_F,1/1/2022 12:00:00 AM,0.026,,,,5/16/2023 5:45:18 PM,12/31/9999 12:00:00 AM,0.73,d2e5c1c4-7bb9-434c-8e6b-406ec9136a57,,
54,1577264001900,0.0,0.35,CURVES_F,1/1/2022 12:00:00 AM,0.005,,,,5/16/2023 5:45:18 PM,12/31/9999 12:00:00 AM,0.35,d2e5c1c4-7bb9-434c-8e6b-406ec9136a57,,
54,1577270001900,0.0,0.5,CURVES_F,1/1/2022 12:00:00 AM,0.082,,,,5/16/2023 5:45:18 PM,12/31/9999 12:00:00 AM,0.5,d2e5c1c4-7bb9-434c-8e6b-406ec9136a57,,
54,1577271001900,0.4,1.18,CURVES_F,1/1/2022 12:00:00 AM,0.023,,,,5/16/2023 5:45:18 PM,12/31/9999 12:00:00 AM,0.78,d2e5c1c4-7bb9-434c-8e6b-406ec9136a57,,
54,1630055000000,35.57,36.3,CURVES_F,1/1/2022 12:00:00 AM,0.005,,,,5/16/2023 5:45:21 PM,12/31/9999 12:00:00 AM,0.73,d2e5c1c4-7bb9-434c-8e6b-406ec9136a57,,
54,1640010030000,0.0,0.21,CURVES_F,1/1/2022 12:00:00 AM,0.036,,,,5/16/2023 5:45:18 PM,12/31/9999 12:00:00 AM,0.21,d2e5c1c4-7bb9-434c-8e6b-406ec9136a57,,
54,1640012000000,14.85,15.91,CURVES_F,1/1/2022 12:00:00 AM,0.017,,,,5/16/2023 5:45:20 PM,12/31/9999 12:00:00 AM,1.06,d2e5c1c4-7bb9-434c-8e6b-406ec9136a57,,
54,17200190000NB,18.61,20.62,CURVES_F,1/1/2022 12:00:00 AM,0.009,,,,5/16/2023 5:45:20 PM,12/31/9999 12:00:00 AM,2.01,d2e5c1c4-7bb9-434c-8e6b-406ec9136a57,,
54,1730098000000,0.42,1.96,CURVES_F,1/1/2022 12:00:00 AM,0.02,,,,5/16/2023 5:45:18 PM,12/31/9999 12:00:00 AM,1.54,d2e5c1c4-7bb9-434c-8e6b-406ec9136a57,,
54,1740009000000,0.05,0.52,CURVES_F,1/1/2022 12:00:00 AM,0.035,,,,5/16/2023 5:45:18 PM,12/31/9999 12:00:00 AM,0.47,d2e5c1c4-7bb9-434c-8e6b-406ec9136a57,,
54,1740011000000,1.14,2.3,CURVES_F,1/1/2022 12:00:00 AM,0.023,,,,5/16/2023 5:45:19 PM,12/31/9999 12:00:00 AM,1.16,d2e5c1c4-7bb9-434c-8e6b-406ec9136a57,,
54,1740012000000,0.14,0.9,CURVES_F,1/1/2022 12:00:00 AM,0.025,,,,5/16/2023 5:45:18 PM,12/31/9999 12:00:00 AM,0.76,d2e5c1c4-7bb9-434c-8e6b-406ec9136a57,,
54,1740019290000,0.0,0.57,CURVES_F,1/1/2022 12:00:00 AM,0.029,,,,5/16/2023 5:45:18 PM,12/31/9999 12:00:00 AM,0.57,d2e5c1c4-7bb9-434c-8e6b-406ec9136a57,,
54,1740024000000,4.78,5.67,CURVES_F,1/1/2022 12:00:00 AM,0.003,,,,5/16/2023 5:45:21 PM,12/31/9999 12:00:00 AM,0.89,d2e5c1c4-7bb9-434c-8e6b-406ec9136a57,,
54,1740024020000,0.0,0.75,CURVES_F,1/1/2022 12:00:00 AM,0.005,,,,5/16/2023 5:45:18 PM,12/31/9999 12:00:00 AM,0.75,d2e5c1c4-7bb9-434c-8e6b-406ec9136a57,,
54,1740024020000,1.09,1.86,CURVES_F,1/1/2022 12:00:00 AM,0.024,,,,5/16/2023 5:45:19 PM,12/31/9999 12:00:00 AM,0.77,d2e5c1c4-7bb9-434c-8e6b-406ec9136a57,,
54,1740024020000,1.86,2.95,CURVES_F,1/1/2022 12:00:00 AM,0.062,,,,5/16/2023 5:45:19 PM,12/31/9999 12:00:00 AM,1.09,d2e5c1c4-7bb9-434c-8e6b-406ec9136a57,,
54,1740025060000,2.98,5.26,CURVES_F,1/1/2022 12:00:00 AM,0.04,,,,5/16/2023 5:45:20 PM,12/31/9999 12:00:00 AM,2.28,d2e5c1c4-7bb9-434c-8e6b-406ec9136a57,,
54,1740025120000,0.27,0.64,CURVES_F,1/1/2022 12:00:00 AM,0.006,,,,5/16/2023 5:45:18 PM,12/31/9999 12:00:00 AM,0.37,d2e5c1c4-7bb9-434c-8e6b-406ec9136a57,,
54,1740031000000,0.5,1.45,CURVES_F,1/1/2022 12:00:00 AM,0.028,,,,5/16/2023 5:45:18 PM,12/31/9999 12:00:00 AM,0.95,d2e5c1c4-7bb9-434c-8e6b-406ec9136a57,,
54,1740050160000,0.12,0.54,CURVES_F,1/1/2022 12:00:00 AM,0.056,,,,5/16/2023 5:45:18 PM,12/31/9999 12:00:00 AM,0.42,d2e5c1c4-7bb9-434c-8e6b-406ec9136a57,,
54,1740050400000,0.0,0.67,CURVES_F,1/1/2022 12:00:00 AM,0.028,,,,5/16/2023 5:45:18 PM,12/31/9999 12:00:00 AM,0.67,d2e5c1c4-7bb9-434c-8e6b-406ec9136a57,,
54,1771754001900,0.18,0.47,CURVES_F,1/1/2022 12:00:00 AM,0.017,,,,5/16/2023 5:45:18 PM,12/31/9999 12:00:00 AM,0.29,d2e5c1c4-7bb9-434c-8e6b-406ec9136a57,,
54,1771758001900,0.0,0.47,CURVES_F,1/1/2022 12:00:00 AM,0.005,,,,5/16/2023 5:45:18 PM,12/31/9999 12:00:00 AM,0.47,d2e5c1c4-7bb9-434c-8e6b-406ec9136a57,,
54,1771759001900,0.0,0.19,CURVES_F,1/1/2022 12:00:00 AM,0.017,,,,5/16/2023 5:45:18 PM,12/31/9999 12:00:00 AM,0.19,d2e5c1c4-7bb9-434c-8e6b-406ec9136a57,,
54,1771761001900,0.31,0.61,CURVES_F,1/1/2022 12:00:00 AM,0.009,,,,5/16/2023 5:45:18 PM,12/31/9999 12:00:00 AM,0.3,d2e5c1c4-7bb9-434c-8e6b-406ec9136a57,,
54,1771771001900,0.43,0.62,CURVES_F,1/1/2022 12:00:00 AM,0.007,,,,5/16/2023 5:45:18 PM,12/31/9999 12:00:00 AM,0.19,d2e5c1c4-7bb9-434c-8e6b-406ec9136a57,,
54,1771783001900,0.0,0.64,CURVES_F,1/1/2022 12:00:00 AM,0.021,,,,5/16/2023 5:45:18 PM,12/31/9999 12:00:00 AM,0.64,d2e5c1c4-7bb9-434c-8e6b-406ec9136a57,,
54,18200330000EB,3.32,3.46,CURVES_F,1/1/2022 12:00:00 AM,0.01,,,,5/16/2023 5:45:20 PM,12/31/9999 12:00:00 AM,0.14,d2e5c1c4-7bb9-434c-8e6b-406ec9136a57,,
54,18200330000EB,11.09,11.48,CURVES_F,1/1/2022 12:00:00 AM,0.05,,,,5/16/2023 5:45:19 PM,12/31/9999 12:00:00 AM,0.39,d2e5c1c4-7bb9-434c-8e6b-406ec9136a57,,
54,19203400000NB,14.86,15.31,CURVES_F,1/1/2022 12:00:00 AM,0.001,,,,5/16/2023 5:45:20 PM,12/31/9999 12:00:00 AM,0.45,d2e5c1c4-7bb9-434c-8e6b-406ec9136a57,,
54,19203400005SB,0.0,0.17,CURVES_F,1/1/2022 12:00:00 AM,0.019,,,,5/16/2023 5:45:17 PM,12/31/9999 12:00:00 AM,0.17,d2e5c1c4-7bb9-434c-8e6b-406ec9136a57,,
54,19203400005SB,0.17,0.37,CURVES_F,1/1/2022 12:00:00 AM,0.047,,,,5/16/2023 5:45:18 PM,12/31/9999 12:00:00 AM,0.2,d2e5c1c4-7bb9-434c-8e6b-406ec9136a57,,
54,1940003000000,1.403,1.82,CURVES_F,1/1/2022 12:00:00 AM,0.005,,,,5/16/2023 5:45:19 PM,12/31/9999 12:00:00 AM,0.417,d2e5c1c4-7bb9-434c-8e6b-406ec9136a57,,
54,1940003000000,1.82,2.02,CURVES_F,1/1/2022 12:00:00 AM,0.01,,,,5/16/2023 5:45:19 PM,12/31/9999 12:00:00 AM,0.2,d2e5c1c4-7bb9-434c-8e6b-406ec9136a57,,
54,1940003000000,2.02,2.36,CURVES_F,1/1/2022 12:00:00 AM,0.011,,,,5/16/2023 5:45:20 PM,12/31/9999 12:00:00 AM,0.34,d2e5c1c4-7bb9-434c-8e6b-406ec9136a57,,
54,1940029000000,0.0,1.26,CURVES_F,1/1/2022 12:00:00 AM,0.024,,,,5/16/2023 5:45:18 PM,12/31/9999 12:00:00 AM,1.26,d2e5c1c4-7bb9-434c-8e6b-406ec9136a57,,
54,20201190000NB,16.28,17.16,CURVES_F,1/1/2022 12:00:00 AM,0.01,,,,5/16/2023 5:45:19 PM,12/31/9999 12:00:00 AM,0.88,d2e5c1c4-7bb9-434c-8e6b-406ec9136a57,,
54,2030006000000,0.0,0.1,CURVES_F,1/1/2022 12:00:00 AM,0.004,,,,5/16/2023 5:45:17 PM,12/31/9999 12:00:00 AM,0.1,d2e5c1c4-7bb9-434c-8e6b-406ec9136a57,,
54,2030025000000,9.42,10.42,CURVES_F,1/1/2022 12:00:00 AM,0.041,,,,5/16/2023 5:45:21 PM,12/31/9999 12:00:00 AM,1.0,d2e5c1c4-7bb9-434c-8e6b-406ec9136a57,,
54,20300610006EB,0.0,0.19,CURVES_F,1/1/2022 12:00:00 AM,0.01,,,,5/16/2023 5:45:18 PM,12/31/9999 12:00:00 AM,0.19,d2e5c1c4-7bb9-434c-8e6b-406ec9136a57,,
54,2030062000000,0.87,1.66,CURVES_F,1/1/2022 12:00:00 AM,0.003,,,,5/16/2023 5:45:19 PM,12/31/9999 12:00:00 AM,0.79,d2e5c1c4-7bb9-434c-8e6b-406ec9136a57,,
54,2030601000000,0.0,0.95,CURVES_F,1/1/2022 12:00:00 AM,0.014,,,,5/16/2023 5:45:18 PM,12/31/9999 12:00:00 AM,0.95,d2e5c1c4-7bb9-434c-8e6b-406ec9136a57,,
54,2030622000000,2.72,3.79,CURVES_F,1/1/2022 12:00:00 AM,0.002,,,,5/16/2023 5:45:20 PM,12/31/9999 12:00:00 AM,1.07,d2e5c1c4-7bb9-434c-8e6b-406ec9136a57,,
54,2030622000000,13.94,16.86,CURVES_F,1/1/2022 12:00:00 AM,0.004,,,,5/16/2023 5:45:19 PM,12/31/9999 12:00:00 AM,2.92,d2e5c1c4-7bb9-434c-8e6b-406ec9136a57,,
54,2040006010000,0.46,1.89,CURVES_F,1/1/2022 12:00:00 AM,0.039,,,,5/16/2023 5:45:18 PM,12/31/9999 12:00:00 AM,1.43,d2e5c1c4-7bb9-434c-8e6b-406ec9136a57,,
54,2040006060000,0.0,0.47,CURVES_F,1/1/2022 12:00:00 AM,0.055,,,,5/16/2023 5:45:18 PM,12/31/9999 12:00:00 AM,0.47,d2e5c1c4-7bb9-434c-8e6b-406ec9136a57,,
54,2040006060000,0.8,1.16,CURVES_F,1/1/2022 12:00:00 AM,0.016,,,,5/16/2023 5:45:18 PM,12/31/9999 12:00:00 AM,0.36,d2e5c1c4-7bb9-434c-8e6b-406ec9136a57,,
54,2040006060000,1.16,2.24,CURVES_F,1/1/2022 12:00:00 AM,0.046,,,,5/16/2023 5:45:19 PM,12/31/9999 12:00:00 AM,1.08,d2e5c1c4-7bb9-434c-8e6b-406ec9136a57,,
54,2040006060000,2.24,3.11,CURVES_F,1/1/2022 12:00:00 AM,0.004,,,,5/16/2023 5:45:20 PM,12/31/9999 12:00:00 AM,0.87,d2e5c1c4-7bb9-434c-8e6b-406ec9136a57,,
54,2040006060000,3.7,5.75,CURVES_F,1/1/2022 12:00:00 AM,0.034,,,,5/16/2023 5:45:21 PM,12/31/9999 12:00:00 AM,2.05,d2e5c1c4-7bb9-434c-8e6b-406ec9136a57,,
54,2040008000000,0.86,1.17,CURVES_F,1/1/2022 12:00:00 AM,0.008,,,,5/16/2023 5:45:18 PM,12/31/9999 12:00:00 AM,0.31,d2e5c1c4-7bb9-434c-8e6b-406ec9136a57,,
54,2040008000000,2.72,3.24,CURVES_F,1/1/2022 12:00:00 AM,0.001,,,,5/16/2023 5:45:20 PM,12/31/9999 12:00:00 AM,0.52,d2e5c1c4-7bb9-434c-8e6b-406ec9136a57,,
54,2040009030000,0.97,2.86,CURVES_F,1/1/2022 12:00:00 AM,0.183,,,,5/16/2023 5:45:19 PM,12/31/9999 12:00:00 AM,1.89,d2e5c1c4-7bb9-434c-8e6b-406ec9136a57,,
54,2040012000000,0.0,2.55,CURVES_F,1/1/2022 12:00:00 AM,0.022,,,,5/16/2023 5:45:18 PM,12/31/9999 12:00:00 AM,2.55,d2e5c1c4-7bb9-434c-8e6b-406ec9136a57,,
54,2040012000000,3.6,4.14,CURVES_F,1/1/2022 12:00:00 AM,0.033,,,,5/16/2023 5:45:21 PM,12/31/9999 12:00:00 AM,0.54,d2e5c1c4-7bb9-434c-8e6b-406ec9136a57,,
54,2040012010000,0.0,0.6,CURVES_F,1/1/2022 12:00:00 AM,0.041,,,,5/16/2023 5:45:18 PM,12/31/9999 12:00:00 AM,0.6,d2e5c1c4-7bb9-434c-8e6b-406ec9136a57,,
54,2040013080000,0.0,0.77,CURVES_F,1/1/2022 12:00:00 AM,0.155,,,,5/16/2023 5:45:18 PM,12/31/9999 12:00:00 AM,0.77,d2e5c1c4-7bb9-434c-8e6b-406ec9136a57,,
54,2040016000000,4.25,5.42,CURVES_F,1/1/2022 12:00:00 AM,0.173,,,,5/16/2023 5:45:21 PM,12/31/9999 12:00:00 AM,1.17,d2e5c1c4-7bb9-434c-8e6b-406ec9136a57,,
54,2040022000000,0.86,1.19,CURVES_F,1/1/2022 12:00:00 AM,0.012,,,,5/16/2023 5:45:18 PM,12/31/9999 12:00:00 AM,0.33,d2e5c1c4-7bb9-434c-8e6b-406ec9136a57,,
54,2040022000000,1.19,2.47,CURVES_F,1/1/2022 12:00:00 AM,0.023,,,,5/16/2023 5:45:19 PM,12/31/9999 12:00:00 AM,1.28,d2e5c1c4-7bb9-434c-8e6b-406ec9136a57,,
54,2040025250000,0.15,2.17,CURVES_F,1/1/2022 12:00:00 AM,0.012,,,,5/16/2023 5:45:18 PM,12/31/9999 12:00:00 AM,2.02,d2e5c1c4-7bb9-434c-8e6b-406ec9136a57,,
54,2040025470000,0.36,0.57,CURVES_F,1/1/2022 12:00:00 AM,0.001,,,,5/16/2023 5:45:18 PM,12/31/9999 12:00:00 AM,0.21,d2e5c1c4-7bb9-434c-8e6b-406ec9136a57,,
54,2040026000000,4.62,4.96,CURVES_F,1/1/2022 12:00:00 AM,0.014,,,,5/16/2023 5:45:21 PM,12/31/9999 12:00:00 AM,0.34,d2e5c1c4-7bb9-434c-8e6b-406ec9136a57,,
54,2040027000000,5.07,7.24,CURVES_F,1/1/2022 12:00:00 AM,0.106,,,,5/16/2023 5:45:21 PM,12/31/9999 12:00:00 AM,2.17,d2e5c1c4-7bb9-434c-8e6b-406ec9136a57,,
54,2040028000000,4.95,5.91,CURVES_F,1/1/2022 12:00:00 AM,0.072,,,,5/16/2023 5:45:21 PM,12/31/9999 12:00:00 AM,0.96,d2e5c1c4-7bb9-434c-8e6b-406ec9136a57,,
54,2040028000000,5.91,7.37,CURVES_F,1/1/2022 12:00:00 AM,0.016,,,,5/16/2023 5:45:21 PM,12/31/9999 12:00:00 AM,1.46,d2e5c1c4-7bb9-434c-8e6b-406ec9136a57,,
54,2040039000000,7.15,8.83,CURVES_F,1/1/2022 12:00:00 AM,0.003,,,,5/16/2023 5:45:21 PM,12/31/9999 12:00:00 AM,1.68,d2e5c1c4-7bb9-434c-8e6b-406ec9136a57,,
54,2040046000000,0.0,0.41,CURVES_F,1/1/2022 12:00:00 AM,0.04,,,,5/16/2023 5:45:18 PM,12/31/9999 12:00:00 AM,0.41,d2e5c1c4-7bb9-434c-8e6b-406ec9136a57,,
54,2040060020000,2.13,3.0,CURVES_F,1/1/2022 12:00:00 AM,0.044,,,,5/16/2023 5:45:20 PM,12/31/9999 12:00:00 AM,0.87,d2e5c1c4-7bb9-434c-8e6b-406ec9136a57,,
54,2040060640000,0.0,0.35,CURVES_F,1/1/2022 12:00:00 AM,0.001,,,,5/16/2023 5:45:18 PM,12/31/9999 12:00:00 AM,0.35,d2e5c1c4-7bb9-434c-8e6b-406ec9136a57,,
54,2040060750000,0.0,0.09,CURVES_F,1/1/2022 12:00:00 AM,0.023,,,,5/16/2023 5:45:18 PM,12/31/9999 12:00:00 AM,0.09,d2e5c1c4-7bb9-434c-8e6b-406ec9136a57,,
54,2040073000000,0.0,1.18,CURVES_F,1/1/2022 12:00:00 AM,0.018,,,,5/16/2023 5:45:18 PM,12/31/9999 12:00:00 AM,1.18,d2e5c1c4-7bb9-434c-8e6b-406ec9136a57,,
54,2040114010000,0.0,1.07,CURVES_F,1/1/2022 12:00:00 AM,0.009,,,,5/16/2023 5:45:18 PM,12/31/9999 12:00:00 AM,1.07,d2e5c1c4-7bb9-434c-8e6b-406ec9136a57,,
54,2071013001900,0.0,1.48,CURVES_F,1/1/2022 12:00:00 AM,0.174,,,,5/16/2023 5:45:18 PM,12/31/9999 12:00:00 AM,1.48,d2e5c1c4-7bb9-434c-8e6b-406ec9136a57,,
54,2071058001900,0.09,1.81,CURVES_F,1/1/2022 12:00:00 AM,0.028,,,,5/16/2023 5:45:18 PM,12/31/9999 12:00:00 AM,1.72,d2e5c1c4-7bb9-434c-8e6b-406ec9136a57,,
54,2071062001900,0.0,1.38,CURVES_F,1/1/2022 12:00:00 AM,0.314,,,,5/16/2023 5:45:18 PM,12/31/9999 12:00:00 AM,1.38,d2e5c1c4-7bb9-434c-8e6b-406ec9136a57,,
54,2071068001900,0.0,0.48,CURVES_F,1/1/2022 12:00:00 AM,0.036,,,,5/16/2023 5:45:18 PM,12/31/9999 12:00:00 AM,0.48,d2e5c1c4-7bb9-434c-8e6b-406ec9136a57,,
54,2071069001900,0.0,0.22,CURVES_F,1/1/2022 12:00:00 AM,0.012,,,,5/16/2023 5:45:18 PM,12/31/9999 12:00:00 AM,0.22,d2e5c1c4-7bb9-434c-8e6b-406ec9136a57,,
54,2071308001900,0.77,1.62,CURVES_F,1/1/2022 12:00:00 AM,0.099,,,,5/16/2023 5:45:19 PM,12/31/9999 12:00:00 AM,0.85,d2e5c1c4-7bb9-434c-8e6b-406ec9136a57,,
54,21100790000NB,90.82,90.92,CURVES_F,1/1/2022 12:00:00 AM,0.007,,,,5/16/2023 5:45:21 PM,12/31/9999 12:00:00 AM,0.1,d2e5c1c4-7bb9-434c-8e6b-406ec9136a57,,
54,21100790000NB,90.92,95.73,CURVES_F,1/1/2022 12:00:00 AM,0.007,,,,5/16/2023 5:45:21 PM,12/31/9999 12:00:00 AM,4.81,d2e5c1c4-7bb9-434c-8e6b-406ec9136a57,,
54,21100790000NB,95.73,95.82,CURVES_F,1/1/2022 12:00:00 AM,0.007,,,,5/16/2023 5:45:21 PM,12/31/9999 12:00:00 AM,0.09,d2e5c1c4-7bb9-434c-8e6b-406ec9136a57,,
54,21100790000NB,95.82,96.17,CURVES_F,1/1/2022 12:00:00 AM,0.007,,,,5/16/2023 5:45:21 PM,12/31/9999 12:00:00 AM,0.35,d2e5c1c4-7bb9-434c-8e6b-406ec9136a57,,
54,21100790000NB,100.39,101.69,CURVES_F,1/1/2022 12:00:00 AM,0.001,,,,5/16/2023 5:45:19 PM,12/31/9999 12:00:00 AM,1.3,d2e5c1c4-7bb9-434c-8e6b-406ec9136a57,,
54,2140013000000,0.0,0.4,CURVES_F,1/1/2022 12:00:00 AM,0.012,,,,5/16/2023 5:45:18 PM,12/31/9999 12:00:00 AM,0.4,d2e5c1c4-7bb9-434c-8e6b-406ec9136a57,,
54,2230003000000,5.71,6.1,CURVES_F,1/1/2022 12:00:00 AM,0.008,,,,5/16/2023 5:45:21 PM,12/31/9999 12:00:00 AM,0.39,d2e5c1c4-7bb9-434c-8e6b-406ec9136a57,,
54,2240012000000,4.91,5.18,CURVES_F,1/1/2022 12:00:00 AM,0.052,,,,5/16/2023 5:45:21 PM,12/31/9999 12:00:00 AM,0.27,d2e5c1c4-7bb9-434c-8e6b-406ec9136a57,,
54,2330010000000,12.79,12.95,CURVES_F,1/1/2022 12:00:00 AM,0.01,,,,5/16/2023 5:45:19 PM,12/31/9999 12:00:00 AM,0.16,d2e5c1c4-7bb9-434c-8e6b-406ec9136a57,,
54,2330017000000,0.32,1.1,CURVES_F,1/1/2022 12:00:00 AM,0.007,,,,5/16/2023 5:45:18 PM,12/31/9999 12:00:00 AM,0.78,d2e5c1c4-7bb9-434c-8e6b-406ec9136a57,,
54,2340005000000,0.45,2.789,CURVES_F,1/1/2022 12:00:00 AM,0.072,,,,5/16/2023 5:45:18 PM,12/31/9999 12:00:00 AM,2.339,d2e5c1c4-7bb9-434c-8e6b-406ec9136a57,,
54,2340110580000,0.0,0.44,CURVES_F,1/1/2022 12:00:00 AM,0.06,,,,5/16/2023 5:45:18 PM,12/31/9999 12:00:00 AM,0.44,d2e5c1c4-7bb9-434c-8e6b-406ec9136a57,,
54,2340110580000,0.44,0.98,CURVES_F,1/1/2022 12:00:00 AM,0.027,,,,5/16/2023 5:45:19 PM,12/31/9999 12:00:00 AM,0.54,d2e5c1c4-7bb9-434c-8e6b-406ec9136a57,,
54,24200520000EB,0.0,1.09,CURVES_F,1/1/2022 12:00:00 AM,0.008,,,,5/16/2023 5:45:18 PM,12/31/9999 12:00:00 AM,1.09,d2e5c1c4-7bb9-434c-8e6b-406ec9136a57,,
54,24200520000EB,2.54,3.72,CURVES_F,1/1/2022 12:00:00 AM,0.049,,,,5/16/2023 5:45:20 PM,12/31/9999 12:00:00 AM,1.18,d2e5c1c4-7bb9-434c-8e6b-406ec9136a57,,
54,24200520000EB,5.19,6.4,CURVES_F,1/1/2022 12:00:00 AM,0.001,,,,5/16/2023 5:45:21 PM,12/31/9999 12:00:00 AM,1.21,d2e5c1c4-7bb9-434c-8e6b-406ec9136a57,,
54,24200520000EB,6.4,7.91,CURVES_F,1/1/2022 12:00:00 AM,0.008,,,,5/16/2023 5:45:21 PM,12/31/9999 12:00:00 AM,1.51,d2e5c1c4-7bb9-434c-8e6b-406ec9136a57,,
54,24200520000EB,9.59,12.82,CURVES_F,1/1/2022 12:00:00 AM,0.048,,,,5/16/2023 5:45:21 PM,12/31/9999 12:00:00 AM,3.23,d2e5c1c4-7bb9-434c-8e6b-406ec9136a57,,
54,24200520000EB,24.59,26.77,CURVES_F,1/1/2022 12:00:00 AM,0.003,,,,5/16/2023 5:45:20 PM,12/31/9999 12:00:00 AM,2.18,d2e5c1c4-7bb9-434c-8e6b-406ec9136a57,,
54,2430016000000,0.06,1.73,CURVES_F,1/1/2022 12:00:00 AM,0.035,,,,5/16/2023 5:45:18 PM,12/31/9999 12:00:00 AM,1.67,d2e5c1c4-7bb9-434c-8e6b-406ec9136a57,,
54,2430016000000,4.05,6.18,CURVES_F,1/1/2022 12:00:00 AM,0.053,,,,5/16/2023 5:45:21 PM,12/31/9999 12:00:00 AM,2.13,d2e5c1c4-7bb9-434c-8e6b-406ec9136a57,,
54,2430016000000,9.47,10.14,CURVES_F,1/1/2022 12:00:00 AM,0.004,,,,5/16/2023 5:45:21 PM,12/31/9999 12:00:00 AM,0.67,d2e5c1c4-7bb9-434c-8e6b-406ec9136a57,,
54,2430016000000,16.06,19.56,CURVES_F,1/1/2022 12:00:00 AM,0.143,,,,5/16/2023 5:45:20 PM,12/31/9999 12:00:00 AM,3.5,d2e5c1c4-7bb9-434c-8e6b-406ec9136a57,,
54,2430016000000,19.56,20.79,CURVES_F,1/1/2022 12:00:00 AM,0.348,,,,5/16/2023 5:45:20 PM,12/31/9999 12:00:00 AM,1.23,d2e5c1c4-7bb9-434c-8e6b-406ec9136a57,,
54,2430016000000,20.79,22.05,CURVES_F,1/1/2022 12:00:00 AM,0.17,,,,5/16/2023 5:45:20 PM,12/31/9999 12:00:00 AM,1.26,d2e5c1c4-7bb9-434c-8e6b-406ec9136a57,,
54,2430016000000,22.05,23.76,CURVES_F,1/1/2022 12:00:00 AM,0.065,,,,5/16/2023 5:45:20 PM,12/31/9999 12:00:00 AM,1.71,d2e5c1c4-7bb9-434c-8e6b-406ec9136a57,,
54,2430016000000,23.76,24.86,CURVES_F,1/1/2022 12:00:00 AM,0.188,,,,5/16/2023 5:45:20 PM,12/31/9999 12:00:00 AM,1.1,d2e5c1c4-7bb9-434c-8e6b-406ec9136a57,,
54,2430016000000,29.19,29.41,CURVES_F,1/1/2022 12:00:00 AM,0.005,,,,5/16/2023 5:45:20 PM,12/31/9999 12:00:00 AM,0.22,d2e5c1c4-7bb9-434c-8e6b-406ec9136a57,,
54,2430016000000,32.7,35.38,CURVES_F,1/1/2022 12:00:00 AM,0.005,,,,5/16/2023 5:45:21 PM,12/31/9999 12:00:00 AM,2.68,d2e5c1c4-7bb9-434c-8e6b-406ec9136a57,,
54,2430083000000,0.0,6.42,CURVES_F,1/1/2022 12:00:00 AM,0.79,,,,5/16/2023 5:45:18 PM,12/31/9999 12:00:00 AM,6.42,d2e5c1c4-7bb9-434c-8e6b-406ec9136a57,,
54,2430083000000,6.42,7.46,CURVES_F,1/1/2022 12:00:00 AM,0.043,,,,5/16/2023 5:45:21 PM,12/31/9999 12:00:00 AM,1.04,d2e5c1c4-7bb9-434c-8e6b-406ec9136a57,,
54,2430083000000,7.94,8.06,CURVES_F,1/1/2022 12:00:00 AM,0.001,,,,5/16/2023 5:45:21 PM,12/31/9999 12:00:00 AM,0.12,d2e5c1c4-7bb9-434c-8e6b-406ec9136a57,,
54,2430083000000,14.092,17.6,CURVES_F,1/1/2022 12:00:00 AM,0.115,,,,5/16/2023 5:45:20 PM,12/31/9999 12:00:00 AM,3.508,d2e5c1c4-7bb9-434c-8e6b-406ec9136a57,,
54,2440009000000,7.87,9.2,CURVES_F,1/1/2022 12:00:00 AM,0.106,,,,5/16/2023 5:45:21 PM,12/31/9999 12:00:00 AM,1.33,d2e5c1c4-7bb9-434c-8e6b-406ec9136a57,,
54,25200190000NB,7.97,8.47,CURVES_F,1/1/2022 12:00:00 AM,0.003,,,,5/16/2023 5:45:21 PM,12/31/9999 12:00:00 AM,0.5,d2e5c1c4-7bb9-434c-8e6b-406ec9136a57,,
54,2530310000000,8.35,8.45,CURVES_F,1/1/2022 12:00:00 AM,0.001,,,,5/16/2023 5:45:21 PM,12/31/9999 12:00:00 AM,0.1,d2e5c1c4-7bb9-434c-8e6b-406ec9136a57,,
54,2540019310000,0.4,0.89,CURVES_F,1/1/2022 12:00:00 AM,0.012,,,,5/16/2023 5:45:18 PM,12/31/9999 12:00:00 AM,0.49,d2e5c1c4-7bb9-434c-8e6b-406ec9136a57,,
54,2540060000000,2.11,2.61,CURVES_F,1/1/2022 12:00:00 AM,0.019,,,,5/16/2023 5:45:20 PM,12/31/9999 12:00:00 AM,0.5,d2e5c1c4-7bb9-434c-8e6b-406ec9136a57,,
54,2540060000000,4.38,4.86,CURVES_F,1/1/2022 12:00:00 AM,0.026,,,,5/16/2023 5:45:21 PM,12/31/9999 12:00:00 AM,0.48,d2e5c1c4-7bb9-434c-8e6b-406ec9136a57,,
54,2540072000000,1.02,1.79,CURVES_F,1/1/2022 12:00:00 AM,0.04,,,,5/16/2023 5:45:18 PM,12/31/9999 12:00:00 AM,0.77,d2e5c1c4-7bb9-434c-8e6b-406ec9136a57,,
54,2540072000000,2.07,2.67,CURVES_F,1/1/2022 12:00:00 AM,0.034,,,,5/16/2023 5:45:20 PM,12/31/9999 12:00:00 AM,0.6,d2e5c1c4-7bb9-434c-8e6b-406ec9136a57,,
54,2540072020000,0.0,0.5,CURVES_F,1/1/2022 12:00:00 AM,0.077,,,,5/16/2023 5:45:18 PM,12/31/9999 12:00:00 AM,0.5,d2e5c1c4-7bb9-434c-8e6b-406ec9136a57,,
54,2540072020000,0.5,0.72,CURVES_F,1/1/2022 12:00:00 AM,0.005,,,,5/16/2023 5:45:18 PM,12/31/9999 12:00:00 AM,0.22,d2e5c1c4-7bb9-434c-8e6b-406ec9136a57,,
54,2540072020000,0.72,1.17,CURVES_F,1/1/2022 12:00:00 AM,0.043,,,,5/16/2023 5:45:18 PM,12/31/9999 12:00:00 AM,0.45,d2e5c1c4-7bb9-434c-8e6b-406ec9136a57,,
54,2540072020000,1.17,1.71,CURVES_F,1/1/2022 12:00:00 AM,0.011,,,,5/16/2023 5:45:19 PM,12/31/9999 12:00:00 AM,0.54,d2e5c1c4-7bb9-434c-8e6b-406ec9136a57,,
54,2540072020000,1.76,1.93,CURVES_F,1/1/2022 12:00:00 AM,0.045,,,,5/16/2023 5:45:19 PM,12/31/9999 12:00:00 AM,0.17,d2e5c1c4-7bb9-434c-8e6b-406ec9136a57,,
54,2540072040000,0.0,0.13,CURVES_F,1/1/2022 12:00:00 AM,0.021,,,,5/16/2023 5:45:18 PM,12/31/9999 12:00:00 AM,0.13,d2e5c1c4-7bb9-434c-8e6b-406ec9136a57,,
54,2540073730000,2.11,2.33,CURVES_F,1/1/2022 12:00:00 AM,0.01,,,,5/16/2023 5:45:20 PM,12/31/9999 12:00:00 AM,0.22,d2e5c1c4-7bb9-434c-8e6b-406ec9136a57,,
54,2540250180000,0.08,0.85,CURVES_F,1/1/2022 12:00:00 AM,0.06,,,,5/16/2023 5:45:18 PM,12/31/9999 12:00:00 AM,0.77,d2e5c1c4-7bb9-434c-8e6b-406ec9136a57,,
54,2540250310000,0.0,0.55,CURVES_F,1/1/2022 12:00:00 AM,0.069,,,,5/16/2023 5:45:18 PM,12/31/9999 12:00:00 AM,0.55,d2e5c1c4-7bb9-434c-8e6b-406ec9136a57,,
54,2540250550000,0.045,0.29,CURVES_F,1/1/2022 12:00:00 AM,0.04,,,,5/16/2023 5:45:18 PM,12/31/9999 12:00:00 AM,0.245,d2e5c1c4-7bb9-434c-8e6b-406ec9136a57,,
54,2572520001900,1.04,1.81,CURVES_F,1/1/2022 12:00:00 AM,0.005,,,,5/16/2023 5:45:19 PM,12/31/9999 12:00:00 AM,0.77,d2e5c1c4-7bb9-434c-8e6b-406ec9136a57,,
54,2572529001900,0.0,0.15,CURVES_F,1/1/2022 12:00:00 AM,0.023,,,,5/16/2023 5:45:17 PM,12/31/9999 12:00:00 AM,0.15,d2e5c1c4-7bb9-434c-8e6b-406ec9136a57,,
54,26202500000NB,0.0,3.56,CURVES_F,1/1/2022 12:00:00 AM,0.153,,,,5/16/2023 5:45:18 PM,12/31/9999 12:00:00 AM,3.56,d2e5c1c4-7bb9-434c-8e6b-406ec9136a57,,
54,26202500000NB,3.56,4.01,CURVES_F,1/1/2022 12:00:00 AM,0.091,,,,5/16/2023 5:45:21 PM,12/31/9999 12:00:00 AM,0.45,d2e5c1c4-7bb9-434c-8e6b-406ec9136a57,,
54,26202500000NB,4.65,7.1,CURVES_F,1/1/2022 12:00:00 AM,0.086,,,,5/16/2023 5:45:21 PM,12/31/9999 12:00:00 AM,2.45,d2e5c1c4-7bb9-434c-8e6b-406ec9136a57,,
54,26202500000NB,7.1,8.07,CURVES_F,1/1/2022 12:00:00 AM,0.028,,,,5/16/2023 5:45:21 PM,12/31/9999 12:00:00 AM,0.97,d2e5c1c4-7bb9-434c-8e6b-406ec9136a57,,
54,26202500000NB,8.07,9.79,CURVES_F,1/1/2022 12:00:00 AM,0.037,,,,5/16/2023 5:45:21 PM,12/31/9999 12:00:00 AM,1.72,d2e5c1c4-7bb9-434c-8e6b-406ec9136a57,,
54,26202500000NB,9.79,10.67,CURVES_F,1/1/2022 12:00:00 AM,0.059,,,,5/16/2023 5:45:21 PM,12/31/9999 12:00:00 AM,0.88,d2e5c1c4-7bb9-434c-8e6b-406ec9136a57,,
54,26202500000NB,11.65,12.35,CURVES_F,1/1/2022 12:00:00 AM,0.027,,,,5/16/2023 5:45:19 PM,12/31/9999 12:00:00 AM,0.7,d2e5c1c4-7bb9-434c-8e6b-406ec9136a57,,
54,26202500000NB,12.47,13.37,CURVES_F,1/1/2022 12:00:00 AM,0.219,,,,5/16/2023 5:45:19 PM,12/31/9999 12:00:00 AM,0.9,d2e5c1c4-7bb9-434c-8e6b-406ec9136a57,,
54,26202500000NB,13.4,15.31,CURVES_F,1/1/2022 12:00:00 AM,0.056,,,,5/16/2023 5:45:19 PM,12/31/9999 12:00:00 AM,1.91,d2e5c1c4-7bb9-434c-8e6b-406ec9136a57,,
54,26202500000NB,23.89,24.64,CURVES_F,1/1/2022 12:00:00 AM,0.014,,,,5/16/2023 5:45:20 PM,12/31/9999 12:00:00 AM,0.75,d2e5c1c4-7bb9-434c-8e6b-406ec9136a57,,
54,26202500000NB,28.49,29.07,CURVES_F,1/1/2022 12:00:00 AM,0.022,,,,5/16/2023 5:45:20 PM,12/31/9999 12:00:00 AM,0.58,d2e5c1c4-7bb9-434c-8e6b-406ec9136a57,,
54,26202500000NB,29.07,29.71,CURVES_F,1/1/2022 12:00:00 AM,0.047,,,,5/16/2023 5:45:20 PM,12/31/9999 12:00:00 AM,0.64,d2e5c1c4-7bb9-434c-8e6b-406ec9136a57,,
54,26202500000NB,29.71,30.09,CURVES_F,1/1/2022 12:00:00 AM,0.045,,,,5/16/2023 5:45:20 PM,12/31/9999 12:00:00 AM,0.38,d2e5c1c4-7bb9-434c-8e6b-406ec9136a57,,
54,26202500000NB,30.09,30.92,CURVES_F,1/1/2022 12:00:00 AM,0.013,,,,5/16/2023 5:45:21 PM,12/31/9999 12:00:00 AM,0.83,d2e5c1c4-7bb9-434c-8e6b-406ec9136a57,,
54,2640001000000,0.0,0.44,CURVES_F,1/1/2022 12:00:00 AM,0.008,,,,5/16/2023 5:45:18 PM,12/31/9999 12:00:00 AM,0.44,d2e5c1c4-7bb9-434c-8e6b-406ec9136a57,,
54,2640003000000,0.0,1.31,CURVES_F,1/1/2022 12:00:00 AM,0.077,,,,5/16/2023 5:45:18 PM,12/31/9999 12:00:00 AM,1.31,d2e5c1c4-7bb9-434c-8e6b-406ec9136a57,,
54,2640010000000,0.0,0.423,CURVES_F,1/1/2022 12:00:00 AM,0.035,,,,5/16/2023 5:45:18 PM,12/31/9999 12:00:00 AM,0.423,d2e5c1c4-7bb9-434c-8e6b-406ec9136a57,,
54,2640034000000,4.38,5.18,CURVES_F,1/1/2022 12:00:00 AM,0.036,,,,5/16/2023 5:45:21 PM,12/31/9999 12:00:00 AM,0.8,d2e5c1c4-7bb9-434c-8e6b-406ec9136a57,,
54,2730002000000,21.0,21.29,CURVES_F,1/1/2022 12:00:00 AM,0.013,,,,5/16/2023 5:45:20 PM,12/31/9999 12:00:00 AM,0.29,d2e5c1c4-7bb9-434c-8e6b-406ec9136a57,,
54,2730002000000,29.27,35.98,CURVES_F,1/1/2022 12:00:00 AM,0.005,,,,5/16/2023 5:45:20 PM,12/31/9999 12:00:00 AM,6.71,d2e5c1c4-7bb9-434c-8e6b-406ec9136a57,,
54,2730062000000,19.72,20.33,CURVES_F,1/1/2022 12:00:00 AM,0.024,,,,5/16/2023 5:45:20 PM,12/31/9999 12:00:00 AM,0.61,d2e5c1c4-7bb9-434c-8e6b-406ec9136a57,,
54,2770100001900,5.61,5.81,CURVES_F,1/1/2022 12:00:00 AM,0.007,,,,5/16/2023 5:45:21 PM,12/31/9999 12:00:00 AM,0.2,d2e5c1c4-7bb9-434c-8e6b-406ec9136a57,,
54,28100770000NB,2.56,5.12,CURVES_F,1/1/2022 12:00:00 AM,0.001,,,,5/16/2023 5:45:20 PM,12/31/9999 12:00:00 AM,2.56,d2e5c1c4-7bb9-434c-8e6b-406ec9136a57,,
54,28100770000NB,5.12,8.189,CURVES_F,1/1/2022 12:00:00 AM,0.001,,,,5/16/2023 5:45:21 PM,12/31/9999 12:00:00 AM,3.069,d2e5c1c4-7bb9-434c-8e6b-406ec9136a57,,
54,28200190000NB,5.34,6.01,CURVES_F,1/1/2022 12:00:00 AM,0.014,,,,5/16/2023 5:45:21 PM,12/31/9999 12:00:00 AM,0.67,d2e5c1c4-7bb9-434c-8e6b-406ec9136a57,,
54,28200520000EB,0.0,0.58,CURVES_F,1/1/2022 12:00:00 AM,0.008,,,,5/16/2023 5:45:18 PM,12/31/9999 12:00:00 AM,0.58,d2e5c1c4-7bb9-434c-8e6b-406ec9136a57,,
54,28200520000EB,4.12,5.2,CURVES_F,1/1/2022 12:00:00 AM,0.01,,,,5/16/2023 5:45:21 PM,12/31/9999 12:00:00 AM,1.08,d2e5c1c4-7bb9-434c-8e6b-406ec9136a57,,
54,28200520000EB,12.97,13.39,CURVES_F,1/1/2022 12:00:00 AM,0.019,,,,5/16/2023 5:45:19 PM,12/31/9999 12:00:00 AM,0.42,d2e5c1c4-7bb9-434c-8e6b-406ec9136a57,,
54,28200520000EB,13.44,13.67,CURVES_F,1/1/2022 12:00:00 AM,0.015,,,,5/16/2023 5:45:19 PM,12/31/9999 12:00:00 AM,0.23,d2e5c1c4-7bb9-434c-8e6b-406ec9136a57,,
54,28200520004NB,0.0,0.22,CURVES_F,1/1/2022 12:00:00 AM,0.007,,,,5/16/2023 5:45:18 PM,12/31/9999 12:00:00 AM,0.22,d2e5c1c4-7bb9-434c-8e6b-406ec9136a57,,
54,2830020000000,10.32,11.4,CURVES_F,1/1/2022 12:00:00 AM,0.005,,,,5/16/2023 5:45:19 PM,12/31/9999 12:00:00 AM,1.08,d2e5c1c4-7bb9-434c-8e6b-406ec9136a57,,
54,2830598000000,0.0,2.13,CURVES_F,1/1/2022 12:00:00 AM,0.185,,,,5/16/2023 5:45:18 PM,12/31/9999 12:00:00 AM,2.13,d2e5c1c4-7bb9-434c-8e6b-406ec9136a57,,
54,2830598000000,2.4,2.59,CURVES_F,1/1/2022 12:00:00 AM,0.028,,,,5/16/2023 5:45:20 PM,12/31/9999 12:00:00 AM,0.19,d2e5c1c4-7bb9-434c-8e6b-406ec9136a57,,
54,2840007050000,0.0,0.324,CURVES_F,1/1/2022 12:00:00 AM,0.186,,,,5/16/2023 5:45:18 PM,12/31/9999 12:00:00 AM,0.324,d2e5c1c4-7bb9-434c-8e6b-406ec9136a57,,
54,2840007050000,0.343,1.11,CURVES_F,1/1/2022 12:00:00 AM,0.186,,,,5/16/2023 5:45:18 PM,12/31/9999 12:00:00 AM,0.767,d2e5c1c4-7bb9-434c-8e6b-406ec9136a57,,
54,2840007050000,1.11,1.83,CURVES_F,1/1/2022 12:00:00 AM,0.094,,,,5/16/2023 5:45:19 PM,12/31/9999 12:00:00 AM,0.72,d2e5c1c4-7bb9-434c-8e6b-406ec9136a57,,
54,2840007050000,1.836,2.1,CURVES_F,1/1/2022 12:00:00 AM,0.022,,,,5/16/2023 5:45:19 PM,12/31/9999 12:00:00 AM,0.264,d2e5c1c4-7bb9-434c-8e6b-406ec9136a57,,
54,2840016000000,1.7,2.5,CURVES_F,1/1/2022 12:00:00 AM,0.164,,,,5/16/2023 5:45:19 PM,12/31/9999 12:00:00 AM,0.8,d2e5c1c4-7bb9-434c-8e6b-406ec9136a57,,
54,2840016100000,0.0,0.66,CURVES_F,1/1/2022 12:00:00 AM,0.041,,,,5/16/2023 5:45:18 PM,12/31/9999 12:00:00 AM,0.66,d2e5c1c4-7bb9-434c-8e6b-406ec9136a57,,
54,2840019290000,2.54,3.32,CURVES_F,1/1/2022 12:00:00 AM,0.015,,,,5/16/2023 5:45:20 PM,12/31/9999 12:00:00 AM,0.78,d2e5c1c4-7bb9-434c-8e6b-406ec9136a57,,
54,2840024000000,0.3,2.789,CURVES_F,1/1/2022 12:00:00 AM,0.057,,,,5/16/2023 5:45:18 PM,12/31/9999 12:00:00 AM,2.489,d2e5c1c4-7bb9-434c-8e6b-406ec9136a57,,
54,2840025000000,0.57,1.53,CURVES_F,1/1/2022 12:00:00 AM,0.002,,,,5/16/2023 5:45:19 PM,12/31/9999 12:00:00 AM,0.96,d2e5c1c4-7bb9-434c-8e6b-406ec9136a57,,
54,2840027000000,0.0,1.57,CURVES_F,1/1/2022 12:00:00 AM,0.019,,,,5/16/2023 5:45:18 PM,12/31/9999 12:00:00 AM,1.57,d2e5c1c4-7bb9-434c-8e6b-406ec9136a57,,
54,2840027000000,2.12,2.59,CURVES_F,1/1/2022 12:00:00 AM,0.042,,,,5/16/2023 5:45:20 PM,12/31/9999 12:00:00 AM,0.47,d2e5c1c4-7bb9-434c-8e6b-406ec9136a57,,
54,2870502001900,0.0,1.01,CURVES_F,1/1/2022 12:00:00 AM,0.129,,,,5/16/2023 5:45:18 PM,12/31/9999 12:00:00 AM,1.01,d2e5c1c4-7bb9-434c-8e6b-406ec9136a57,,
54,2870502001900,1.01,1.36,CURVES_F,1/1/2022 12:00:00 AM,0.078,,,,5/16/2023 5:45:19 PM,12/31/9999 12:00:00 AM,0.35,d2e5c1c4-7bb9-434c-8e6b-406ec9136a57,,
54,2870502001900,1.36,1.6,CURVES_F,1/1/2022 12:00:00 AM,0.077,,,,5/16/2023 5:45:19 PM,12/31/9999 12:00:00 AM,0.24,d2e5c1c4-7bb9-434c-8e6b-406ec9136a57,,
54,2870502001900,1.6,1.78,CURVES_F,1/1/2022 12:00:00 AM,0.037,,,,5/16/2023 5:45:19 PM,12/31/9999 12:00:00 AM,0.18,d2e5c1c4-7bb9-434c-8e6b-406ec9136a57,,
54,2870502001900,1.78,1.91,CURVES_F,1/1/2022 12:00:00 AM,0.029,,,,5/16/2023 5:45:19 PM,12/31/9999 12:00:00 AM,0.13,d2e5c1c4-7bb9-434c-8e6b-406ec9136a57,,
54,2870513001900,0.0,0.37,CURVES_F,1/1/2022 12:00:00 AM,0.041,,,,5/16/2023 5:45:17 PM,12/31/9999 12:00:00 AM,0.37,d2e5c1c4-7bb9-434c-8e6b-406ec9136a57,,
54,2870514001900,0.0,0.6,CURVES_F,1/1/2022 12:00:00 AM,0.014,,,,5/16/2023 5:45:18 PM,12/31/9999 12:00:00 AM,0.6,d2e5c1c4-7bb9-434c-8e6b-406ec9136a57,,
54,2870514001900,0.6,1.41,CURVES_F,1/1/2022 12:00:00 AM,0.133,,,,5/16/2023 5:45:18 PM,12/31/9999 12:00:00 AM,0.81,d2e5c1c4-7bb9-434c-8e6b-406ec9136a57,,
54,2870514001900,1.41,1.52,CURVES_F,1/1/2022 12:00:00 AM,0.024,,,,5/16/2023 5:45:19 PM,12/31/9999 12:00:00 AM,0.11,d2e5c1c4-7bb9-434c-8e6b-406ec9136a57,,
54,2870515001900,0.0,0.95,CURVES_F,1/1/2022 12:00:00 AM,0.024,,,,5/16/2023 5:45:18 PM,12/31/9999 12:00:00 AM,0.95,d2e5c1c4-7bb9-434c-8e6b-406ec9136a57,,
54,2870517001900,0.19,0.38,CURVES_F,1/1/2022 12:00:00 AM,0.021,,,,5/16/2023 5:45:18 PM,12/31/9999 12:00:00 AM,0.19,d2e5c1c4-7bb9-434c-8e6b-406ec9136a57,,
54,2877013001900,0.42,0.52,CURVES_F,1/1/2022 12:00:00 AM,0.014,,,,5/16/2023 5:45:19 PM,12/31/9999 12:00:00 AM,0.1,d2e5c1c4-7bb9-434c-8e6b-406ec9136a57,,
54,2930028000100,0.0,0.54,CURVES_F,1/1/2022 12:00:00 AM,0.003,,,,5/16/2023 5:45:18 PM,12/31/9999 12:00:00 AM,0.54,d2e5c1c4-7bb9-434c-8e6b-406ec9136a57,,
54,2930028000100,0.54,1.03,CURVES_F,1/1/2022 12:00:00 AM,0.003,,,,5/16/2023 5:45:19 PM,12/31/9999 12:00:00 AM,0.49,d2e5c1c4-7bb9-434c-8e6b-406ec9136a57,,
54,2930028000100,2.63,2.97,CURVES_F,1/1/2022 12:00:00 AM,0.034,,,,5/16/2023 5:45:20 PM,12/31/9999 12:00:00 AM,0.34,d2e5c1c4-7bb9-434c-8e6b-406ec9136a57,,
54,2930046000000,15.38,16.59,CURVES_F,1/1/2022 12:00:00 AM,0.062,,,,5/16/2023 5:45:20 PM,12/31/9999 12:00:00 AM,1.21,d2e5c1c4-7bb9-434c-8e6b-406ec9136a57,,
54,2940008000000,0.0,0.24,CURVES_F,1/1/2022 12:00:00 AM,0.013,,,,5/16/2023 5:45:17 PM,12/31/9999 12:00:00 AM,0.24,d2e5c1c4-7bb9-434c-8e6b-406ec9136a57,,
54,2940028010000,0.1,1.09,CURVES_F,1/1/2022 12:00:00 AM,0.026,,,,5/16/2023 5:45:18 PM,12/31/9999 12:00:00 AM,0.99,d2e5c1c4-7bb9-434c-8e6b-406ec9136a57,,
54,2940028010000,2.31,2.45,CURVES_F,1/1/2022 12:00:00 AM,0.008,,,,5/16/2023 5:45:20 PM,12/31/9999 12:00:00 AM,0.14,d2e5c1c4-7bb9-434c-8e6b-406ec9136a57,,
54,2940028010000,2.45,2.85,CURVES_F,1/1/2022 12:00:00 AM,0.044,,,,5/16/2023 5:45:20 PM,12/31/9999 12:00:00 AM,0.4,d2e5c1c4-7bb9-434c-8e6b-406ec9136a57,,
54,2940046040000,4.532,4.93,CURVES_F,1/1/2022 12:00:00 AM,0.014,,,,5/16/2023 5:45:21 PM,12/31/9999 12:00:00 AM,0.398,d2e5c1c4-7bb9-434c-8e6b-406ec9136a57,,
54,2940220010000,0.11,1.09,CURVES_F,1/1/2022 12:00:00 AM,0.086,,,,5/16/2023 5:45:18 PM,12/31/9999 12:00:00 AM,0.98,d2e5c1c4-7bb9-434c-8e6b-406ec9136a57,,
54,2940220020000,0.0,0.84,CURVES_F,1/1/2022 12:00:00 AM,0.029,,,,5/16/2023 5:45:18 PM,12/31/9999 12:00:00 AM,0.84,d2e5c1c4-7bb9-434c-8e6b-406ec9136a57,,
54,30200520000EB,43.29,44.74,CURVES_F,1/1/2022 12:00:00 AM,0.01,,,,5/16/2023 5:45:21 PM,12/31/9999 12:00:00 AM,1.45,d2e5c1c4-7bb9-434c-8e6b-406ec9136a57,,
54,3030065000000,10.03,11.05,CURVES_F,1/1/2022 12:00:00 AM,0.004,,,,5/16/2023 5:45:19 PM,12/31/9999 12:00:00 AM,1.02,d2e5c1c4-7bb9-434c-8e6b-406ec9136a57,,
54,3030080000000,4.6,5.6,CURVES_F,1/1/2022 12:00:00 AM,0.05,,,,5/16/2023 5:45:21 PM,12/31/9999 12:00:00 AM,1.0,d2e5c1c4-7bb9-434c-8e6b-406ec9136a57,,
54,3040065050000,5.74,7.12,CURVES_F,1/1/2022 12:00:00 AM,0.02,,,,5/16/2023 5:45:21 PM,12/31/9999 12:00:00 AM,1.38,d2e5c1c4-7bb9-434c-8e6b-406ec9136a57,,
54,31100680000EB,7.54,8.89,CURVES_F,1/1/2022 12:00:00 AM,0.001,,,,5/16/2023 5:45:21 PM,12/31/9999 12:00:00 AM,1.35,d2e5c1c4-7bb9-434c-8e6b-406ec9136a57,,
54,31100680000EB,10.79,13.149,CURVES_F,1/1/2022 12:00:00 AM,0.001,,,,5/16/2023 5:45:19 PM,12/31/9999 12:00:00 AM,2.359,d2e5c1c4-7bb9-434c-8e6b-406ec9136a57,,
54,31100680006EB,0.0,0.89,CURVES_F,1/1/2022 12:00:00 AM,0.004,,,,5/16/2023 5:45:18 PM,12/31/9999 12:00:00 AM,0.89,d2e5c1c4-7bb9-434c-8e6b-406ec9136a57,,
54,31100790000NB,143.81,144.95,CURVES_F,1/1/2022 12:00:00 AM,0.003,,,,5/16/2023 5:45:20 PM,12/31/9999 12:00:00 AM,1.14,d2e5c1c4-7bb9-434c-8e6b-406ec9136a57,,
54,31100790000NB,144.95,145.2,CURVES_F,1/1/2022 12:00:00 AM,0.003,,,,5/16/2023 5:45:20 PM,12/31/9999 12:00:00 AM,0.25,d2e5c1c4-7bb9-434c-8e6b-406ec9136a57,,
54,31200190000NB,10.59,11.08,CURVES_F,1/1/2022 12:00:00 AM,0.041,,,,5/16/2023 5:45:19 PM,12/31/9999 12:00:00 AM,0.49,d2e5c1c4-7bb9-434c-8e6b-406ec9136a57,,
54,31201190000NB,14.1,14.22,CURVES_F,1/1/2022 12:00:00 AM,0.04,,,,5/16/2023 5:45:19 PM,12/31/9999 12:00:00 AM,0.12,d2e5c1c4-7bb9-434c-8e6b-406ec9136a57,,
54,31201190000NB,14.42,14.62,CURVES_F,1/1/2022 12:00:00 AM,0.034,,,,5/16/2023 5:45:19 PM,12/31/9999 12:00:00 AM,0.2,d2e5c1c4-7bb9-434c-8e6b-406ec9136a57,,
54,31201190000NB,14.85,15.15,CURVES_F,1/1/2022 12:00:00 AM,0.026,,,,5/16/2023 5:45:20 PM,12/31/9999 12:00:00 AM,0.3,d2e5c1c4-7bb9-434c-8e6b-406ec9136a57,,
54,31201190000NB,16.82,17.35,CURVES_F,1/1/2022 12:00:00 AM,0.007,,,,5/16/2023 5:45:20 PM,12/31/9999 12:00:00 AM,0.53,d2e5c1c4-7bb9-434c-8e6b-406ec9136a57,,
54,3130007000000,0.0,3.42,CURVES_F,1/1/2022 12:00:00 AM,0.001,,,,5/16/2023 5:45:18 PM,12/31/9999 12:00:00 AM,3.42,d2e5c1c4-7bb9-434c-8e6b-406ec9136a57,,
54,3130007000000,4.42,4.54,CURVES_F,1/1/2022 12:00:00 AM,0.032,,,,5/16/2023 5:45:21 PM,12/31/9999 12:00:00 AM,0.12,d2e5c1c4-7bb9-434c-8e6b-406ec9136a57,,
54,3130007000000,33.83,34.1,CURVES_F,1/1/2022 12:00:00 AM,0.035,,,,5/16/2023 5:45:20 PM,12/31/9999 12:00:00 AM,0.27,d2e5c1c4-7bb9-434c-8e6b-406ec9136a57,,
54,3130007000000,38.29,38.65,CURVES_F,1/1/2022 12:00:00 AM,0.004,,,,5/16/2023 5:45:21 PM,12/31/9999 12:00:00 AM,0.36,d2e5c1c4-7bb9-434c-8e6b-406ec9136a57,,
54,3130705000000,0.68,1.23,CURVES_F,1/1/2022 12:00:00 AM,0.017,,,,5/16/2023 5:45:18 PM,12/31/9999 12:00:00 AM,0.55,d2e5c1c4-7bb9-434c-8e6b-406ec9136a57,,
54,3130705000000,1.23,1.63,CURVES_F,1/1/2022 12:00:00 AM,0.021,,,,5/16/2023 5:45:19 PM,12/31/9999 12:00:00 AM,0.4,d2e5c1c4-7bb9-434c-8e6b-406ec9136a57,,
54,3130705000000,1.63,1.64,CURVES_F,1/1/2022 12:00:00 AM,0.01,,,,5/16/2023 5:45:19 PM,12/31/9999 12:00:00 AM,0.01,d2e5c1c4-7bb9-434c-8e6b-406ec9136a57,,
54,3140007210000,0.0,1.11,CURVES_F,1/1/2022 12:00:00 AM,0.014,,,,5/16/2023 5:45:18 PM,12/31/9999 12:00:00 AM,1.11,d2e5c1c4-7bb9-434c-8e6b-406ec9136a57,,
54,3140019080000,0.0,0.23,CURVES_F,1/1/2022 12:00:00 AM,0.069,,,,5/16/2023 5:45:17 PM,12/31/9999 12:00:00 AM,0.23,d2e5c1c4-7bb9-434c-8e6b-406ec9136a57,,
54,3140019220000,0.12,0.68,CURVES_F,1/1/2022 12:00:00 AM,0.043,,,,5/16/2023 5:45:18 PM,12/31/9999 12:00:00 AM,0.56,d2e5c1c4-7bb9-434c-8e6b-406ec9136a57,,
54,3140019220000,0.68,1.07,CURVES_F,1/1/2022 12:00:00 AM,0.027,,,,5/16/2023 5:45:18 PM,12/31/9999 12:00:00 AM,0.39,d2e5c1c4-7bb9-434c-8e6b-406ec9136a57,,
54,3140049000000,0.66,1.25,CURVES_F,1/1/2022 12:00:00 AM,0.032,,,,5/16/2023 5:45:18 PM,12/31/9999 12:00:00 AM,0.59,d2e5c1c4-7bb9-434c-8e6b-406ec9136a57,,
54,3140055070000,0.0,0.26,CURVES_F,1/1/2022 12:00:00 AM,0.042,,,,5/16/2023 5:45:17 PM,12/31/9999 12:00:00 AM,0.26,d2e5c1c4-7bb9-434c-8e6b-406ec9136a57,,
54,3140059000000,0.0,0.33,CURVES_F,1/1/2022 12:00:00 AM,0.014,,,,5/16/2023 5:45:18 PM,12/31/9999 12:00:00 AM,0.33,d2e5c1c4-7bb9-434c-8e6b-406ec9136a57,,
54,3140059000000,0.33,0.85,CURVES_F,1/1/2022 12:00:00 AM,0.017,,,,5/16/2023 5:45:18 PM,12/31/9999 12:00:00 AM,0.52,d2e5c1c4-7bb9-434c-8e6b-406ec9136a57,,
54,3140059020000,0.0,0.44,CURVES_F,1/1/2022 12:00:00 AM,0.007,,,,5/16/2023 5:45:18 PM,12/31/9999 12:00:00 AM,0.44,d2e5c1c4-7bb9-434c-8e6b-406ec9136a57,,
54,3140060000000,0.0,0.85,CURVES_F,1/1/2022 12:00:00 AM,0.082,,,,5/16/2023 5:45:18 PM,12/31/9999 12:00:00 AM,0.85,d2e5c1c4-7bb9-434c-8e6b-406ec9136a57,,
54,3140060000000,0.85,1.75,CURVES_F,1/1/2022 12:00:00 AM,0.038,,,,5/16/2023 5:45:18 PM,12/31/9999 12:00:00 AM,0.9,d2e5c1c4-7bb9-434c-8e6b-406ec9136a57,,
54,3140060020000,0.0,0.26,CURVES_F,1/1/2022 12:00:00 AM,0.065,,,,5/16/2023 5:45:18 PM,12/31/9999 12:00:00 AM,0.26,d2e5c1c4-7bb9-434c-8e6b-406ec9136a57,,
54,3140061000000,0.0,0.94,CURVES_F,1/1/2022 12:00:00 AM,0.072,,,,5/16/2023 5:45:18 PM,12/31/9999 12:00:00 AM,0.94,d2e5c1c4-7bb9-434c-8e6b-406ec9136a57,,
54,3140061010000,0.41,0.52,CURVES_F,1/1/2022 12:00:00 AM,0.003,,,,5/16/2023 5:45:18 PM,12/31/9999 12:00:00 AM,0.11,d2e5c1c4-7bb9-434c-8e6b-406ec9136a57,,
54,3140064030000,0.0,0.29,CURVES_F,1/1/2022 12:00:00 AM,0.034,,,,5/16/2023 5:45:17 PM,12/31/9999 12:00:00 AM,0.29,d2e5c1c4-7bb9-434c-8e6b-406ec9136a57,,
54,3140067000000,6.22,7.97,CURVES_F,1/1/2022 12:00:00 AM,0.112,,,,5/16/2023 5:45:21 PM,12/31/9999 12:00:00 AM,1.75,d2e5c1c4-7bb9-434c-8e6b-406ec9136a57,,
54,3140067000000,8.36,8.55,CURVES_F,1/1/2022 12:00:00 AM,0.027,,,,5/16/2023 5:45:21 PM,12/31/9999 12:00:00 AM,0.19,d2e5c1c4-7bb9-434c-8e6b-406ec9136a57,,
54,3140068070000,0.75,1.32,CURVES_F,1/1/2022 12:00:00 AM,0.011,,,,5/16/2023 5:45:18 PM,12/31/9999 12:00:00 AM,0.57,d2e5c1c4-7bb9-434c-8e6b-406ec9136a57,,
54,3140068070000,1.61,2.15,CURVES_F,1/1/2022 12:00:00 AM,0.013,,,,5/16/2023 5:45:19 PM,12/31/9999 12:00:00 AM,0.54,d2e5c1c4-7bb9-434c-8e6b-406ec9136a57,,
54,3140069050000,0.0,1.77,CURVES_F,1/1/2022 12:00:00 AM,0.069,,,,5/16/2023 5:45:18 PM,12/31/9999 12:00:00 AM,1.77,d2e5c1c4-7bb9-434c-8e6b-406ec9136a57,,
54,3140069050000,1.77,2.02,CURVES_F,1/1/2022 12:00:00 AM,0.049,,,,5/16/2023 5:45:19 PM,12/31/9999 12:00:00 AM,0.25,d2e5c1c4-7bb9-434c-8e6b-406ec9136a57,,
54,3140070000000,0.387,1.47,CURVES_F,1/1/2022 12:00:00 AM,0.122,,,,5/16/2023 5:45:18 PM,12/31/9999 12:00:00 AM,1.083,d2e5c1c4-7bb9-434c-8e6b-406ec9136a57,,
54,3140073730000,0.0,0.58,CURVES_F,1/1/2022 12:00:00 AM,0.032,,,,5/16/2023 5:45:18 PM,12/31/9999 12:00:00 AM,0.58,d2e5c1c4-7bb9-434c-8e6b-406ec9136a57,,
54,3140082000000,0.0,1.88,CURVES_F,1/1/2022 12:00:00 AM,0.106,,,,5/16/2023 5:45:18 PM,12/31/9999 12:00:00 AM,1.88,d2e5c1c4-7bb9-434c-8e6b-406ec9136a57,,
54,3140857000000,5.11,5.59,CURVES_F,1/1/2022 12:00:00 AM,0.032,,,,5/16/2023 5:45:21 PM,12/31/9999 12:00:00 AM,0.48,d2e5c1c4-7bb9-434c-8e6b-406ec9136a57,,
54,3140857010000,0.0,0.19,CURVES_F,1/1/2022 12:00:00 AM,0.048,,,,5/16/2023 5:45:18 PM,12/31/9999 12:00:00 AM,0.19,d2e5c1c4-7bb9-434c-8e6b-406ec9136a57,,
54,3174770001900,0.0,0.4,CURVES_F,1/1/2022 12:00:00 AM,0.006,,,,5/16/2023 5:45:18 PM,12/31/9999 12:00:00 AM,0.4,d2e5c1c4-7bb9-434c-8e6b-406ec9136a57,,
54,3174772001900,0.27,0.42,CURVES_F,1/1/2022 12:00:00 AM,0.004,,,,5/16/2023 5:45:18 PM,12/31/9999 12:00:00 AM,0.15,d2e5c1c4-7bb9-434c-8e6b-406ec9136a57,,
54,3174784001900,0.0,0.41,CURVES_F,1/1/2022 12:00:00 AM,0.014,,,,5/16/2023 5:45:18 PM,12/31/9999 12:00:00 AM,0.41,d2e5c1c4-7bb9-434c-8e6b-406ec9136a57,,
54,3174784001900,0.41,0.58,CURVES_F,1/1/2022 12:00:00 AM,0.03,,,,5/16/2023 5:45:18 PM,12/31/9999 12:00:00 AM,0.17,d2e5c1c4-7bb9-434c-8e6b-406ec9136a57,,
54,3174810001900,0.0,0.76,CURVES_F,1/1/2022 12:00:00 AM,0.005,,,,5/16/2023 5:45:18 PM,12/31/9999 12:00:00 AM,0.76,d2e5c1c4-7bb9-434c-8e6b-406ec9136a57,,
54,3174813001900,0.0,1.24,CURVES_F,1/1/2022 12:00:00 AM,0.05,,,,5/16/2023 5:45:18 PM,12/31/9999 12:00:00 AM,1.24,d2e5c1c4-7bb9-434c-8e6b-406ec9136a57,,
54,3174817001900,0.0,0.24,CURVES_F,1/1/2022 12:00:00 AM,0.021,,,,5/16/2023 5:45:18 PM,12/31/9999 12:00:00 AM,0.24,d2e5c1c4-7bb9-434c-8e6b-406ec9136a57,,
54,32202190000NB,14.38,16.18,CURVES_F,1/1/2022 12:00:00 AM,0.01,,,,5/16/2023 5:45:20 PM,12/31/9999 12:00:00 AM,1.8,d2e5c1c4-7bb9-434c-8e6b-406ec9136a57,,
54,32202190000NB,16.18,19.24,CURVES_F,1/1/2022 12:00:00 AM,0.028,,,,5/16/2023 5:45:20 PM,12/31/9999 12:00:00 AM,3.06,d2e5c1c4-7bb9-434c-8e6b-406ec9136a57,,
54,32202190000NB,19.66,23.0,CURVES_F,1/1/2022 12:00:00 AM,0.011,,,,5/16/2023 5:45:20 PM,12/31/9999 12:00:00 AM,3.34,d2e5c1c4-7bb9-434c-8e6b-406ec9136a57,,
54,32202190000NB,26.24,27.59,CURVES_F,1/1/2022 12:00:00 AM,0.004,,,,5/16/2023 5:45:20 PM,12/31/9999 12:00:00 AM,1.35,d2e5c1c4-7bb9-434c-8e6b-406ec9136a57,,
54,32202190000NB,27.59,28.1,CURVES_F,1/1/2022 12:00:00 AM,0.004,,,,5/16/2023 5:45:20 PM,12/31/9999 12:00:00 AM,0.51,d2e5c1c4-7bb9-434c-8e6b-406ec9136a57,,
54,32202190000NB,28.1,28.68,CURVES_F,1/1/2022 12:00:00 AM,0.004,,,,5/16/2023 5:45:20 PM,12/31/9999 12:00:00 AM,0.58,d2e5c1c4-7bb9-434c-8e6b-406ec9136a57,,
54,3230012000000,0.78,5.93,CURVES_F,1/1/2022 12:00:00 AM,0.01,,,,5/16/2023 5:45:18 PM,12/31/9999 12:00:00 AM,5.15,d2e5c1c4-7bb9-434c-8e6b-406ec9136a57,,
54,3230012000000,9.33,11.31,CURVES_F,1/1/2022 12:00:00 AM,0.022,,,,5/16/2023 5:45:21 PM,12/31/9999 12:00:00 AM,1.98,d2e5c1c4-7bb9-434c-8e6b-406ec9136a57,,
54,3330009000000,31.29,33.3,CURVES_F,1/1/2022 12:00:00 AM,0.03,,,,5/16/2023 5:45:20 PM,12/31/9999 12:00:00 AM,2.01,d2e5c1c4-7bb9-434c-8e6b-406ec9136a57,,
54,35200400000EB,3.44,3.91,CURVES_F,1/1/2022 12:00:00 AM,0.02,,,,5/16/2023 5:45:21 PM,12/31/9999 12:00:00 AM,0.47,d2e5c1c4-7bb9-434c-8e6b-406ec9136a57,,
54,35202500000NB,2.93,3.26,CURVES_F,1/1/2022 12:00:00 AM,0.013,,,,5/16/2023 5:45:20 PM,12/31/9999 12:00:00 AM,0.33,d2e5c1c4-7bb9-434c-8e6b-406ec9136a57,,
54,35202500005SB,0.0,0.36,CURVES_F,1/1/2022 12:00:00 AM,0.002,,,,5/16/2023 5:45:18 PM,12/31/9999 12:00:00 AM,0.36,d2e5c1c4-7bb9-434c-8e6b-406ec9136a57,,
54,3530002000000,1.9,2.13,CURVES_F,1/1/2022 12:00:00 AM,0.003,,,,5/16/2023 5:45:19 PM,12/31/9999 12:00:00 AM,0.23,d2e5c1c4-7bb9-434c-8e6b-406ec9136a57,,
54,3530002000000,2.36,2.84,CURVES_F,1/1/2022 12:00:00 AM,0.004,,,,5/16/2023 5:45:20 PM,12/31/9999 12:00:00 AM,0.48,d2e5c1c4-7bb9-434c-8e6b-406ec9136a57,,
54,3530002000000,5.81,7.04,CURVES_F,1/1/2022 12:00:00 AM,0.005,,,,5/16/2023 5:45:21 PM,12/31/9999 12:00:00 AM,1.23,d2e5c1c4-7bb9-434c-8e6b-406ec9136a57,,
54,3530088000000,0.0,1.06,CURVES_F,1/1/2022 12:00:00 AM,0.054,,,,5/16/2023 5:45:18 PM,12/31/9999 12:00:00 AM,1.06,d2e5c1c4-7bb9-434c-8e6b-406ec9136a57,,
54,3530088000000,7.12,7.47,CURVES_F,1/1/2022 12:00:00 AM,0.028,,,,5/16/2023 5:45:21 PM,12/31/9999 12:00:00 AM,0.35,d2e5c1c4-7bb9-434c-8e6b-406ec9136a57,,
54,3530088000000,7.77,8.5,CURVES_F,1/1/2022 12:00:00 AM,0.006,,,,5/16/2023 5:45:21 PM,12/31/9999 12:00:00 AM,0.73,d2e5c1c4-7bb9-434c-8e6b-406ec9136a57,,
54,3530088000000,8.57,8.89,CURVES_F,1/1/2022 12:00:00 AM,0.041,,,,5/16/2023 5:45:21 PM,12/31/9999 12:00:00 AM,0.32,d2e5c1c4-7bb9-434c-8e6b-406ec9136a57,,
54,3530088000000,8.89,10.06,CURVES_F,1/1/2022 12:00:00 AM,0.006,,,,5/16/2023 5:45:21 PM,12/31/9999 12:00:00 AM,1.17,d2e5c1c4-7bb9-434c-8e6b-406ec9136a57,,
54,3540003000000,0.0,1.17,CURVES_F,1/1/2022 12:00:00 AM,0.026,,,,5/16/2023 5:45:18 PM,12/31/9999 12:00:00 AM,1.17,d2e5c1c4-7bb9-434c-8e6b-406ec9136a57,,
54,3540004000000,0.19,0.37,CURVES_F,1/1/2022 12:00:00 AM,0.014,,,,5/16/2023 5:45:18 PM,12/31/9999 12:00:00 AM,0.18,d2e5c1c4-7bb9-434c-8e6b-406ec9136a57,,
54,3540004000000,1.92,2.19,CURVES_F,1/1/2022 12:00:00 AM,0.004,,,,5/16/2023 5:45:19 PM,12/31/9999 12:00:00 AM,0.27,d2e5c1c4-7bb9-434c-8e6b-406ec9136a57,,
54,3540005000000,0.0,1.47,CURVES_F,1/1/2022 12:00:00 AM,0.123,,,,5/16/2023 5:45:18 PM,12/31/9999 12:00:00 AM,1.47,d2e5c1c4-7bb9-434c-8e6b-406ec9136a57,,
54,3540007000000,0.0,0.44,CURVES_F,1/1/2022 12:00:00 AM,0.016,,,,5/16/2023 5:45:18 PM,12/31/9999 12:00:00 AM,0.44,d2e5c1c4-7bb9-434c-8e6b-406ec9136a57,,
54,3540013000000,0.0,0.99,CURVES_F,1/1/2022 12:00:00 AM,0.087,,,,5/16/2023 5:45:18 PM,12/31/9999 12:00:00 AM,0.99,d2e5c1c4-7bb9-434c-8e6b-406ec9136a57,,
54,3540015010000,2.48,2.77,CURVES_F,1/1/2022 12:00:00 AM,0.022,,,,5/16/2023 5:45:20 PM,12/31/9999 12:00:00 AM,0.29,d2e5c1c4-7bb9-434c-8e6b-406ec9136a57,,
54,3540018030000,0.61,1.15,CURVES_F,1/1/2022 12:00:00 AM,0.012,,,,5/16/2023 5:45:19 PM,12/31/9999 12:00:00 AM,0.54,d2e5c1c4-7bb9-434c-8e6b-406ec9136a57,,
54,3540018030000,1.75,2.03,CURVES_F,1/1/2022 12:00:00 AM,0.032,,,,5/16/2023 5:45:19 PM,12/31/9999 12:00:00 AM,0.28,d2e5c1c4-7bb9-434c-8e6b-406ec9136a57,,
54,3540021000000,0.0,0.65,CURVES_F,1/1/2022 12:00:00 AM,0.02,,,,5/16/2023 5:45:18 PM,12/31/9999 12:00:00 AM,0.65,d2e5c1c4-7bb9-434c-8e6b-406ec9136a57,,
54,3540039000000,0.42,1.56,CURVES_F,1/1/2022 12:00:00 AM,0.028,,,,5/16/2023 5:45:18 PM,12/31/9999 12:00:00 AM,1.14,d2e5c1c4-7bb9-434c-8e6b-406ec9136a57,,
54,3540039000000,1.56,2.05,CURVES_F,1/1/2022 12:00:00 AM,0.002,,,,5/16/2023 5:45:19 PM,12/31/9999 12:00:00 AM,0.49,d2e5c1c4-7bb9-434c-8e6b-406ec9136a57,,
54,3540040010000,0.85,1.08,CURVES_F,1/1/2022 12:00:00 AM,0.008,,,,5/16/2023 5:45:18 PM,12/31/9999 12:00:00 AM,0.23,d2e5c1c4-7bb9-434c-8e6b-406ec9136a57,,
54,3540091010000,0.0,0.2,CURVES_F,1/1/2022 12:00:00 AM,0.002,,,,5/16/2023 5:45:18 PM,12/31/9999 12:00:00 AM,0.2,d2e5c1c4-7bb9-434c-8e6b-406ec9136a57,,
54,3578261001900,0.0,0.39,CURVES_F,1/1/2022 12:00:00 AM,0.033,,,,5/16/2023 5:45:18 PM,12/31/9999 12:00:00 AM,0.39,d2e5c1c4-7bb9-434c-8e6b-406ec9136a57,,
54,3578271001900,0.0,1.04,CURVES_F,1/1/2022 12:00:00 AM,0.083,,,,5/16/2023 5:45:18 PM,12/31/9999 12:00:00 AM,1.04,d2e5c1c4-7bb9-434c-8e6b-406ec9136a57,,
54,3578271001900,1.04,1.59,CURVES_F,1/1/2022 12:00:00 AM,0.063,,,,5/16/2023 5:45:19 PM,12/31/9999 12:00:00 AM,0.55,d2e5c1c4-7bb9-434c-8e6b-406ec9136a57,,
54,3578277001900,0.0,0.13,CURVES_F,1/1/2022 12:00:00 AM,0.001,,,,5/16/2023 5:45:17 PM,12/31/9999 12:00:00 AM,0.13,d2e5c1c4-7bb9-434c-8e6b-406ec9136a57,,
54,3740001000000,3.02,4.05,CURVES_F,1/1/2022 12:00:00 AM,0.016,,,,5/16/2023 5:45:20 PM,12/31/9999 12:00:00 AM,1.03,d2e5c1c4-7bb9-434c-8e6b-406ec9136a57,,
54,38202190000NB,0.0,0.3,CURVES_F,1/1/2022 12:00:00 AM,0.022,,,,5/16/2023 5:45:18 PM,12/31/9999 12:00:00 AM,0.3,d2e5c1c4-7bb9-434c-8e6b-406ec9136a57,,
54,38202190000NB,0.3,1.3,CURVES_F,1/1/2022 12:00:00 AM,0.022,,,,5/16/2023 5:45:18 PM,12/31/9999 12:00:00 AM,1.0,d2e5c1c4-7bb9-434c-8e6b-406ec9136a57,,
54,38202190000NB,1.3,3.69,CURVES_F,1/1/2022 12:00:00 AM,0.022,,,,5/16/2023 5:45:19 PM,12/31/9999 12:00:00 AM,2.39,d2e5c1c4-7bb9-434c-8e6b-406ec9136a57,,
54,38202190000NB,3.69,3.7,CURVES_F,1/1/2022 12:00:00 AM,0.17,,,,5/16/2023 5:45:21 PM,12/31/9999 12:00:00 AM,0.01,d2e5c1c4-7bb9-434c-8e6b-406ec9136a57,,
54,38202190000NB,3.7,4.37,CURVES_F,1/1/2022 12:00:00 AM,0.17,,,,5/16/2023 5:45:21 PM,12/31/9999 12:00:00 AM,0.67,d2e5c1c4-7bb9-434c-8e6b-406ec9136a57,,
54,38202190000NB,4.37,5.2,CURVES_F,1/1/2022 12:00:00 AM,0.117,,,,5/16/2023 5:45:21 PM,12/31/9999 12:00:00 AM,0.83,d2e5c1c4-7bb9-434c-8e6b-406ec9136a57,,
54,38202190000NB,5.2,6.01,CURVES_F,1/1/2022 12:00:00 AM,0.117,,,,5/16/2023 5:45:21 PM,12/31/9999 12:00:00 AM,0.81,d2e5c1c4-7bb9-434c-8e6b-406ec9136a57,,
54,38202190000NB,7.77,8.9,CURVES_F,1/1/2022 12:00:00 AM,0.026,,,,5/16/2023 5:45:21 PM,12/31/9999 12:00:00 AM,1.13,d2e5c1c4-7bb9-434c-8e6b-406ec9136a57,,
54,38202190000NB,8.9,9.82,CURVES_F,1/1/2022 12:00:00 AM,0.026,,,,5/16/2023 5:45:21 PM,12/31/9999 12:00:00 AM,0.92,d2e5c1c4-7bb9-434c-8e6b-406ec9136a57,,
54,38202190000NB,14.15,14.67,CURVES_F,1/1/2022 12:00:00 AM,0.003,,,,5/16/2023 5:45:20 PM,12/31/9999 12:00:00 AM,0.52,d2e5c1c4-7bb9-434c-8e6b-406ec9136a57,,
54,38202190000NB,19.58,21.69,CURVES_F,1/1/2022 12:00:00 AM,0.02,,,,5/16/2023 5:45:20 PM,12/31/9999 12:00:00 AM,2.11,d2e5c1c4-7bb9-434c-8e6b-406ec9136a57,,
54,38202190000NB,21.69,21.84,CURVES_F,1/1/2022 12:00:00 AM,0.02,,,,5/16/2023 5:45:20 PM,12/31/9999 12:00:00 AM,0.15,d2e5c1c4-7bb9-434c-8e6b-406ec9136a57,,
54,38202190000NB,25.34,26.37,CURVES_F,1/1/2022 12:00:00 AM,0.086,,,,5/16/2023 5:45:20 PM,12/31/9999 12:00:00 AM,1.03,d2e5c1c4-7bb9-434c-8e6b-406ec9136a57,,
54,38202190000NB,26.37,26.54,CURVES_F,1/1/2022 12:00:00 AM,0.019,,,,5/16/2023 5:45:20 PM,12/31/9999 12:00:00 AM,0.17,d2e5c1c4-7bb9-434c-8e6b-406ec9136a57,,
54,38202190000NB,26.54,29.12,CURVES_F,1/1/2022 12:00:00 AM,0.019,,,,5/16/2023 5:45:20 PM,12/31/9999 12:00:00 AM,2.58,d2e5c1c4-7bb9-434c-8e6b-406ec9136a57,,
54,38202500000NB,0.0,2.5,CURVES_F,1/1/2022 12:00:00 AM,0.054,,,,5/16/2023 5:45:18 PM,12/31/9999 12:00:00 AM,2.5,d2e5c1c4-7bb9-434c-8e6b-406ec9136a57,,
54,38202500000NB,2.5,3.5,CURVES_F,1/1/2022 12:00:00 AM,0.054,,,,5/16/2023 5:45:20 PM,12/31/9999 12:00:00 AM,1.0,d2e5c1c4-7bb9-434c-8e6b-406ec9136a57,,
54,38202500000NB,3.5,5.0,CURVES_F,1/1/2022 12:00:00 AM,0.054,,,,5/16/2023 5:45:20 PM,12/31/9999 12:00:00 AM,1.5,d2e5c1c4-7bb9-434c-8e6b-406ec9136a57,,
54,3830092000000,0.0,5.83,CURVES_F,1/1/2022 12:00:00 AM,0.015,,,,5/16/2023 5:45:18 PM,12/31/9999 12:00:00 AM,5.83,d2e5c1c4-7bb9-434c-8e6b-406ec9136a57,,
54,39202190000NB,0.8,3.01,CURVES_F,1/1/2022 12:00:00 AM,0.069,,,,5/16/2023 5:45:19 PM,12/31/9999 12:00:00 AM,2.21,d2e5c1c4-7bb9-434c-8e6b-406ec9136a57,,
54,39202190000NB,3.31,4.76,CURVES_F,1/1/2022 12:00:00 AM,0.012,,,,5/16/2023 5:45:20 PM,12/31/9999 12:00:00 AM,1.45,d2e5c1c4-7bb9-434c-8e6b-406ec9136a57,,
54,3940003000000,4.6,7.27,CURVES_F,1/1/2022 12:00:00 AM,0.18,,,,5/16/2023 5:45:21 PM,12/31/9999 12:00:00 AM,2.67,d2e5c1c4-7bb9-434c-8e6b-406ec9136a57,,
54,40200350000NB,1.64,2.06,CURVES_F,1/1/2022 12:00:00 AM,0.006,,,,5/16/2023 5:45:19 PM,12/31/9999 12:00:00 AM,0.42,d2e5c1c4-7bb9-434c-8e6b-406ec9136a57,,
54,4030025000000,0.0,0.63,CURVES_F,1/1/2022 12:00:00 AM,0.012,,,,5/16/2023 5:45:18 PM,12/31/9999 12:00:00 AM,0.63,d2e5c1c4-7bb9-434c-8e6b-406ec9136a57,,
54,4040012000000,4.71,8.19,CURVES_F,1/1/2022 12:00:00 AM,0.24,,,,5/16/2023 5:45:21 PM,12/31/9999 12:00:00 AM,3.48,d2e5c1c4-7bb9-434c-8e6b-406ec9136a57,,
54,4040012000000,8.19,10.77,CURVES_F,1/1/2022 12:00:00 AM,0.093,,,,5/16/2023 5:45:21 PM,12/31/9999 12:00:00 AM,2.58,d2e5c1c4-7bb9-434c-8e6b-406ec9136a57,,
54,4040012000000,10.77,12.37,CURVES_F,1/1/2022 12:00:00 AM,0.148,,,,5/16/2023 5:45:19 PM,12/31/9999 12:00:00 AM,1.6,d2e5c1c4-7bb9-434c-8e6b-406ec9136a57,,
54,4040031000000,0.0,0.3,CURVES_F,1/1/2022 12:00:00 AM,0.016,,,,5/16/2023 5:45:17 PM,12/31/9999 12:00:00 AM,0.3,d2e5c1c4-7bb9-434c-8e6b-406ec9136a57,,
54,4040046000000,0.0,2.29,CURVES_F,1/1/2022 12:00:00 AM,0.178,,,,5/16/2023 5:45:18 PM,12/31/9999 12:00:00 AM,2.29,d2e5c1c4-7bb9-434c-8e6b-406ec9136a57,,
54,4040046000000,2.55,3.42,CURVES_F,1/1/2022 12:00:00 AM,0.021,,,,5/16/2023 5:45:20 PM,12/31/9999 12:00:00 AM,0.87,d2e5c1c4-7bb9-434c-8e6b-406ec9136a57,,
54,4040050000000,13.38,14.06,CURVES_F,1/1/2022 12:00:00 AM,0.03,,,,5/16/2023 5:45:19 PM,12/31/9999 12:00:00 AM,0.68,d2e5c1c4-7bb9-434c-8e6b-406ec9136a57,,
54,41200190000NB,0.0,2.17,CURVES_F,1/1/2022 12:00:00 AM,0.03,,,,5/16/2023 5:45:18 PM,12/31/9999 12:00:00 AM,2.17,d2e5c1c4-7bb9-434c-8e6b-406ec9136a57,,
54,41200190000NB,19.8,21.61,CURVES_F,1/1/2022 12:00:00 AM,0.001,,,,5/16/2023 5:45:20 PM,12/31/9999 12:00:00 AM,1.81,d2e5c1c4-7bb9-434c-8e6b-406ec9136a57,,
54,4130003000000,37.1,37.73,CURVES_F,1/1/2022 12:00:00 AM,0.012,,,,5/16/2023 5:45:21 PM,12/31/9999 12:00:00 AM,0.63,d2e5c1c4-7bb9-434c-8e6b-406ec9136a57,,
54,4130016000000,8.47,9.485,CURVES_F,1/1/2022 12:00:00 AM,0.14,,,,5/16/2023 5:45:21 PM,12/31/9999 12:00:00 AM,1.015,d2e5c1c4-7bb9-434c-8e6b-406ec9136a57,,
54,4130016000000,18.96,19.79,CURVES_F,1/1/2022 12:00:00 AM,0.014,,,,5/16/2023 5:45:20 PM,12/31/9999 12:00:00 AM,0.83,d2e5c1c4-7bb9-434c-8e6b-406ec9136a57,,
54,4130041000000,0.0,0.71,CURVES_F,1/1/2022 12:00:00 AM,0.023,,,,5/16/2023 5:45:18 PM,12/31/9999 12:00:00 AM,0.71,d2e5c1c4-7bb9-434c-8e6b-406ec9136a57,,
54,4130054000000,6.54,7.1,CURVES_F,1/1/2022 12:00:00 AM,0.011,,,,5/16/2023 5:45:21 PM,12/31/9999 12:00:00 AM,0.56,d2e5c1c4-7bb9-434c-8e6b-406ec9136a57,,
54,4130061000000,2.604,3.29,CURVES_F,1/1/2022 12:00:00 AM,0.001,,,,5/16/2023 5:45:20 PM,12/31/9999 12:00:00 AM,0.686,d2e5c1c4-7bb9-434c-8e6b-406ec9136a57,,
54,4130210000000,1.89,2.79,CURVES_F,1/1/2022 12:00:00 AM,0.014,,,,5/16/2023 5:45:19 PM,12/31/9999 12:00:00 AM,0.9,d2e5c1c4-7bb9-434c-8e6b-406ec9136a57,,
54,4130307000000,4.55,5.59,CURVES_F,1/1/2022 12:00:00 AM,0.095,,,,5/16/2023 5:45:21 PM,12/31/9999 12:00:00 AM,1.04,d2e5c1c4-7bb9-434c-8e6b-406ec9136a57,,
54,4140001000000,1.95,3.4,CURVES_F,1/1/2022 12:00:00 AM,0.009,,,,5/16/2023 5:45:19 PM,12/31/9999 12:00:00 AM,1.45,d2e5c1c4-7bb9-434c-8e6b-406ec9136a57,,
54,4140001000000,3.4,4.14,CURVES_F,1/1/2022 12:00:00 AM,0.023,,,,5/16/2023 5:45:20 PM,12/31/9999 12:00:00 AM,0.74,d2e5c1c4-7bb9-434c-8e6b-406ec9136a57,,
54,4140003180000,2.77,3.51,CURVES_F,1/1/2022 12:00:00 AM,0.034,,,,5/16/2023 5:45:20 PM,12/31/9999 12:00:00 AM,0.74,d2e5c1c4-7bb9-434c-8e6b-406ec9136a57,,
54,4140004030000,0.0,0.47,CURVES_F,1/1/2022 12:00:00 AM,0.046,,,,5/16/2023 5:45:18 PM,12/31/9999 12:00:00 AM,0.47,d2e5c1c4-7bb9-434c-8e6b-406ec9136a57,,
54,4140006030000,0.53,1.48,CURVES_F,1/1/2022 12:00:00 AM,0.039,,,,5/16/2023 5:45:19 PM,12/31/9999 12:00:00 AM,0.95,d2e5c1c4-7bb9-434c-8e6b-406ec9136a57,,
54,4140008010000,1.02,1.6,CURVES_F,1/1/2022 12:00:00 AM,0.019,,,,5/16/2023 5:45:19 PM,12/31/9999 12:00:00 AM,0.58,d2e5c1c4-7bb9-434c-8e6b-406ec9136a57,,
54,4140008030000,0.0,0.65,CURVES_F,1/1/2022 12:00:00 AM,0.083,,,,5/16/2023 5:45:18 PM,12/31/9999 12:00:00 AM,0.65,d2e5c1c4-7bb9-434c-8e6b-406ec9136a57,,
54,4140011000000,0.0,1.26,CURVES_F,1/1/2022 12:00:00 AM,0.023,,,,5/16/2023 5:45:18 PM,12/31/9999 12:00:00 AM,1.26,d2e5c1c4-7bb9-434c-8e6b-406ec9136a57,,
54,4140016160000,0.0,0.42,CURVES_F,1/1/2022 12:00:00 AM,0.094,,,,5/16/2023 5:45:18 PM,12/31/9999 12:00:00 AM,0.42,d2e5c1c4-7bb9-434c-8e6b-406ec9136a57,,
54,4140016390000,0.0,0.64,CURVES_F,1/1/2022 12:00:00 AM,0.078,,,,5/16/2023 5:45:18 PM,12/31/9999 12:00:00 AM,0.64,d2e5c1c4-7bb9-434c-8e6b-406ec9136a57,,
54,4140018000000,3.0,3.51,CURVES_F,1/1/2022 12:00:00 AM,0.078,,,,5/16/2023 5:45:20 PM,12/31/9999 12:00:00 AM,0.51,d2e5c1c4-7bb9-434c-8e6b-406ec9136a57,,
54,4140018000000,3.51,4.41,CURVES_F,1/1/2022 12:00:00 AM,0.044,,,,5/16/2023 5:45:21 PM,12/31/9999 12:00:00 AM,0.9,d2e5c1c4-7bb9-434c-8e6b-406ec9136a57,,
54,4140019030000,0.39,0.5,CURVES_F,1/1/2022 12:00:00 AM,0.012,,,,5/16/2023 5:45:18 PM,12/31/9999 12:00:00 AM,0.11,d2e5c1c4-7bb9-434c-8e6b-406ec9136a57,,
54,4140019030000,0.5,0.98,CURVES_F,1/1/2022 12:00:00 AM,0.012,,,,5/16/2023 5:45:18 PM,12/31/9999 12:00:00 AM,0.48,d2e5c1c4-7bb9-434c-8e6b-406ec9136a57,,
54,4140025000000,3.7,5.9,CURVES_F,1/1/2022 12:00:00 AM,0.113,,,,5/16/2023 5:45:21 PM,12/31/9999 12:00:00 AM,2.2,d2e5c1c4-7bb9-434c-8e6b-406ec9136a57,,
54,4140030000000,4.27,4.52,CURVES_F,1/1/2022 12:00:00 AM,0.025,,,,5/16/2023 5:45:21 PM,12/31/9999 12:00:00 AM,0.25,d2e5c1c4-7bb9-434c-8e6b-406ec9136a57,,
54,4140041210000,0.0,1.63,CURVES_F,1/1/2022 12:00:00 AM,0.048,,,,5/16/2023 5:45:18 PM,12/31/9999 12:00:00 AM,1.63,d2e5c1c4-7bb9-434c-8e6b-406ec9136a57,,
54,4140048000000,0.0,1.9,CURVES_F,1/1/2022 12:00:00 AM,0.091,,,,5/16/2023 5:45:18 PM,12/31/9999 12:00:00 AM,1.9,d2e5c1c4-7bb9-434c-8e6b-406ec9136a57,,
54,4170014001900,0.12,0.29,CURVES_F,1/1/2022 12:00:00 AM,0.024,,,,5/16/2023 5:45:18 PM,12/31/9999 12:00:00 AM,0.17,d2e5c1c4-7bb9-434c-8e6b-406ec9136a57,,
54,4170034001900,0.17,0.38,CURVES_F,1/1/2022 12:00:00 AM,0.086,,,,5/16/2023 5:45:18 PM,12/31/9999 12:00:00 AM,0.21,d2e5c1c4-7bb9-434c-8e6b-406ec9136a57,,
54,4170038001900,0.33,0.49,CURVES_F,1/1/2022 12:00:00 AM,0.031,,,,5/16/2023 5:45:18 PM,12/31/9999 12:00:00 AM,0.16,d2e5c1c4-7bb9-434c-8e6b-406ec9136a57,,
54,4170052001900,0.31,0.57,CURVES_F,1/1/2022 12:00:00 AM,0.039,,,,5/16/2023 5:45:18 PM,12/31/9999 12:00:00 AM,0.26,d2e5c1c4-7bb9-434c-8e6b-406ec9136a57,,
54,4170052001900,0.85,0.95,CURVES_F,1/1/2022 12:00:00 AM,0.064,,,,5/16/2023 5:45:18 PM,12/31/9999 12:00:00 AM,0.1,d2e5c1c4-7bb9-434c-8e6b-406ec9136a57,,
54,42200330000EB,10.26,10.41,CURVES_F,1/1/2022 12:00:00 AM,0.01,,,,5/16/2023 5:45:19 PM,12/31/9999 12:00:00 AM,0.15,d2e5c1c4-7bb9-434c-8e6b-406ec9136a57,,
54,42200330000EB,10.41,10.99,CURVES_F,1/1/2022 12:00:00 AM,0.01,,,,5/16/2023 5:45:19 PM,12/31/9999 12:00:00 AM,0.58,d2e5c1c4-7bb9-434c-8e6b-406ec9136a57,,
54,42202190000NB,0.0,3.16,CURVES_F,1/1/2022 12:00:00 AM,0.025,,,,5/16/2023 5:45:18 PM,12/31/9999 12:00:00 AM,3.16,d2e5c1c4-7bb9-434c-8e6b-406ec9136a57,,
54,42202190000NB,3.16,3.24,CURVES_F,1/1/2022 12:00:00 AM,0.025,,,,5/16/2023 5:45:20 PM,12/31/9999 12:00:00 AM,0.08,d2e5c1c4-7bb9-434c-8e6b-406ec9136a57,,
54,42202190000NB,12.59,13.12,CURVES_F,1/1/2022 12:00:00 AM,0.009,,,,5/16/2023 5:45:19 PM,12/31/9999 12:00:00 AM,0.53,d2e5c1c4-7bb9-434c-8e6b-406ec9136a57,,
54,42202190000NB,13.12,15.03,CURVES_F,1/1/2022 12:00:00 AM,0.009,,,,5/16/2023 5:45:19 PM,12/31/9999 12:00:00 AM,1.91,d2e5c1c4-7bb9-434c-8e6b-406ec9136a57,,
54,42202190000NB,15.03,15.89,CURVES_F,1/1/2022 12:00:00 AM,0.009,,,,5/16/2023 5:45:20 PM,12/31/9999 12:00:00 AM,0.86,d2e5c1c4-7bb9-434c-8e6b-406ec9136a57,,
54,42202190000NB,19.15,19.51,CURVES_F,1/1/2022 12:00:00 AM,0.013,,,,5/16/2023 5:45:20 PM,12/31/9999 12:00:00 AM,0.36,d2e5c1c4-7bb9-434c-8e6b-406ec9136a57,,
54,42202190000NB,19.51,21.44,CURVES_F,1/1/2022 12:00:00 AM,0.013,,,,5/16/2023 5:45:20 PM,12/31/9999 12:00:00 AM,1.93,d2e5c1c4-7bb9-434c-8e6b-406ec9136a57,,
54,42202190000NB,21.48,21.64,CURVES_F,1/1/2022 12:00:00 AM,0.021,,,,5/16/2023 5:45:20 PM,12/31/9999 12:00:00 AM,0.16,d2e5c1c4-7bb9-434c-8e6b-406ec9136a57,,
54,42202190000NB,21.64,21.67,CURVES_F,1/1/2022 12:00:00 AM,0.021,,,,5/16/2023 5:45:20 PM,12/31/9999 12:00:00 AM,0.03,d2e5c1c4-7bb9-434c-8e6b-406ec9136a57,,
54,42202190000NB,27.85,30.16,CURVES_F,1/1/2022 12:00:00 AM,0.005,,,,5/16/2023 5:45:20 PM,12/31/9999 12:00:00 AM,2.31,d2e5c1c4-7bb9-434c-8e6b-406ec9136a57,,
54,4240025000000,1.73,2.55,CURVES_F,1/1/2022 12:00:00 AM,0.04,,,,5/16/2023 5:45:19 PM,12/31/9999 12:00:00 AM,0.82,d2e5c1c4-7bb9-434c-8e6b-406ec9136a57,,
54,4240031000000,0.0,1.81,CURVES_F,1/1/2022 12:00:00 AM,0.147,,,,5/16/2023 5:45:18 PM,12/31/9999 12:00:00 AM,1.81,d2e5c1c4-7bb9-434c-8e6b-406ec9136a57,,
54,4240033070000,0.0,0.43,CURVES_F,1/1/2022 12:00:00 AM,0.032,,,,5/16/2023 5:45:18 PM,12/31/9999 12:00:00 AM,0.43,d2e5c1c4-7bb9-434c-8e6b-406ec9136a57,,
54,4240219420000,0.0,0.21,CURVES_F,1/1/2022 12:00:00 AM,0.082,,,,5/16/2023 5:45:18 PM,12/31/9999 12:00:00 AM,0.21,d2e5c1c4-7bb9-434c-8e6b-406ec9136a57,,
54,4272252001900,0.0,0.39,CURVES_F,1/1/2022 12:00:00 AM,0.028,,,,5/16/2023 5:45:17 PM,12/31/9999 12:00:00 AM,0.39,d2e5c1c4-7bb9-434c-8e6b-406ec9136a57,,
54,43200500000EB,0.0,2.86,CURVES_F,1/1/2022 12:00:00 AM,0.001,,,,5/16/2023 5:45:18 PM,12/31/9999 12:00:00 AM,2.86,d2e5c1c4-7bb9-434c-8e6b-406ec9136a57,,
54,4330016000000,1.45,3.62,CURVES_F,1/1/2022 12:00:00 AM,0.009,,,,5/16/2023 5:45:19 PM,12/31/9999 12:00:00 AM,2.17,d2e5c1c4-7bb9-434c-8e6b-406ec9136a57,,
54,4330016000000,19.02,21.98,CURVES_F,1/1/2022 12:00:00 AM,0.132,,,,5/16/2023 5:45:20 PM,12/31/9999 12:00:00 AM,2.96,d2e5c1c4-7bb9-434c-8e6b-406ec9136a57,,
54,4330053000000,0.0,1.4,CURVES_F,1/1/2022 12:00:00 AM,0.008,,,,5/16/2023 5:45:18 PM,12/31/9999 12:00:00 AM,1.4,d2e5c1c4-7bb9-434c-8e6b-406ec9136a57,,
54,44200330000EB,4.33,5.61,CURVES_F,1/1/2022 12:00:00 AM,0.001,,,,5/16/2023 5:45:21 PM,12/31/9999 12:00:00 AM,1.28,d2e5c1c4-7bb9-434c-8e6b-406ec9136a57,,
54,44200330000EB,6.75,9.1,CURVES_F,1/1/2022 12:00:00 AM,0.025,,,,5/16/2023 5:45:21 PM,12/31/9999 12:00:00 AM,2.35,d2e5c1c4-7bb9-434c-8e6b-406ec9136a57,,
54,44200330000EB,15.77,17.73,CURVES_F,1/1/2022 12:00:00 AM,0.004,,,,5/16/2023 5:45:20 PM,12/31/9999 12:00:00 AM,1.96,d2e5c1c4-7bb9-434c-8e6b-406ec9136a57,,
54,4530003000000,9.56,10.91,CURVES_F,1/1/2022 12:00:00 AM,0.016,,,,5/16/2023 5:45:21 PM,12/31/9999 12:00:00 AM,1.35,d2e5c1c4-7bb9-434c-8e6b-406ec9136a57,,
54,4530020000000,24.94,24.99,CURVES_F,1/1/2022 12:00:00 AM,0.015,,,,5/16/2023 5:45:20 PM,12/31/9999 12:00:00 AM,0.05,d2e5c1c4-7bb9-434c-8e6b-406ec9136a57,,
54,4530020000000,24.99,25.32,CURVES_F,1/1/2022 12:00:00 AM,0.015,,,,5/16/2023 5:45:20 PM,12/31/9999 12:00:00 AM,0.33,d2e5c1c4-7bb9-434c-8e6b-406ec9136a57,,
54,46201190000NB,8.59,9.32,CURVES_F,1/1/2022 12:00:00 AM,0.018,,,,5/16/2023 5:45:21 PM,12/31/9999 12:00:00 AM,0.73,d2e5c1c4-7bb9-434c-8e6b-406ec9136a57,,
54,4630310000000,0.0,0.2,CURVES_F,1/1/2022 12:00:00 AM,0.026,,,,5/16/2023 5:45:17 PM,12/31/9999 12:00:00 AM,0.2,d2e5c1c4-7bb9-434c-8e6b-406ec9136a57,,
54,4640044000000,0.76,1.76,CURVES_F,1/1/2022 12:00:00 AM,0.012,,,,5/16/2023 5:45:19 PM,12/31/9999 12:00:00 AM,1.0,d2e5c1c4-7bb9-434c-8e6b-406ec9136a57,,
54,4640044000000,1.92,2.03,CURVES_F,1/1/2022 12:00:00 AM,0.008,,,,5/16/2023 5:45:19 PM,12/31/9999 12:00:00 AM,0.11,d2e5c1c4-7bb9-434c-8e6b-406ec9136a57,,
54,4640044080000,0.45,0.69,CURVES_F,1/1/2022 12:00:00 AM,0.013,,,,5/16/2023 5:45:18 PM,12/31/9999 12:00:00 AM,0.24,d2e5c1c4-7bb9-434c-8e6b-406ec9136a57,,
54,4640119300000,0.0,0.6,CURVES_F,1/1/2022 12:00:00 AM,0.134,,,,5/16/2023 5:45:18 PM,12/31/9999 12:00:00 AM,0.6,d2e5c1c4-7bb9-434c-8e6b-406ec9136a57,,
54,47202190000NB,5.57,5.9,CURVES_F,1/1/2022 12:00:00 AM,0.031,,,,5/16/2023 5:45:21 PM,12/31/9999 12:00:00 AM,0.33,d2e5c1c4-7bb9-434c-8e6b-406ec9136a57,,
54,47202190000NB,5.9,7.37,CURVES_F,1/1/2022 12:00:00 AM,0.031,,,,5/16/2023 5:45:21 PM,12/31/9999 12:00:00 AM,1.47,d2e5c1c4-7bb9-434c-8e6b-406ec9136a57,,
54,47202190000NB,13.1,13.13,CURVES_F,1/1/2022 12:00:00 AM,0.105,,,,5/16/2023 5:45:19 PM,12/31/9999 12:00:00 AM,0.03,d2e5c1c4-7bb9-434c-8e6b-406ec9136a57,,
54,47202190000NB,13.13,16.1,CURVES_F,1/1/2022 12:00:00 AM,0.105,,,,5/16/2023 5:45:19 PM,12/31/9999 12:00:00 AM,2.97,d2e5c1c4-7bb9-434c-8e6b-406ec9136a57,,
54,47202190000NB,16.1,17.49,CURVES_F,1/1/2022 12:00:00 AM,0.105,,,,5/16/2023 5:45:20 PM,12/31/9999 12:00:00 AM,1.39,d2e5c1c4-7bb9-434c-8e6b-406ec9136a57,,
54,47202190000NB,22.16,25.0,CURVES_F,1/1/2022 12:00:00 AM,0.021,,,,5/16/2023 5:45:20 PM,12/31/9999 12:00:00 AM,2.84,d2e5c1c4-7bb9-434c-8e6b-406ec9136a57,,
54,47202190000NB,25.0,25.49,CURVES_F,1/1/2022 12:00:00 AM,0.021,,,,5/16/2023 5:45:20 PM,12/31/9999 12:00:00 AM,0.49,d2e5c1c4-7bb9-434c-8e6b-406ec9136a57,,
54,47202190000NB,25.49,25.83,CURVES_F,1/1/2022 12:00:00 AM,0.021,,,,5/16/2023 5:45:20 PM,12/31/9999 12:00:00 AM,0.34,d2e5c1c4-7bb9-434c-8e6b-406ec9136a57,,
54,4730032000000,0.0,0.19,CURVES_F,1/1/2022 12:00:00 AM,0.001,,,,5/16/2023 5:45:18 PM,12/31/9999 12:00:00 AM,0.19,d2e5c1c4-7bb9-434c-8e6b-406ec9136a57,,
54,4730032000000,0.19,3.19,CURVES_F,1/1/2022 12:00:00 AM,0.001,,,,5/16/2023 5:45:18 PM,12/31/9999 12:00:00 AM,3.0,d2e5c1c4-7bb9-434c-8e6b-406ec9136a57,,
54,4730032000000,3.19,3.26,CURVES_F,1/1/2022 12:00:00 AM,0.001,,,,5/16/2023 5:45:20 PM,12/31/9999 12:00:00 AM,0.07,d2e5c1c4-7bb9-434c-8e6b-406ec9136a57,,
54,4730032000000,3.26,4.88,CURVES_F,1/1/2022 12:00:00 AM,0.001,,,,5/16/2023 5:45:20 PM,12/31/9999 12:00:00 AM,1.62,d2e5c1c4-7bb9-434c-8e6b-406ec9136a57,,
54,47300320005SB,0.04,0.19,CURVES_F,1/1/2022 12:00:00 AM,0.014,,,,5/16/2023 5:45:18 PM,12/31/9999 12:00:00 AM,0.15,d2e5c1c4-7bb9-434c-8e6b-406ec9136a57,,
54,4830002000000,9.93,10.25,CURVES_F,1/1/2022 12:00:00 AM,0.011,,,,5/16/2023 5:45:21 PM,12/31/9999 12:00:00 AM,0.32,d2e5c1c4-7bb9-434c-8e6b-406ec9136a57,,
54,4840007020000,0.0,1.01,CURVES_F,1/1/2022 12:00:00 AM,0.055,,,,5/16/2023 5:45:18 PM,12/31/9999 12:00:00 AM,1.01,d2e5c1c4-7bb9-434c-8e6b-406ec9136a57,,
54,49200330000EB,5.37,7.192,CURVES_F,1/1/2022 12:00:00 AM,0.001,,,,5/16/2023 5:45:21 PM,12/31/9999 12:00:00 AM,1.822,d2e5c1c4-7bb9-434c-8e6b-406ec9136a57,,
54,4940001000000,2.28,3.09,CURVES_F,1/1/2022 12:00:00 AM,0.022,,,,5/16/2023 5:45:20 PM,12/31/9999 12:00:00 AM,0.81,d2e5c1c4-7bb9-434c-8e6b-406ec9136a57,,
54,4940001000000,3.09,3.14,CURVES_F,1/1/2022 12:00:00 AM,0.022,,,,5/16/2023 5:45:21 PM,12/31/9999 12:00:00 AM,0.05,d2e5c1c4-7bb9-434c-8e6b-406ec9136a57,,
54,4940001000000,3.14,3.17,CURVES_F,1/1/2022 12:00:00 AM,0.022,,,,5/16/2023 5:45:20 PM,12/31/9999 12:00:00 AM,0.03,d2e5c1c4-7bb9-434c-8e6b-406ec9136a57,,
54,4940005090000,0.0,0.28,CURVES_F,1/1/2022 12:00:00 AM,0.003,,,,5/16/2023 5:45:18 PM,12/31/9999 12:00:00 AM,0.28,d2e5c1c4-7bb9-434c-8e6b-406ec9136a57,,
54,4940009010000,0.0,0.97,CURVES_F,1/1/2022 12:00:00 AM,0.029,,,,5/16/2023 5:45:18 PM,12/31/9999 12:00:00 AM,0.97,d2e5c1c4-7bb9-434c-8e6b-406ec9136a57,,
54,4940012000000,1.53,2.57,CURVES_F,1/1/2022 12:00:00 AM,0.001,,,,5/16/2023 5:45:19 PM,12/31/9999 12:00:00 AM,1.04,d2e5c1c4-7bb9-434c-8e6b-406ec9136a57,,
54,4940012000000,5.08,5.29,CURVES_F,1/1/2022 12:00:00 AM,0.034,,,,5/16/2023 5:45:21 PM,12/31/9999 12:00:00 AM,0.21,d2e5c1c4-7bb9-434c-8e6b-406ec9136a57,,
54,4940016000000,8.09,8.32,CURVES_F,1/1/2022 12:00:00 AM,0.028,,,,5/16/2023 5:45:21 PM,12/31/9999 12:00:00 AM,0.23,d2e5c1c4-7bb9-434c-8e6b-406ec9136a57,,
54,4940151000000,0.0,0.24,CURVES_F,1/1/2022 12:00:00 AM,0.004,,,,5/16/2023 5:45:17 PM,12/31/9999 12:00:00 AM,0.24,d2e5c1c4-7bb9-434c-8e6b-406ec9136a57,,
54,4970753001900,0.26,0.44,CURVES_F,1/1/2022 12:00:00 AM,0.007,,,,5/16/2023 5:45:18 PM,12/31/9999 12:00:00 AM,0.18,d2e5c1c4-7bb9-434c-8e6b-406ec9136a57,,
54,4970755001900,0.1,0.64,CURVES_F,1/1/2022 12:00:00 AM,0.011,,,,5/16/2023 5:45:18 PM,12/31/9999 12:00:00 AM,0.54,d2e5c1c4-7bb9-434c-8e6b-406ec9136a57,,
54,50200520000EB,29.12,31.4,CURVES_F,1/1/2022 12:00:00 AM,0.004,,,,5/16/2023 5:45:20 PM,12/31/9999 12:00:00 AM,2.28,d2e5c1c4-7bb9-434c-8e6b-406ec9136a57,,
54,50200600000EB,0.49,0.72,CURVES_F,1/1/2022 12:00:00 AM,0.011,,,,5/16/2023 5:45:19 PM,12/31/9999 12:00:00 AM,0.23,d2e5c1c4-7bb9-434c-8e6b-406ec9136a57,,
54,5030152000000,29.86,30.39,CURVES_F,1/1/2022 12:00:00 AM,0.112,,,,5/16/2023 5:45:20 PM,12/31/9999 12:00:00 AM,0.53,d2e5c1c4-7bb9-434c-8e6b-406ec9136a57,,
54,5040003000000,3.75,3.85,CURVES_F,1/1/2022 12:00:00 AM,0.01,,,,5/16/2023 5:45:21 PM,12/31/9999 12:00:00 AM,0.1,d2e5c1c4-7bb9-434c-8e6b-406ec9136a57,,
54,5040008000000,0.0,0.45,CURVES_F,1/1/2022 12:00:00 AM,0.059,,,,5/16/2023 5:45:18 PM,12/31/9999 12:00:00 AM,0.45,d2e5c1c4-7bb9-434c-8e6b-406ec9136a57,,
54,5040009000000,0.65,1.92,CURVES_F,1/1/2022 12:00:00 AM,0.251,,,,5/16/2023 5:45:19 PM,12/31/9999 12:00:00 AM,1.27,d2e5c1c4-7bb9-434c-8e6b-406ec9136a57,,
54,5040009000000,1.92,3.59,CURVES_F,1/1/2022 12:00:00 AM,0.096,,,,5/16/2023 5:45:19 PM,12/31/9999 12:00:00 AM,1.67,d2e5c1c4-7bb9-434c-8e6b-406ec9136a57,,
54,5040012000000,3.176,4.65,CURVES_F,1/1/2022 12:00:00 AM,0.095,,,,5/16/2023 5:45:20 PM,12/31/9999 12:00:00 AM,1.474,d2e5c1c4-7bb9-434c-8e6b-406ec9136a57,,
54,5040060050000,0.0,0.18,CURVES_F,1/1/2022 12:00:00 AM,0.011,,,,5/16/2023 5:45:18 PM,12/31/9999 12:00:00 AM,0.18,d2e5c1c4-7bb9-434c-8e6b-406ec9136a57,,
54,5040060070000,0.24,0.87,CURVES_F,1/1/2022 12:00:00 AM,0.155,,,,5/16/2023 5:45:18 PM,12/31/9999 12:00:00 AM,0.63,d2e5c1c4-7bb9-434c-8e6b-406ec9136a57,,
54,5040060070000,0.87,1.44,CURVES_F,1/1/2022 12:00:00 AM,0.077,,,,5/16/2023 5:45:18 PM,12/31/9999 12:00:00 AM,0.57,d2e5c1c4-7bb9-434c-8e6b-406ec9136a57,,
54,5073253001900,0.13,0.26,CURVES_F,1/1/2022 12:00:00 AM,0.065,,,,5/16/2023 5:45:18 PM,12/31/9999 12:00:00 AM,0.13,d2e5c1c4-7bb9-434c-8e6b-406ec9136a57,,
54,5130015000000,6.3,8.48,CURVES_F,1/1/2022 12:00:00 AM,0.001,,,,5/16/2023 5:45:21 PM,12/31/9999 12:00:00 AM,2.18,d2e5c1c4-7bb9-434c-8e6b-406ec9136a57,,
54,5140003000000,8.08,10.38,CURVES_F,1/1/2022 12:00:00 AM,0.187,,,,5/16/2023 5:45:21 PM,12/31/9999 12:00:00 AM,2.3,d2e5c1c4-7bb9-434c-8e6b-406ec9136a57,,
54,52202500000NB,5.54,6.88,CURVES_F,1/1/2022 12:00:00 AM,0.06,,,,5/16/2023 5:45:21 PM,12/31/9999 12:00:00 AM,1.34,d2e5c1c4-7bb9-434c-8e6b-406ec9136a57,,
54,52202500000NB,7.02,7.97,CURVES_F,1/1/2022 12:00:00 AM,0.049,,,,5/16/2023 5:45:21 PM,12/31/9999 12:00:00 AM,0.95,d2e5c1c4-7bb9-434c-8e6b-406ec9136a57,,
54,52202500000NB,8.1,8.64,CURVES_F,1/1/2022 12:00:00 AM,0.022,,,,5/16/2023 5:45:21 PM,12/31/9999 12:00:00 AM,0.54,d2e5c1c4-7bb9-434c-8e6b-406ec9136a57,,
54,52202500000NB,8.68,9.05,CURVES_F,1/1/2022 12:00:00 AM,0.008,,,,5/16/2023 5:45:21 PM,12/31/9999 12:00:00 AM,0.37,d2e5c1c4-7bb9-434c-8e6b-406ec9136a57,,
54,52202500000NB,9.63,11.07,CURVES_F,1/1/2022 12:00:00 AM,0.159,,,,5/16/2023 5:45:21 PM,12/31/9999 12:00:00 AM,1.44,d2e5c1c4-7bb9-434c-8e6b-406ec9136a57,,
54,5230007000000,35.64,36.52,CURVES_F,1/1/2022 12:00:00 AM,0.007,,,,5/16/2023 5:45:21 PM,12/31/9999 12:00:00 AM,0.88,d2e5c1c4-7bb9-434c-8e6b-406ec9136a57,,
54,52300070006EB,0.1,0.27,CURVES_F,1/1/2022 12:00:00 AM,0.094,,,,5/16/2023 5:45:18 PM,12/31/9999 12:00:00 AM,0.17,d2e5c1c4-7bb9-434c-8e6b-406ec9136a57,,
54,52300070007WB,0.0,0.23,CURVES_F,1/1/2022 12:00:00 AM,0.029,,,,5/16/2023 5:45:18 PM,12/31/9999 12:00:00 AM,0.23,d2e5c1c4-7bb9-434c-8e6b-406ec9136a57,,
54,5240003000000,0.15,0.28,CURVES_F,1/1/2022 12:00:00 AM,0.015,,,,5/16/2023 5:45:18 PM,12/31/9999 12:00:00 AM,0.13,d2e5c1c4-7bb9-434c-8e6b-406ec9136a57,,
54,5275502001900,0.11,0.3,CURVES_F,1/1/2022 12:00:00 AM,0.017,,,,5/16/2023 5:45:18 PM,12/31/9999 12:00:00 AM,0.19,d2e5c1c4-7bb9-434c-8e6b-406ec9136a57,,
54,5275503001900,0.0,0.45,CURVES_F,1/1/2022 12:00:00 AM,0.007,,,,5/16/2023 5:45:18 PM,12/31/9999 12:00:00 AM,0.45,d2e5c1c4-7bb9-434c-8e6b-406ec9136a57,,
54,5275509001900,0.07,0.23,CURVES_F,1/1/2022 12:00:00 AM,0.031,,,,5/16/2023 5:45:18 PM,12/31/9999 12:00:00 AM,0.16,d2e5c1c4-7bb9-434c-8e6b-406ec9136a57,,
54,5275511001900,0.57,0.84,CURVES_F,1/1/2022 12:00:00 AM,0.056,,,,5/16/2023 5:45:18 PM,12/31/9999 12:00:00 AM,0.27,d2e5c1c4-7bb9-434c-8e6b-406ec9136a57,,
54,5275515001900,0.0,0.22,CURVES_F,1/1/2022 12:00:00 AM,0.044,,,,5/16/2023 5:45:18 PM,12/31/9999 12:00:00 AM,0.22,d2e5c1c4-7bb9-434c-8e6b-406ec9136a57,,
54,5330014000000,19.34,20.71,CURVES_F,1/1/2022 12:00:00 AM,0.019,,,,5/16/2023 5:45:20 PM,12/31/9999 12:00:00 AM,1.37,d2e5c1c4-7bb9-434c-8e6b-406ec9136a57,,
54,54100770000NB,178.0,180.18,CURVES_F,1/1/2022 12:00:00 AM,0.009,,,,5/16/2023 5:45:20 PM,12/31/9999 12:00:00 AM,2.18,d2e5c1c4-7bb9-434c-8e6b-406ec9136a57,,
54,54200500000EB,0.0,0.61,CURVES_F,1/1/2022 12:00:00 AM,0.001,,,,5/16/2023 5:45:18 PM,12/31/9999 12:00:00 AM,0.61,d2e5c1c4-7bb9-434c-8e6b-406ec9136a57,,
54,5430014000000,12.88,13.0,CURVES_F,1/1/2022 12:00:00 AM,0.016,,,,5/16/2023 5:45:19 PM,12/31/9999 12:00:00 AM,0.12,d2e5c1c4-7bb9-434c-8e6b-406ec9136a57,,
54,5430014000100,0.0,0.63,CURVES_F,1/1/2022 12:00:00 AM,0.027,,,,5/16/2023 5:45:18 PM,12/31/9999 12:00:00 AM,0.63,d2e5c1c4-7bb9-434c-8e6b-406ec9136a57,,
54,54300140005SB,0.16,0.32,CURVES_F,1/1/2022 12:00:00 AM,0.004,,,,5/16/2023 5:45:18 PM,12/31/9999 12:00:00 AM,0.16,d2e5c1c4-7bb9-434c-8e6b-406ec9136a57,,
54,5430095000000,4.2,6.12,CURVES_F,1/1/2022 12:00:00 AM,0.004,,,,5/16/2023 5:45:21 PM,12/31/9999 12:00:00 AM,1.92,d2e5c1c4-7bb9-434c-8e6b-406ec9136a57,,
54,5430892000000,2.81,4.73,CURVES_F,1/1/2022 12:00:00 AM,0.002,,,,5/16/2023 5:45:20 PM,12/31/9999 12:00:00 AM,1.92,d2e5c1c4-7bb9-434c-8e6b-406ec9136a57,,
54,5430892000000,8.55,9.46,CURVES_F,1/1/2022 12:00:00 AM,0.021,,,,5/16/2023 5:45:21 PM,12/31/9999 12:00:00 AM,0.91,d2e5c1c4-7bb9-434c-8e6b-406ec9136a57,,
54,5430892000000,9.46,9.9,CURVES_F,1/1/2022 12:00:00 AM,0.021,,,,5/16/2023 5:45:21 PM,12/31/9999 12:00:00 AM,0.44,d2e5c1c4-7bb9-434c-8e6b-406ec9136a57,,
54,5440001000000,6.67,7.17,CURVES_F,1/1/2022 12:00:00 AM,0.014,,,,5/16/2023 5:45:21 PM,12/31/9999 12:00:00 AM,0.5,d2e5c1c4-7bb9-434c-8e6b-406ec9136a57,,
54,5440012000000,0.4,1.15,CURVES_F,1/1/2022 12:00:00 AM,0.011,,,,5/16/2023 5:45:18 PM,12/31/9999 12:00:00 AM,0.75,d2e5c1c4-7bb9-434c-8e6b-406ec9136a57,,
54,5440016000000,0.0,0.5,CURVES_F,1/1/2022 12:00:00 AM,0.005,,,,5/16/2023 5:45:18 PM,12/31/9999 12:00:00 AM,0.5,d2e5c1c4-7bb9-434c-8e6b-406ec9136a57,,
54,5440021010000,1.2,1.71,CURVES_F,1/1/2022 12:00:00 AM,0.134,,,,5/16/2023 5:45:19 PM,12/31/9999 12:00:00 AM,0.51,d2e5c1c4-7bb9-434c-8e6b-406ec9136a57,,
54,5440021020000,0.0,0.39,CURVES_F,1/1/2022 12:00:00 AM,0.004,,,,5/16/2023 5:45:17 PM,12/31/9999 12:00:00 AM,0.39,d2e5c1c4-7bb9-434c-8e6b-406ec9136a57,,
54,5440030000000,0.0,0.98,CURVES_F,1/1/2022 12:00:00 AM,0.033,,,,5/16/2023 5:45:18 PM,12/31/9999 12:00:00 AM,0.98,d2e5c1c4-7bb9-434c-8e6b-406ec9136a57,,
54,5440034000000,1.45,1.76,CURVES_F,1/1/2022 12:00:00 AM,0.022,,,,5/16/2023 5:45:19 PM,12/31/9999 12:00:00 AM,0.31,d2e5c1c4-7bb9-434c-8e6b-406ec9136a57,,
54,5440047040000,0.0,0.23,CURVES_F,1/1/2022 12:00:00 AM,0.018,,,,5/16/2023 5:45:18 PM,12/31/9999 12:00:00 AM,0.23,d2e5c1c4-7bb9-434c-8e6b-406ec9136a57,,
54,5440047040000,0.23,0.93,CURVES_F,1/1/2022 12:00:00 AM,0.09,,,,5/16/2023 5:45:18 PM,12/31/9999 12:00:00 AM,0.7,d2e5c1c4-7bb9-434c-8e6b-406ec9136a57,,
54,5440047040000,0.93,2.86,CURVES_F,1/1/2022 12:00:00 AM,0.165,,,,5/16/2023 5:45:19 PM,12/31/9999 12:00:00 AM,1.93,d2e5c1c4-7bb9-434c-8e6b-406ec9136a57,,
54,5440050380000,0.0,2.13,CURVES_F,1/1/2022 12:00:00 AM,0.009,,,,5/16/2023 5:45:18 PM,12/31/9999 12:00:00 AM,2.13,d2e5c1c4-7bb9-434c-8e6b-406ec9136a57,,
54,5475759001900,0.0,0.48,CURVES_F,1/1/2022 12:00:00 AM,0.049,,,,5/16/2023 5:45:18 PM,12/31/9999 12:00:00 AM,0.48,d2e5c1c4-7bb9-434c-8e6b-406ec9136a57,,
54,5475767001900,0.88,1.08,CURVES_F,1/1/2022 12:00:00 AM,0.01,,,,5/16/2023 5:45:19 PM,12/31/9999 12:00:00 AM,0.2,d2e5c1c4-7bb9-434c-8e6b-406ec9136a57,,
54,5475767001900,1.25,1.46,CURVES_F,1/1/2022 12:00:00 AM,0.008,,,,5/16/2023 5:45:19 PM,12/31/9999 12:00:00 AM,0.21,d2e5c1c4-7bb9-434c-8e6b-406ec9136a57,,
54,5475772001900,0.44,1.25,CURVES_F,1/1/2022 12:00:00 AM,0.03,,,,5/16/2023 5:45:19 PM,12/31/9999 12:00:00 AM,0.81,d2e5c1c4-7bb9-434c-8e6b-406ec9136a57,,
54,5475791001900,0.0,0.37,CURVES_F,1/1/2022 12:00:00 AM,0.048,,,,5/16/2023 5:45:18 PM,12/31/9999 12:00:00 AM,0.37,d2e5c1c4-7bb9-434c-8e6b-406ec9136a57,,
54,55200520000EB,0.0,1.4,CURVES_F,1/1/2022 12:00:00 AM,0.007,,,,5/16/2023 5:45:18 PM,12/31/9999 12:00:00 AM,1.4,d2e5c1c4-7bb9-434c-8e6b-406ec9136a57,,
54,5530010000000,24.14,24.38,CURVES_F,1/1/2022 12:00:00 AM,0.029,,,,5/16/2023 5:45:20 PM,12/31/9999 12:00:00 AM,0.24,d2e5c1c4-7bb9-434c-8e6b-406ec9136a57,,
54,5530016000000,1.73,3.33,CURVES_F,1/1/2022 12:00:00 AM,0.002,,,,5/16/2023 5:45:19 PM,12/31/9999 12:00:00 AM,1.6,d2e5c1c4-7bb9-434c-8e6b-406ec9136a57,,
54,5530097000000,21.56,22.26,CURVES_F,1/1/2022 12:00:00 AM,0.029,,,,5/16/2023 5:45:20 PM,12/31/9999 12:00:00 AM,0.7,d2e5c1c4-7bb9-434c-8e6b-406ec9136a57,,
54,5530097000000,28.09,32.88,CURVES_F,1/1/2022 12:00:00 AM,0.228,,,,5/16/2023 5:45:20 PM,12/31/9999 12:00:00 AM,4.79,d2e5c1c4-7bb9-434c-8e6b-406ec9136a57,,
