StateId,RouteId,BeginPoint,EndPoint,DataItem,BeginDate,NN_VN,NN_VT,NN_VD,Comments,ReportDate,EndDate,SectionLength,ProcessId,IsWarning,IsApproved
54,01200330000EB,0.0,4.43,NN,1/1/2022 12:00:00 AM,2.0,,,,5/17/2023 12:44:58 PM,12/31/9999 12:00:00 AM,4.43,06e2387a-68f6-4ea2-aa2d-4d6044c8e121,,
54,01201190000NB,9.29,11.61,NN,1/1/2022 12:00:00 AM,2.0,,,,5/17/2023 12:44:58 PM,12/31/9999 12:00:00 AM,2.32,06e2387a-68f6-4ea2-aa2d-4d6044c8e121,,
54,01202500000NB,0.0,5.3,NN,1/1/2022 12:00:00 AM,2.0,,,,5/17/2023 12:44:58 PM,12/31/9999 12:00:00 AM,5.3,06e2387a-68f6-4ea2-aa2d-4d6044c8e121,,
54,01202500000NB,5.3,5.78,NN,1/1/2022 12:00:00 AM,2.0,,,,5/17/2023 12:44:58 PM,12/31/9999 12:00:00 AM,0.48,06e2387a-68f6-4ea2-aa2d-4d6044c8e121,,
54,01202500000NB,5.78,17.15,NN,1/1/2022 12:00:00 AM,2.0,,,,5/17/2023 12:44:58 PM,12/31/9999 12:00:00 AM,11.37,06e2387a-68f6-4ea2-aa2d-4d6044c8e121,,
54,01202500002NB,0.0,0.033,NN,1/1/2022 12:00:00 AM,2.0,,,,5/17/2023 12:44:58 PM,12/31/9999 12:00:00 AM,0.033,06e2387a-68f6-4ea2-aa2d-4d6044c8e121,,
54,0140024000000,0.0,0.41,NN,1/1/2022 12:00:00 AM,2.0,,,,5/17/2023 12:44:58 PM,12/31/9999 12:00:00 AM,0.41,06e2387a-68f6-4ea2-aa2d-4d6044c8e121,,
54,0140119050000,0.0,0.77,NN,1/1/2022 12:00:00 AM,2.0,,,,5/17/2023 12:44:58 PM,12/31/9999 12:00:00 AM,0.77,06e2387a-68f6-4ea2-aa2d-4d6044c8e121,,
54,0140119210000,0.0,0.27,NN,1/1/2022 12:00:00 AM,2.0,,,,5/17/2023 12:44:58 PM,12/31/9999 12:00:00 AM,0.27,06e2387a-68f6-4ea2-aa2d-4d6044c8e121,,
54,02100810000NB,0.0,26.0,NN,1/1/2022 12:00:00 AM,1.0,,,,5/17/2023 12:44:58 PM,12/31/9999 12:00:00 AM,26.0,06e2387a-68f6-4ea2-aa2d-4d6044c8e121,,
54,02200110000NB,0.31,2.75,NN,1/1/2022 12:00:00 AM,1.0,,,,5/17/2023 12:44:58 PM,12/31/9999 12:00:00 AM,2.44,06e2387a-68f6-4ea2-aa2d-4d6044c8e121,,
54,02200110000NB,5.13,11.64,NN,1/1/2022 12:00:00 AM,2.0,,,,5/17/2023 12:44:58 PM,12/31/9999 12:00:00 AM,6.51,06e2387a-68f6-4ea2-aa2d-4d6044c8e121,,
54,0230045000000,14.39,14.52,NN,1/1/2022 12:00:00 AM,2.0,,,,5/17/2023 12:44:58 PM,12/31/9999 12:00:00 AM,0.13,06e2387a-68f6-4ea2-aa2d-4d6044c8e121,,
54,0230045000000,14.58,14.85,NN,1/1/2022 12:00:00 AM,2.0,,,,5/17/2023 12:44:58 PM,12/31/9999 12:00:00 AM,0.27,06e2387a-68f6-4ea2-aa2d-4d6044c8e121,,
54,0230051000000,4.54,4.58,NN,1/1/2022 12:00:00 AM,2.0,,,,5/17/2023 12:44:58 PM,12/31/9999 12:00:00 AM,0.04,06e2387a-68f6-4ea2-aa2d-4d6044c8e121,,
54,0230051000000,4.58,4.62,NN,1/1/2022 12:00:00 AM,2.0,,,,5/17/2023 12:44:58 PM,12/31/9999 12:00:00 AM,0.04,06e2387a-68f6-4ea2-aa2d-4d6044c8e121,,
54,0230051000000,4.62,5.18,NN,1/1/2022 12:00:00 AM,2.0,,,,5/17/2023 12:44:58 PM,12/31/9999 12:00:00 AM,0.56,06e2387a-68f6-4ea2-aa2d-4d6044c8e121,,
54,03201190000NB,0.0,12.36,NN,1/1/2022 12:00:00 AM,2.0,,,,5/17/2023 12:44:58 PM,12/31/9999 12:00:00 AM,12.36,06e2387a-68f6-4ea2-aa2d-4d6044c8e121,,
54,03201190000NB,12.36,12.66,NN,1/1/2022 12:00:00 AM,2.0,,,,5/17/2023 12:44:58 PM,12/31/9999 12:00:00 AM,0.3,06e2387a-68f6-4ea2-aa2d-4d6044c8e121,,
54,03201190000NB,12.66,16.22,NN,1/1/2022 12:00:00 AM,2.0,,,,5/17/2023 12:44:58 PM,12/31/9999 12:00:00 AM,3.56,06e2387a-68f6-4ea2-aa2d-4d6044c8e121,,
54,03201190000NB,16.22,16.38,NN,1/1/2022 12:00:00 AM,2.0,,,,5/17/2023 12:44:58 PM,12/31/9999 12:00:00 AM,0.16,06e2387a-68f6-4ea2-aa2d-4d6044c8e121,,
54,03201190000NB,16.38,16.43,NN,1/1/2022 12:00:00 AM,2.0,,,,5/17/2023 12:44:58 PM,12/31/9999 12:00:00 AM,0.05,06e2387a-68f6-4ea2-aa2d-4d6044c8e121,,
54,03201190000NB,16.43,16.67,NN,1/1/2022 12:00:00 AM,2.0,,,,5/17/2023 12:44:58 PM,12/31/9999 12:00:00 AM,0.24,06e2387a-68f6-4ea2-aa2d-4d6044c8e121,,
54,03201190000NB,16.67,16.72,NN,1/1/2022 12:00:00 AM,2.0,,,,5/17/2023 12:44:58 PM,12/31/9999 12:00:00 AM,0.05,06e2387a-68f6-4ea2-aa2d-4d6044c8e121,,
54,03201190000NB,16.72,16.88,NN,1/1/2022 12:00:00 AM,2.0,,,,5/17/2023 12:44:58 PM,12/31/9999 12:00:00 AM,0.16,06e2387a-68f6-4ea2-aa2d-4d6044c8e121,,
54,03201190000NB,16.88,16.93,NN,1/1/2022 12:00:00 AM,2.0,,,,5/17/2023 12:44:58 PM,12/31/9999 12:00:00 AM,0.05,06e2387a-68f6-4ea2-aa2d-4d6044c8e121,,
54,03201190000NB,16.93,16.97,NN,1/1/2022 12:00:00 AM,2.0,,,,5/17/2023 12:44:58 PM,12/31/9999 12:00:00 AM,0.04,06e2387a-68f6-4ea2-aa2d-4d6044c8e121,,
54,03201190000NB,16.97,18.19,NN,1/1/2022 12:00:00 AM,2.0,,,,5/17/2023 12:44:58 PM,12/31/9999 12:00:00 AM,1.22,06e2387a-68f6-4ea2-aa2d-4d6044c8e121,,
54,03201190000NB,18.19,20.7,NN,1/1/2022 12:00:00 AM,2.0,,,,5/17/2023 12:44:58 PM,12/31/9999 12:00:00 AM,2.51,06e2387a-68f6-4ea2-aa2d-4d6044c8e121,,
54,03201190000NB,20.77,22.95,NN,1/1/2022 12:00:00 AM,2.0,,,,5/17/2023 12:44:58 PM,12/31/9999 12:00:00 AM,2.18,06e2387a-68f6-4ea2-aa2d-4d6044c8e121,,
54,04100790000NB,44.6,46.18,NN,1/1/2022 12:00:00 AM,1.0,,,,5/17/2023 12:44:58 PM,12/31/9999 12:00:00 AM,1.58,06e2387a-68f6-4ea2-aa2d-4d6044c8e121,,
54,04100790000NB,46.18,46.22,NN,1/1/2022 12:00:00 AM,1.0,,,,5/17/2023 12:44:58 PM,12/31/9999 12:00:00 AM,0.04,06e2387a-68f6-4ea2-aa2d-4d6044c8e121,,
54,04100790000NB,46.22,83.15,NN,1/1/2022 12:00:00 AM,1.0,,,,5/17/2023 12:44:58 PM,12/31/9999 12:00:00 AM,36.93,06e2387a-68f6-4ea2-aa2d-4d6044c8e121,,
54,04200190000NB,0.0,6.95,NN,1/1/2022 12:00:00 AM,1.0,,,,5/17/2023 12:44:58 PM,12/31/9999 12:00:00 AM,6.95,06e2387a-68f6-4ea2-aa2d-4d6044c8e121,,
54,05200220000EB,0.0,0.29,NN,1/1/2022 12:00:00 AM,2.0,,,,5/17/2023 12:44:58 PM,12/31/9999 12:00:00 AM,0.29,06e2387a-68f6-4ea2-aa2d-4d6044c8e121,,
54,05200220000EB,0.29,0.6,NN,1/1/2022 12:00:00 AM,2.0,,,,5/17/2023 12:44:58 PM,12/31/9999 12:00:00 AM,0.31,06e2387a-68f6-4ea2-aa2d-4d6044c8e121,,
54,05200220000EB,0.6,2.06,NN,1/1/2022 12:00:00 AM,2.0,,,,5/17/2023 12:44:58 PM,12/31/9999 12:00:00 AM,1.46,06e2387a-68f6-4ea2-aa2d-4d6044c8e121,,
54,05200220000EB,2.45,5.89,NN,1/1/2022 12:00:00 AM,2.0,,,,5/17/2023 12:44:58 PM,12/31/9999 12:00:00 AM,3.44,06e2387a-68f6-4ea2-aa2d-4d6044c8e121,,
54,06100640000EB,5.87,31.77,NN,1/1/2022 12:00:00 AM,1.0,,,,5/17/2023 12:44:58 PM,12/31/9999 12:00:00 AM,25.9,06e2387a-68f6-4ea2-aa2d-4d6044c8e121,,
54,06200600000EB,3.46,3.94,NN,1/1/2022 12:00:00 AM,2.0,,,,5/17/2023 12:44:58 PM,12/31/9999 12:00:00 AM,0.48,06e2387a-68f6-4ea2-aa2d-4d6044c8e121,,
54,06200600000EB,3.94,6.02,NN,1/1/2022 12:00:00 AM,2.0,,,,5/17/2023 12:44:58 PM,12/31/9999 12:00:00 AM,2.08,06e2387a-68f6-4ea2-aa2d-4d6044c8e121,,
54,06200600000EB,6.02,8.78,NN,1/1/2022 12:00:00 AM,2.0,,,,5/17/2023 12:44:58 PM,12/31/9999 12:00:00 AM,2.76,06e2387a-68f6-4ea2-aa2d-4d6044c8e121,,
54,06200600000EB,8.78,8.82,NN,1/1/2022 12:00:00 AM,2.0,,,,5/17/2023 12:44:58 PM,12/31/9999 12:00:00 AM,0.04,06e2387a-68f6-4ea2-aa2d-4d6044c8e121,,
54,06200600000EB,8.82,9.5,NN,1/1/2022 12:00:00 AM,2.0,,,,5/17/2023 12:44:58 PM,12/31/9999 12:00:00 AM,0.68,06e2387a-68f6-4ea2-aa2d-4d6044c8e121,,
54,06200600000EB,22.08,22.3,NN,1/1/2022 12:00:00 AM,2.0,,,,5/17/2023 12:44:58 PM,12/31/9999 12:00:00 AM,0.22,06e2387a-68f6-4ea2-aa2d-4d6044c8e121,,
54,06200600000EB,22.39,22.49,NN,1/1/2022 12:00:00 AM,2.0,,,,5/17/2023 12:44:58 PM,12/31/9999 12:00:00 AM,0.1,06e2387a-68f6-4ea2-aa2d-4d6044c8e121,,
54,06200600007WB,0.15,0.43,NN,1/1/2022 12:00:00 AM,2.0,,,,5/17/2023 12:44:58 PM,12/31/9999 12:00:00 AM,0.28,06e2387a-68f6-4ea2-aa2d-4d6044c8e121,,
54,0630002000000,0.0,1.65,NN,1/1/2022 12:00:00 AM,2.0,,,,5/17/2023 12:44:58 PM,12/31/9999 12:00:00 AM,1.65,06e2387a-68f6-4ea2-aa2d-4d6044c8e121,,
54,0630002001300,0.0,0.17,NN,1/1/2022 12:00:00 AM,2.0,,,,5/17/2023 12:44:58 PM,12/31/9999 12:00:00 AM,0.17,06e2387a-68f6-4ea2-aa2d-4d6044c8e121,,
54,0630002001300,0.17,0.39,NN,1/1/2022 12:00:00 AM,2.0,,,,5/17/2023 12:44:58 PM,12/31/9999 12:00:00 AM,0.22,06e2387a-68f6-4ea2-aa2d-4d6044c8e121,,
54,0630101000000,0.0,0.75,NN,1/1/2022 12:00:00 AM,2.0,,,,5/17/2023 12:44:58 PM,12/31/9999 12:00:00 AM,0.75,06e2387a-68f6-4ea2-aa2d-4d6044c8e121,,
54,08100790000NB,36.0,44.6,NN,1/1/2022 12:00:00 AM,1.0,,,,5/17/2023 12:44:58 PM,12/31/9999 12:00:00 AM,8.6,06e2387a-68f6-4ea2-aa2d-4d6044c8e121,,
54,09200500000EB,0.0,11.26,NN,1/1/2022 12:00:00 AM,1.0,,,,5/17/2023 12:44:58 PM,12/31/9999 12:00:00 AM,11.26,06e2387a-68f6-4ea2-aa2d-4d6044c8e121,,
54,09200500000EB,11.26,11.43,NN,1/1/2022 12:00:00 AM,1.0,,,,5/17/2023 12:44:58 PM,12/31/9999 12:00:00 AM,0.17,06e2387a-68f6-4ea2-aa2d-4d6044c8e121,,
54,09200500000EB,11.43,12.1,NN,1/1/2022 12:00:00 AM,1.0,,,,5/17/2023 12:44:58 PM,12/31/9999 12:00:00 AM,0.67,06e2387a-68f6-4ea2-aa2d-4d6044c8e121,,
54,09200500000EB,12.1,15.67,NN,1/1/2022 12:00:00 AM,1.0,,,,5/17/2023 12:44:58 PM,12/31/9999 12:00:00 AM,3.57,06e2387a-68f6-4ea2-aa2d-4d6044c8e121,,
54,09200500000EB,15.67,18.87,NN,1/1/2022 12:00:00 AM,1.0,,,,5/17/2023 12:44:58 PM,12/31/9999 12:00:00 AM,3.2,06e2387a-68f6-4ea2-aa2d-4d6044c8e121,,
54,10100770016NB,52.58,67.21,NN,1/1/2022 12:00:00 AM,1.0,,,,5/17/2023 12:44:58 PM,12/31/9999 12:00:00 AM,14.63,06e2387a-68f6-4ea2-aa2d-4d6044c8e121,,
54,10200190000NB,0.0,6.19,NN,1/1/2022 12:00:00 AM,1.0,,,,5/17/2023 12:44:58 PM,12/31/9999 12:00:00 AM,6.19,06e2387a-68f6-4ea2-aa2d-4d6044c8e121,,
54,10200190000NB,6.19,9.62,NN,1/1/2022 12:00:00 AM,1.0,,,,5/17/2023 12:44:58 PM,12/31/9999 12:00:00 AM,3.43,06e2387a-68f6-4ea2-aa2d-4d6044c8e121,,
54,10200190000NB,9.62,15.627,NN,1/1/2022 12:00:00 AM,1.0,,,,5/17/2023 12:44:58 PM,12/31/9999 12:00:00 AM,6.007,06e2387a-68f6-4ea2-aa2d-4d6044c8e121,,
54,10200190000NB,15.627,20.82,NN,1/1/2022 12:00:00 AM,1.0,,,,5/17/2023 12:44:58 PM,12/31/9999 12:00:00 AM,5.193,06e2387a-68f6-4ea2-aa2d-4d6044c8e121,,
54,10200190000NB,20.82,26.29,NN,1/1/2022 12:00:00 AM,1.0,,,,5/17/2023 12:44:58 PM,12/31/9999 12:00:00 AM,5.47,06e2387a-68f6-4ea2-aa2d-4d6044c8e121,,
54,10200600000EB,0.0,3.92,NN,1/1/2022 12:00:00 AM,2.0,,,,5/17/2023 12:44:58 PM,12/31/9999 12:00:00 AM,3.92,06e2387a-68f6-4ea2-aa2d-4d6044c8e121,,
54,10200600000EB,4.14,9.67,NN,1/1/2022 12:00:00 AM,2.0,,,,5/17/2023 12:44:58 PM,12/31/9999 12:00:00 AM,5.53,06e2387a-68f6-4ea2-aa2d-4d6044c8e121,,
54,10200600000EB,9.67,10.55,NN,1/1/2022 12:00:00 AM,2.0,,,,5/17/2023 12:44:58 PM,12/31/9999 12:00:00 AM,0.88,06e2387a-68f6-4ea2-aa2d-4d6044c8e121,,
54,10200600000EB,10.55,11.66,NN,1/1/2022 12:00:00 AM,2.0,,,,5/17/2023 12:44:58 PM,12/31/9999 12:00:00 AM,1.11,06e2387a-68f6-4ea2-aa2d-4d6044c8e121,,
54,10200600000EB,11.66,12.32,NN,1/1/2022 12:00:00 AM,2.0,,,,5/17/2023 12:44:58 PM,12/31/9999 12:00:00 AM,0.66,06e2387a-68f6-4ea2-aa2d-4d6044c8e121,,
54,10200600000EB,12.32,25.9,NN,1/1/2022 12:00:00 AM,2.0,,,,5/17/2023 12:44:58 PM,12/31/9999 12:00:00 AM,13.58,06e2387a-68f6-4ea2-aa2d-4d6044c8e121,,
54,10200600000EB,25.9,25.97,NN,1/1/2022 12:00:00 AM,2.0,,,,5/17/2023 12:44:58 PM,12/31/9999 12:00:00 AM,0.07,06e2387a-68f6-4ea2-aa2d-4d6044c8e121,,
54,10200600000EB,25.97,26.64,NN,1/1/2022 12:00:00 AM,2.0,,,,5/17/2023 12:44:58 PM,12/31/9999 12:00:00 AM,0.67,06e2387a-68f6-4ea2-aa2d-4d6044c8e121,,
54,10200600000EB,26.64,46.06,NN,1/1/2022 12:00:00 AM,2.0,,,,5/17/2023 12:44:58 PM,12/31/9999 12:00:00 AM,19.42,06e2387a-68f6-4ea2-aa2d-4d6044c8e121,,
54,11100790000NB,83.15,83.55,NN,1/1/2022 12:00:00 AM,1.0,,,,5/17/2023 12:44:58 PM,12/31/9999 12:00:00 AM,0.4,06e2387a-68f6-4ea2-aa2d-4d6044c8e121,,
54,12200480000EB,0.0,21.29,NN,1/1/2022 12:00:00 AM,2.0,,,,5/17/2023 12:44:58 PM,12/31/9999 12:00:00 AM,21.29,06e2387a-68f6-4ea2-aa2d-4d6044c8e121,,
54,12200480000WB,0.0,21.29,NN,1/1/2022 12:00:00 AM,2.0,,,,5/17/2023 12:44:58 PM,12/31/9999 12:00:00 AM,21.29,06e2387a-68f6-4ea2-aa2d-4d6044c8e121,,
54,13100640000EB,147.6,156.18,NN,1/1/2022 12:00:00 AM,1.0,,,,5/17/2023 12:44:58 PM,12/31/9999 12:00:00 AM,8.58,06e2387a-68f6-4ea2-aa2d-4d6044c8e121,,
54,13100640000EB,156.18,165.87,NN,1/1/2022 12:00:00 AM,1.0,,,,5/17/2023 12:44:58 PM,12/31/9999 12:00:00 AM,9.69,06e2387a-68f6-4ea2-aa2d-4d6044c8e121,,
54,13100640000EB,165.87,165.9,NN,1/1/2022 12:00:00 AM,1.0,,,,5/17/2023 12:44:58 PM,12/31/9999 12:00:00 AM,0.03,06e2387a-68f6-4ea2-aa2d-4d6044c8e121,,
54,13100640000EB,165.9,168.96,NN,1/1/2022 12:00:00 AM,1.0,,,,5/17/2023 12:44:58 PM,12/31/9999 12:00:00 AM,3.06,06e2387a-68f6-4ea2-aa2d-4d6044c8e121,,
54,13100640000EB,168.96,169.38,NN,1/1/2022 12:00:00 AM,1.0,,,,5/17/2023 12:44:58 PM,12/31/9999 12:00:00 AM,0.42,06e2387a-68f6-4ea2-aa2d-4d6044c8e121,,
54,13100640000EB,169.38,169.41,NN,1/1/2022 12:00:00 AM,1.0,,,,5/17/2023 12:44:58 PM,12/31/9999 12:00:00 AM,0.03,06e2387a-68f6-4ea2-aa2d-4d6044c8e121,,
54,13100640000EB,169.41,170.23,NN,1/1/2022 12:00:00 AM,1.0,,,,5/17/2023 12:44:58 PM,12/31/9999 12:00:00 AM,0.82,06e2387a-68f6-4ea2-aa2d-4d6044c8e121,,
54,13100640000EB,170.23,184.02,NN,1/1/2022 12:00:00 AM,1.0,,,,5/17/2023 12:44:58 PM,12/31/9999 12:00:00 AM,13.79,06e2387a-68f6-4ea2-aa2d-4d6044c8e121,,
54,13200600000EB,0.0,14.84,NN,1/1/2022 12:00:00 AM,2.0,,,,5/17/2023 12:44:58 PM,12/31/9999 12:00:00 AM,14.84,06e2387a-68f6-4ea2-aa2d-4d6044c8e121,,
54,13200600000EB,14.84,15.18,NN,1/1/2022 12:00:00 AM,2.0,,,,5/17/2023 12:44:58 PM,12/31/9999 12:00:00 AM,0.34,06e2387a-68f6-4ea2-aa2d-4d6044c8e121,,
54,15200220000EB,0.0,0.39,NN,1/1/2022 12:00:00 AM,2.0,,,,5/17/2023 12:44:58 PM,12/31/9999 12:00:00 AM,0.39,06e2387a-68f6-4ea2-aa2d-4d6044c8e121,,
54,15200300000EB,0.0,0.61,NN,1/1/2022 12:00:00 AM,2.0,,,,5/17/2023 12:44:58 PM,12/31/9999 12:00:00 AM,0.61,06e2387a-68f6-4ea2-aa2d-4d6044c8e121,,
54,15200300000EB,0.61,1.06,NN,1/1/2022 12:00:00 AM,2.0,,,,5/17/2023 12:44:58 PM,12/31/9999 12:00:00 AM,0.45,06e2387a-68f6-4ea2-aa2d-4d6044c8e121,,
54,15200300000EB,1.06,1.543,NN,1/1/2022 12:00:00 AM,2.0,,,,5/17/2023 12:44:58 PM,12/31/9999 12:00:00 AM,0.483,06e2387a-68f6-4ea2-aa2d-4d6044c8e121,,
54,15200300000EB,1.543,3.49,NN,1/1/2022 12:00:00 AM,2.0,,,,5/17/2023 12:44:58 PM,12/31/9999 12:00:00 AM,1.947,06e2387a-68f6-4ea2-aa2d-4d6044c8e121,,
54,1530002000000,0.0,0.28,NN,1/1/2022 12:00:00 AM,2.0,,,,5/17/2023 12:44:58 PM,12/31/9999 12:00:00 AM,0.28,06e2387a-68f6-4ea2-aa2d-4d6044c8e121,,
54,1530002000000,11.75,16.416,NN,1/1/2022 12:00:00 AM,2.0,,,,5/17/2023 12:44:58 PM,12/31/9999 12:00:00 AM,4.666,06e2387a-68f6-4ea2-aa2d-4d6044c8e121,,
54,1530002000000,16.416,20.63,NN,1/1/2022 12:00:00 AM,2.0,,,,5/17/2023 12:44:58 PM,12/31/9999 12:00:00 AM,4.214,06e2387a-68f6-4ea2-aa2d-4d6044c8e121,,
54,1530002000000,20.63,21.21,NN,1/1/2022 12:00:00 AM,2.0,,,,5/17/2023 12:44:58 PM,12/31/9999 12:00:00 AM,0.58,06e2387a-68f6-4ea2-aa2d-4d6044c8e121,,
54,1530002000000,21.21,21.23,NN,1/1/2022 12:00:00 AM,2.0,,,,5/17/2023 12:44:58 PM,12/31/9999 12:00:00 AM,0.02,06e2387a-68f6-4ea2-aa2d-4d6044c8e121,,
54,1530002000000,21.23,21.37,NN,1/1/2022 12:00:00 AM,2.0,,,,5/17/2023 12:44:58 PM,12/31/9999 12:00:00 AM,0.14,06e2387a-68f6-4ea2-aa2d-4d6044c8e121,,
54,16200480000EB,0.0,11.2,NN,1/1/2022 12:00:00 AM,2.0,,,,5/17/2023 12:44:58 PM,12/31/9999 12:00:00 AM,11.2,06e2387a-68f6-4ea2-aa2d-4d6044c8e121,,
54,16200480000EB,11.2,14.25,NN,1/1/2022 12:00:00 AM,2.0,,,,5/17/2023 12:44:58 PM,12/31/9999 12:00:00 AM,3.05,06e2387a-68f6-4ea2-aa2d-4d6044c8e121,,
54,16200480000EB,14.25,24.37,NN,1/1/2022 12:00:00 AM,2.0,,,,5/17/2023 12:44:58 PM,12/31/9999 12:00:00 AM,10.12,06e2387a-68f6-4ea2-aa2d-4d6044c8e121,,
54,16200480000EB,24.37,25.5,NN,1/1/2022 12:00:00 AM,2.0,,,,5/17/2023 12:44:58 PM,12/31/9999 12:00:00 AM,1.13,06e2387a-68f6-4ea2-aa2d-4d6044c8e121,,
54,16200480000EB,25.5,31.51,NN,1/1/2022 12:00:00 AM,2.0,,,,5/17/2023 12:44:58 PM,12/31/9999 12:00:00 AM,6.01,06e2387a-68f6-4ea2-aa2d-4d6044c8e121,,
54,17100790000NB,106.42,114.132,NN,1/1/2022 12:00:00 AM,1.0,,,,5/17/2023 12:44:58 PM,12/31/9999 12:00:00 AM,7.712,06e2387a-68f6-4ea2-aa2d-4d6044c8e121,,
54,17100790000NB,114.132,123.988,NN,1/1/2022 12:00:00 AM,1.0,,,,5/17/2023 12:44:58 PM,12/31/9999 12:00:00 AM,9.856,06e2387a-68f6-4ea2-aa2d-4d6044c8e121,,
54,17100790000NB,123.988,129.217,NN,1/1/2022 12:00:00 AM,1.0,,,,5/17/2023 12:44:58 PM,12/31/9999 12:00:00 AM,5.229,06e2387a-68f6-4ea2-aa2d-4d6044c8e121,,
54,17100790000NB,129.217,129.22,NN,1/1/2022 12:00:00 AM,1.0,,,,5/17/2023 12:44:58 PM,12/31/9999 12:00:00 AM,0.003,06e2387a-68f6-4ea2-aa2d-4d6044c8e121,,
54,17200500000EB,0.0,6.08,NN,1/1/2022 12:00:00 AM,1.0,,,,5/17/2023 12:44:58 PM,12/31/9999 12:00:00 AM,6.08,06e2387a-68f6-4ea2-aa2d-4d6044c8e121,,
54,17200500000EB,6.08,6.1,NN,1/1/2022 12:00:00 AM,1.0,,,,5/17/2023 12:44:58 PM,12/31/9999 12:00:00 AM,0.02,06e2387a-68f6-4ea2-aa2d-4d6044c8e121,,
54,17200500000EB,6.1,6.101,NN,1/1/2022 12:00:00 AM,1.0,,,,5/17/2023 12:44:58 PM,12/31/9999 12:00:00 AM,0.001,06e2387a-68f6-4ea2-aa2d-4d6044c8e121,,
54,17200500000EB,6.101,10.03,NN,1/1/2022 12:00:00 AM,1.0,,,,5/17/2023 12:44:58 PM,12/31/9999 12:00:00 AM,3.929,06e2387a-68f6-4ea2-aa2d-4d6044c8e121,,
54,17200500000EB,10.03,10.3,NN,1/1/2022 12:00:00 AM,1.0,,,,5/17/2023 12:44:58 PM,12/31/9999 12:00:00 AM,0.27,06e2387a-68f6-4ea2-aa2d-4d6044c8e121,,
54,17200500000EB,10.3,18.32,NN,1/1/2022 12:00:00 AM,1.0,,,,5/17/2023 12:44:58 PM,12/31/9999 12:00:00 AM,8.02,06e2387a-68f6-4ea2-aa2d-4d6044c8e121,,
54,17200500000EB,20.62,21.46,NN,1/1/2022 12:00:00 AM,2.0,,,,5/17/2023 12:44:58 PM,12/31/9999 12:00:00 AM,0.84,06e2387a-68f6-4ea2-aa2d-4d6044c8e121,,
54,1730020000000,4.64,7.414,NN,1/1/2022 12:00:00 AM,2.0,,,,5/17/2023 12:44:58 PM,12/31/9999 12:00:00 AM,2.774,06e2387a-68f6-4ea2-aa2d-4d6044c8e121,,
54,1730020000000,7.414,8.57,NN,1/1/2022 12:00:00 AM,2.0,,,,5/17/2023 12:44:58 PM,12/31/9999 12:00:00 AM,1.156,06e2387a-68f6-4ea2-aa2d-4d6044c8e121,,
54,1730020000000,8.57,8.88,NN,1/1/2022 12:00:00 AM,2.0,,,,5/17/2023 12:44:58 PM,12/31/9999 12:00:00 AM,0.31,06e2387a-68f6-4ea2-aa2d-4d6044c8e121,,
54,1730020000000,8.88,11.24,NN,1/1/2022 12:00:00 AM,2.0,,,,5/17/2023 12:44:58 PM,12/31/9999 12:00:00 AM,2.36,06e2387a-68f6-4ea2-aa2d-4d6044c8e121,,
54,1730057000000,0.0,2.35,NN,1/1/2022 12:00:00 AM,2.0,,,,5/17/2023 12:44:58 PM,12/31/9999 12:00:00 AM,2.35,06e2387a-68f6-4ea2-aa2d-4d6044c8e121,,
54,1730058000000,0.01,0.05,NN,1/1/2022 12:00:00 AM,2.0,,,,5/17/2023 12:44:58 PM,12/31/9999 12:00:00 AM,0.04,06e2387a-68f6-4ea2-aa2d-4d6044c8e121,,
54,1730058000000,0.8,0.82,NN,1/1/2022 12:00:00 AM,2.0,,,,5/17/2023 12:44:58 PM,12/31/9999 12:00:00 AM,0.02,06e2387a-68f6-4ea2-aa2d-4d6044c8e121,,
54,1730076000000,0.0,0.8,NN,1/1/2022 12:00:00 AM,2.0,,,,5/17/2023 12:44:58 PM,12/31/9999 12:00:00 AM,0.8,06e2387a-68f6-4ea2-aa2d-4d6044c8e121,,
54,1730131000000,0.0,3.585,NN,1/1/2022 12:00:00 AM,2.0,,,,5/17/2023 12:44:58 PM,12/31/9999 12:00:00 AM,3.585,06e2387a-68f6-4ea2-aa2d-4d6044c8e121,,
54,1730131000000,3.585,4.08,NN,1/1/2022 12:00:00 AM,2.0,,,,5/17/2023 12:44:58 PM,12/31/9999 12:00:00 AM,0.495,06e2387a-68f6-4ea2-aa2d-4d6044c8e121,,
54,1740020510000,0.0,0.2,NN,1/1/2022 12:00:00 AM,2.0,,,,5/17/2023 12:44:58 PM,12/31/9999 12:00:00 AM,0.2,06e2387a-68f6-4ea2-aa2d-4d6044c8e121,,
54,1740058010000,0.0,0.17,NN,1/1/2022 12:00:00 AM,2.0,,,,5/17/2023 12:44:58 PM,12/31/9999 12:00:00 AM,0.17,06e2387a-68f6-4ea2-aa2d-4d6044c8e121,,
54,18100770000NB,117.5,156.99,NN,1/1/2022 12:00:00 AM,1.0,,,,5/17/2023 12:44:58 PM,12/31/9999 12:00:00 AM,39.49,06e2387a-68f6-4ea2-aa2d-4d6044c8e121,,
54,1830002000000,6.51,10.86,NN,1/1/2022 12:00:00 AM,2.0,,,,5/17/2023 12:44:58 PM,12/31/9999 12:00:00 AM,4.35,06e2387a-68f6-4ea2-aa2d-4d6044c8e121,,
54,1830002000000,10.86,11.28,NN,1/1/2022 12:00:00 AM,2.0,,,,5/17/2023 12:44:58 PM,12/31/9999 12:00:00 AM,0.42,06e2387a-68f6-4ea2-aa2d-4d6044c8e121,,
54,1830068000000,0.0,3.95,NN,1/1/2022 12:00:00 AM,2.0,,,,5/17/2023 12:44:58 PM,12/31/9999 12:00:00 AM,3.95,06e2387a-68f6-4ea2-aa2d-4d6044c8e121,,
54,1830068000000,3.95,4.01,NN,1/1/2022 12:00:00 AM,2.0,,,,5/17/2023 12:44:58 PM,12/31/9999 12:00:00 AM,0.06,06e2387a-68f6-4ea2-aa2d-4d6044c8e121,,
54,1830068000000,4.01,12.83,NN,1/1/2022 12:00:00 AM,2.0,,,,5/17/2023 12:44:58 PM,12/31/9999 12:00:00 AM,8.82,06e2387a-68f6-4ea2-aa2d-4d6044c8e121,,
54,1840002200000,0.0,3.66,NN,1/1/2022 12:00:00 AM,2.0,,,,5/17/2023 12:44:58 PM,12/31/9999 12:00:00 AM,3.66,06e2387a-68f6-4ea2-aa2d-4d6044c8e121,,
54,1930009000000,0.0,1.45,NN,1/1/2022 12:00:00 AM,2.0,,,,5/17/2023 12:44:58 PM,12/31/9999 12:00:00 AM,1.45,06e2387a-68f6-4ea2-aa2d-4d6044c8e121,,
54,1930009000000,1.45,3.945,NN,1/1/2022 12:00:00 AM,2.0,,,,5/17/2023 12:44:58 PM,12/31/9999 12:00:00 AM,2.495,06e2387a-68f6-4ea2-aa2d-4d6044c8e121,,
54,1930009000000,3.945,9.12,NN,1/1/2022 12:00:00 AM,2.0,,,,5/17/2023 12:44:58 PM,12/31/9999 12:00:00 AM,5.175,06e2387a-68f6-4ea2-aa2d-4d6044c8e121,,
54,1930009000000,9.98,10.3,NN,1/1/2022 12:00:00 AM,2.0,,,,5/17/2023 12:44:58 PM,12/31/9999 12:00:00 AM,0.32,06e2387a-68f6-4ea2-aa2d-4d6044c8e121,,
54,1930009000000,10.301,11.418,NN,1/1/2022 12:00:00 AM,2.0,,,,5/17/2023 12:44:58 PM,12/31/9999 12:00:00 AM,1.117,06e2387a-68f6-4ea2-aa2d-4d6044c8e121,,
54,1930009000000,11.418,14.96,NN,1/1/2022 12:00:00 AM,2.0,,,,5/17/2023 12:44:58 PM,12/31/9999 12:00:00 AM,3.542,06e2387a-68f6-4ea2-aa2d-4d6044c8e121,,
54,20100640000EB,45.39,52.73,NN,1/1/2022 12:00:00 AM,1.0,,,,5/17/2023 12:44:58 PM,12/31/9999 12:00:00 AM,7.34,06e2387a-68f6-4ea2-aa2d-4d6044c8e121,,
54,20100640000EB,52.73,53.75,NN,1/1/2022 12:00:00 AM,1.0,,,,5/17/2023 12:44:58 PM,12/31/9999 12:00:00 AM,1.02,06e2387a-68f6-4ea2-aa2d-4d6044c8e121,,
54,20100640000EB,53.75,57.48,NN,1/1/2022 12:00:00 AM,1.0,,,,5/17/2023 12:44:58 PM,12/31/9999 12:00:00 AM,3.73,06e2387a-68f6-4ea2-aa2d-4d6044c8e121,,
54,20100640000EB,57.48,58.3,NN,1/1/2022 12:00:00 AM,1.0,,,,5/17/2023 12:44:58 PM,12/31/9999 12:00:00 AM,0.82,06e2387a-68f6-4ea2-aa2d-4d6044c8e121,,
54,20100640000EB,58.3,58.78,NN,1/1/2022 12:00:00 AM,1.0,,,,5/17/2023 12:44:58 PM,12/31/9999 12:00:00 AM,0.48,06e2387a-68f6-4ea2-aa2d-4d6044c8e121,,
54,20100640006EB,0.0,0.3,NN,1/1/2022 12:00:00 AM,1.0,,,,5/17/2023 12:44:58 PM,12/31/9999 12:00:00 AM,0.3,06e2387a-68f6-4ea2-aa2d-4d6044c8e121,,
54,20100770000NB,95.34,105.002,NN,1/1/2022 12:00:00 AM,1.0,,,,5/17/2023 12:44:58 PM,12/31/9999 12:00:00 AM,9.662,06e2387a-68f6-4ea2-aa2d-4d6044c8e121,,
54,20100770000NB,105.002,117.5,NN,1/1/2022 12:00:00 AM,1.0,,,,5/17/2023 12:44:58 PM,12/31/9999 12:00:00 AM,12.498,06e2387a-68f6-4ea2-aa2d-4d6044c8e121,,
54,20100770005SB,0.0,0.67,NN,1/1/2022 12:00:00 AM,1.0,,,,5/17/2023 12:44:58 PM,12/31/9999 12:00:00 AM,0.67,06e2387a-68f6-4ea2-aa2d-4d6044c8e121,,
54,20100770016NB,67.21,77.988,NN,1/1/2022 12:00:00 AM,1.0,,,,5/17/2023 12:44:58 PM,12/31/9999 12:00:00 AM,10.778,06e2387a-68f6-4ea2-aa2d-4d6044c8e121,,
54,20100770016NB,77.988,79.92,NN,1/1/2022 12:00:00 AM,1.0,,,,5/17/2023 12:44:58 PM,12/31/9999 12:00:00 AM,1.932,06e2387a-68f6-4ea2-aa2d-4d6044c8e121,,
54,20100770016NB,79.92,82.2,NN,1/1/2022 12:00:00 AM,1.0,,,,5/17/2023 12:44:58 PM,12/31/9999 12:00:00 AM,2.28,06e2387a-68f6-4ea2-aa2d-4d6044c8e121,,
54,20100770016NB,82.2,82.44,NN,1/1/2022 12:00:00 AM,1.0,,,,5/17/2023 12:44:58 PM,12/31/9999 12:00:00 AM,0.24,06e2387a-68f6-4ea2-aa2d-4d6044c8e121,,
54,20100770016NB,82.44,82.82,NN,1/1/2022 12:00:00 AM,1.0,,,,5/17/2023 12:44:58 PM,12/31/9999 12:00:00 AM,0.38,06e2387a-68f6-4ea2-aa2d-4d6044c8e121,,
54,20100770016NB,82.82,95.34,NN,1/1/2022 12:00:00 AM,1.0,,,,5/17/2023 12:44:58 PM,12/31/9999 12:00:00 AM,12.52,06e2387a-68f6-4ea2-aa2d-4d6044c8e121,,
54,20100770023NB,0.0,1.02,NN,1/1/2022 12:00:00 AM,1.0,,,,5/17/2023 12:44:58 PM,12/31/9999 12:00:00 AM,1.02,06e2387a-68f6-4ea2-aa2d-4d6044c8e121,,
54,20100770023SB,0.0,1.31,NN,1/1/2022 12:00:00 AM,1.0,,,,5/17/2023 12:44:58 PM,12/31/9999 12:00:00 AM,1.31,06e2387a-68f6-4ea2-aa2d-4d6044c8e121,,
54,20100790000NB,0.0,7.38,NN,1/1/2022 12:00:00 AM,1.0,,,,5/17/2023 12:44:58 PM,12/31/9999 12:00:00 AM,7.38,06e2387a-68f6-4ea2-aa2d-4d6044c8e121,,
54,20100790000NB,7.38,7.476,NN,1/1/2022 12:00:00 AM,1.0,,,,5/17/2023 12:44:58 PM,12/31/9999 12:00:00 AM,0.096,06e2387a-68f6-4ea2-aa2d-4d6044c8e121,,
54,20100790000NB,7.476,7.58,NN,1/1/2022 12:00:00 AM,1.0,,,,5/17/2023 12:44:58 PM,12/31/9999 12:00:00 AM,0.104,06e2387a-68f6-4ea2-aa2d-4d6044c8e121,,
54,20100790000NB,7.58,8.48,NN,1/1/2022 12:00:00 AM,1.0,,,,5/17/2023 12:44:58 PM,12/31/9999 12:00:00 AM,0.9,06e2387a-68f6-4ea2-aa2d-4d6044c8e121,,
54,20100790000NB,8.48,9.27,NN,1/1/2022 12:00:00 AM,1.0,,,,5/17/2023 12:44:58 PM,12/31/9999 12:00:00 AM,0.79,06e2387a-68f6-4ea2-aa2d-4d6044c8e121,,
54,20100790000NB,9.27,21.28,NN,1/1/2022 12:00:00 AM,1.0,,,,5/17/2023 12:44:58 PM,12/31/9999 12:00:00 AM,12.01,06e2387a-68f6-4ea2-aa2d-4d6044c8e121,,
54,20200600000EB,2.44,10.9,NN,1/1/2022 12:00:00 AM,2.0,,,,5/17/2023 12:44:58 PM,12/31/9999 12:00:00 AM,8.46,06e2387a-68f6-4ea2-aa2d-4d6044c8e121,,
54,20200600000EB,10.9,11.38,NN,1/1/2022 12:00:00 AM,2.0,,,,5/17/2023 12:44:58 PM,12/31/9999 12:00:00 AM,0.48,06e2387a-68f6-4ea2-aa2d-4d6044c8e121,,
54,20200600000EB,14.54,14.77,NN,1/1/2022 12:00:00 AM,2.0,,,,5/17/2023 12:44:58 PM,12/31/9999 12:00:00 AM,0.23,06e2387a-68f6-4ea2-aa2d-4d6044c8e121,,
54,20200600000EB,14.77,14.84,NN,1/1/2022 12:00:00 AM,2.0,,,,5/17/2023 12:44:58 PM,12/31/9999 12:00:00 AM,0.07,06e2387a-68f6-4ea2-aa2d-4d6044c8e121,,
54,20200600000EB,21.97,22.35,NN,1/1/2022 12:00:00 AM,2.0,,,,5/17/2023 12:44:58 PM,12/31/9999 12:00:00 AM,0.38,06e2387a-68f6-4ea2-aa2d-4d6044c8e121,,
54,20200600000EB,22.35,22.79,NN,1/1/2022 12:00:00 AM,2.0,,,,5/17/2023 12:44:58 PM,12/31/9999 12:00:00 AM,0.44,06e2387a-68f6-4ea2-aa2d-4d6044c8e121,,
54,20200600000EB,22.79,22.88,NN,1/1/2022 12:00:00 AM,2.0,,,,5/17/2023 12:44:58 PM,12/31/9999 12:00:00 AM,0.09,06e2387a-68f6-4ea2-aa2d-4d6044c8e121,,
54,20200600000EB,22.88,23.52,NN,1/1/2022 12:00:00 AM,2.0,,,,5/17/2023 12:44:58 PM,12/31/9999 12:00:00 AM,0.64,06e2387a-68f6-4ea2-aa2d-4d6044c8e121,,
54,20200600000EB,23.52,25.21,NN,1/1/2022 12:00:00 AM,2.0,,,,5/17/2023 12:44:58 PM,12/31/9999 12:00:00 AM,1.69,06e2387a-68f6-4ea2-aa2d-4d6044c8e121,,
54,20200600000EB,25.21,30.79,NN,1/1/2022 12:00:00 AM,2.0,,,,5/17/2023 12:44:58 PM,12/31/9999 12:00:00 AM,5.58,06e2387a-68f6-4ea2-aa2d-4d6044c8e121,,
54,20200600000EB,30.79,37.72,NN,1/1/2022 12:00:00 AM,2.0,,,,5/17/2023 12:44:58 PM,12/31/9999 12:00:00 AM,6.93,06e2387a-68f6-4ea2-aa2d-4d6044c8e121,,
54,20200600000EB,37.72,39.88,NN,1/1/2022 12:00:00 AM,2.0,,,,5/17/2023 12:44:58 PM,12/31/9999 12:00:00 AM,2.16,06e2387a-68f6-4ea2-aa2d-4d6044c8e121,,
54,20200600000EB,39.88,40.43,NN,1/1/2022 12:00:00 AM,2.0,,,,5/17/2023 12:44:58 PM,12/31/9999 12:00:00 AM,0.55,06e2387a-68f6-4ea2-aa2d-4d6044c8e121,,
54,20200600000EB,40.43,44.03,NN,1/1/2022 12:00:00 AM,2.0,,,,5/17/2023 12:44:58 PM,12/31/9999 12:00:00 AM,3.6,06e2387a-68f6-4ea2-aa2d-4d6044c8e121,,
54,20200600000EB,44.03,44.55,NN,1/1/2022 12:00:00 AM,2.0,,,,5/17/2023 12:44:58 PM,12/31/9999 12:00:00 AM,0.52,06e2387a-68f6-4ea2-aa2d-4d6044c8e121,,
54,20200600007WB,7.45,7.62,NN,1/1/2022 12:00:00 AM,2.0,,,,5/17/2023 12:44:58 PM,12/31/9999 12:00:00 AM,0.17,06e2387a-68f6-4ea2-aa2d-4d6044c8e121,,
54,20200600007WB,7.62,7.76,NN,1/1/2022 12:00:00 AM,2.0,,,,5/17/2023 12:44:58 PM,12/31/9999 12:00:00 AM,0.14,06e2387a-68f6-4ea2-aa2d-4d6044c8e121,,
54,20200600007WB,7.76,7.8,NN,1/1/2022 12:00:00 AM,2.0,,,,5/17/2023 12:44:58 PM,12/31/9999 12:00:00 AM,0.04,06e2387a-68f6-4ea2-aa2d-4d6044c8e121,,
54,20200600007WB,7.8,7.85,NN,1/1/2022 12:00:00 AM,2.0,,,,5/17/2023 12:44:58 PM,12/31/9999 12:00:00 AM,0.05,06e2387a-68f6-4ea2-aa2d-4d6044c8e121,,
54,20200600007WB,7.85,7.93,NN,1/1/2022 12:00:00 AM,2.0,,,,5/17/2023 12:44:58 PM,12/31/9999 12:00:00 AM,0.08,06e2387a-68f6-4ea2-aa2d-4d6044c8e121,,
54,20200600007WB,7.93,8.1,NN,1/1/2022 12:00:00 AM,2.0,,,,5/17/2023 12:44:58 PM,12/31/9999 12:00:00 AM,0.17,06e2387a-68f6-4ea2-aa2d-4d6044c8e121,,
54,20201190000NB,0.0,0.63,NN,1/1/2022 12:00:00 AM,2.0,,,,5/17/2023 12:44:58 PM,12/31/9999 12:00:00 AM,0.63,06e2387a-68f6-4ea2-aa2d-4d6044c8e121,,
54,20201190000NB,0.63,0.93,NN,1/1/2022 12:00:00 AM,2.0,,,,5/17/2023 12:44:58 PM,12/31/9999 12:00:00 AM,0.3,06e2387a-68f6-4ea2-aa2d-4d6044c8e121,,
54,20201190000NB,0.93,1.12,NN,1/1/2022 12:00:00 AM,2.0,,,,5/17/2023 12:44:58 PM,12/31/9999 12:00:00 AM,0.19,06e2387a-68f6-4ea2-aa2d-4d6044c8e121,,
54,20201190000NB,5.79,7.091,NN,1/1/2022 12:00:00 AM,2.0,,,,5/17/2023 12:44:58 PM,12/31/9999 12:00:00 AM,1.301,06e2387a-68f6-4ea2-aa2d-4d6044c8e121,,
54,20201190000NB,7.091,14.04,NN,1/1/2022 12:00:00 AM,2.0,,,,5/17/2023 12:44:58 PM,12/31/9999 12:00:00 AM,6.949,06e2387a-68f6-4ea2-aa2d-4d6044c8e121,,
54,20201190000NB,14.04,16.28,NN,1/1/2022 12:00:00 AM,2.0,,,,5/17/2023 12:44:58 PM,12/31/9999 12:00:00 AM,2.24,06e2387a-68f6-4ea2-aa2d-4d6044c8e121,,
54,20201190000NB,16.28,17.16,NN,1/1/2022 12:00:00 AM,2.0,,,,5/17/2023 12:44:58 PM,12/31/9999 12:00:00 AM,0.88,06e2387a-68f6-4ea2-aa2d-4d6044c8e121,,
54,20201190000NB,17.16,17.64,NN,1/1/2022 12:00:00 AM,2.0,,,,5/17/2023 12:44:58 PM,12/31/9999 12:00:00 AM,0.48,06e2387a-68f6-4ea2-aa2d-4d6044c8e121,,
54,20201190023NB,0.0,0.51,NN,1/1/2022 12:00:00 AM,2.0,,,,5/17/2023 12:44:58 PM,12/31/9999 12:00:00 AM,0.51,06e2387a-68f6-4ea2-aa2d-4d6044c8e121,,
54,20201190023NB,0.7,1.17,NN,1/1/2022 12:00:00 AM,2.0,,,,5/17/2023 12:44:58 PM,12/31/9999 12:00:00 AM,0.47,06e2387a-68f6-4ea2-aa2d-4d6044c8e121,,
54,2030025000000,0.0,2.46,NN,1/1/2022 12:00:00 AM,2.0,,,,5/17/2023 12:44:58 PM,12/31/9999 12:00:00 AM,2.46,06e2387a-68f6-4ea2-aa2d-4d6044c8e121,,
54,2030025000000,2.46,5.8,NN,1/1/2022 12:00:00 AM,2.0,,,,5/17/2023 12:44:58 PM,12/31/9999 12:00:00 AM,3.34,06e2387a-68f6-4ea2-aa2d-4d6044c8e121,,
54,2030025000000,8.3,12.63,NN,1/1/2022 12:00:00 AM,2.0,,,,5/17/2023 12:44:58 PM,12/31/9999 12:00:00 AM,4.33,06e2387a-68f6-4ea2-aa2d-4d6044c8e121,,
54,2030817000000,0.0,1.57,NN,1/1/2022 12:00:00 AM,2.0,,,,5/17/2023 12:44:58 PM,12/31/9999 12:00:00 AM,1.57,06e2387a-68f6-4ea2-aa2d-4d6044c8e121,,
54,2040021000000,0.0,2.35,NN,1/1/2022 12:00:00 AM,2.0,,,,5/17/2023 12:44:58 PM,12/31/9999 12:00:00 AM,2.35,06e2387a-68f6-4ea2-aa2d-4d6044c8e121,,
54,2040025250000,0.0,2.17,NN,1/1/2022 12:00:00 AM,2.0,,,,5/17/2023 12:44:58 PM,12/31/9999 12:00:00 AM,2.17,06e2387a-68f6-4ea2-aa2d-4d6044c8e121,,
54,2040027000000,0.0,0.21,NN,1/1/2022 12:00:00 AM,2.0,,,,5/17/2023 12:44:58 PM,12/31/9999 12:00:00 AM,0.21,06e2387a-68f6-4ea2-aa2d-4d6044c8e121,,
54,2040027000000,2.08,2.14,NN,1/1/2022 12:00:00 AM,2.0,,,,5/17/2023 12:44:58 PM,12/31/9999 12:00:00 AM,0.06,06e2387a-68f6-4ea2-aa2d-4d6044c8e121,,
54,2040027000000,2.14,2.141,NN,1/1/2022 12:00:00 AM,2.0,,,,5/17/2023 12:44:58 PM,12/31/9999 12:00:00 AM,0.001,06e2387a-68f6-4ea2-aa2d-4d6044c8e121,,
54,2040027000000,2.141,2.24,NN,1/1/2022 12:00:00 AM,2.0,,,,5/17/2023 12:44:58 PM,12/31/9999 12:00:00 AM,0.099,06e2387a-68f6-4ea2-aa2d-4d6044c8e121,,
54,21100790000NB,83.55,90.77,NN,1/1/2022 12:00:00 AM,1.0,,,,5/17/2023 12:44:58 PM,12/31/9999 12:00:00 AM,7.22,06e2387a-68f6-4ea2-aa2d-4d6044c8e121,,
54,21100790000NB,90.77,90.92,NN,1/1/2022 12:00:00 AM,1.0,,,,5/17/2023 12:44:58 PM,12/31/9999 12:00:00 AM,0.15,06e2387a-68f6-4ea2-aa2d-4d6044c8e121,,
54,21100790000NB,90.92,95.73,NN,1/1/2022 12:00:00 AM,1.0,,,,5/17/2023 12:44:58 PM,12/31/9999 12:00:00 AM,4.81,06e2387a-68f6-4ea2-aa2d-4d6044c8e121,,
54,21100790000NB,95.73,95.82,NN,1/1/2022 12:00:00 AM,1.0,,,,5/17/2023 12:44:58 PM,12/31/9999 12:00:00 AM,0.09,06e2387a-68f6-4ea2-aa2d-4d6044c8e121,,
54,21100790000NB,95.82,98.287,NN,1/1/2022 12:00:00 AM,1.0,,,,5/17/2023 12:44:58 PM,12/31/9999 12:00:00 AM,2.467,06e2387a-68f6-4ea2-aa2d-4d6044c8e121,,
54,21100790000NB,98.287,98.925,NN,1/1/2022 12:00:00 AM,1.0,,,,5/17/2023 12:44:58 PM,12/31/9999 12:00:00 AM,0.638,06e2387a-68f6-4ea2-aa2d-4d6044c8e121,,
54,21100790000NB,98.925,106.42,NN,1/1/2022 12:00:00 AM,1.0,,,,5/17/2023 12:44:58 PM,12/31/9999 12:00:00 AM,7.495,06e2387a-68f6-4ea2-aa2d-4d6044c8e121,,
54,21200330000EB,19.71,19.84,NN,1/1/2022 12:00:00 AM,2.0,,,,5/17/2023 12:44:58 PM,12/31/9999 12:00:00 AM,0.13,06e2387a-68f6-4ea2-aa2d-4d6044c8e121,,
54,21200330000EB,19.87,22.931,NN,1/1/2022 12:00:00 AM,2.0,,,,5/17/2023 12:44:58 PM,12/31/9999 12:00:00 AM,3.061,06e2387a-68f6-4ea2-aa2d-4d6044c8e121,,
54,21200330000EB,22.931,27.04,NN,1/1/2022 12:00:00 AM,2.0,,,,5/17/2023 12:44:58 PM,12/31/9999 12:00:00 AM,4.109,06e2387a-68f6-4ea2-aa2d-4d6044c8e121,,
54,23201190000NB,0.0,1.438,NN,1/1/2022 12:00:00 AM,2.0,,,,5/17/2023 12:44:58 PM,12/31/9999 12:00:00 AM,1.438,06e2387a-68f6-4ea2-aa2d-4d6044c8e121,,
54,23201190000NB,1.438,2.54,NN,1/1/2022 12:00:00 AM,2.0,,,,5/17/2023 12:44:58 PM,12/31/9999 12:00:00 AM,1.102,06e2387a-68f6-4ea2-aa2d-4d6044c8e121,,
54,23201190000NB,2.54,2.67,NN,1/1/2022 12:00:00 AM,2.0,,,,5/17/2023 12:44:58 PM,12/31/9999 12:00:00 AM,0.13,06e2387a-68f6-4ea2-aa2d-4d6044c8e121,,
54,23201190000NB,2.67,5.915,NN,1/1/2022 12:00:00 AM,2.0,,,,5/17/2023 12:44:58 PM,12/31/9999 12:00:00 AM,3.245,06e2387a-68f6-4ea2-aa2d-4d6044c8e121,,
54,23201190000NB,5.915,12.283,NN,1/1/2022 12:00:00 AM,2.0,,,,5/17/2023 12:44:58 PM,12/31/9999 12:00:00 AM,6.368,06e2387a-68f6-4ea2-aa2d-4d6044c8e121,,
54,23201190000NB,12.283,15.31,NN,1/1/2022 12:00:00 AM,2.0,,,,5/17/2023 12:44:58 PM,12/31/9999 12:00:00 AM,3.027,06e2387a-68f6-4ea2-aa2d-4d6044c8e121,,
54,23201190000NB,15.31,15.43,NN,1/1/2022 12:00:00 AM,2.0,,,,5/17/2023 12:44:58 PM,12/31/9999 12:00:00 AM,0.12,06e2387a-68f6-4ea2-aa2d-4d6044c8e121,,
54,23201190000NB,15.43,16.577,NN,1/1/2022 12:00:00 AM,2.0,,,,5/17/2023 12:44:58 PM,12/31/9999 12:00:00 AM,1.147,06e2387a-68f6-4ea2-aa2d-4d6044c8e121,,
54,23201190000NB,16.577,18.42,NN,1/1/2022 12:00:00 AM,2.0,,,,5/17/2023 12:44:58 PM,12/31/9999 12:00:00 AM,1.843,06e2387a-68f6-4ea2-aa2d-4d6044c8e121,,
54,25100790000NB,129.22,130.19,NN,1/1/2022 12:00:00 AM,1.0,,,,5/17/2023 12:44:58 PM,12/31/9999 12:00:00 AM,0.97,06e2387a-68f6-4ea2-aa2d-4d6044c8e121,,
54,25100790000NB,130.19,130.48,NN,1/1/2022 12:00:00 AM,1.0,,,,5/17/2023 12:44:58 PM,12/31/9999 12:00:00 AM,0.29,06e2387a-68f6-4ea2-aa2d-4d6044c8e121,,
54,25100790000NB,130.48,140.352,NN,1/1/2022 12:00:00 AM,1.0,,,,5/17/2023 12:44:58 PM,12/31/9999 12:00:00 AM,9.872,06e2387a-68f6-4ea2-aa2d-4d6044c8e121,,
54,25100790000NB,140.352,142.37,NN,1/1/2022 12:00:00 AM,1.0,,,,5/17/2023 12:44:58 PM,12/31/9999 12:00:00 AM,2.018,06e2387a-68f6-4ea2-aa2d-4d6044c8e121,,
54,26202500000NB,31.63,34.79,NN,1/1/2022 12:00:00 AM,2.0,,,,5/17/2023 12:44:58 PM,12/31/9999 12:00:00 AM,3.16,06e2387a-68f6-4ea2-aa2d-4d6044c8e121,,
54,26202500000NB,34.79,39.2,NN,1/1/2022 12:00:00 AM,2.0,,,,5/17/2023 12:44:58 PM,12/31/9999 12:00:00 AM,4.41,06e2387a-68f6-4ea2-aa2d-4d6044c8e121,,
54,2630002000000,0.0,13.46,NN,1/1/2022 12:00:00 AM,2.0,,,,5/17/2023 12:44:58 PM,12/31/9999 12:00:00 AM,13.46,06e2387a-68f6-4ea2-aa2d-4d6044c8e121,,
54,2630002000000,13.46,17.918,NN,1/1/2022 12:00:00 AM,2.0,,,,5/17/2023 12:44:58 PM,12/31/9999 12:00:00 AM,4.458,06e2387a-68f6-4ea2-aa2d-4d6044c8e121,,
54,2630002000000,17.918,17.94,NN,1/1/2022 12:00:00 AM,2.0,,,,5/17/2023 12:44:58 PM,12/31/9999 12:00:00 AM,0.022,06e2387a-68f6-4ea2-aa2d-4d6044c8e121,,
54,2630002000000,17.94,18.07,NN,1/1/2022 12:00:00 AM,2.0,,,,5/17/2023 12:44:58 PM,12/31/9999 12:00:00 AM,0.13,06e2387a-68f6-4ea2-aa2d-4d6044c8e121,,
54,2630002000000,18.07,18.24,NN,1/1/2022 12:00:00 AM,2.0,,,,5/17/2023 12:44:58 PM,12/31/9999 12:00:00 AM,0.17,06e2387a-68f6-4ea2-aa2d-4d6044c8e121,,
54,2630002000000,18.24,18.76,NN,1/1/2022 12:00:00 AM,2.0,,,,5/17/2023 12:44:58 PM,12/31/9999 12:00:00 AM,0.52,06e2387a-68f6-4ea2-aa2d-4d6044c8e121,,
54,2630002000000,18.76,19.31,NN,1/1/2022 12:00:00 AM,2.0,,,,5/17/2023 12:44:58 PM,12/31/9999 12:00:00 AM,0.55,06e2387a-68f6-4ea2-aa2d-4d6044c8e121,,
54,2630002000000,19.31,20.16,NN,1/1/2022 12:00:00 AM,2.0,,,,5/17/2023 12:44:58 PM,12/31/9999 12:00:00 AM,0.85,06e2387a-68f6-4ea2-aa2d-4d6044c8e121,,
54,2630002000300,0.0,0.32,NN,1/1/2022 12:00:00 AM,2.0,,,,5/17/2023 12:44:58 PM,12/31/9999 12:00:00 AM,0.32,06e2387a-68f6-4ea2-aa2d-4d6044c8e121,,
54,2630002000300,0.32,0.43,NN,1/1/2022 12:00:00 AM,2.0,,,,5/17/2023 12:44:58 PM,12/31/9999 12:00:00 AM,0.11,06e2387a-68f6-4ea2-aa2d-4d6044c8e121,,
54,27200350000NB,0.0,16.293,NN,1/1/2022 12:00:00 AM,1.0,,,,5/17/2023 12:44:58 PM,12/31/9999 12:00:00 AM,16.293,06e2387a-68f6-4ea2-aa2d-4d6044c8e121,,
54,27200350000NB,16.293,17.178,NN,1/1/2022 12:00:00 AM,1.0,,,,5/17/2023 12:44:58 PM,12/31/9999 12:00:00 AM,0.885,06e2387a-68f6-4ea2-aa2d-4d6044c8e121,,
54,27200350000NB,17.178,18.097,NN,1/1/2022 12:00:00 AM,1.0,,,,5/17/2023 12:44:58 PM,12/31/9999 12:00:00 AM,0.919,06e2387a-68f6-4ea2-aa2d-4d6044c8e121,,
54,27200350000NB,18.097,18.46,NN,1/1/2022 12:00:00 AM,1.0,,,,5/17/2023 12:44:58 PM,12/31/9999 12:00:00 AM,0.363,06e2387a-68f6-4ea2-aa2d-4d6044c8e121,,
54,28100770000NB,0.0,8.189,NN,1/1/2022 12:00:00 AM,1.0,,,,5/17/2023 12:44:58 PM,12/31/9999 12:00:00 AM,8.189,06e2387a-68f6-4ea2-aa2d-4d6044c8e121,,
54,28100770000NB,8.189,8.98,NN,1/1/2022 12:00:00 AM,1.0,,,,5/17/2023 12:44:58 PM,12/31/9999 12:00:00 AM,0.791,06e2387a-68f6-4ea2-aa2d-4d6044c8e121,,
54,28100770016NB,8.98,14.006,NN,1/1/2022 12:00:00 AM,1.0,,,,5/17/2023 12:44:58 PM,12/31/9999 12:00:00 AM,5.026,06e2387a-68f6-4ea2-aa2d-4d6044c8e121,,
54,28100770016NB,14.006,15.54,NN,1/1/2022 12:00:00 AM,1.0,,,,5/17/2023 12:44:58 PM,12/31/9999 12:00:00 AM,1.534,06e2387a-68f6-4ea2-aa2d-4d6044c8e121,,
54,28100770016NB,15.54,19.52,NN,1/1/2022 12:00:00 AM,1.0,,,,5/17/2023 12:44:58 PM,12/31/9999 12:00:00 AM,3.98,06e2387a-68f6-4ea2-aa2d-4d6044c8e121,,
54,28100770016NB,19.52,27.26,NN,1/1/2022 12:00:00 AM,1.0,,,,5/17/2023 12:44:58 PM,12/31/9999 12:00:00 AM,7.74,06e2387a-68f6-4ea2-aa2d-4d6044c8e121,,
54,28200190000NB,5.34,7.44,NN,1/1/2022 12:00:00 AM,1.0,,,,5/17/2023 12:44:58 PM,12/31/9999 12:00:00 AM,2.1,06e2387a-68f6-4ea2-aa2d-4d6044c8e121,,
54,28200190000NB,7.44,8.68,NN,1/1/2022 12:00:00 AM,1.0,,,,5/17/2023 12:44:58 PM,12/31/9999 12:00:00 AM,1.24,06e2387a-68f6-4ea2-aa2d-4d6044c8e121,,
54,28200190000NB,8.68,10.436,NN,1/1/2022 12:00:00 AM,1.0,,,,5/17/2023 12:44:58 PM,12/31/9999 12:00:00 AM,1.756,06e2387a-68f6-4ea2-aa2d-4d6044c8e121,,
54,28200190000NB,10.436,10.63,NN,1/1/2022 12:00:00 AM,1.0,,,,5/17/2023 12:44:58 PM,12/31/9999 12:00:00 AM,0.194,06e2387a-68f6-4ea2-aa2d-4d6044c8e121,,
54,28204600000EB,0.0,0.029,NN,1/1/2022 12:00:00 AM,1.0,,,,5/17/2023 12:44:58 PM,12/31/9999 12:00:00 AM,0.029,06e2387a-68f6-4ea2-aa2d-4d6044c8e121,,
54,28204600000EB,0.029,3.09,NN,1/1/2022 12:00:00 AM,1.0,,,,5/17/2023 12:44:58 PM,12/31/9999 12:00:00 AM,3.061,06e2387a-68f6-4ea2-aa2d-4d6044c8e121,,
54,28204600000EB,4.29,5.38,NN,1/1/2022 12:00:00 AM,1.0,,,,5/17/2023 12:44:58 PM,12/31/9999 12:00:00 AM,1.09,06e2387a-68f6-4ea2-aa2d-4d6044c8e121,,
54,28204600000EB,10.73,13.35,NN,1/1/2022 12:00:00 AM,1.0,,,,5/17/2023 12:44:58 PM,12/31/9999 12:00:00 AM,2.62,06e2387a-68f6-4ea2-aa2d-4d6044c8e121,,
54,28204600000EB,13.35,15.49,NN,1/1/2022 12:00:00 AM,1.0,,,,5/17/2023 12:44:58 PM,12/31/9999 12:00:00 AM,2.14,06e2387a-68f6-4ea2-aa2d-4d6044c8e121,,
54,28204600000EB,15.49,16.915,NN,1/1/2022 12:00:00 AM,1.0,,,,5/17/2023 12:44:58 PM,12/31/9999 12:00:00 AM,1.425,06e2387a-68f6-4ea2-aa2d-4d6044c8e121,,
54,28204600000EB,16.915,27.06,NN,1/1/2022 12:00:00 AM,1.0,,,,5/17/2023 12:44:58 PM,12/31/9999 12:00:00 AM,10.145,06e2387a-68f6-4ea2-aa2d-4d6044c8e121,,
54,30200520000EB,12.9,20.28,NN,1/1/2022 12:00:00 AM,2.0,,,,5/17/2023 12:44:58 PM,12/31/9999 12:00:00 AM,7.38,06e2387a-68f6-4ea2-aa2d-4d6044c8e121,,
54,30201190000NB,0.0,0.07,NN,1/1/2022 12:00:00 AM,2.0,,,,5/17/2023 12:44:58 PM,12/31/9999 12:00:00 AM,0.07,06e2387a-68f6-4ea2-aa2d-4d6044c8e121,,
54,30201190000NB,7.45,21.15,NN,1/1/2022 12:00:00 AM,2.0,,,,5/17/2023 12:44:58 PM,12/31/9999 12:00:00 AM,13.7,06e2387a-68f6-4ea2-aa2d-4d6044c8e121,,
54,31100680000EB,0.0,9.4,NN,1/1/2022 12:00:00 AM,1.0,,,,5/17/2023 12:44:58 PM,12/31/9999 12:00:00 AM,9.4,06e2387a-68f6-4ea2-aa2d-4d6044c8e121,,
54,31100680000EB,9.4,9.78,NN,1/1/2022 12:00:00 AM,1.0,,,,5/17/2023 12:44:58 PM,12/31/9999 12:00:00 AM,0.38,06e2387a-68f6-4ea2-aa2d-4d6044c8e121,,
54,31100680000EB,9.78,10.28,NN,1/1/2022 12:00:00 AM,1.0,,,,5/17/2023 12:44:58 PM,12/31/9999 12:00:00 AM,0.5,06e2387a-68f6-4ea2-aa2d-4d6044c8e121,,
54,31100680000EB,10.28,10.32,NN,1/1/2022 12:00:00 AM,1.0,,,,5/17/2023 12:44:58 PM,12/31/9999 12:00:00 AM,0.04,06e2387a-68f6-4ea2-aa2d-4d6044c8e121,,
54,31100680000EB,10.32,13.149,NN,1/1/2022 12:00:00 AM,1.0,,,,5/17/2023 12:44:58 PM,12/31/9999 12:00:00 AM,2.829,06e2387a-68f6-4ea2-aa2d-4d6044c8e121,,
54,31100680000EB,13.149,14.66,NN,1/1/2022 12:00:00 AM,1.0,,,,5/17/2023 12:44:58 PM,12/31/9999 12:00:00 AM,1.511,06e2387a-68f6-4ea2-aa2d-4d6044c8e121,,
54,31100680004NB,0.0,0.84,NN,1/1/2022 12:00:00 AM,1.0,,,,5/17/2023 12:44:58 PM,12/31/9999 12:00:00 AM,0.84,06e2387a-68f6-4ea2-aa2d-4d6044c8e121,,
54,31100680005SB,0.0,1.14,NN,1/1/2022 12:00:00 AM,1.0,,,,5/17/2023 12:44:58 PM,12/31/9999 12:00:00 AM,1.14,06e2387a-68f6-4ea2-aa2d-4d6044c8e121,,
54,31100680006EB,0.0,0.89,NN,1/1/2022 12:00:00 AM,1.0,,,,5/17/2023 12:44:58 PM,12/31/9999 12:00:00 AM,0.89,06e2387a-68f6-4ea2-aa2d-4d6044c8e121,,
54,31100790000NB,142.37,144.95,NN,1/1/2022 12:00:00 AM,1.0,,,,5/17/2023 12:44:58 PM,12/31/9999 12:00:00 AM,2.58,06e2387a-68f6-4ea2-aa2d-4d6044c8e121,,
54,31100790000NB,144.95,145.2,NN,1/1/2022 12:00:00 AM,1.0,,,,5/17/2023 12:44:58 PM,12/31/9999 12:00:00 AM,0.25,06e2387a-68f6-4ea2-aa2d-4d6044c8e121,,
54,31100790000NB,145.2,148.022,NN,1/1/2022 12:00:00 AM,1.0,,,,5/17/2023 12:44:58 PM,12/31/9999 12:00:00 AM,2.822,06e2387a-68f6-4ea2-aa2d-4d6044c8e121,,
54,31100790000NB,148.022,149.29,NN,1/1/2022 12:00:00 AM,1.0,,,,5/17/2023 12:44:58 PM,12/31/9999 12:00:00 AM,1.268,06e2387a-68f6-4ea2-aa2d-4d6044c8e121,,
54,31100790000NB,149.29,150.74,NN,1/1/2022 12:00:00 AM,1.0,,,,5/17/2023 12:44:58 PM,12/31/9999 12:00:00 AM,1.45,06e2387a-68f6-4ea2-aa2d-4d6044c8e121,,
54,31100790000NB,150.74,152.53,NN,1/1/2022 12:00:00 AM,1.0,,,,5/17/2023 12:44:58 PM,12/31/9999 12:00:00 AM,1.79,06e2387a-68f6-4ea2-aa2d-4d6044c8e121,,
54,31100790000NB,152.53,152.62,NN,1/1/2022 12:00:00 AM,1.0,,,,5/17/2023 12:44:58 PM,12/31/9999 12:00:00 AM,0.09,06e2387a-68f6-4ea2-aa2d-4d6044c8e121,,
54,31100790000NB,152.62,156.983,NN,1/1/2022 12:00:00 AM,1.0,,,,5/17/2023 12:44:58 PM,12/31/9999 12:00:00 AM,4.363,06e2387a-68f6-4ea2-aa2d-4d6044c8e121,,
54,31100790000NB,156.983,160.52,NN,1/1/2022 12:00:00 AM,1.0,,,,5/17/2023 12:44:58 PM,12/31/9999 12:00:00 AM,3.537,06e2387a-68f6-4ea2-aa2d-4d6044c8e121,,
54,31201190000NB,17.44,20.474,NN,1/1/2022 12:00:00 AM,2.0,,,,5/17/2023 12:44:58 PM,12/31/9999 12:00:00 AM,3.034,06e2387a-68f6-4ea2-aa2d-4d6044c8e121,,
54,31201190000NB,20.474,22.61,NN,1/1/2022 12:00:00 AM,2.0,,,,5/17/2023 12:44:58 PM,12/31/9999 12:00:00 AM,2.136,06e2387a-68f6-4ea2-aa2d-4d6044c8e121,,
54,3140857000000,6.21,7.39,NN,1/1/2022 12:00:00 AM,2.0,,,,5/17/2023 12:44:58 PM,12/31/9999 12:00:00 AM,1.18,06e2387a-68f6-4ea2-aa2d-4d6044c8e121,,
54,3180901370000,0.0,0.13,NN,1/1/2022 12:00:00 AM,2.0,,,,5/17/2023 12:44:58 PM,12/31/9999 12:00:00 AM,0.13,06e2387a-68f6-4ea2-aa2d-4d6044c8e121,,
54,3180901450000,0.0,0.47,NN,1/1/2022 12:00:00 AM,2.0,,,,5/17/2023 12:44:58 PM,12/31/9999 12:00:00 AM,0.47,06e2387a-68f6-4ea2-aa2d-4d6044c8e121,,
54,33205220000NB,0.0,18.74,NN,1/1/2022 12:00:00 AM,2.0,,,,5/17/2023 12:44:58 PM,12/31/9999 12:00:00 AM,18.74,06e2387a-68f6-4ea2-aa2d-4d6044c8e121,,
54,34200190000NB,0.0,10.52,NN,1/1/2022 12:00:00 AM,1.0,,,,5/17/2023 12:44:58 PM,12/31/9999 12:00:00 AM,10.52,06e2387a-68f6-4ea2-aa2d-4d6044c8e121,,
54,34200190000NB,10.52,13.73,NN,1/1/2022 12:00:00 AM,1.0,,,,5/17/2023 12:44:58 PM,12/31/9999 12:00:00 AM,3.21,06e2387a-68f6-4ea2-aa2d-4d6044c8e121,,
54,34200190000NB,13.73,14.07,NN,1/1/2022 12:00:00 AM,1.0,,,,5/17/2023 12:44:58 PM,12/31/9999 12:00:00 AM,0.34,06e2387a-68f6-4ea2-aa2d-4d6044c8e121,,
54,34200190000NB,14.07,15.15,NN,1/1/2022 12:00:00 AM,1.0,,,,5/17/2023 12:44:58 PM,12/31/9999 12:00:00 AM,1.08,06e2387a-68f6-4ea2-aa2d-4d6044c8e121,,
54,34200190000NB,15.15,31.85,NN,1/1/2022 12:00:00 AM,1.0,,,,5/17/2023 12:44:58 PM,12/31/9999 12:00:00 AM,16.7,06e2387a-68f6-4ea2-aa2d-4d6044c8e121,,
54,3430020000000,30.35,34.16,NN,1/1/2022 12:00:00 AM,2.0,,,,5/17/2023 12:44:58 PM,12/31/9999 12:00:00 AM,3.81,06e2387a-68f6-4ea2-aa2d-4d6044c8e121,,
54,3430055000000,0.0,12.11,NN,1/1/2022 12:00:00 AM,2.0,,,,5/17/2023 12:44:58 PM,12/31/9999 12:00:00 AM,12.11,06e2387a-68f6-4ea2-aa2d-4d6044c8e121,,
54,3430055000200,0.0,0.027,NN,1/1/2022 12:00:00 AM,2.0,,,,5/17/2023 12:44:58 PM,12/31/9999 12:00:00 AM,0.027,06e2387a-68f6-4ea2-aa2d-4d6044c8e121,,
54,35100700000EB,0.0,1.14,NN,1/1/2022 12:00:00 AM,1.0,,,,5/17/2023 12:44:58 PM,12/31/9999 12:00:00 AM,1.14,06e2387a-68f6-4ea2-aa2d-4d6044c8e121,,
54,35100700000EB,1.14,11.761,NN,1/1/2022 12:00:00 AM,1.0,,,,5/17/2023 12:44:58 PM,12/31/9999 12:00:00 AM,10.621,06e2387a-68f6-4ea2-aa2d-4d6044c8e121,,
54,35100700000EB,11.761,14.45,NN,1/1/2022 12:00:00 AM,1.0,,,,5/17/2023 12:44:58 PM,12/31/9999 12:00:00 AM,2.689,06e2387a-68f6-4ea2-aa2d-4d6044c8e121,,
54,35104700000EB,0.0,0.79,NN,1/1/2022 12:00:00 AM,1.0,,,,5/17/2023 12:44:58 PM,12/31/9999 12:00:00 AM,0.79,06e2387a-68f6-4ea2-aa2d-4d6044c8e121,,
54,35104700000EB,0.79,3.62,NN,1/1/2022 12:00:00 AM,1.0,,,,5/17/2023 12:44:58 PM,12/31/9999 12:00:00 AM,2.83,06e2387a-68f6-4ea2-aa2d-4d6044c8e121,,
54,35104700000EB,3.62,3.94,NN,1/1/2022 12:00:00 AM,1.0,,,,5/17/2023 12:44:58 PM,12/31/9999 12:00:00 AM,0.32,06e2387a-68f6-4ea2-aa2d-4d6044c8e121,,
54,35200400000EB,6.77,7.1,NN,1/1/2022 12:00:00 AM,2.0,,,,5/17/2023 12:44:58 PM,12/31/9999 12:00:00 AM,0.33,06e2387a-68f6-4ea2-aa2d-4d6044c8e121,,
54,35200400000EB,7.1,7.52,NN,1/1/2022 12:00:00 AM,2.0,,,,5/17/2023 12:44:58 PM,12/31/9999 12:00:00 AM,0.42,06e2387a-68f6-4ea2-aa2d-4d6044c8e121,,
54,35200400000EB,7.52,7.59,NN,1/1/2022 12:00:00 AM,2.0,,,,5/17/2023 12:44:58 PM,12/31/9999 12:00:00 AM,0.07,06e2387a-68f6-4ea2-aa2d-4d6044c8e121,,
54,35200400000EB,7.59,10.36,NN,1/1/2022 12:00:00 AM,2.0,,,,5/17/2023 12:44:58 PM,12/31/9999 12:00:00 AM,2.77,06e2387a-68f6-4ea2-aa2d-4d6044c8e121,,
54,35200400000EB,10.66,10.847,NN,1/1/2022 12:00:00 AM,2.0,,,,5/17/2023 12:44:58 PM,12/31/9999 12:00:00 AM,0.187,06e2387a-68f6-4ea2-aa2d-4d6044c8e121,,
54,35200400000EB,10.847,11.49,NN,1/1/2022 12:00:00 AM,2.0,,,,5/17/2023 12:44:58 PM,12/31/9999 12:00:00 AM,0.643,06e2387a-68f6-4ea2-aa2d-4d6044c8e121,,
54,35202500000NB,0.0,0.94,NN,1/1/2022 12:00:00 AM,2.0,,,,5/17/2023 12:44:58 PM,12/31/9999 12:00:00 AM,0.94,06e2387a-68f6-4ea2-aa2d-4d6044c8e121,,
54,35202500000NB,0.94,1.9,NN,1/1/2022 12:00:00 AM,2.0,,,,5/17/2023 12:44:58 PM,12/31/9999 12:00:00 AM,0.96,06e2387a-68f6-4ea2-aa2d-4d6044c8e121,,
54,35202500000NB,1.9,2.93,NN,1/1/2022 12:00:00 AM,2.0,,,,5/17/2023 12:44:58 PM,12/31/9999 12:00:00 AM,1.03,06e2387a-68f6-4ea2-aa2d-4d6044c8e121,,
54,35202500000NB,2.93,3.26,NN,1/1/2022 12:00:00 AM,2.0,,,,5/17/2023 12:44:58 PM,12/31/9999 12:00:00 AM,0.33,06e2387a-68f6-4ea2-aa2d-4d6044c8e121,,
54,3730002000000,0.0,0.01,NN,1/1/2022 12:00:00 AM,2.0,,,,5/17/2023 12:44:58 PM,12/31/9999 12:00:00 AM,0.01,06e2387a-68f6-4ea2-aa2d-4d6044c8e121,,
54,3730002000000,0.01,10.96,NN,1/1/2022 12:00:00 AM,2.0,,,,5/17/2023 12:44:58 PM,12/31/9999 12:00:00 AM,10.95,06e2387a-68f6-4ea2-aa2d-4d6044c8e121,,
54,3730002000000,10.96,11.03,NN,1/1/2022 12:00:00 AM,2.0,,,,5/17/2023 12:44:58 PM,12/31/9999 12:00:00 AM,0.07,06e2387a-68f6-4ea2-aa2d-4d6044c8e121,,
54,3730002000000,11.03,14.95,NN,1/1/2022 12:00:00 AM,2.0,,,,5/17/2023 12:44:58 PM,12/31/9999 12:00:00 AM,3.92,06e2387a-68f6-4ea2-aa2d-4d6044c8e121,,
54,3730002000000,14.95,17.49,NN,1/1/2022 12:00:00 AM,2.0,,,,5/17/2023 12:44:58 PM,12/31/9999 12:00:00 AM,2.54,06e2387a-68f6-4ea2-aa2d-4d6044c8e121,,
54,39100680000EB,14.66,24.3,NN,1/1/2022 12:00:00 AM,1.0,,,,5/17/2023 12:44:58 PM,12/31/9999 12:00:00 AM,9.64,06e2387a-68f6-4ea2-aa2d-4d6044c8e121,,
54,39100680000EB,24.3,29.23,NN,1/1/2022 12:00:00 AM,1.0,,,,5/17/2023 12:44:58 PM,12/31/9999 12:00:00 AM,4.93,06e2387a-68f6-4ea2-aa2d-4d6044c8e121,,
54,39100680000EB,29.23,32.06,NN,1/1/2022 12:00:00 AM,1.0,,,,5/17/2023 12:44:58 PM,12/31/9999 12:00:00 AM,2.83,06e2387a-68f6-4ea2-aa2d-4d6044c8e121,,
54,40100640000EB,31.77,41.546,NN,1/1/2022 12:00:00 AM,1.0,,,,5/17/2023 12:44:58 PM,12/31/9999 12:00:00 AM,9.776,06e2387a-68f6-4ea2-aa2d-4d6044c8e121,,
54,40100640000EB,41.546,41.89,NN,1/1/2022 12:00:00 AM,1.0,,,,5/17/2023 12:44:58 PM,12/31/9999 12:00:00 AM,0.344,06e2387a-68f6-4ea2-aa2d-4d6044c8e121,,
54,40100640000EB,41.89,42.71,NN,1/1/2022 12:00:00 AM,1.0,,,,5/17/2023 12:44:58 PM,12/31/9999 12:00:00 AM,0.82,06e2387a-68f6-4ea2-aa2d-4d6044c8e121,,
54,40100640000EB,42.71,42.783,NN,1/1/2022 12:00:00 AM,1.0,,,,5/17/2023 12:44:58 PM,12/31/9999 12:00:00 AM,0.073,06e2387a-68f6-4ea2-aa2d-4d6044c8e121,,
54,40100640000EB,42.783,45.39,NN,1/1/2022 12:00:00 AM,1.0,,,,5/17/2023 12:44:58 PM,12/31/9999 12:00:00 AM,2.607,06e2387a-68f6-4ea2-aa2d-4d6044c8e121,,
54,40200350000NB,0.0,2.532,NN,1/1/2022 12:00:00 AM,2.0,,,,5/17/2023 12:44:58 PM,12/31/9999 12:00:00 AM,2.532,06e2387a-68f6-4ea2-aa2d-4d6044c8e121,,
54,40200350000NB,2.532,11.77,NN,1/1/2022 12:00:00 AM,2.0,,,,5/17/2023 12:44:58 PM,12/31/9999 12:00:00 AM,9.238,06e2387a-68f6-4ea2-aa2d-4d6044c8e121,,
54,40200350000NB,11.77,16.75,NN,1/1/2022 12:00:00 AM,2.0,,,,5/17/2023 12:44:58 PM,12/31/9999 12:00:00 AM,4.98,06e2387a-68f6-4ea2-aa2d-4d6044c8e121,,
54,40200350003NB,0.0,0.2,NN,1/1/2022 12:00:00 AM,2.0,,,,5/17/2023 12:44:58 PM,12/31/9999 12:00:00 AM,0.2,06e2387a-68f6-4ea2-aa2d-4d6044c8e121,,
54,4030025000000,0.94,2.19,NN,1/1/2022 12:00:00 AM,2.0,,,,5/17/2023 12:44:58 PM,12/31/9999 12:00:00 AM,1.25,06e2387a-68f6-4ea2-aa2d-4d6044c8e121,,
54,4030034000000,14.97,15.27,NN,1/1/2022 12:00:00 AM,1.0,,,,5/17/2023 12:44:58 PM,12/31/9999 12:00:00 AM,0.3,06e2387a-68f6-4ea2-aa2d-4d6044c8e121,,
54,4030034000000,15.27,15.39,NN,1/1/2022 12:00:00 AM,1.0,,,,5/17/2023 12:44:58 PM,12/31/9999 12:00:00 AM,0.12,06e2387a-68f6-4ea2-aa2d-4d6044c8e121,,
54,4030034000000,19.87,19.879,NN,1/1/2022 12:00:00 AM,1.0,,,,5/17/2023 12:44:58 PM,12/31/9999 12:00:00 AM,0.009,06e2387a-68f6-4ea2-aa2d-4d6044c8e121,,
54,4030034000000,19.879,19.9,NN,1/1/2022 12:00:00 AM,1.0,,,,5/17/2023 12:44:58 PM,12/31/9999 12:00:00 AM,0.021,06e2387a-68f6-4ea2-aa2d-4d6044c8e121,,
54,4030034000000,19.9,20.16,NN,1/1/2022 12:00:00 AM,1.0,,,,5/17/2023 12:44:58 PM,12/31/9999 12:00:00 AM,0.26,06e2387a-68f6-4ea2-aa2d-4d6044c8e121,,
54,4030817000000,0.0,1.62,NN,1/1/2022 12:00:00 AM,2.0,,,,5/17/2023 12:44:58 PM,12/31/9999 12:00:00 AM,1.62,06e2387a-68f6-4ea2-aa2d-4d6044c8e121,,
54,4030817000000,11.71,18.31,NN,1/1/2022 12:00:00 AM,1.0,,,,5/17/2023 12:44:58 PM,12/31/9999 12:00:00 AM,6.6,06e2387a-68f6-4ea2-aa2d-4d6044c8e121,,
54,4030817000000,18.31,18.44,NN,1/1/2022 12:00:00 AM,1.0,,,,5/17/2023 12:44:58 PM,12/31/9999 12:00:00 AM,0.13,06e2387a-68f6-4ea2-aa2d-4d6044c8e121,,
54,4030817000000,18.44,18.5,NN,1/1/2022 12:00:00 AM,1.0,,,,5/17/2023 12:44:58 PM,12/31/9999 12:00:00 AM,0.06,06e2387a-68f6-4ea2-aa2d-4d6044c8e121,,
54,4030817000000,18.5,23.7,NN,1/1/2022 12:00:00 AM,2.0,,,,5/17/2023 12:44:58 PM,12/31/9999 12:00:00 AM,5.2,06e2387a-68f6-4ea2-aa2d-4d6044c8e121,,
54,4030817002300,0.0,0.12,NN,1/1/2022 12:00:00 AM,2.0,,,,5/17/2023 12:44:58 PM,12/31/9999 12:00:00 AM,0.12,06e2387a-68f6-4ea2-aa2d-4d6044c8e121,,
54,4030869000000,0.58,1.13,NN,1/1/2022 12:00:00 AM,2.0,,,,5/17/2023 12:44:58 PM,12/31/9999 12:00:00 AM,0.55,06e2387a-68f6-4ea2-aa2d-4d6044c8e121,,
54,4030869000000,1.13,1.33,NN,1/1/2022 12:00:00 AM,2.0,,,,5/17/2023 12:44:58 PM,12/31/9999 12:00:00 AM,0.2,06e2387a-68f6-4ea2-aa2d-4d6044c8e121,,
54,41100640000EB,117.93,118.92,NN,1/1/2022 12:00:00 AM,1.0,,,,5/17/2023 12:44:58 PM,12/31/9999 12:00:00 AM,0.99,06e2387a-68f6-4ea2-aa2d-4d6044c8e121,,
54,41100640000EB,118.92,120.1,NN,1/1/2022 12:00:00 AM,1.0,,,,5/17/2023 12:44:58 PM,12/31/9999 12:00:00 AM,1.18,06e2387a-68f6-4ea2-aa2d-4d6044c8e121,,
54,41100640000EB,120.1,120.69,NN,1/1/2022 12:00:00 AM,1.0,,,,5/17/2023 12:44:58 PM,12/31/9999 12:00:00 AM,0.59,06e2387a-68f6-4ea2-aa2d-4d6044c8e121,,
54,41100640000EB,120.69,122.62,NN,1/1/2022 12:00:00 AM,1.0,,,,5/17/2023 12:44:58 PM,12/31/9999 12:00:00 AM,1.93,06e2387a-68f6-4ea2-aa2d-4d6044c8e121,,
54,41100640000EB,122.62,128.438,NN,1/1/2022 12:00:00 AM,1.0,,,,5/17/2023 12:44:58 PM,12/31/9999 12:00:00 AM,5.818,06e2387a-68f6-4ea2-aa2d-4d6044c8e121,,
54,41100640000EB,128.438,138.01,NN,1/1/2022 12:00:00 AM,1.0,,,,5/17/2023 12:44:58 PM,12/31/9999 12:00:00 AM,9.572,06e2387a-68f6-4ea2-aa2d-4d6044c8e121,,
54,41100640007WB,0.0,0.45,NN,1/1/2022 12:00:00 AM,1.0,,,,5/17/2023 12:44:58 PM,12/31/9999 12:00:00 AM,0.45,06e2387a-68f6-4ea2-aa2d-4d6044c8e121,,
54,41100640017WB,0.0,0.594,NN,1/1/2022 12:00:00 AM,1.0,,,,5/17/2023 12:44:58 PM,12/31/9999 12:00:00 AM,0.594,06e2387a-68f6-4ea2-aa2d-4d6044c8e121,,
54,41100640017WB,0.594,0.82,NN,1/1/2022 12:00:00 AM,1.0,,,,5/17/2023 12:44:58 PM,12/31/9999 12:00:00 AM,0.226,06e2387a-68f6-4ea2-aa2d-4d6044c8e121,,
54,41100770004NB,0.0,0.43,NN,1/1/2022 12:00:00 AM,1.0,,,,5/17/2023 12:44:58 PM,12/31/9999 12:00:00 AM,0.43,06e2387a-68f6-4ea2-aa2d-4d6044c8e121,,
54,41100770016NB,27.26,28.969,NN,1/1/2022 12:00:00 AM,1.0,,,,5/17/2023 12:44:58 PM,12/31/9999 12:00:00 AM,1.709,06e2387a-68f6-4ea2-aa2d-4d6044c8e121,,
54,41100770016NB,28.969,29.9,NN,1/1/2022 12:00:00 AM,1.0,,,,5/17/2023 12:44:58 PM,12/31/9999 12:00:00 AM,0.931,06e2387a-68f6-4ea2-aa2d-4d6044c8e121,,
54,41100770016NB,29.9,30.26,NN,1/1/2022 12:00:00 AM,1.0,,,,5/17/2023 12:44:58 PM,12/31/9999 12:00:00 AM,0.36,06e2387a-68f6-4ea2-aa2d-4d6044c8e121,,
54,41100770016NB,30.26,35.75,NN,1/1/2022 12:00:00 AM,1.0,,,,5/17/2023 12:44:58 PM,12/31/9999 12:00:00 AM,5.49,06e2387a-68f6-4ea2-aa2d-4d6044c8e121,,
54,41100770016NB,35.75,37.82,NN,1/1/2022 12:00:00 AM,1.0,,,,5/17/2023 12:44:58 PM,12/31/9999 12:00:00 AM,2.07,06e2387a-68f6-4ea2-aa2d-4d6044c8e121,,
54,41100770016NB,37.82,48.34,NN,1/1/2022 12:00:00 AM,1.0,,,,5/17/2023 12:44:58 PM,12/31/9999 12:00:00 AM,10.52,06e2387a-68f6-4ea2-aa2d-4d6044c8e121,,
54,41100770016NB,48.34,52.58,NN,1/1/2022 12:00:00 AM,1.0,,,,5/17/2023 12:44:58 PM,12/31/9999 12:00:00 AM,4.24,06e2387a-68f6-4ea2-aa2d-4d6044c8e121,,
54,41200190000NB,22.07,24.09,NN,1/1/2022 12:00:00 AM,1.0,,,,5/17/2023 12:44:58 PM,12/31/9999 12:00:00 AM,2.02,06e2387a-68f6-4ea2-aa2d-4d6044c8e121,,
54,41200190001EB,0.0,0.61,NN,1/1/2022 12:00:00 AM,1.0,,,,5/17/2023 12:44:58 PM,12/31/9999 12:00:00 AM,0.61,06e2387a-68f6-4ea2-aa2d-4d6044c8e121,,
54,41200190001EB,0.61,2.07,NN,1/1/2022 12:00:00 AM,1.0,,,,5/17/2023 12:44:58 PM,12/31/9999 12:00:00 AM,1.46,06e2387a-68f6-4ea2-aa2d-4d6044c8e121,,
54,4130016000000,15.63,15.81,NN,1/1/2022 12:00:00 AM,2.0,,,,5/17/2023 12:44:58 PM,12/31/9999 12:00:00 AM,0.18,06e2387a-68f6-4ea2-aa2d-4d6044c8e121,,
54,4130016000000,15.81,16.03,NN,1/1/2022 12:00:00 AM,2.0,,,,5/17/2023 12:44:58 PM,12/31/9999 12:00:00 AM,0.22,06e2387a-68f6-4ea2-aa2d-4d6044c8e121,,
54,4130016000000,16.03,18.82,NN,1/1/2022 12:00:00 AM,2.0,,,,5/17/2023 12:44:58 PM,12/31/9999 12:00:00 AM,2.79,06e2387a-68f6-4ea2-aa2d-4d6044c8e121,,
54,4130016000000,18.82,18.96,NN,1/1/2022 12:00:00 AM,2.0,,,,5/17/2023 12:44:58 PM,12/31/9999 12:00:00 AM,0.14,06e2387a-68f6-4ea2-aa2d-4d6044c8e121,,
54,4130016000000,18.96,19.79,NN,1/1/2022 12:00:00 AM,2.0,,,,5/17/2023 12:44:58 PM,12/31/9999 12:00:00 AM,0.83,06e2387a-68f6-4ea2-aa2d-4d6044c8e121,,
54,4130016000000,23.09,23.18,NN,1/1/2022 12:00:00 AM,2.0,,,,5/17/2023 12:44:58 PM,12/31/9999 12:00:00 AM,0.09,06e2387a-68f6-4ea2-aa2d-4d6044c8e121,,
54,42200330000EB,0.0,0.01,NN,1/1/2022 12:00:00 AM,2.0,,,,5/17/2023 12:44:58 PM,12/31/9999 12:00:00 AM,0.01,06e2387a-68f6-4ea2-aa2d-4d6044c8e121,,
54,42200330000EB,0.01,2.01,NN,1/1/2022 12:00:00 AM,2.0,,,,5/17/2023 12:44:58 PM,12/31/9999 12:00:00 AM,2.0,06e2387a-68f6-4ea2-aa2d-4d6044c8e121,,
54,42200330000EB,2.01,4.522,NN,1/1/2022 12:00:00 AM,2.0,,,,5/17/2023 12:44:58 PM,12/31/9999 12:00:00 AM,2.512,06e2387a-68f6-4ea2-aa2d-4d6044c8e121,,
54,42200330000EB,4.522,5.76,NN,1/1/2022 12:00:00 AM,2.0,,,,5/17/2023 12:44:58 PM,12/31/9999 12:00:00 AM,1.238,06e2387a-68f6-4ea2-aa2d-4d6044c8e121,,
54,42200330000EB,5.76,7.26,NN,1/1/2022 12:00:00 AM,2.0,,,,5/17/2023 12:44:58 PM,12/31/9999 12:00:00 AM,1.5,06e2387a-68f6-4ea2-aa2d-4d6044c8e121,,
54,42200330000EB,7.26,7.76,NN,1/1/2022 12:00:00 AM,2.0,,,,5/17/2023 12:44:58 PM,12/31/9999 12:00:00 AM,0.5,06e2387a-68f6-4ea2-aa2d-4d6044c8e121,,
54,42200330000EB,7.76,7.9,NN,1/1/2022 12:00:00 AM,2.0,,,,5/17/2023 12:44:58 PM,12/31/9999 12:00:00 AM,0.14,06e2387a-68f6-4ea2-aa2d-4d6044c8e121,,
54,42200330000EB,7.9,8.05,NN,1/1/2022 12:00:00 AM,2.0,,,,5/17/2023 12:44:58 PM,12/31/9999 12:00:00 AM,0.15,06e2387a-68f6-4ea2-aa2d-4d6044c8e121,,
54,42200330000EB,8.05,8.63,NN,1/1/2022 12:00:00 AM,2.0,,,,5/17/2023 12:44:58 PM,12/31/9999 12:00:00 AM,0.58,06e2387a-68f6-4ea2-aa2d-4d6044c8e121,,
54,42200330000EB,8.63,8.64,NN,1/1/2022 12:00:00 AM,2.0,,,,5/17/2023 12:44:58 PM,12/31/9999 12:00:00 AM,0.01,06e2387a-68f6-4ea2-aa2d-4d6044c8e121,,
54,42200330000EB,8.64,9.5,NN,1/1/2022 12:00:00 AM,2.0,,,,5/17/2023 12:44:58 PM,12/31/9999 12:00:00 AM,0.86,06e2387a-68f6-4ea2-aa2d-4d6044c8e121,,
54,42200330000EB,9.5,9.74,NN,1/1/2022 12:00:00 AM,2.0,,,,5/17/2023 12:44:58 PM,12/31/9999 12:00:00 AM,0.24,06e2387a-68f6-4ea2-aa2d-4d6044c8e121,,
54,42200330000EB,9.74,9.87,NN,1/1/2022 12:00:00 AM,2.0,,,,5/17/2023 12:44:58 PM,12/31/9999 12:00:00 AM,0.13,06e2387a-68f6-4ea2-aa2d-4d6044c8e121,,
54,42202190000NB,42.36,42.373,NN,1/1/2022 12:00:00 AM,2.0,,,,5/17/2023 12:44:58 PM,12/31/9999 12:00:00 AM,0.013,06e2387a-68f6-4ea2-aa2d-4d6044c8e121,,
54,42202190000NB,42.373,47.49,NN,1/1/2022 12:00:00 AM,2.0,,,,5/17/2023 12:44:58 PM,12/31/9999 12:00:00 AM,5.117,06e2387a-68f6-4ea2-aa2d-4d6044c8e121,,
54,42202190000NB,47.49,49.86,NN,1/1/2022 12:00:00 AM,2.0,,,,5/17/2023 12:44:58 PM,12/31/9999 12:00:00 AM,2.37,06e2387a-68f6-4ea2-aa2d-4d6044c8e121,,
54,42202190000NB,49.86,52.1,NN,1/1/2022 12:00:00 AM,2.0,,,,5/17/2023 12:44:58 PM,12/31/9999 12:00:00 AM,2.24,06e2387a-68f6-4ea2-aa2d-4d6044c8e121,,
54,42202190000NB,52.1,54.52,NN,1/1/2022 12:00:00 AM,2.0,,,,5/17/2023 12:44:58 PM,12/31/9999 12:00:00 AM,2.42,06e2387a-68f6-4ea2-aa2d-4d6044c8e121,,
54,42202500000NB,41.92,42.56,NN,1/1/2022 12:00:00 AM,2.0,,,,5/17/2023 12:44:58 PM,12/31/9999 12:00:00 AM,0.64,06e2387a-68f6-4ea2-aa2d-4d6044c8e121,,
54,4240151000000,0.0,2.0,NN,1/1/2022 12:00:00 AM,2.0,,,,5/17/2023 12:44:58 PM,12/31/9999 12:00:00 AM,2.0,06e2387a-68f6-4ea2-aa2d-4d6044c8e121,,
54,4240151000000,2.0,3.0,NN,1/1/2022 12:00:00 AM,2.0,,,,5/17/2023 12:44:58 PM,12/31/9999 12:00:00 AM,1.0,06e2387a-68f6-4ea2-aa2d-4d6044c8e121,,
54,4240151000000,3.0,7.0,NN,1/1/2022 12:00:00 AM,2.0,,,,5/17/2023 12:44:58 PM,12/31/9999 12:00:00 AM,4.0,06e2387a-68f6-4ea2-aa2d-4d6044c8e121,,
54,4240151000000,7.0,9.85,NN,1/1/2022 12:00:00 AM,2.0,,,,5/17/2023 12:44:58 PM,12/31/9999 12:00:00 AM,2.85,06e2387a-68f6-4ea2-aa2d-4d6044c8e121,,
54,4240151000000,9.85,10.2,NN,1/1/2022 12:00:00 AM,2.0,,,,5/17/2023 12:44:58 PM,12/31/9999 12:00:00 AM,0.35,06e2387a-68f6-4ea2-aa2d-4d6044c8e121,,
54,4240151000000,10.2,10.52,NN,1/1/2022 12:00:00 AM,2.0,,,,5/17/2023 12:44:58 PM,12/31/9999 12:00:00 AM,0.32,06e2387a-68f6-4ea2-aa2d-4d6044c8e121,,
54,43200500000EB,0.0,10.01,NN,1/1/2022 12:00:00 AM,1.0,,,,5/17/2023 12:44:58 PM,12/31/9999 12:00:00 AM,10.01,06e2387a-68f6-4ea2-aa2d-4d6044c8e121,,
54,43200500000EB,10.01,10.08,NN,1/1/2022 12:00:00 AM,1.0,,,,5/17/2023 12:44:58 PM,12/31/9999 12:00:00 AM,0.07,06e2387a-68f6-4ea2-aa2d-4d6044c8e121,,
54,43200500000EB,10.08,20.95,NN,1/1/2022 12:00:00 AM,1.0,,,,5/17/2023 12:44:58 PM,12/31/9999 12:00:00 AM,10.87,06e2387a-68f6-4ea2-aa2d-4d6044c8e121,,
54,44100790000NB,21.28,29.04,NN,1/1/2022 12:00:00 AM,1.0,,,,5/17/2023 12:44:58 PM,12/31/9999 12:00:00 AM,7.76,06e2387a-68f6-4ea2-aa2d-4d6044c8e121,,
54,44100790000NB,29.04,29.13,NN,1/1/2022 12:00:00 AM,1.0,,,,5/17/2023 12:44:58 PM,12/31/9999 12:00:00 AM,0.09,06e2387a-68f6-4ea2-aa2d-4d6044c8e121,,
54,44100790000NB,29.13,36.0,NN,1/1/2022 12:00:00 AM,1.0,,,,5/17/2023 12:44:58 PM,12/31/9999 12:00:00 AM,6.87,06e2387a-68f6-4ea2-aa2d-4d6044c8e121,,
54,45100640000EB,138.01,147.6,NN,1/1/2022 12:00:00 AM,1.0,,,,5/17/2023 12:44:58 PM,12/31/9999 12:00:00 AM,9.59,06e2387a-68f6-4ea2-aa2d-4d6044c8e121,,
54,47202190000NB,0.0,3.2,NN,1/1/2022 12:00:00 AM,2.0,,,,5/17/2023 12:44:58 PM,12/31/9999 12:00:00 AM,3.2,06e2387a-68f6-4ea2-aa2d-4d6044c8e121,,
54,47202190000NB,3.2,3.39,NN,1/1/2022 12:00:00 AM,2.0,,,,5/17/2023 12:44:58 PM,12/31/9999 12:00:00 AM,0.19,06e2387a-68f6-4ea2-aa2d-4d6044c8e121,,
54,47202190000NB,3.39,3.9,NN,1/1/2022 12:00:00 AM,2.0,,,,5/17/2023 12:44:58 PM,12/31/9999 12:00:00 AM,0.51,06e2387a-68f6-4ea2-aa2d-4d6044c8e121,,
54,47202190000NB,3.9,5.9,NN,1/1/2022 12:00:00 AM,2.0,,,,5/17/2023 12:44:58 PM,12/31/9999 12:00:00 AM,2.0,06e2387a-68f6-4ea2-aa2d-4d6044c8e121,,
54,47202190000NB,5.9,10.1,NN,1/1/2022 12:00:00 AM,2.0,,,,5/17/2023 12:44:58 PM,12/31/9999 12:00:00 AM,4.2,06e2387a-68f6-4ea2-aa2d-4d6044c8e121,,
54,47202190000NB,10.1,13.13,NN,1/1/2022 12:00:00 AM,2.0,,,,5/17/2023 12:44:58 PM,12/31/9999 12:00:00 AM,3.03,06e2387a-68f6-4ea2-aa2d-4d6044c8e121,,
54,47202190000NB,13.13,16.1,NN,1/1/2022 12:00:00 AM,2.0,,,,5/17/2023 12:44:58 PM,12/31/9999 12:00:00 AM,2.97,06e2387a-68f6-4ea2-aa2d-4d6044c8e121,,
54,47202190000NB,16.1,17.74,NN,1/1/2022 12:00:00 AM,2.0,,,,5/17/2023 12:44:58 PM,12/31/9999 12:00:00 AM,1.64,06e2387a-68f6-4ea2-aa2d-4d6044c8e121,,
54,47202190000NB,17.74,21.69,NN,1/1/2022 12:00:00 AM,2.0,,,,5/17/2023 12:44:58 PM,12/31/9999 12:00:00 AM,3.95,06e2387a-68f6-4ea2-aa2d-4d6044c8e121,,
54,47202190000NB,21.69,21.87,NN,1/1/2022 12:00:00 AM,2.0,,,,5/17/2023 12:44:58 PM,12/31/9999 12:00:00 AM,0.18,06e2387a-68f6-4ea2-aa2d-4d6044c8e121,,
54,47202190000NB,21.87,21.92,NN,1/1/2022 12:00:00 AM,2.0,,,,5/17/2023 12:44:58 PM,12/31/9999 12:00:00 AM,0.05,06e2387a-68f6-4ea2-aa2d-4d6044c8e121,,
54,4730032000000,10.368,14.79,NN,1/1/2022 12:00:00 AM,2.0,,,,5/17/2023 12:44:58 PM,12/31/9999 12:00:00 AM,4.422,06e2387a-68f6-4ea2-aa2d-4d6044c8e121,,
54,4730032000000,14.79,16.5,NN,1/1/2022 12:00:00 AM,2.0,,,,5/17/2023 12:44:58 PM,12/31/9999 12:00:00 AM,1.71,06e2387a-68f6-4ea2-aa2d-4d6044c8e121,,
54,4730032000000,16.5,16.84,NN,1/1/2022 12:00:00 AM,2.0,,,,5/17/2023 12:44:58 PM,12/31/9999 12:00:00 AM,0.34,06e2387a-68f6-4ea2-aa2d-4d6044c8e121,,
54,4730032000000,16.84,16.92,NN,1/1/2022 12:00:00 AM,2.0,,,,5/17/2023 12:44:58 PM,12/31/9999 12:00:00 AM,0.08,06e2387a-68f6-4ea2-aa2d-4d6044c8e121,,
54,4830002000000,0.0,13.93,NN,1/1/2022 12:00:00 AM,2.0,,,,5/17/2023 12:44:58 PM,12/31/9999 12:00:00 AM,13.93,06e2387a-68f6-4ea2-aa2d-4d6044c8e121,,
54,49200330000EB,0.0,0.64,NN,1/1/2022 12:00:00 AM,2.0,,,,5/17/2023 12:44:58 PM,12/31/9999 12:00:00 AM,0.64,06e2387a-68f6-4ea2-aa2d-4d6044c8e121,,
54,49200330000EB,0.64,7.192,NN,1/1/2022 12:00:00 AM,2.0,,,,5/17/2023 12:44:58 PM,12/31/9999 12:00:00 AM,6.552,06e2387a-68f6-4ea2-aa2d-4d6044c8e121,,
54,49200330000EB,7.192,15.4,NN,1/1/2022 12:00:00 AM,2.0,,,,5/17/2023 12:44:58 PM,12/31/9999 12:00:00 AM,8.208,06e2387a-68f6-4ea2-aa2d-4d6044c8e121,,
54,50100640000EB,0.0,0.11,NN,1/1/2022 12:00:00 AM,1.0,,,,5/17/2023 12:44:58 PM,12/31/9999 12:00:00 AM,0.11,06e2387a-68f6-4ea2-aa2d-4d6044c8e121,,
54,50100640000EB,0.11,1.25,NN,1/1/2022 12:00:00 AM,1.0,,,,5/17/2023 12:44:58 PM,12/31/9999 12:00:00 AM,1.14,06e2387a-68f6-4ea2-aa2d-4d6044c8e121,,
54,50100640000EB,1.25,1.29,NN,1/1/2022 12:00:00 AM,1.0,,,,5/17/2023 12:44:58 PM,12/31/9999 12:00:00 AM,0.04,06e2387a-68f6-4ea2-aa2d-4d6044c8e121,,
54,50100640000EB,1.29,5.87,NN,1/1/2022 12:00:00 AM,1.0,,,,5/17/2023 12:44:58 PM,12/31/9999 12:00:00 AM,4.58,06e2387a-68f6-4ea2-aa2d-4d6044c8e121,,
54,5230002000000,0.0,4.442,NN,1/1/2022 12:00:00 AM,2.0,,,,5/17/2023 12:44:58 PM,12/31/9999 12:00:00 AM,4.442,06e2387a-68f6-4ea2-aa2d-4d6044c8e121,,
54,5230002000000,4.442,11.655,NN,1/1/2022 12:00:00 AM,2.0,,,,5/17/2023 12:44:58 PM,12/31/9999 12:00:00 AM,7.213,06e2387a-68f6-4ea2-aa2d-4d6044c8e121,,
54,5230002000000,11.655,12.12,NN,1/1/2022 12:00:00 AM,2.0,,,,5/17/2023 12:44:58 PM,12/31/9999 12:00:00 AM,0.465,06e2387a-68f6-4ea2-aa2d-4d6044c8e121,,
54,5230007000000,0.0,0.4,NN,1/1/2022 12:00:00 AM,2.0,,,,5/17/2023 12:44:58 PM,12/31/9999 12:00:00 AM,0.4,06e2387a-68f6-4ea2-aa2d-4d6044c8e121,,
54,52300070006EB,0.0,0.27,NN,1/1/2022 12:00:00 AM,2.0,,,,5/17/2023 12:44:58 PM,12/31/9999 12:00:00 AM,0.27,06e2387a-68f6-4ea2-aa2d-4d6044c8e121,,
54,54100770000NB,156.99,160.13,NN,1/1/2022 12:00:00 AM,1.0,,,,5/17/2023 12:44:58 PM,12/31/9999 12:00:00 AM,3.14,06e2387a-68f6-4ea2-aa2d-4d6044c8e121,,
54,54100770000NB,160.13,165.16,NN,1/1/2022 12:00:00 AM,1.0,,,,5/17/2023 12:44:58 PM,12/31/9999 12:00:00 AM,5.03,06e2387a-68f6-4ea2-aa2d-4d6044c8e121,,
54,54100770000NB,165.16,168.205,NN,1/1/2022 12:00:00 AM,1.0,,,,5/17/2023 12:44:58 PM,12/31/9999 12:00:00 AM,3.045,06e2387a-68f6-4ea2-aa2d-4d6044c8e121,,
54,54100770000NB,168.205,177.928,NN,1/1/2022 12:00:00 AM,1.0,,,,5/17/2023 12:44:58 PM,12/31/9999 12:00:00 AM,9.723,06e2387a-68f6-4ea2-aa2d-4d6044c8e121,,
54,54100770000NB,177.928,181.67,NN,1/1/2022 12:00:00 AM,1.0,,,,5/17/2023 12:44:58 PM,12/31/9999 12:00:00 AM,3.742,06e2387a-68f6-4ea2-aa2d-4d6044c8e121,,
54,54100770000NB,181.67,181.674,NN,1/1/2022 12:00:00 AM,1.0,,,,5/17/2023 12:44:58 PM,12/31/9999 12:00:00 AM,0.004,06e2387a-68f6-4ea2-aa2d-4d6044c8e121,,
54,54100770000NB,181.674,185.64,NN,1/1/2022 12:00:00 AM,1.0,,,,5/17/2023 12:44:58 PM,12/31/9999 12:00:00 AM,3.966,06e2387a-68f6-4ea2-aa2d-4d6044c8e121,,
54,54100770000NB,185.64,187.21,NN,1/1/2022 12:00:00 AM,1.0,,,,5/17/2023 12:44:58 PM,12/31/9999 12:00:00 AM,1.57,06e2387a-68f6-4ea2-aa2d-4d6044c8e121,,
54,54200500000EB,12.959,12.961,NN,1/1/2022 12:00:00 AM,1.0,,,,5/17/2023 12:44:58 PM,12/31/9999 12:00:00 AM,0.002,06e2387a-68f6-4ea2-aa2d-4d6044c8e121,,
54,54200500000EB,12.961,24.13,NN,1/1/2022 12:00:00 AM,1.0,,,,5/17/2023 12:44:58 PM,12/31/9999 12:00:00 AM,11.169,06e2387a-68f6-4ea2-aa2d-4d6044c8e121,,
54,5430002000000,22.7,23.06,NN,1/1/2022 12:00:00 AM,2.0,,,,5/17/2023 12:44:58 PM,12/31/9999 12:00:00 AM,0.36,06e2387a-68f6-4ea2-aa2d-4d6044c8e121,,
54,5430002000000,23.06,23.91,NN,1/1/2022 12:00:00 AM,2.0,,,,5/17/2023 12:44:58 PM,12/31/9999 12:00:00 AM,0.85,06e2387a-68f6-4ea2-aa2d-4d6044c8e121,,
54,5430002000000,23.91,24.0,NN,1/1/2022 12:00:00 AM,2.0,,,,5/17/2023 12:44:58 PM,12/31/9999 12:00:00 AM,0.09,06e2387a-68f6-4ea2-aa2d-4d6044c8e121,,
54,5430002000000,24.0,25.275,NN,1/1/2022 12:00:00 AM,2.0,,,,5/17/2023 12:44:58 PM,12/31/9999 12:00:00 AM,1.275,06e2387a-68f6-4ea2-aa2d-4d6044c8e121,,
54,5430002000000,25.275,26.795,NN,1/1/2022 12:00:00 AM,2.0,,,,5/17/2023 12:44:58 PM,12/31/9999 12:00:00 AM,1.52,06e2387a-68f6-4ea2-aa2d-4d6044c8e121,,
54,5430002000000,26.795,29.46,NN,1/1/2022 12:00:00 AM,2.0,,,,5/17/2023 12:44:58 PM,12/31/9999 12:00:00 AM,2.665,06e2387a-68f6-4ea2-aa2d-4d6044c8e121,,
54,5430047000000,0.0,2.87,NN,1/1/2022 12:00:00 AM,2.0,,,,5/17/2023 12:44:58 PM,12/31/9999 12:00:00 AM,2.87,06e2387a-68f6-4ea2-aa2d-4d6044c8e121,,
54,5430068000000,0.0,10.861,NN,1/1/2022 12:00:00 AM,2.0,,,,5/17/2023 12:44:58 PM,12/31/9999 12:00:00 AM,10.861,06e2387a-68f6-4ea2-aa2d-4d6044c8e121,,
54,5430068000000,10.861,11.35,NN,1/1/2022 12:00:00 AM,2.0,,,,5/17/2023 12:44:58 PM,12/31/9999 12:00:00 AM,0.489,06e2387a-68f6-4ea2-aa2d-4d6044c8e121,,
54,5430068000000,11.35,14.46,NN,1/1/2022 12:00:00 AM,2.0,,,,5/17/2023 12:44:58 PM,12/31/9999 12:00:00 AM,3.11,06e2387a-68f6-4ea2-aa2d-4d6044c8e121,,
54,5430095000000,0.0,3.19,NN,1/1/2022 12:00:00 AM,2.0,,,,5/17/2023 12:44:58 PM,12/31/9999 12:00:00 AM,3.19,06e2387a-68f6-4ea2-aa2d-4d6044c8e121,,
54,5430095000000,3.69,6.58,NN,1/1/2022 12:00:00 AM,2.0,,,,5/17/2023 12:44:58 PM,12/31/9999 12:00:00 AM,2.89,06e2387a-68f6-4ea2-aa2d-4d6044c8e121,,
54,54306180007WB,0.55,0.64,NN,1/1/2022 12:00:00 AM,1.0,,,,5/17/2023 12:44:58 PM,12/31/9999 12:00:00 AM,0.09,06e2387a-68f6-4ea2-aa2d-4d6044c8e121,,
54,5430892000000,2.81,8.1,NN,1/1/2022 12:00:00 AM,2.0,,,,5/17/2023 12:44:58 PM,12/31/9999 12:00:00 AM,5.29,06e2387a-68f6-4ea2-aa2d-4d6044c8e121,,
54,5430892000000,8.1,9.46,NN,1/1/2022 12:00:00 AM,2.0,,,,5/17/2023 12:44:58 PM,12/31/9999 12:00:00 AM,1.36,06e2387a-68f6-4ea2-aa2d-4d6044c8e121,,
54,5430892000000,9.46,9.95,NN,1/1/2022 12:00:00 AM,2.0,,,,5/17/2023 12:44:58 PM,12/31/9999 12:00:00 AM,0.49,06e2387a-68f6-4ea2-aa2d-4d6044c8e121,,
54,5440021140000,0.0,0.88,NN,1/1/2022 12:00:00 AM,2.0,,,,5/17/2023 12:44:58 PM,12/31/9999 12:00:00 AM,0.88,06e2387a-68f6-4ea2-aa2d-4d6044c8e121,,
54,5440032000000,2.24,2.55,NN,1/1/2022 12:00:00 AM,2.0,,,,5/17/2023 12:44:58 PM,12/31/9999 12:00:00 AM,0.31,06e2387a-68f6-4ea2-aa2d-4d6044c8e121,,
54,5440032000000,2.55,2.6,NN,1/1/2022 12:00:00 AM,2.0,,,,5/17/2023 12:44:58 PM,12/31/9999 12:00:00 AM,0.05,06e2387a-68f6-4ea2-aa2d-4d6044c8e121,,
