StateId,RouteId,BeginPoint,EndPoint,DataItem,BeginDate,NUMBER_SIGNALS_VN,NUMBER_SIGNALS_VT,NUMBER_SIGNALS_VD,Comments,ReportDate,EndDate,SectionLength,ProcessId,IsWarning,IsApproved
54,02200110000NB,5.24,6.05,NUMBER_SIGNALS,1/1/2022 12:00:00 AM,1.0,,,,5/16/2023 4:33:43 PM,12/31/9999 12:00:00 AM,0.81,7378c63d-5e2d-4d1b-9057-ba7da2448b8b,,
54,02200110000NB,14.51,14.64,NUMBER_SIGNALS,1/1/2022 12:00:00 AM,1.0,,,,5/16/2023 4:33:43 PM,12/31/9999 12:00:00 AM,0.13,7378c63d-5e2d-4d1b-9057-ba7da2448b8b,,
54,02200110000NB,16.48,17.51,NUMBER_SIGNALS,1/1/2022 12:00:00 AM,2.0,,,,5/16/2023 4:33:43 PM,12/31/9999 12:00:00 AM,1.03,7378c63d-5e2d-4d1b-9057-ba7da2448b8b,,
54,0230009000000,4.81,6.17,NUMBER_SIGNALS,1/1/2022 12:00:00 AM,0.0,,,,5/16/2023 4:33:43 PM,12/31/9999 12:00:00 AM,1.36,7378c63d-5e2d-4d1b-9057-ba7da2448b8b,,
54,0230009000000,6.47,7.58,NUMBER_SIGNALS,1/1/2022 12:00:00 AM,1.0,,,,5/16/2023 4:33:43 PM,12/31/9999 12:00:00 AM,1.11,7378c63d-5e2d-4d1b-9057-ba7da2448b8b,,
54,0230009000000,7.584,9.95,NUMBER_SIGNALS,1/1/2022 12:00:00 AM,1.0,,,,5/16/2023 4:33:43 PM,12/31/9999 12:00:00 AM,2.366,7378c63d-5e2d-4d1b-9057-ba7da2448b8b,,
54,0230009000000,14.0,14.2,NUMBER_SIGNALS,1/1/2022 12:00:00 AM,2.0,,,,5/16/2023 4:33:43 PM,12/31/9999 12:00:00 AM,0.2,7378c63d-5e2d-4d1b-9057-ba7da2448b8b,,
54,0230009000000,18.18,20.16,NUMBER_SIGNALS,1/1/2022 12:00:00 AM,2.0,,,,5/16/2023 4:33:43 PM,12/31/9999 12:00:00 AM,1.98,7378c63d-5e2d-4d1b-9057-ba7da2448b8b,,
54,0230045000000,14.52,14.85,NUMBER_SIGNALS,1/1/2022 12:00:00 AM,2.0,,,,5/16/2023 4:33:43 PM,12/31/9999 12:00:00 AM,0.33,7378c63d-5e2d-4d1b-9057-ba7da2448b8b,,
54,0230045000000,17.53,18.23,NUMBER_SIGNALS,1/1/2022 12:00:00 AM,1.0,,,,5/16/2023 4:33:43 PM,12/31/9999 12:00:00 AM,0.7,7378c63d-5e2d-4d1b-9057-ba7da2448b8b,,
54,0230051000000,4.62,5.18,NUMBER_SIGNALS,1/1/2022 12:00:00 AM,1.0,,,,5/16/2023 4:33:43 PM,12/31/9999 12:00:00 AM,0.56,7378c63d-5e2d-4d1b-9057-ba7da2448b8b,,
54,0230051000000,5.4,8.591,NUMBER_SIGNALS,1/1/2022 12:00:00 AM,1.0,,,,5/16/2023 4:33:43 PM,12/31/9999 12:00:00 AM,3.191,7378c63d-5e2d-4d1b-9057-ba7da2448b8b,,
54,0230901000000,4.86,5.44,NUMBER_SIGNALS,1/1/2022 12:00:00 AM,1.0,,,,5/16/2023 4:33:43 PM,12/31/9999 12:00:00 AM,0.58,7378c63d-5e2d-4d1b-9057-ba7da2448b8b,,
54,0240015000000,2.78,3.06,NUMBER_SIGNALS,1/1/2022 12:00:00 AM,1.0,,,,5/16/2023 4:33:43 PM,12/31/9999 12:00:00 AM,0.28,7378c63d-5e2d-4d1b-9057-ba7da2448b8b,,
54,0274252001900,0.0,0.64,NUMBER_SIGNALS,1/1/2022 12:00:00 AM,1.0,,,,5/16/2023 4:33:43 PM,12/31/9999 12:00:00 AM,0.64,7378c63d-5e2d-4d1b-9057-ba7da2448b8b,,
54,0274259001900,0.0,0.17,NUMBER_SIGNALS,1/1/2022 12:00:00 AM,1.0,,,,5/16/2023 4:33:43 PM,12/31/9999 12:00:00 AM,0.17,7378c63d-5e2d-4d1b-9057-ba7da2448b8b,,
54,0274259001900,0.17,0.4,NUMBER_SIGNALS,1/1/2022 12:00:00 AM,0.0,,,,5/16/2023 4:33:43 PM,12/31/9999 12:00:00 AM,0.23,7378c63d-5e2d-4d1b-9057-ba7da2448b8b,,
54,0274259001900,0.4,0.61,NUMBER_SIGNALS,1/1/2022 12:00:00 AM,0.0,,,,5/16/2023 4:33:43 PM,12/31/9999 12:00:00 AM,0.21,7378c63d-5e2d-4d1b-9057-ba7da2448b8b,,
54,0274273001900,0.0,0.11,NUMBER_SIGNALS,1/1/2022 12:00:00 AM,1.0,,,,5/16/2023 4:33:43 PM,12/31/9999 12:00:00 AM,0.11,7378c63d-5e2d-4d1b-9057-ba7da2448b8b,,
54,03201190000NB,11.49,12.36,NUMBER_SIGNALS,1/1/2022 12:00:00 AM,1.0,,,,5/16/2023 4:33:43 PM,12/31/9999 12:00:00 AM,0.87,7378c63d-5e2d-4d1b-9057-ba7da2448b8b,,
54,03201190000NB,12.36,12.66,NUMBER_SIGNALS,1/1/2022 12:00:00 AM,1.0,,,,5/16/2023 4:33:43 PM,12/31/9999 12:00:00 AM,0.3,7378c63d-5e2d-4d1b-9057-ba7da2448b8b,,
54,03201190000NB,12.66,12.83,NUMBER_SIGNALS,1/1/2022 12:00:00 AM,1.0,,,,5/16/2023 4:33:43 PM,12/31/9999 12:00:00 AM,0.17,7378c63d-5e2d-4d1b-9057-ba7da2448b8b,,
54,03201190000NB,12.83,13.54,NUMBER_SIGNALS,1/1/2022 12:00:00 AM,1.0,,,,5/16/2023 4:33:43 PM,12/31/9999 12:00:00 AM,0.71,7378c63d-5e2d-4d1b-9057-ba7da2448b8b,,
54,0330085000000,34.05,34.35,NUMBER_SIGNALS,1/1/2022 12:00:00 AM,2.0,,,,5/16/2023 4:33:43 PM,12/31/9999 12:00:00 AM,0.3,7378c63d-5e2d-4d1b-9057-ba7da2448b8b,,
54,0530002000000,3.88,6.35,NUMBER_SIGNALS,1/1/2022 12:00:00 AM,0.0,,,,5/16/2023 4:33:43 PM,12/31/9999 12:00:00 AM,2.47,7378c63d-5e2d-4d1b-9057-ba7da2448b8b,,
54,0530002000000,12.63,13.08,NUMBER_SIGNALS,1/1/2022 12:00:00 AM,1.0,,,,5/16/2023 4:33:43 PM,12/31/9999 12:00:00 AM,0.45,7378c63d-5e2d-4d1b-9057-ba7da2448b8b,,
54,0530002000000,14.83,14.9,NUMBER_SIGNALS,1/1/2022 12:00:00 AM,0.0,,,,5/16/2023 4:33:43 PM,12/31/9999 12:00:00 AM,0.07,7378c63d-5e2d-4d1b-9057-ba7da2448b8b,,
54,0530002000000,14.9,15.05,NUMBER_SIGNALS,1/1/2022 12:00:00 AM,0.0,,,,5/16/2023 4:33:43 PM,12/31/9999 12:00:00 AM,0.15,7378c63d-5e2d-4d1b-9057-ba7da2448b8b,,
54,0530002000000,15.05,15.08,NUMBER_SIGNALS,1/1/2022 12:00:00 AM,0.0,,,,5/16/2023 4:33:43 PM,12/31/9999 12:00:00 AM,0.03,7378c63d-5e2d-4d1b-9057-ba7da2448b8b,,
54,0530027000100,0.96,3.35,NUMBER_SIGNALS,1/1/2022 12:00:00 AM,0.0,,,,5/16/2023 4:33:43 PM,12/31/9999 12:00:00 AM,2.39,7378c63d-5e2d-4d1b-9057-ba7da2448b8b,,
54,0540018000000,0.0,0.55,NUMBER_SIGNALS,1/1/2022 12:00:00 AM,1.0,,,,5/16/2023 4:33:43 PM,12/31/9999 12:00:00 AM,0.55,7378c63d-5e2d-4d1b-9057-ba7da2448b8b,,
54,0540507000000,0.62,1.2,NUMBER_SIGNALS,1/1/2022 12:00:00 AM,1.0,,,,5/16/2023 4:33:43 PM,12/31/9999 12:00:00 AM,0.58,7378c63d-5e2d-4d1b-9057-ba7da2448b8b,,
54,06200600000EB,2.97,3.07,NUMBER_SIGNALS,1/1/2022 12:00:00 AM,1.0,,,,5/16/2023 4:33:43 PM,12/31/9999 12:00:00 AM,0.1,7378c63d-5e2d-4d1b-9057-ba7da2448b8b,,
54,06200600000EB,3.17,3.27,NUMBER_SIGNALS,1/1/2022 12:00:00 AM,1.0,,,,5/16/2023 4:33:43 PM,12/31/9999 12:00:00 AM,0.1,7378c63d-5e2d-4d1b-9057-ba7da2448b8b,,
54,06200600000EB,5.76,5.96,NUMBER_SIGNALS,1/1/2022 12:00:00 AM,1.0,,,,5/16/2023 4:33:43 PM,12/31/9999 12:00:00 AM,0.2,7378c63d-5e2d-4d1b-9057-ba7da2448b8b,,
54,06200600000EB,6.97,7.51,NUMBER_SIGNALS,1/1/2022 12:00:00 AM,3.0,,,,5/16/2023 4:33:43 PM,12/31/9999 12:00:00 AM,0.54,7378c63d-5e2d-4d1b-9057-ba7da2448b8b,,
54,06200600000EB,7.59,7.96,NUMBER_SIGNALS,1/1/2022 12:00:00 AM,1.0,,,,5/16/2023 4:33:43 PM,12/31/9999 12:00:00 AM,0.37,7378c63d-5e2d-4d1b-9057-ba7da2448b8b,,
54,06200600000EB,8.43,8.78,NUMBER_SIGNALS,1/1/2022 12:00:00 AM,2.0,,,,5/16/2023 4:33:43 PM,12/31/9999 12:00:00 AM,0.35,7378c63d-5e2d-4d1b-9057-ba7da2448b8b,,
54,06200600000EB,8.78,8.82,NUMBER_SIGNALS,1/1/2022 12:00:00 AM,2.0,,,,5/16/2023 4:33:43 PM,12/31/9999 12:00:00 AM,0.04,7378c63d-5e2d-4d1b-9057-ba7da2448b8b,,
54,06200600000EB,8.82,9.5,NUMBER_SIGNALS,1/1/2022 12:00:00 AM,1.0,,,,5/16/2023 4:33:43 PM,12/31/9999 12:00:00 AM,0.68,7378c63d-5e2d-4d1b-9057-ba7da2448b8b,,
54,06200600000EB,9.56,9.92,NUMBER_SIGNALS,1/1/2022 12:00:00 AM,1.0,,,,5/16/2023 4:33:43 PM,12/31/9999 12:00:00 AM,0.36,7378c63d-5e2d-4d1b-9057-ba7da2448b8b,,
54,06200600000EB,10.76,11.25,NUMBER_SIGNALS,1/1/2022 12:00:00 AM,2.0,,,,5/16/2023 4:33:43 PM,12/31/9999 12:00:00 AM,0.49,7378c63d-5e2d-4d1b-9057-ba7da2448b8b,,
54,06200600000EB,11.51,12.23,NUMBER_SIGNALS,1/1/2022 12:00:00 AM,2.0,,,,5/16/2023 4:33:43 PM,12/31/9999 12:00:00 AM,0.72,7378c63d-5e2d-4d1b-9057-ba7da2448b8b,,
54,06200600000EB,15.59,17.29,NUMBER_SIGNALS,1/1/2022 12:00:00 AM,1.0,,,,5/16/2023 4:33:43 PM,12/31/9999 12:00:00 AM,1.7,7378c63d-5e2d-4d1b-9057-ba7da2448b8b,,
54,06200600001EB,0.0,0.39,NUMBER_SIGNALS,1/1/2022 12:00:00 AM,1.0,,,,5/16/2023 4:33:43 PM,12/31/9999 12:00:00 AM,0.39,7378c63d-5e2d-4d1b-9057-ba7da2448b8b,,
54,0630002001300,0.0,0.17,NUMBER_SIGNALS,1/1/2022 12:00:00 AM,1.0,,,,5/16/2023 4:33:43 PM,12/31/9999 12:00:00 AM,0.17,7378c63d-5e2d-4d1b-9057-ba7da2448b8b,,
54,0630002001300,0.17,0.39,NUMBER_SIGNALS,1/1/2022 12:00:00 AM,1.0,,,,5/16/2023 4:33:43 PM,12/31/9999 12:00:00 AM,0.22,7378c63d-5e2d-4d1b-9057-ba7da2448b8b,,
54,0630010000000,15.69,15.82,NUMBER_SIGNALS,1/1/2022 12:00:00 AM,1.0,,,,5/16/2023 4:33:43 PM,12/31/9999 12:00:00 AM,0.13,7378c63d-5e2d-4d1b-9057-ba7da2448b8b,,
54,0630010000000,15.82,16.27,NUMBER_SIGNALS,1/1/2022 12:00:00 AM,1.0,,,,5/16/2023 4:33:43 PM,12/31/9999 12:00:00 AM,0.45,7378c63d-5e2d-4d1b-9057-ba7da2448b8b,,
54,0630010000000,17.21,17.37,NUMBER_SIGNALS,1/1/2022 12:00:00 AM,1.0,,,,5/16/2023 4:33:43 PM,12/31/9999 12:00:00 AM,0.16,7378c63d-5e2d-4d1b-9057-ba7da2448b8b,,
54,0630010000000,17.46,18.41,NUMBER_SIGNALS,1/1/2022 12:00:00 AM,8.0,,,,5/16/2023 4:33:43 PM,12/31/9999 12:00:00 AM,0.95,7378c63d-5e2d-4d1b-9057-ba7da2448b8b,,
54,0630101000000,0.16,0.36,NUMBER_SIGNALS,1/1/2022 12:00:00 AM,1.0,,,,5/16/2023 4:33:43 PM,12/31/9999 12:00:00 AM,0.2,7378c63d-5e2d-4d1b-9057-ba7da2448b8b,,
54,0630193000000,0.46,3.55,NUMBER_SIGNALS,1/1/2022 12:00:00 AM,1.0,,,,5/16/2023 4:33:43 PM,12/31/9999 12:00:00 AM,3.09,7378c63d-5e2d-4d1b-9057-ba7da2448b8b,,
54,0630527000000,0.89,0.98,NUMBER_SIGNALS,1/1/2022 12:00:00 AM,1.0,,,,5/16/2023 4:33:43 PM,12/31/9999 12:00:00 AM,0.09,7378c63d-5e2d-4d1b-9057-ba7da2448b8b,,
54,0630527000100,0.0,0.19,NUMBER_SIGNALS,1/1/2022 12:00:00 AM,1.0,,,,5/16/2023 4:33:43 PM,12/31/9999 12:00:00 AM,0.19,7378c63d-5e2d-4d1b-9057-ba7da2448b8b,,
54,0630527000100,0.19,0.39,NUMBER_SIGNALS,1/1/2022 12:00:00 AM,3.0,,,,5/16/2023 4:33:43 PM,12/31/9999 12:00:00 AM,0.2,7378c63d-5e2d-4d1b-9057-ba7da2448b8b,,
54,0640013000000,0.02,0.42,NUMBER_SIGNALS,1/1/2022 12:00:00 AM,2.0,,,,5/16/2023 4:33:43 PM,12/31/9999 12:00:00 AM,0.4,7378c63d-5e2d-4d1b-9057-ba7da2448b8b,,
54,0640060050000,0.0,0.88,NUMBER_SIGNALS,1/1/2022 12:00:00 AM,1.0,,,,5/16/2023 4:33:43 PM,12/31/9999 12:00:00 AM,0.88,7378c63d-5e2d-4d1b-9057-ba7da2448b8b,,
54,0640060050000,0.88,1.68,NUMBER_SIGNALS,1/1/2022 12:00:00 AM,2.0,,,,5/16/2023 4:33:43 PM,12/31/9999 12:00:00 AM,0.8,7378c63d-5e2d-4d1b-9057-ba7da2448b8b,,
54,0673272001900,0.35,1.04,NUMBER_SIGNALS,1/1/2022 12:00:00 AM,3.0,,,,5/16/2023 4:33:43 PM,12/31/9999 12:00:00 AM,0.69,7378c63d-5e2d-4d1b-9057-ba7da2448b8b,,
54,0673281001900,0.19,0.48,NUMBER_SIGNALS,1/1/2022 12:00:00 AM,1.0,,,,5/16/2023 4:33:43 PM,12/31/9999 12:00:00 AM,0.29,7378c63d-5e2d-4d1b-9057-ba7da2448b8b,,
54,0673281001900,0.6,0.96,NUMBER_SIGNALS,1/1/2022 12:00:00 AM,4.0,,,,5/16/2023 4:33:43 PM,12/31/9999 12:00:00 AM,0.36,7378c63d-5e2d-4d1b-9057-ba7da2448b8b,,
54,0673295001900,0.0,1.08,NUMBER_SIGNALS,1/1/2022 12:00:00 AM,1.0,,,,5/16/2023 4:33:43 PM,12/31/9999 12:00:00 AM,1.08,7378c63d-5e2d-4d1b-9057-ba7da2448b8b,,
54,07200330000EB,10.13,14.3,NUMBER_SIGNALS,1/1/2022 12:00:00 AM,0.0,,,,5/16/2023 4:33:43 PM,12/31/9999 12:00:00 AM,4.17,7378c63d-5e2d-4d1b-9057-ba7da2448b8b,,
54,10200600000EB,0.34,1.01,NUMBER_SIGNALS,1/1/2022 12:00:00 AM,1.0,,,,5/16/2023 4:33:43 PM,12/31/9999 12:00:00 AM,0.67,7378c63d-5e2d-4d1b-9057-ba7da2448b8b,,
54,1030016000000,14.84,14.97,NUMBER_SIGNALS,1/1/2022 12:00:00 AM,1.0,,,,5/16/2023 4:33:43 PM,12/31/9999 12:00:00 AM,0.13,7378c63d-5e2d-4d1b-9057-ba7da2448b8b,,
54,13202190000NB,8.59,9.06,NUMBER_SIGNALS,1/1/2022 12:00:00 AM,0.0,,,,5/16/2023 4:33:43 PM,12/31/9999 12:00:00 AM,0.47,7378c63d-5e2d-4d1b-9057-ba7da2448b8b,,
54,13202190000NB,10.01,10.2,NUMBER_SIGNALS,1/1/2022 12:00:00 AM,2.0,,,,5/16/2023 4:33:43 PM,12/31/9999 12:00:00 AM,0.19,7378c63d-5e2d-4d1b-9057-ba7da2448b8b,,
54,13202190000NB,10.2,10.4,NUMBER_SIGNALS,1/1/2022 12:00:00 AM,2.0,,,,5/16/2023 4:33:43 PM,12/31/9999 12:00:00 AM,0.2,7378c63d-5e2d-4d1b-9057-ba7da2448b8b,,
54,13202190000NB,10.4,10.48,NUMBER_SIGNALS,1/1/2022 12:00:00 AM,2.0,,,,5/16/2023 4:33:43 PM,12/31/9999 12:00:00 AM,0.08,7378c63d-5e2d-4d1b-9057-ba7da2448b8b,,
54,13202190000NB,10.48,10.85,NUMBER_SIGNALS,1/1/2022 12:00:00 AM,2.0,,,,5/16/2023 4:33:43 PM,12/31/9999 12:00:00 AM,0.37,7378c63d-5e2d-4d1b-9057-ba7da2448b8b,,
54,1340045010000,0.0,0.559,NUMBER_SIGNALS,1/1/2022 12:00:00 AM,1.0,,,,5/16/2023 4:33:43 PM,12/31/9999 12:00:00 AM,0.559,7378c63d-5e2d-4d1b-9057-ba7da2448b8b,,
54,14200500000EB,8.26,8.44,NUMBER_SIGNALS,1/1/2022 12:00:00 AM,1.0,,,,5/16/2023 4:33:43 PM,12/31/9999 12:00:00 AM,0.18,7378c63d-5e2d-4d1b-9057-ba7da2448b8b,,
54,14200500000EB,8.56,8.92,NUMBER_SIGNALS,1/1/2022 12:00:00 AM,1.0,,,,5/16/2023 4:33:43 PM,12/31/9999 12:00:00 AM,0.36,7378c63d-5e2d-4d1b-9057-ba7da2448b8b,,
54,1530002000000,0.1,0.28,NUMBER_SIGNALS,1/1/2022 12:00:00 AM,1.0,,,,5/16/2023 4:33:43 PM,12/31/9999 12:00:00 AM,0.18,7378c63d-5e2d-4d1b-9057-ba7da2448b8b,,
54,1530002000000,0.28,0.56,NUMBER_SIGNALS,1/1/2022 12:00:00 AM,2.0,,,,5/16/2023 4:33:43 PM,12/31/9999 12:00:00 AM,0.28,7378c63d-5e2d-4d1b-9057-ba7da2448b8b,,
54,1530002000000,1.49,2.3,NUMBER_SIGNALS,1/1/2022 12:00:00 AM,2.0,,,,5/16/2023 4:33:43 PM,12/31/9999 12:00:00 AM,0.81,7378c63d-5e2d-4d1b-9057-ba7da2448b8b,,
54,1530002000000,3.91,4.68,NUMBER_SIGNALS,1/1/2022 12:00:00 AM,0.0,,,,5/16/2023 4:33:43 PM,12/31/9999 12:00:00 AM,0.77,7378c63d-5e2d-4d1b-9057-ba7da2448b8b,,
54,1530105000000,0.38,1.14,NUMBER_SIGNALS,1/1/2022 12:00:00 AM,2.0,,,,5/16/2023 4:33:43 PM,12/31/9999 12:00:00 AM,0.76,7378c63d-5e2d-4d1b-9057-ba7da2448b8b,,
54,1530105000000,1.14,3.27,NUMBER_SIGNALS,1/1/2022 12:00:00 AM,1.0,,,,5/16/2023 4:33:43 PM,12/31/9999 12:00:00 AM,2.13,7378c63d-5e2d-4d1b-9057-ba7da2448b8b,,
54,1530105000000,3.27,4.14,NUMBER_SIGNALS,1/1/2022 12:00:00 AM,2.0,,,,5/16/2023 4:33:43 PM,12/31/9999 12:00:00 AM,0.87,7378c63d-5e2d-4d1b-9057-ba7da2448b8b,,
54,1530105000000,4.26,4.58,NUMBER_SIGNALS,1/1/2022 12:00:00 AM,1.0,,,,5/16/2023 4:33:43 PM,12/31/9999 12:00:00 AM,0.32,7378c63d-5e2d-4d1b-9057-ba7da2448b8b,,
54,1540013000000,0.0,0.2,NUMBER_SIGNALS,1/1/2022 12:00:00 AM,1.0,,,,5/16/2023 4:33:43 PM,12/31/9999 12:00:00 AM,0.2,7378c63d-5e2d-4d1b-9057-ba7da2448b8b,,
54,1540507000000,0.43,0.92,NUMBER_SIGNALS,1/1/2022 12:00:00 AM,3.0,,,,5/16/2023 4:33:43 PM,12/31/9999 12:00:00 AM,0.49,7378c63d-5e2d-4d1b-9057-ba7da2448b8b,,
54,1540507000000,0.92,1.16,NUMBER_SIGNALS,1/1/2022 12:00:00 AM,1.0,,,,5/16/2023 4:33:43 PM,12/31/9999 12:00:00 AM,0.24,7378c63d-5e2d-4d1b-9057-ba7da2448b8b,,
54,1540507000000,1.51,3.33,NUMBER_SIGNALS,1/1/2022 12:00:00 AM,2.0,,,,5/16/2023 4:33:43 PM,12/31/9999 12:00:00 AM,1.82,7378c63d-5e2d-4d1b-9057-ba7da2448b8b,,
54,1577261001900,0.0,0.73,NUMBER_SIGNALS,1/1/2022 12:00:00 AM,3.0,,,,5/16/2023 4:33:43 PM,12/31/9999 12:00:00 AM,0.73,7378c63d-5e2d-4d1b-9057-ba7da2448b8b,,
54,1577264001900,0.0,0.35,NUMBER_SIGNALS,1/1/2022 12:00:00 AM,1.0,,,,5/16/2023 4:33:43 PM,12/31/9999 12:00:00 AM,0.35,7378c63d-5e2d-4d1b-9057-ba7da2448b8b,,
54,1577271001900,0.4,1.18,NUMBER_SIGNALS,1/1/2022 12:00:00 AM,1.0,,,,5/16/2023 4:33:43 PM,12/31/9999 12:00:00 AM,0.78,7378c63d-5e2d-4d1b-9057-ba7da2448b8b,,
54,16202200000NB,10.0,10.53,NUMBER_SIGNALS,1/1/2022 12:00:00 AM,1.0,,,,5/16/2023 4:33:43 PM,12/31/9999 12:00:00 AM,0.53,7378c63d-5e2d-4d1b-9057-ba7da2448b8b,,
54,16202200000NB,10.53,10.69,NUMBER_SIGNALS,1/1/2022 12:00:00 AM,1.0,,,,5/16/2023 4:33:43 PM,12/31/9999 12:00:00 AM,0.16,7378c63d-5e2d-4d1b-9057-ba7da2448b8b,,
54,17200500000EB,16.27,17.7,NUMBER_SIGNALS,1/1/2022 12:00:00 AM,1.0,,,,5/16/2023 4:33:43 PM,12/31/9999 12:00:00 AM,1.43,7378c63d-5e2d-4d1b-9057-ba7da2448b8b,,
54,17200500000EB,17.7,17.79,NUMBER_SIGNALS,1/1/2022 12:00:00 AM,1.0,,,,5/16/2023 4:33:43 PM,12/31/9999 12:00:00 AM,0.09,7378c63d-5e2d-4d1b-9057-ba7da2448b8b,,
54,17200500000EB,18.32,18.45,NUMBER_SIGNALS,1/1/2022 12:00:00 AM,1.0,,,,5/16/2023 4:33:43 PM,12/31/9999 12:00:00 AM,0.13,7378c63d-5e2d-4d1b-9057-ba7da2448b8b,,
54,1730020002300,0.0,0.13,NUMBER_SIGNALS,1/1/2022 12:00:00 AM,1.0,,,,5/16/2023 4:33:43 PM,12/31/9999 12:00:00 AM,0.13,7378c63d-5e2d-4d1b-9057-ba7da2448b8b,,
54,1730098000000,0.42,1.96,NUMBER_SIGNALS,1/1/2022 12:00:00 AM,1.0,,,,5/16/2023 4:33:43 PM,12/31/9999 12:00:00 AM,1.54,7378c63d-5e2d-4d1b-9057-ba7da2448b8b,,
54,1740050400000,0.0,0.67,NUMBER_SIGNALS,1/1/2022 12:00:00 AM,1.0,,,,5/16/2023 4:33:43 PM,12/31/9999 12:00:00 AM,0.67,7378c63d-5e2d-4d1b-9057-ba7da2448b8b,,
54,1740050760000,0.0,0.31,NUMBER_SIGNALS,1/1/2022 12:00:00 AM,1.0,,,,5/16/2023 4:33:43 PM,12/31/9999 12:00:00 AM,0.31,7378c63d-5e2d-4d1b-9057-ba7da2448b8b,,
54,1740050760000,0.31,1.34,NUMBER_SIGNALS,1/1/2022 12:00:00 AM,0.0,,,,5/16/2023 4:33:43 PM,12/31/9999 12:00:00 AM,1.03,7378c63d-5e2d-4d1b-9057-ba7da2448b8b,,
54,1740707000000,0.0,0.57,NUMBER_SIGNALS,1/1/2022 12:00:00 AM,1.0,,,,5/16/2023 4:33:43 PM,12/31/9999 12:00:00 AM,0.57,7378c63d-5e2d-4d1b-9057-ba7da2448b8b,,
54,1771759001900,0.0,0.19,NUMBER_SIGNALS,1/1/2022 12:00:00 AM,1.0,,,,5/16/2023 4:33:43 PM,12/31/9999 12:00:00 AM,0.19,7378c63d-5e2d-4d1b-9057-ba7da2448b8b,,
54,18200330000EB,11.09,11.48,NUMBER_SIGNALS,1/1/2022 12:00:00 AM,1.0,,,,5/16/2023 4:33:43 PM,12/31/9999 12:00:00 AM,0.39,7378c63d-5e2d-4d1b-9057-ba7da2448b8b,,
54,1840021000000,19.64,20.96,NUMBER_SIGNALS,1/1/2022 12:00:00 AM,1.0,,,,5/16/2023 4:33:43 PM,12/31/9999 12:00:00 AM,1.32,7378c63d-5e2d-4d1b-9057-ba7da2448b8b,,
54,19203400000NB,9.13,9.38,NUMBER_SIGNALS,1/1/2022 12:00:00 AM,1.0,,,,5/16/2023 4:33:43 PM,12/31/9999 12:00:00 AM,0.25,7378c63d-5e2d-4d1b-9057-ba7da2448b8b,,
54,19203400000NB,9.38,9.55,NUMBER_SIGNALS,1/1/2022 12:00:00 AM,1.0,,,,5/16/2023 4:33:43 PM,12/31/9999 12:00:00 AM,0.17,7378c63d-5e2d-4d1b-9057-ba7da2448b8b,,
54,19203400000NB,9.55,10.41,NUMBER_SIGNALS,1/1/2022 12:00:00 AM,1.0,,,,5/16/2023 4:33:43 PM,12/31/9999 12:00:00 AM,0.86,7378c63d-5e2d-4d1b-9057-ba7da2448b8b,,
54,19203400000NB,10.41,11.86,NUMBER_SIGNALS,1/1/2022 12:00:00 AM,1.0,,,,5/16/2023 4:33:43 PM,12/31/9999 12:00:00 AM,1.45,7378c63d-5e2d-4d1b-9057-ba7da2448b8b,,
54,19203400000NB,11.9,12.047,NUMBER_SIGNALS,1/1/2022 12:00:00 AM,1.0,,,,5/16/2023 4:33:43 PM,12/31/9999 12:00:00 AM,0.147,7378c63d-5e2d-4d1b-9057-ba7da2448b8b,,
54,19203400000NB,12.047,12.88,NUMBER_SIGNALS,1/1/2022 12:00:00 AM,1.0,,,,5/16/2023 4:33:43 PM,12/31/9999 12:00:00 AM,0.833,7378c63d-5e2d-4d1b-9057-ba7da2448b8b,,
54,19203400000NB,13.26,13.82,NUMBER_SIGNALS,1/1/2022 12:00:00 AM,1.0,,,,5/16/2023 4:33:43 PM,12/31/9999 12:00:00 AM,0.56,7378c63d-5e2d-4d1b-9057-ba7da2448b8b,,
54,19203400005SB,0.0,0.17,NUMBER_SIGNALS,1/1/2022 12:00:00 AM,1.0,,,,5/16/2023 4:33:43 PM,12/31/9999 12:00:00 AM,0.17,7378c63d-5e2d-4d1b-9057-ba7da2448b8b,,
54,19203400005SB,0.17,0.37,NUMBER_SIGNALS,1/1/2022 12:00:00 AM,1.0,,,,5/16/2023 4:33:43 PM,12/31/9999 12:00:00 AM,0.2,7378c63d-5e2d-4d1b-9057-ba7da2448b8b,,
54,1930009000000,1.45,3.94,NUMBER_SIGNALS,1/1/2022 12:00:00 AM,2.0,,,,5/16/2023 4:33:43 PM,12/31/9999 12:00:00 AM,2.49,7378c63d-5e2d-4d1b-9057-ba7da2448b8b,,
54,1930051000000,8.13,8.66,NUMBER_SIGNALS,1/1/2022 12:00:00 AM,3.0,,,,5/16/2023 4:33:43 PM,12/31/9999 12:00:00 AM,0.53,7378c63d-5e2d-4d1b-9057-ba7da2448b8b,,
54,1930051000000,8.66,8.78,NUMBER_SIGNALS,1/1/2022 12:00:00 AM,1.0,,,,5/16/2023 4:33:43 PM,12/31/9999 12:00:00 AM,0.12,7378c63d-5e2d-4d1b-9057-ba7da2448b8b,,
54,1930115000000,0.64,1.15,NUMBER_SIGNALS,1/1/2022 12:00:00 AM,0.0,,,,5/16/2023 4:33:43 PM,12/31/9999 12:00:00 AM,0.51,7378c63d-5e2d-4d1b-9057-ba7da2448b8b,,
54,1940029000000,1.26,2.19,NUMBER_SIGNALS,1/1/2022 12:00:00 AM,0.0,,,,5/16/2023 4:33:43 PM,12/31/9999 12:00:00 AM,0.93,7378c63d-5e2d-4d1b-9057-ba7da2448b8b,,
54,1940031000000,0.0,0.029,NUMBER_SIGNALS,1/1/2022 12:00:00 AM,0.0,,,,5/16/2023 4:33:43 PM,12/31/9999 12:00:00 AM,0.029,7378c63d-5e2d-4d1b-9057-ba7da2448b8b,,
54,20100770023NB,0.0,0.6,NUMBER_SIGNALS,1/1/2022 12:00:00 AM,0.0,,,,5/16/2023 4:33:43 PM,12/31/9999 12:00:00 AM,0.6,7378c63d-5e2d-4d1b-9057-ba7da2448b8b,,
54,20100770023NB,0.6,0.8,NUMBER_SIGNALS,1/1/2022 12:00:00 AM,0.0,,,,5/16/2023 4:33:43 PM,12/31/9999 12:00:00 AM,0.2,7378c63d-5e2d-4d1b-9057-ba7da2448b8b,,
54,20100770023NB,0.8,1.02,NUMBER_SIGNALS,1/1/2022 12:00:00 AM,0.0,,,,5/16/2023 4:33:43 PM,12/31/9999 12:00:00 AM,0.22,7378c63d-5e2d-4d1b-9057-ba7da2448b8b,,
54,20200600000EB,2.44,2.86,NUMBER_SIGNALS,1/1/2022 12:00:00 AM,1.0,,,,5/16/2023 4:33:43 PM,12/31/9999 12:00:00 AM,0.42,7378c63d-5e2d-4d1b-9057-ba7da2448b8b,,
54,20200600000EB,9.19,10.9,NUMBER_SIGNALS,1/1/2022 12:00:00 AM,6.0,,,,5/16/2023 4:33:43 PM,12/31/9999 12:00:00 AM,1.71,7378c63d-5e2d-4d1b-9057-ba7da2448b8b,,
54,20200600000EB,14.84,16.0,NUMBER_SIGNALS,1/1/2022 12:00:00 AM,7.0,,,,5/16/2023 4:33:43 PM,12/31/9999 12:00:00 AM,1.16,7378c63d-5e2d-4d1b-9057-ba7da2448b8b,,
54,20200600000EB,16.07,16.48,NUMBER_SIGNALS,1/1/2022 12:00:00 AM,3.0,,,,5/16/2023 4:33:43 PM,12/31/9999 12:00:00 AM,0.41,7378c63d-5e2d-4d1b-9057-ba7da2448b8b,,
54,20200600000EB,18.64,20.08,NUMBER_SIGNALS,1/1/2022 12:00:00 AM,4.0,,,,5/16/2023 4:33:43 PM,12/31/9999 12:00:00 AM,1.44,7378c63d-5e2d-4d1b-9057-ba7da2448b8b,,
54,20201190000NB,11.64,11.7,NUMBER_SIGNALS,1/1/2022 12:00:00 AM,3.0,,,,5/16/2023 4:33:43 PM,12/31/9999 12:00:00 AM,0.06,7378c63d-5e2d-4d1b-9057-ba7da2448b8b,,
54,20201190000NB,11.7,12.9,NUMBER_SIGNALS,1/1/2022 12:00:00 AM,3.0,,,,5/16/2023 4:33:43 PM,12/31/9999 12:00:00 AM,1.2,7378c63d-5e2d-4d1b-9057-ba7da2448b8b,,
54,20201190000NB,12.9,13.4,NUMBER_SIGNALS,1/1/2022 12:00:00 AM,1.0,,,,5/16/2023 4:33:43 PM,12/31/9999 12:00:00 AM,0.5,7378c63d-5e2d-4d1b-9057-ba7da2448b8b,,
54,20201190000NB,13.4,13.9,NUMBER_SIGNALS,1/1/2022 12:00:00 AM,1.0,,,,5/16/2023 4:33:43 PM,12/31/9999 12:00:00 AM,0.5,7378c63d-5e2d-4d1b-9057-ba7da2448b8b,,
54,20201190000NB,13.9,14.04,NUMBER_SIGNALS,1/1/2022 12:00:00 AM,1.0,,,,5/16/2023 4:33:43 PM,12/31/9999 12:00:00 AM,0.14,7378c63d-5e2d-4d1b-9057-ba7da2448b8b,,
54,20201190000NB,14.22,16.28,NUMBER_SIGNALS,1/1/2022 12:00:00 AM,1.0,,,,5/16/2023 4:33:43 PM,12/31/9999 12:00:00 AM,2.06,7378c63d-5e2d-4d1b-9057-ba7da2448b8b,,
54,20201190000NB,16.28,17.0,NUMBER_SIGNALS,1/1/2022 12:00:00 AM,2.0,,,,5/16/2023 4:33:43 PM,12/31/9999 12:00:00 AM,0.72,7378c63d-5e2d-4d1b-9057-ba7da2448b8b,,
54,20201190000NB,17.0,17.1,NUMBER_SIGNALS,1/1/2022 12:00:00 AM,2.0,,,,5/16/2023 4:33:43 PM,12/31/9999 12:00:00 AM,0.1,7378c63d-5e2d-4d1b-9057-ba7da2448b8b,,
54,20201190000NB,17.1,17.16,NUMBER_SIGNALS,1/1/2022 12:00:00 AM,2.0,,,,5/16/2023 4:33:43 PM,12/31/9999 12:00:00 AM,0.06,7378c63d-5e2d-4d1b-9057-ba7da2448b8b,,
54,2030025000000,2.46,2.68,NUMBER_SIGNALS,1/1/2022 12:00:00 AM,1.0,,,,5/16/2023 4:33:43 PM,12/31/9999 12:00:00 AM,0.22,7378c63d-5e2d-4d1b-9057-ba7da2448b8b,,
54,2030025000000,9.42,10.42,NUMBER_SIGNALS,1/1/2022 12:00:00 AM,1.0,,,,5/16/2023 4:33:43 PM,12/31/9999 12:00:00 AM,1.0,7378c63d-5e2d-4d1b-9057-ba7da2448b8b,,
54,2030061000000,23.75,25.8,NUMBER_SIGNALS,1/1/2022 12:00:00 AM,5.0,,,,5/16/2023 4:33:43 PM,12/31/9999 12:00:00 AM,2.05,7378c63d-5e2d-4d1b-9057-ba7da2448b8b,,
54,2030114000000,0.5,1.44,NUMBER_SIGNALS,1/1/2022 12:00:00 AM,3.0,,,,5/16/2023 4:33:43 PM,12/31/9999 12:00:00 AM,0.94,7378c63d-5e2d-4d1b-9057-ba7da2448b8b,,
54,2030622000000,1.96,2.13,NUMBER_SIGNALS,1/1/2022 12:00:00 AM,2.0,,,,5/16/2023 4:33:43 PM,12/31/9999 12:00:00 AM,0.17,7378c63d-5e2d-4d1b-9057-ba7da2448b8b,,
54,2030622000000,2.13,2.23,NUMBER_SIGNALS,1/1/2022 12:00:00 AM,1.0,,,,5/16/2023 4:33:43 PM,12/31/9999 12:00:00 AM,0.1,7378c63d-5e2d-4d1b-9057-ba7da2448b8b,,
54,2030622000000,2.72,3.79,NUMBER_SIGNALS,1/1/2022 12:00:00 AM,2.0,,,,5/16/2023 4:33:43 PM,12/31/9999 12:00:00 AM,1.07,7378c63d-5e2d-4d1b-9057-ba7da2448b8b,,
54,2040025250000,0.0,0.15,NUMBER_SIGNALS,1/1/2022 12:00:00 AM,1.0,,,,5/16/2023 4:33:43 PM,12/31/9999 12:00:00 AM,0.15,7378c63d-5e2d-4d1b-9057-ba7da2448b8b,,
54,2040025260000,0.0,0.31,NUMBER_SIGNALS,1/1/2022 12:00:00 AM,1.0,,,,5/16/2023 4:33:43 PM,12/31/9999 12:00:00 AM,0.31,7378c63d-5e2d-4d1b-9057-ba7da2448b8b,,
54,2040025470000,0.1,0.36,NUMBER_SIGNALS,1/1/2022 12:00:00 AM,0.0,,,,5/16/2023 4:33:43 PM,12/31/9999 12:00:00 AM,0.26,7378c63d-5e2d-4d1b-9057-ba7da2448b8b,,
54,2040025470000,0.36,0.57,NUMBER_SIGNALS,1/1/2022 12:00:00 AM,3.0,,,,5/16/2023 4:33:43 PM,12/31/9999 12:00:00 AM,0.21,7378c63d-5e2d-4d1b-9057-ba7da2448b8b,,
54,2040060640000,0.0,0.35,NUMBER_SIGNALS,1/1/2022 12:00:00 AM,2.0,,,,5/16/2023 4:33:43 PM,12/31/9999 12:00:00 AM,0.35,7378c63d-5e2d-4d1b-9057-ba7da2448b8b,,
54,2040160070000,0.0,0.27,NUMBER_SIGNALS,1/1/2022 12:00:00 AM,1.0,,,,5/16/2023 4:33:43 PM,12/31/9999 12:00:00 AM,0.27,7378c63d-5e2d-4d1b-9057-ba7da2448b8b,,
54,2071013001900,0.0,1.48,NUMBER_SIGNALS,1/1/2022 12:00:00 AM,1.0,,,,5/16/2023 4:33:43 PM,12/31/9999 12:00:00 AM,1.48,7378c63d-5e2d-4d1b-9057-ba7da2448b8b,,
54,2071020001900,0.06,0.46,NUMBER_SIGNALS,1/1/2022 12:00:00 AM,5.0,,,,5/16/2023 4:33:43 PM,12/31/9999 12:00:00 AM,0.4,7378c63d-5e2d-4d1b-9057-ba7da2448b8b,,
54,2071026001900,0.0,0.33,NUMBER_SIGNALS,1/1/2022 12:00:00 AM,2.0,,,,5/16/2023 4:33:43 PM,12/31/9999 12:00:00 AM,0.33,7378c63d-5e2d-4d1b-9057-ba7da2448b8b,,
54,21200330000EB,20.19,21.03,NUMBER_SIGNALS,1/1/2022 12:00:00 AM,2.0,,,,5/16/2023 4:33:43 PM,12/31/9999 12:00:00 AM,0.84,7378c63d-5e2d-4d1b-9057-ba7da2448b8b,,
54,22201190000NB,3.37,5.4,NUMBER_SIGNALS,1/1/2022 12:00:00 AM,0.0,,,,5/16/2023 4:33:43 PM,12/31/9999 12:00:00 AM,2.03,7378c63d-5e2d-4d1b-9057-ba7da2448b8b,,
54,23201190000NB,2.54,2.67,NUMBER_SIGNALS,1/1/2022 12:00:00 AM,0.0,,,,5/16/2023 4:33:43 PM,12/31/9999 12:00:00 AM,0.13,7378c63d-5e2d-4d1b-9057-ba7da2448b8b,,
54,2330010000000,15.25,16.17,NUMBER_SIGNALS,1/1/2022 12:00:00 AM,0.0,,,,5/16/2023 4:33:43 PM,12/31/9999 12:00:00 AM,0.92,7378c63d-5e2d-4d1b-9057-ba7da2448b8b,,
54,2330010000000,19.41,20.39,NUMBER_SIGNALS,1/1/2022 12:00:00 AM,1.0,,,,5/16/2023 4:33:43 PM,12/31/9999 12:00:00 AM,0.98,7378c63d-5e2d-4d1b-9057-ba7da2448b8b,,
54,2330010000000,20.39,22.05,NUMBER_SIGNALS,1/1/2022 12:00:00 AM,2.0,,,,5/16/2023 4:33:43 PM,12/31/9999 12:00:00 AM,1.66,7378c63d-5e2d-4d1b-9057-ba7da2448b8b,,
54,2330073000000,0.31,2.15,NUMBER_SIGNALS,1/1/2022 12:00:00 AM,2.0,,,,5/16/2023 4:33:43 PM,12/31/9999 12:00:00 AM,1.84,7378c63d-5e2d-4d1b-9057-ba7da2448b8b,,
54,25200190000NB,3.003,4.64,NUMBER_SIGNALS,1/1/2022 12:00:00 AM,0.0,,,,5/16/2023 4:33:43 PM,12/31/9999 12:00:00 AM,1.637,7378c63d-5e2d-4d1b-9057-ba7da2448b8b,,
54,25200190000NB,7.16,7.97,NUMBER_SIGNALS,1/1/2022 12:00:00 AM,0.0,,,,5/16/2023 4:33:43 PM,12/31/9999 12:00:00 AM,0.81,7378c63d-5e2d-4d1b-9057-ba7da2448b8b,,
54,25200190000NB,7.97,8.47,NUMBER_SIGNALS,1/1/2022 12:00:00 AM,1.0,,,,5/16/2023 4:33:43 PM,12/31/9999 12:00:00 AM,0.5,7378c63d-5e2d-4d1b-9057-ba7da2448b8b,,
54,25202500000NB,2.87,3.0,NUMBER_SIGNALS,1/1/2022 12:00:00 AM,1.0,,,,5/16/2023 4:33:43 PM,12/31/9999 12:00:00 AM,0.13,7378c63d-5e2d-4d1b-9057-ba7da2448b8b,,
54,2530310000000,9.67,10.1,NUMBER_SIGNALS,1/1/2022 12:00:00 AM,1.0,,,,5/16/2023 4:33:43 PM,12/31/9999 12:00:00 AM,0.43,7378c63d-5e2d-4d1b-9057-ba7da2448b8b,,
54,2540019310000,0.4,0.89,NUMBER_SIGNALS,1/1/2022 12:00:00 AM,1.0,,,,5/16/2023 4:33:43 PM,12/31/9999 12:00:00 AM,0.49,7378c63d-5e2d-4d1b-9057-ba7da2448b8b,,
54,2540073730000,2.62,2.673,NUMBER_SIGNALS,1/1/2022 12:00:00 AM,0.0,,,,5/16/2023 4:33:43 PM,12/31/9999 12:00:00 AM,0.053,7378c63d-5e2d-4d1b-9057-ba7da2448b8b,,
54,2572520001900,1.04,1.81,NUMBER_SIGNALS,1/1/2022 12:00:00 AM,1.0,,,,5/16/2023 4:33:43 PM,12/31/9999 12:00:00 AM,0.77,7378c63d-5e2d-4d1b-9057-ba7da2448b8b,,
54,26202500000NB,30.09,30.92,NUMBER_SIGNALS,1/1/2022 12:00:00 AM,1.0,,,,5/16/2023 4:33:43 PM,12/31/9999 12:00:00 AM,0.83,7378c63d-5e2d-4d1b-9057-ba7da2448b8b,,
54,2630002000000,19.53,19.8,NUMBER_SIGNALS,1/1/2022 12:00:00 AM,1.0,,,,5/16/2023 4:33:43 PM,12/31/9999 12:00:00 AM,0.27,7378c63d-5e2d-4d1b-9057-ba7da2448b8b,,
54,2640001000000,0.0,0.44,NUMBER_SIGNALS,1/1/2022 12:00:00 AM,1.0,,,,5/16/2023 4:33:43 PM,12/31/9999 12:00:00 AM,0.44,7378c63d-5e2d-4d1b-9057-ba7da2448b8b,,
54,2640010000000,0.0,0.423,NUMBER_SIGNALS,1/1/2022 12:00:00 AM,2.0,,,,5/16/2023 4:33:43 PM,12/31/9999 12:00:00 AM,0.423,7378c63d-5e2d-4d1b-9057-ba7da2448b8b,,
54,2640017000000,0.0,0.12,NUMBER_SIGNALS,1/1/2022 12:00:00 AM,1.0,,,,5/16/2023 4:33:43 PM,12/31/9999 12:00:00 AM,0.12,7378c63d-5e2d-4d1b-9057-ba7da2448b8b,,
54,2730002000000,21.0,21.29,NUMBER_SIGNALS,1/1/2022 12:00:00 AM,1.0,,,,5/16/2023 4:33:43 PM,12/31/9999 12:00:00 AM,0.29,7378c63d-5e2d-4d1b-9057-ba7da2448b8b,,
54,2730062000000,19.72,20.33,NUMBER_SIGNALS,1/1/2022 12:00:00 AM,1.0,,,,5/16/2023 4:33:43 PM,12/31/9999 12:00:00 AM,0.61,7378c63d-5e2d-4d1b-9057-ba7da2448b8b,,
54,2730062000000,20.55,21.94,NUMBER_SIGNALS,1/1/2022 12:00:00 AM,1.0,,,,5/16/2023 4:33:43 PM,12/31/9999 12:00:00 AM,1.39,7378c63d-5e2d-4d1b-9057-ba7da2448b8b,,
54,28200190000NB,5.34,5.4,NUMBER_SIGNALS,1/1/2022 12:00:00 AM,1.0,,,,5/16/2023 4:33:43 PM,12/31/9999 12:00:00 AM,0.06,7378c63d-5e2d-4d1b-9057-ba7da2448b8b,,
54,28200190000NB,5.4,5.5,NUMBER_SIGNALS,1/1/2022 12:00:00 AM,1.0,,,,5/16/2023 4:33:43 PM,12/31/9999 12:00:00 AM,0.1,7378c63d-5e2d-4d1b-9057-ba7da2448b8b,,
54,28200190000NB,5.5,6.01,NUMBER_SIGNALS,1/1/2022 12:00:00 AM,1.0,,,,5/16/2023 4:33:43 PM,12/31/9999 12:00:00 AM,0.51,7378c63d-5e2d-4d1b-9057-ba7da2448b8b,,
54,28200190000NB,6.01,7.44,NUMBER_SIGNALS,1/1/2022 12:00:00 AM,1.0,,,,5/16/2023 4:33:43 PM,12/31/9999 12:00:00 AM,1.43,7378c63d-5e2d-4d1b-9057-ba7da2448b8b,,
54,28200520004NB,0.0,0.22,NUMBER_SIGNALS,1/1/2022 12:00:00 AM,2.0,,,,5/16/2023 4:33:43 PM,12/31/9999 12:00:00 AM,0.22,7378c63d-5e2d-4d1b-9057-ba7da2448b8b,,
54,28200520018EB,0.0,0.02,NUMBER_SIGNALS,1/1/2022 12:00:00 AM,0.0,,,,5/16/2023 4:33:43 PM,12/31/9999 12:00:00 AM,0.02,7378c63d-5e2d-4d1b-9057-ba7da2448b8b,,
54,28204600000EB,0.029,1.06,NUMBER_SIGNALS,1/1/2022 12:00:00 AM,1.0,,,,5/16/2023 4:33:43 PM,12/31/9999 12:00:00 AM,1.031,7378c63d-5e2d-4d1b-9057-ba7da2448b8b,,
54,28204600000EB,2.9,3.09,NUMBER_SIGNALS,1/1/2022 12:00:00 AM,1.0,,,,5/16/2023 4:33:43 PM,12/31/9999 12:00:00 AM,0.19,7378c63d-5e2d-4d1b-9057-ba7da2448b8b,,
54,28204600000EB,13.48,14.72,NUMBER_SIGNALS,1/1/2022 12:00:00 AM,1.0,,,,5/16/2023 4:33:43 PM,12/31/9999 12:00:00 AM,1.24,7378c63d-5e2d-4d1b-9057-ba7da2448b8b,,
54,28204600000EB,14.72,15.15,NUMBER_SIGNALS,1/1/2022 12:00:00 AM,1.0,,,,5/16/2023 4:33:43 PM,12/31/9999 12:00:00 AM,0.43,7378c63d-5e2d-4d1b-9057-ba7da2448b8b,,
54,2830020000000,10.32,11.4,NUMBER_SIGNALS,1/1/2022 12:00:00 AM,4.0,,,,5/16/2023 4:33:43 PM,12/31/9999 12:00:00 AM,1.08,7378c63d-5e2d-4d1b-9057-ba7da2448b8b,,
54,2830020000000,12.05,12.78,NUMBER_SIGNALS,1/1/2022 12:00:00 AM,1.0,,,,5/16/2023 4:33:43 PM,12/31/9999 12:00:00 AM,0.73,7378c63d-5e2d-4d1b-9057-ba7da2448b8b,,
54,2840021010000,0.0,0.89,NUMBER_SIGNALS,1/1/2022 12:00:00 AM,1.0,,,,5/16/2023 4:33:43 PM,12/31/9999 12:00:00 AM,0.89,7378c63d-5e2d-4d1b-9057-ba7da2448b8b,,
54,2840024000000,0.0,0.3,NUMBER_SIGNALS,1/1/2022 12:00:00 AM,1.0,,,,5/16/2023 4:33:43 PM,12/31/9999 12:00:00 AM,0.3,7378c63d-5e2d-4d1b-9057-ba7da2448b8b,,
54,2870507001900,0.66,1.54,NUMBER_SIGNALS,1/1/2022 12:00:00 AM,1.0,,,,5/16/2023 4:33:43 PM,12/31/9999 12:00:00 AM,0.88,7378c63d-5e2d-4d1b-9057-ba7da2448b8b,,
54,2930046000000,19.82,19.94,NUMBER_SIGNALS,1/1/2022 12:00:00 AM,1.0,,,,5/16/2023 4:33:43 PM,12/31/9999 12:00:00 AM,0.12,7378c63d-5e2d-4d1b-9057-ba7da2448b8b,,
54,31100680000EB,10.28,10.32,NUMBER_SIGNALS,1/1/2022 12:00:00 AM,0.0,,,,5/16/2023 4:33:43 PM,12/31/9999 12:00:00 AM,0.04,7378c63d-5e2d-4d1b-9057-ba7da2448b8b,,
54,31200190000NB,8.99,9.16,NUMBER_SIGNALS,1/1/2022 12:00:00 AM,1.0,,,,5/16/2023 4:33:43 PM,12/31/9999 12:00:00 AM,0.17,7378c63d-5e2d-4d1b-9057-ba7da2448b8b,,
54,31200190000NB,11.51,12.33,NUMBER_SIGNALS,1/1/2022 12:00:00 AM,2.0,,,,5/16/2023 4:33:43 PM,12/31/9999 12:00:00 AM,0.82,7378c63d-5e2d-4d1b-9057-ba7da2448b8b,,
54,31200190000NB,13.74,14.19,NUMBER_SIGNALS,1/1/2022 12:00:00 AM,1.0,,,,5/16/2023 4:33:43 PM,12/31/9999 12:00:00 AM,0.45,7378c63d-5e2d-4d1b-9057-ba7da2448b8b,,
54,31200190000NB,14.8,14.98,NUMBER_SIGNALS,1/1/2022 12:00:00 AM,1.0,,,,5/16/2023 4:33:43 PM,12/31/9999 12:00:00 AM,0.18,7378c63d-5e2d-4d1b-9057-ba7da2448b8b,,
54,31201190000NB,13.78,13.99,NUMBER_SIGNALS,1/1/2022 12:00:00 AM,2.0,,,,5/16/2023 4:33:43 PM,12/31/9999 12:00:00 AM,0.21,7378c63d-5e2d-4d1b-9057-ba7da2448b8b,,
54,31201190000NB,13.99,14.1,NUMBER_SIGNALS,1/1/2022 12:00:00 AM,1.0,,,,5/16/2023 4:33:43 PM,12/31/9999 12:00:00 AM,0.11,7378c63d-5e2d-4d1b-9057-ba7da2448b8b,,
54,31201190000NB,14.1,14.22,NUMBER_SIGNALS,1/1/2022 12:00:00 AM,2.0,,,,5/16/2023 4:33:43 PM,12/31/9999 12:00:00 AM,0.12,7378c63d-5e2d-4d1b-9057-ba7da2448b8b,,
54,31201190000NB,14.42,14.62,NUMBER_SIGNALS,1/1/2022 12:00:00 AM,1.0,,,,5/16/2023 4:33:43 PM,12/31/9999 12:00:00 AM,0.2,7378c63d-5e2d-4d1b-9057-ba7da2448b8b,,
54,31201190000NB,15.72,16.0,NUMBER_SIGNALS,1/1/2022 12:00:00 AM,1.0,,,,5/16/2023 4:33:43 PM,12/31/9999 12:00:00 AM,0.28,7378c63d-5e2d-4d1b-9057-ba7da2448b8b,,
54,31201190000NB,16.82,17.35,NUMBER_SIGNALS,1/1/2022 12:00:00 AM,1.0,,,,5/16/2023 4:33:43 PM,12/31/9999 12:00:00 AM,0.53,7378c63d-5e2d-4d1b-9057-ba7da2448b8b,,
54,31201190000NB,18.2,19.66,NUMBER_SIGNALS,1/1/2022 12:00:00 AM,1.0,,,,5/16/2023 4:33:43 PM,12/31/9999 12:00:00 AM,1.46,7378c63d-5e2d-4d1b-9057-ba7da2448b8b,,
54,3130007000000,34.71,35.76,NUMBER_SIGNALS,1/1/2022 12:00:00 AM,3.0,,,,5/16/2023 4:33:43 PM,12/31/9999 12:00:00 AM,1.05,7378c63d-5e2d-4d1b-9057-ba7da2448b8b,,
54,3130705000000,0.0,0.51,NUMBER_SIGNALS,1/1/2022 12:00:00 AM,2.0,,,,5/16/2023 4:33:43 PM,12/31/9999 12:00:00 AM,0.51,7378c63d-5e2d-4d1b-9057-ba7da2448b8b,,
54,3130705000000,0.68,1.23,NUMBER_SIGNALS,1/1/2022 12:00:00 AM,3.0,,,,5/16/2023 4:33:43 PM,12/31/9999 12:00:00 AM,0.55,7378c63d-5e2d-4d1b-9057-ba7da2448b8b,,
54,3130705000000,1.23,1.64,NUMBER_SIGNALS,1/1/2022 12:00:00 AM,2.0,,,,5/16/2023 4:33:43 PM,12/31/9999 12:00:00 AM,0.41,7378c63d-5e2d-4d1b-9057-ba7da2448b8b,,
54,3130705000000,1.64,1.81,NUMBER_SIGNALS,1/1/2022 12:00:00 AM,2.0,,,,5/16/2023 4:33:43 PM,12/31/9999 12:00:00 AM,0.17,7378c63d-5e2d-4d1b-9057-ba7da2448b8b,,
54,3140059000000,0.0,0.33,NUMBER_SIGNALS,1/1/2022 12:00:00 AM,1.0,,,,5/16/2023 4:33:43 PM,12/31/9999 12:00:00 AM,0.33,7378c63d-5e2d-4d1b-9057-ba7da2448b8b,,
54,3140059020000,0.0,0.44,NUMBER_SIGNALS,1/1/2022 12:00:00 AM,1.0,,,,5/16/2023 4:33:43 PM,12/31/9999 12:00:00 AM,0.44,7378c63d-5e2d-4d1b-9057-ba7da2448b8b,,
54,3140061000000,0.0,0.94,NUMBER_SIGNALS,1/1/2022 12:00:00 AM,1.0,,,,5/16/2023 4:33:43 PM,12/31/9999 12:00:00 AM,0.94,7378c63d-5e2d-4d1b-9057-ba7da2448b8b,,
54,3140061010000,0.41,0.52,NUMBER_SIGNALS,1/1/2022 12:00:00 AM,1.0,,,,5/16/2023 4:33:43 PM,12/31/9999 12:00:00 AM,0.11,7378c63d-5e2d-4d1b-9057-ba7da2448b8b,,
54,3140067000000,6.22,7.97,NUMBER_SIGNALS,1/1/2022 12:00:00 AM,1.0,,,,5/16/2023 4:33:43 PM,12/31/9999 12:00:00 AM,1.75,7378c63d-5e2d-4d1b-9057-ba7da2448b8b,,
54,3140069050000,2.02,2.1,NUMBER_SIGNALS,1/1/2022 12:00:00 AM,0.0,,,,5/16/2023 4:33:43 PM,12/31/9999 12:00:00 AM,0.08,7378c63d-5e2d-4d1b-9057-ba7da2448b8b,,
54,3140081000000,7.25,8.03,NUMBER_SIGNALS,1/1/2022 12:00:00 AM,1.0,,,,5/16/2023 4:33:43 PM,12/31/9999 12:00:00 AM,0.78,7378c63d-5e2d-4d1b-9057-ba7da2448b8b,,
54,3140100010000,0.0,0.501,NUMBER_SIGNALS,1/1/2022 12:00:00 AM,0.0,,,,5/16/2023 4:33:43 PM,12/31/9999 12:00:00 AM,0.501,7378c63d-5e2d-4d1b-9057-ba7da2448b8b,,
54,3140857000000,5.11,5.59,NUMBER_SIGNALS,1/1/2022 12:00:00 AM,1.0,,,,5/16/2023 4:33:43 PM,12/31/9999 12:00:00 AM,0.48,7378c63d-5e2d-4d1b-9057-ba7da2448b8b,,
54,3140857000000,10.85,11.35,NUMBER_SIGNALS,1/1/2022 12:00:00 AM,0.0,,,,5/16/2023 4:33:43 PM,12/31/9999 12:00:00 AM,0.5,7378c63d-5e2d-4d1b-9057-ba7da2448b8b,,
54,3174770001900,0.4,0.44,NUMBER_SIGNALS,1/1/2022 12:00:00 AM,0.0,,,,5/16/2023 4:33:43 PM,12/31/9999 12:00:00 AM,0.04,7378c63d-5e2d-4d1b-9057-ba7da2448b8b,,
54,3174771001900,0.3,0.65,NUMBER_SIGNALS,1/1/2022 12:00:00 AM,2.0,,,,5/16/2023 4:33:43 PM,12/31/9999 12:00:00 AM,0.35,7378c63d-5e2d-4d1b-9057-ba7da2448b8b,,
54,34200190000NB,11.03,11.47,NUMBER_SIGNALS,1/1/2022 12:00:00 AM,1.0,,,,5/16/2023 4:33:43 PM,12/31/9999 12:00:00 AM,0.44,7378c63d-5e2d-4d1b-9057-ba7da2448b8b,,
54,35200400000EB,2.83,3.24,NUMBER_SIGNALS,1/1/2022 12:00:00 AM,3.0,,,,5/16/2023 4:33:43 PM,12/31/9999 12:00:00 AM,0.41,7378c63d-5e2d-4d1b-9057-ba7da2448b8b,,
54,35200400000EB,3.44,3.91,NUMBER_SIGNALS,1/1/2022 12:00:00 AM,1.0,,,,5/16/2023 4:33:43 PM,12/31/9999 12:00:00 AM,0.47,7378c63d-5e2d-4d1b-9057-ba7da2448b8b,,
54,35200400000EB,4.32,5.42,NUMBER_SIGNALS,1/1/2022 12:00:00 AM,4.0,,,,5/16/2023 4:33:43 PM,12/31/9999 12:00:00 AM,1.1,7378c63d-5e2d-4d1b-9057-ba7da2448b8b,,
54,35200400000EB,7.1,7.44,NUMBER_SIGNALS,1/1/2022 12:00:00 AM,1.0,,,,5/16/2023 4:33:43 PM,12/31/9999 12:00:00 AM,0.34,7378c63d-5e2d-4d1b-9057-ba7da2448b8b,,
54,35202500009NB,0.0,0.68,NUMBER_SIGNALS,1/1/2022 12:00:00 AM,3.0,,,,5/16/2023 4:33:43 PM,12/31/9999 12:00:00 AM,0.68,7378c63d-5e2d-4d1b-9057-ba7da2448b8b,,
54,35202500010SB,0.0,0.64,NUMBER_SIGNALS,1/1/2022 12:00:00 AM,2.0,,,,5/16/2023 4:33:43 PM,12/31/9999 12:00:00 AM,0.64,7378c63d-5e2d-4d1b-9057-ba7da2448b8b,,
54,3530002000000,2.36,2.84,NUMBER_SIGNALS,1/1/2022 12:00:00 AM,4.0,,,,5/16/2023 4:33:43 PM,12/31/9999 12:00:00 AM,0.48,7378c63d-5e2d-4d1b-9057-ba7da2448b8b,,
54,3530002000000,5.81,7.04,NUMBER_SIGNALS,1/1/2022 12:00:00 AM,4.0,,,,5/16/2023 4:33:43 PM,12/31/9999 12:00:00 AM,1.23,7378c63d-5e2d-4d1b-9057-ba7da2448b8b,,
54,3540003000000,0.0,1.17,NUMBER_SIGNALS,1/1/2022 12:00:00 AM,1.0,,,,5/16/2023 4:33:43 PM,12/31/9999 12:00:00 AM,1.17,7378c63d-5e2d-4d1b-9057-ba7da2448b8b,,
54,3540018000000,0.0,0.72,NUMBER_SIGNALS,1/1/2022 12:00:00 AM,0.0,,,,5/16/2023 4:33:43 PM,12/31/9999 12:00:00 AM,0.72,7378c63d-5e2d-4d1b-9057-ba7da2448b8b,,
54,3540018010000,0.0,0.06,NUMBER_SIGNALS,1/1/2022 12:00:00 AM,1.0,,,,5/16/2023 4:33:43 PM,12/31/9999 12:00:00 AM,0.06,7378c63d-5e2d-4d1b-9057-ba7da2448b8b,,
54,3540018020000,0.0,0.23,NUMBER_SIGNALS,1/1/2022 12:00:00 AM,4.0,,,,5/16/2023 4:33:43 PM,12/31/9999 12:00:00 AM,0.23,7378c63d-5e2d-4d1b-9057-ba7da2448b8b,,
54,3540018030000,0.0,0.61,NUMBER_SIGNALS,1/1/2022 12:00:00 AM,2.0,,,,5/16/2023 4:33:43 PM,12/31/9999 12:00:00 AM,0.61,7378c63d-5e2d-4d1b-9057-ba7da2448b8b,,
54,3540021000000,0.65,0.73,NUMBER_SIGNALS,1/1/2022 12:00:00 AM,0.0,,,,5/16/2023 4:33:43 PM,12/31/9999 12:00:00 AM,0.08,7378c63d-5e2d-4d1b-9057-ba7da2448b8b,,
54,3540024000000,0.0,0.4,NUMBER_SIGNALS,1/1/2022 12:00:00 AM,3.0,,,,5/16/2023 4:33:43 PM,12/31/9999 12:00:00 AM,0.4,7378c63d-5e2d-4d1b-9057-ba7da2448b8b,,
54,3578259001900,0.33,0.49,NUMBER_SIGNALS,1/1/2022 12:00:00 AM,2.0,,,,5/16/2023 4:33:43 PM,12/31/9999 12:00:00 AM,0.16,7378c63d-5e2d-4d1b-9057-ba7da2448b8b,,
54,3578280001900,0.0,0.4,NUMBER_SIGNALS,1/1/2022 12:00:00 AM,1.0,,,,5/16/2023 4:33:43 PM,12/31/9999 12:00:00 AM,0.4,7378c63d-5e2d-4d1b-9057-ba7da2448b8b,,
54,3578281001900,0.21,0.34,NUMBER_SIGNALS,1/1/2022 12:00:00 AM,3.0,,,,5/16/2023 4:33:43 PM,12/31/9999 12:00:00 AM,0.13,7378c63d-5e2d-4d1b-9057-ba7da2448b8b,,
54,3930072000000,18.42,20.44,NUMBER_SIGNALS,1/1/2022 12:00:00 AM,1.0,,,,5/16/2023 4:33:43 PM,12/31/9999 12:00:00 AM,2.02,7378c63d-5e2d-4d1b-9057-ba7da2448b8b,,
54,4030025000000,0.0,0.63,NUMBER_SIGNALS,1/1/2022 12:00:00 AM,1.0,,,,5/16/2023 4:33:43 PM,12/31/9999 12:00:00 AM,0.63,7378c63d-5e2d-4d1b-9057-ba7da2448b8b,,
54,4030034000000,14.57,14.97,NUMBER_SIGNALS,1/1/2022 12:00:00 AM,2.0,,,,5/16/2023 4:33:43 PM,12/31/9999 12:00:00 AM,0.4,7378c63d-5e2d-4d1b-9057-ba7da2448b8b,,
54,4030034000000,17.018,17.081,NUMBER_SIGNALS,1/1/2022 12:00:00 AM,0.0,,,,5/16/2023 4:33:43 PM,12/31/9999 12:00:00 AM,0.063,7378c63d-5e2d-4d1b-9057-ba7da2448b8b,,
54,4030817000000,2.06,8.81,NUMBER_SIGNALS,1/1/2022 12:00:00 AM,0.0,,,,5/16/2023 4:33:43 PM,12/31/9999 12:00:00 AM,6.75,7378c63d-5e2d-4d1b-9057-ba7da2448b8b,,
54,4030817000000,8.81,10.62,NUMBER_SIGNALS,1/1/2022 12:00:00 AM,0.0,,,,5/16/2023 4:33:43 PM,12/31/9999 12:00:00 AM,1.81,7378c63d-5e2d-4d1b-9057-ba7da2448b8b,,
54,41100640000EB,120.69,121.5,NUMBER_SIGNALS,1/1/2022 12:00:00 AM,0.0,,,,5/16/2023 4:33:43 PM,12/31/9999 12:00:00 AM,0.81,7378c63d-5e2d-4d1b-9057-ba7da2448b8b,,
54,41100640000EB,121.5,122.5,NUMBER_SIGNALS,1/1/2022 12:00:00 AM,0.0,,,,5/16/2023 4:33:43 PM,12/31/9999 12:00:00 AM,1.0,7378c63d-5e2d-4d1b-9057-ba7da2448b8b,,
54,41100640000EB,122.5,122.62,NUMBER_SIGNALS,1/1/2022 12:00:00 AM,0.0,,,,5/16/2023 4:33:43 PM,12/31/9999 12:00:00 AM,0.12,7378c63d-5e2d-4d1b-9057-ba7da2448b8b,,
54,41100640017WB,0.594,0.82,NUMBER_SIGNALS,1/1/2022 12:00:00 AM,0.0,,,,5/16/2023 4:33:43 PM,12/31/9999 12:00:00 AM,0.226,7378c63d-5e2d-4d1b-9057-ba7da2448b8b,,
54,41100770016NB,35.75,37.82,NUMBER_SIGNALS,1/1/2022 12:00:00 AM,0.0,,,,5/16/2023 4:33:43 PM,12/31/9999 12:00:00 AM,2.07,7378c63d-5e2d-4d1b-9057-ba7da2448b8b,,
54,41200190000NB,17.18,17.95,NUMBER_SIGNALS,1/1/2022 12:00:00 AM,2.0,,,,5/16/2023 4:33:43 PM,12/31/9999 12:00:00 AM,0.77,7378c63d-5e2d-4d1b-9057-ba7da2448b8b,,
54,41200190000NB,18.31,18.41,NUMBER_SIGNALS,1/1/2022 12:00:00 AM,1.0,,,,5/16/2023 4:33:43 PM,12/31/9999 12:00:00 AM,0.1,7378c63d-5e2d-4d1b-9057-ba7da2448b8b,,
54,41200190000NB,18.41,18.64,NUMBER_SIGNALS,1/1/2022 12:00:00 AM,1.0,,,,5/16/2023 4:33:43 PM,12/31/9999 12:00:00 AM,0.23,7378c63d-5e2d-4d1b-9057-ba7da2448b8b,,
54,41200190000NB,18.64,19.33,NUMBER_SIGNALS,1/1/2022 12:00:00 AM,2.0,,,,5/16/2023 4:33:43 PM,12/31/9999 12:00:00 AM,0.69,7378c63d-5e2d-4d1b-9057-ba7da2448b8b,,
54,41200190000NB,19.8,21.61,NUMBER_SIGNALS,1/1/2022 12:00:00 AM,1.0,,,,5/16/2023 4:33:43 PM,12/31/9999 12:00:00 AM,1.81,7378c63d-5e2d-4d1b-9057-ba7da2448b8b,,
54,41200190000NB,23.31,23.5,NUMBER_SIGNALS,1/1/2022 12:00:00 AM,1.0,,,,5/16/2023 4:33:43 PM,12/31/9999 12:00:00 AM,0.19,7378c63d-5e2d-4d1b-9057-ba7da2448b8b,,
54,41200190000NB,23.5,24.09,NUMBER_SIGNALS,1/1/2022 12:00:00 AM,1.0,,,,5/16/2023 4:33:43 PM,12/31/9999 12:00:00 AM,0.59,7378c63d-5e2d-4d1b-9057-ba7da2448b8b,,
54,41200190023EB,0.0,0.033,NUMBER_SIGNALS,1/1/2022 12:00:00 AM,0.0,,,,5/16/2023 4:33:43 PM,12/31/9999 12:00:00 AM,0.033,7378c63d-5e2d-4d1b-9057-ba7da2448b8b,,
54,41200190023EB,0.033,0.034,NUMBER_SIGNALS,1/1/2022 12:00:00 AM,0.0,,,,5/16/2023 4:33:43 PM,12/31/9999 12:00:00 AM,0.001,7378c63d-5e2d-4d1b-9057-ba7da2448b8b,,
54,4130016000000,12.0,14.12,NUMBER_SIGNALS,1/1/2022 12:00:00 AM,2.0,,,,5/16/2023 4:33:43 PM,12/31/9999 12:00:00 AM,2.12,7378c63d-5e2d-4d1b-9057-ba7da2448b8b,,
54,4130016000000,15.08,15.61,NUMBER_SIGNALS,1/1/2022 12:00:00 AM,2.0,,,,5/16/2023 4:33:43 PM,12/31/9999 12:00:00 AM,0.53,7378c63d-5e2d-4d1b-9057-ba7da2448b8b,,
54,4130016000000,18.53,18.82,NUMBER_SIGNALS,1/1/2022 12:00:00 AM,1.0,,,,5/16/2023 4:33:43 PM,12/31/9999 12:00:00 AM,0.29,7378c63d-5e2d-4d1b-9057-ba7da2448b8b,,
54,4130016000000,18.82,18.96,NUMBER_SIGNALS,1/1/2022 12:00:00 AM,1.0,,,,5/16/2023 4:33:43 PM,12/31/9999 12:00:00 AM,0.14,7378c63d-5e2d-4d1b-9057-ba7da2448b8b,,
54,4130016000000,18.96,19.79,NUMBER_SIGNALS,1/1/2022 12:00:00 AM,1.0,,,,5/16/2023 4:33:43 PM,12/31/9999 12:00:00 AM,0.83,7378c63d-5e2d-4d1b-9057-ba7da2448b8b,,
54,4130041000000,0.0,0.71,NUMBER_SIGNALS,1/1/2022 12:00:00 AM,2.0,,,,5/16/2023 4:33:43 PM,12/31/9999 12:00:00 AM,0.71,7378c63d-5e2d-4d1b-9057-ba7da2448b8b,,
54,4130210000000,1.2,1.89,NUMBER_SIGNALS,1/1/2022 12:00:00 AM,1.0,,,,5/16/2023 4:33:43 PM,12/31/9999 12:00:00 AM,0.69,7378c63d-5e2d-4d1b-9057-ba7da2448b8b,,
54,4130210000000,1.89,2.79,NUMBER_SIGNALS,1/1/2022 12:00:00 AM,2.0,,,,5/16/2023 4:33:43 PM,12/31/9999 12:00:00 AM,0.9,7378c63d-5e2d-4d1b-9057-ba7da2448b8b,,
54,4140006000000,0.0,0.14,NUMBER_SIGNALS,1/1/2022 12:00:00 AM,1.0,,,,5/16/2023 4:33:43 PM,12/31/9999 12:00:00 AM,0.14,7378c63d-5e2d-4d1b-9057-ba7da2448b8b,,
54,4140006090000,0.6,1.37,NUMBER_SIGNALS,1/1/2022 12:00:00 AM,0.0,,,,5/16/2023 4:33:43 PM,12/31/9999 12:00:00 AM,0.77,7378c63d-5e2d-4d1b-9057-ba7da2448b8b,,
54,4140008000000,0.0,0.11,NUMBER_SIGNALS,1/1/2022 12:00:00 AM,1.0,,,,5/16/2023 4:33:43 PM,12/31/9999 12:00:00 AM,0.11,7378c63d-5e2d-4d1b-9057-ba7da2448b8b,,
54,4140009090000,0.0,1.81,NUMBER_SIGNALS,1/1/2022 12:00:00 AM,0.0,,,,5/16/2023 4:33:43 PM,12/31/9999 12:00:00 AM,1.81,7378c63d-5e2d-4d1b-9057-ba7da2448b8b,,
54,4170016001900,0.72,0.9,NUMBER_SIGNALS,1/1/2022 12:00:00 AM,1.0,,,,5/16/2023 4:33:43 PM,12/31/9999 12:00:00 AM,0.18,7378c63d-5e2d-4d1b-9057-ba7da2448b8b,,
54,42200330000EB,4.522,4.7,NUMBER_SIGNALS,1/1/2022 12:00:00 AM,1.0,,,,5/16/2023 4:33:43 PM,12/31/9999 12:00:00 AM,0.178,7378c63d-5e2d-4d1b-9057-ba7da2448b8b,,
54,42200330000EB,4.7,5.76,NUMBER_SIGNALS,1/1/2022 12:00:00 AM,1.0,,,,5/16/2023 4:33:43 PM,12/31/9999 12:00:00 AM,1.06,7378c63d-5e2d-4d1b-9057-ba7da2448b8b,,
54,42200330000EB,5.76,5.9,NUMBER_SIGNALS,1/1/2022 12:00:00 AM,1.0,,,,5/16/2023 4:33:43 PM,12/31/9999 12:00:00 AM,0.14,7378c63d-5e2d-4d1b-9057-ba7da2448b8b,,
54,42200330000EB,5.9,7.26,NUMBER_SIGNALS,1/1/2022 12:00:00 AM,1.0,,,,5/16/2023 4:33:43 PM,12/31/9999 12:00:00 AM,1.36,7378c63d-5e2d-4d1b-9057-ba7da2448b8b,,
54,42200330000EB,7.26,7.76,NUMBER_SIGNALS,1/1/2022 12:00:00 AM,1.0,,,,5/16/2023 4:33:43 PM,12/31/9999 12:00:00 AM,0.5,7378c63d-5e2d-4d1b-9057-ba7da2448b8b,,
54,42200330000EB,7.76,7.9,NUMBER_SIGNALS,1/1/2022 12:00:00 AM,1.0,,,,5/16/2023 4:33:43 PM,12/31/9999 12:00:00 AM,0.14,7378c63d-5e2d-4d1b-9057-ba7da2448b8b,,
54,42200330000EB,7.9,8.05,NUMBER_SIGNALS,1/1/2022 12:00:00 AM,1.0,,,,5/16/2023 4:33:43 PM,12/31/9999 12:00:00 AM,0.15,7378c63d-5e2d-4d1b-9057-ba7da2448b8b,,
54,42200330000EB,8.05,8.63,NUMBER_SIGNALS,1/1/2022 12:00:00 AM,0.0,,,,5/16/2023 4:33:43 PM,12/31/9999 12:00:00 AM,0.58,7378c63d-5e2d-4d1b-9057-ba7da2448b8b,,
54,42200330000EB,8.63,8.64,NUMBER_SIGNALS,1/1/2022 12:00:00 AM,0.0,,,,5/16/2023 4:33:43 PM,12/31/9999 12:00:00 AM,0.01,7378c63d-5e2d-4d1b-9057-ba7da2448b8b,,
54,42200330000EB,8.64,8.78,NUMBER_SIGNALS,1/1/2022 12:00:00 AM,0.0,,,,5/16/2023 4:33:43 PM,12/31/9999 12:00:00 AM,0.14,7378c63d-5e2d-4d1b-9057-ba7da2448b8b,,
54,42200330000EB,8.78,9.5,NUMBER_SIGNALS,1/1/2022 12:00:00 AM,0.0,,,,5/16/2023 4:33:43 PM,12/31/9999 12:00:00 AM,0.72,7378c63d-5e2d-4d1b-9057-ba7da2448b8b,,
54,42202190000NB,36.33,37.54,NUMBER_SIGNALS,1/1/2022 12:00:00 AM,2.0,,,,5/16/2023 4:33:43 PM,12/31/9999 12:00:00 AM,1.21,7378c63d-5e2d-4d1b-9057-ba7da2448b8b,,
54,42202190000NB,37.54,37.87,NUMBER_SIGNALS,1/1/2022 12:00:00 AM,2.0,,,,5/16/2023 4:33:43 PM,12/31/9999 12:00:00 AM,0.33,7378c63d-5e2d-4d1b-9057-ba7da2448b8b,,
54,4640044080000,0.69,0.72,NUMBER_SIGNALS,1/1/2022 12:00:00 AM,0.0,,,,5/16/2023 4:33:43 PM,12/31/9999 12:00:00 AM,0.03,7378c63d-5e2d-4d1b-9057-ba7da2448b8b,,
54,4940151000000,0.0,0.24,NUMBER_SIGNALS,1/1/2022 12:00:00 AM,3.0,,,,5/16/2023 4:33:43 PM,12/31/9999 12:00:00 AM,0.24,7378c63d-5e2d-4d1b-9057-ba7da2448b8b,,
54,50100640000EB,1.25,1.29,NUMBER_SIGNALS,1/1/2022 12:00:00 AM,0.0,,,,5/16/2023 4:33:43 PM,12/31/9999 12:00:00 AM,0.04,7378c63d-5e2d-4d1b-9057-ba7da2448b8b,,
54,50200600000EB,1.13,1.83,NUMBER_SIGNALS,1/1/2022 12:00:00 AM,2.0,,,,5/16/2023 4:33:43 PM,12/31/9999 12:00:00 AM,0.7,7378c63d-5e2d-4d1b-9057-ba7da2448b8b,,
54,50200600000EB,3.79,4.04,NUMBER_SIGNALS,1/1/2022 12:00:00 AM,1.0,,,,5/16/2023 4:33:43 PM,12/31/9999 12:00:00 AM,0.25,7378c63d-5e2d-4d1b-9057-ba7da2448b8b,,
54,50200600000EB,4.04,4.39,NUMBER_SIGNALS,1/1/2022 12:00:00 AM,1.0,,,,5/16/2023 4:33:43 PM,12/31/9999 12:00:00 AM,0.35,7378c63d-5e2d-4d1b-9057-ba7da2448b8b,,
54,5030152000000,40.4,43.98,NUMBER_SIGNALS,1/1/2022 12:00:00 AM,1.0,,,,5/16/2023 4:33:43 PM,12/31/9999 12:00:00 AM,3.58,7378c63d-5e2d-4d1b-9057-ba7da2448b8b,,
54,5230002000000,5.69,6.08,NUMBER_SIGNALS,1/1/2022 12:00:00 AM,3.0,,,,5/16/2023 4:33:43 PM,12/31/9999 12:00:00 AM,0.39,7378c63d-5e2d-4d1b-9057-ba7da2448b8b,,
54,5230002000000,6.08,6.45,NUMBER_SIGNALS,1/1/2022 12:00:00 AM,4.0,,,,5/16/2023 4:33:43 PM,12/31/9999 12:00:00 AM,0.37,7378c63d-5e2d-4d1b-9057-ba7da2448b8b,,
54,5230002000000,6.45,6.5,NUMBER_SIGNALS,1/1/2022 12:00:00 AM,4.0,,,,5/16/2023 4:33:43 PM,12/31/9999 12:00:00 AM,0.05,7378c63d-5e2d-4d1b-9057-ba7da2448b8b,,
54,5230002000000,6.95,7.09,NUMBER_SIGNALS,1/1/2022 12:00:00 AM,1.0,,,,5/16/2023 4:33:43 PM,12/31/9999 12:00:00 AM,0.14,7378c63d-5e2d-4d1b-9057-ba7da2448b8b,,
54,5230002000000,8.35,8.6,NUMBER_SIGNALS,1/1/2022 12:00:00 AM,1.0,,,,5/16/2023 4:33:43 PM,12/31/9999 12:00:00 AM,0.25,7378c63d-5e2d-4d1b-9057-ba7da2448b8b,,
54,5230002000000,8.6,9.24,NUMBER_SIGNALS,1/1/2022 12:00:00 AM,1.0,,,,5/16/2023 4:33:43 PM,12/31/9999 12:00:00 AM,0.64,7378c63d-5e2d-4d1b-9057-ba7da2448b8b,,
54,54100770000NB,181.67,181.674,NUMBER_SIGNALS,1/1/2022 12:00:00 AM,0.0,,,,5/16/2023 4:33:43 PM,12/31/9999 12:00:00 AM,0.004,7378c63d-5e2d-4d1b-9057-ba7da2448b8b,,
54,54100770000NB,181.674,185.34,NUMBER_SIGNALS,1/1/2022 12:00:00 AM,0.0,,,,5/16/2023 4:33:43 PM,12/31/9999 12:00:00 AM,3.666,7378c63d-5e2d-4d1b-9057-ba7da2448b8b,,
54,54100770000NB,185.34,185.64,NUMBER_SIGNALS,1/1/2022 12:00:00 AM,0.0,,,,5/16/2023 4:33:43 PM,12/31/9999 12:00:00 AM,0.3,7378c63d-5e2d-4d1b-9057-ba7da2448b8b,,
54,5430014000000,12.88,13.0,NUMBER_SIGNALS,1/1/2022 12:00:00 AM,1.0,,,,5/16/2023 4:33:43 PM,12/31/9999 12:00:00 AM,0.12,7378c63d-5e2d-4d1b-9057-ba7da2448b8b,,
54,5430014000000,15.19,15.32,NUMBER_SIGNALS,1/1/2022 12:00:00 AM,1.0,,,,5/16/2023 4:33:43 PM,12/31/9999 12:00:00 AM,0.13,7378c63d-5e2d-4d1b-9057-ba7da2448b8b,,
54,5430014000100,0.0,0.63,NUMBER_SIGNALS,1/1/2022 12:00:00 AM,1.0,,,,5/16/2023 4:33:43 PM,12/31/9999 12:00:00 AM,0.63,7378c63d-5e2d-4d1b-9057-ba7da2448b8b,,
54,5430014000100,1.72,1.98,NUMBER_SIGNALS,1/1/2022 12:00:00 AM,1.0,,,,5/16/2023 4:33:43 PM,12/31/9999 12:00:00 AM,0.26,7378c63d-5e2d-4d1b-9057-ba7da2448b8b,,
54,54300140005SB,0.0,0.16,NUMBER_SIGNALS,1/1/2022 12:00:00 AM,2.0,,,,5/16/2023 4:33:43 PM,12/31/9999 12:00:00 AM,0.16,7378c63d-5e2d-4d1b-9057-ba7da2448b8b,,
54,54300140005SB,0.16,0.32,NUMBER_SIGNALS,1/1/2022 12:00:00 AM,1.0,,,,5/16/2023 4:33:43 PM,12/31/9999 12:00:00 AM,0.16,7378c63d-5e2d-4d1b-9057-ba7da2448b8b,,
54,54300680005SB,1.69,1.92,NUMBER_SIGNALS,1/1/2022 12:00:00 AM,2.0,,,,5/16/2023 4:33:43 PM,12/31/9999 12:00:00 AM,0.23,7378c63d-5e2d-4d1b-9057-ba7da2448b8b,,
54,5430095000000,4.2,6.12,NUMBER_SIGNALS,1/1/2022 12:00:00 AM,2.0,,,,5/16/2023 4:33:43 PM,12/31/9999 12:00:00 AM,1.92,7378c63d-5e2d-4d1b-9057-ba7da2448b8b,,
54,5440012000000,0.0,0.33,NUMBER_SIGNALS,1/1/2022 12:00:00 AM,1.0,,,,5/16/2023 4:33:43 PM,12/31/9999 12:00:00 AM,0.33,7378c63d-5e2d-4d1b-9057-ba7da2448b8b,,
54,5440016000000,0.0,0.5,NUMBER_SIGNALS,1/1/2022 12:00:00 AM,1.0,,,,5/16/2023 4:33:43 PM,12/31/9999 12:00:00 AM,0.5,7378c63d-5e2d-4d1b-9057-ba7da2448b8b,,
54,5440016000000,0.5,0.9,NUMBER_SIGNALS,1/1/2022 12:00:00 AM,1.0,,,,5/16/2023 4:33:43 PM,12/31/9999 12:00:00 AM,0.4,7378c63d-5e2d-4d1b-9057-ba7da2448b8b,,
54,5475766001900,0.0,0.46,NUMBER_SIGNALS,1/1/2022 12:00:00 AM,1.0,,,,5/16/2023 4:33:43 PM,12/31/9999 12:00:00 AM,0.46,7378c63d-5e2d-4d1b-9057-ba7da2448b8b,,
54,5475767001900,0.88,1.08,NUMBER_SIGNALS,1/1/2022 12:00:00 AM,1.0,,,,5/16/2023 4:33:43 PM,12/31/9999 12:00:00 AM,0.2,7378c63d-5e2d-4d1b-9057-ba7da2448b8b,,
54,5475770001900,0.43,1.04,NUMBER_SIGNALS,1/1/2022 12:00:00 AM,2.0,,,,5/16/2023 4:33:43 PM,12/31/9999 12:00:00 AM,0.61,7378c63d-5e2d-4d1b-9057-ba7da2448b8b,,
54,5475772001900,0.44,1.25,NUMBER_SIGNALS,1/1/2022 12:00:00 AM,2.0,,,,5/16/2023 4:33:43 PM,12/31/9999 12:00:00 AM,0.81,7378c63d-5e2d-4d1b-9057-ba7da2448b8b,,
54,5475780001900,0.0,0.12,NUMBER_SIGNALS,1/1/2022 12:00:00 AM,2.0,,,,5/16/2023 4:33:43 PM,12/31/9999 12:00:00 AM,0.12,7378c63d-5e2d-4d1b-9057-ba7da2448b8b,,
