StateId,RouteId,BeginPoint,EndPoint,DataItem,BeginDate,SIGNAL_TYPE_VN,SIGNAL_TYPE_VT,SIGNAL_TYPE_VD,Comments,ReportDate,EndDate,SectionLength,ProcessId,IsWarning,IsApproved
54,02100810000NB,0.0,1.39,SIGNAL_TYPE,1/1/2022 12:00:00 AM,5.0,,,,4/17/2023 5:09:08 PM,12/31/9999 12:00:00 AM,1.39,aed67bc5-0c79-4f25-8674-587545cbf962,,
54,02100810000NB,1.39,6.27,SIGNAL_TYPE,1/1/2022 12:00:00 AM,5.0,,,,4/17/2023 5:09:08 PM,12/31/9999 12:00:00 AM,4.88,aed67bc5-0c79-4f25-8674-587545cbf962,,
54,02100810000NB,6.27,11.3,SIGNAL_TYPE,1/1/2022 12:00:00 AM,5.0,,,,4/17/2023 5:09:08 PM,12/31/9999 12:00:00 AM,5.03,aed67bc5-0c79-4f25-8674-587545cbf962,,
54,02100810000NB,11.3,11.4,SIGNAL_TYPE,1/1/2022 12:00:00 AM,5.0,,,,4/17/2023 5:09:08 PM,12/31/9999 12:00:00 AM,0.1,aed67bc5-0c79-4f25-8674-587545cbf962,,
54,02100810000NB,11.4,11.63,SIGNAL_TYPE,1/1/2022 12:00:00 AM,5.0,,,,4/17/2023 5:09:08 PM,12/31/9999 12:00:00 AM,0.23,aed67bc5-0c79-4f25-8674-587545cbf962,,
54,02100810000NB,11.63,13.54,SIGNAL_TYPE,1/1/2022 12:00:00 AM,5.0,,,,4/17/2023 5:09:08 PM,12/31/9999 12:00:00 AM,1.91,aed67bc5-0c79-4f25-8674-587545cbf962,,
54,02100810000NB,13.54,14.26,SIGNAL_TYPE,1/1/2022 12:00:00 AM,5.0,,,,4/17/2023 5:09:08 PM,12/31/9999 12:00:00 AM,0.72,aed67bc5-0c79-4f25-8674-587545cbf962,,
54,02100810000NB,14.26,15.22,SIGNAL_TYPE,1/1/2022 12:00:00 AM,5.0,,,,4/17/2023 5:09:08 PM,12/31/9999 12:00:00 AM,0.96,aed67bc5-0c79-4f25-8674-587545cbf962,,
54,02100810000NB,15.22,15.62,SIGNAL_TYPE,1/1/2022 12:00:00 AM,5.0,,,,4/17/2023 5:09:08 PM,12/31/9999 12:00:00 AM,0.4,aed67bc5-0c79-4f25-8674-587545cbf962,,
54,02100810000NB,15.62,15.95,SIGNAL_TYPE,1/1/2022 12:00:00 AM,5.0,,,,4/17/2023 5:09:08 PM,12/31/9999 12:00:00 AM,0.33,aed67bc5-0c79-4f25-8674-587545cbf962,,
54,02100810000NB,15.95,16.23,SIGNAL_TYPE,1/1/2022 12:00:00 AM,5.0,,,,4/17/2023 5:09:08 PM,12/31/9999 12:00:00 AM,0.28,aed67bc5-0c79-4f25-8674-587545cbf962,,
54,02100810000NB,16.23,17.3,SIGNAL_TYPE,1/1/2022 12:00:00 AM,5.0,,,,4/17/2023 5:09:08 PM,12/31/9999 12:00:00 AM,1.07,aed67bc5-0c79-4f25-8674-587545cbf962,,
54,02100810000NB,17.3,18.13,SIGNAL_TYPE,1/1/2022 12:00:00 AM,5.0,,,,4/17/2023 5:09:08 PM,12/31/9999 12:00:00 AM,0.83,aed67bc5-0c79-4f25-8674-587545cbf962,,
54,02100810000NB,18.13,20.37,SIGNAL_TYPE,1/1/2022 12:00:00 AM,5.0,,,,4/17/2023 5:09:08 PM,12/31/9999 12:00:00 AM,2.24,aed67bc5-0c79-4f25-8674-587545cbf962,,
54,02100810000NB,20.37,23.0,SIGNAL_TYPE,1/1/2022 12:00:00 AM,5.0,,,,4/17/2023 5:09:08 PM,12/31/9999 12:00:00 AM,2.63,aed67bc5-0c79-4f25-8674-587545cbf962,,
54,02100810000NB,23.0,23.46,SIGNAL_TYPE,1/1/2022 12:00:00 AM,5.0,,,,4/17/2023 5:09:08 PM,12/31/9999 12:00:00 AM,0.46,aed67bc5-0c79-4f25-8674-587545cbf962,,
54,02100810000NB,23.46,23.6,SIGNAL_TYPE,1/1/2022 12:00:00 AM,5.0,,,,4/17/2023 5:09:08 PM,12/31/9999 12:00:00 AM,0.14,aed67bc5-0c79-4f25-8674-587545cbf962,,
54,02100810000NB,23.6,23.7,SIGNAL_TYPE,1/1/2022 12:00:00 AM,5.0,,,,4/17/2023 5:09:08 PM,12/31/9999 12:00:00 AM,0.1,aed67bc5-0c79-4f25-8674-587545cbf962,,
54,02100810000NB,23.7,23.8,SIGNAL_TYPE,1/1/2022 12:00:00 AM,5.0,,,,4/17/2023 5:09:08 PM,12/31/9999 12:00:00 AM,0.1,aed67bc5-0c79-4f25-8674-587545cbf962,,
54,02100810000NB,23.8,24.53,SIGNAL_TYPE,1/1/2022 12:00:00 AM,5.0,,,,4/17/2023 5:09:08 PM,12/31/9999 12:00:00 AM,0.73,aed67bc5-0c79-4f25-8674-587545cbf962,,
54,02100810000NB,24.53,25.4,SIGNAL_TYPE,1/1/2022 12:00:00 AM,5.0,,,,4/17/2023 5:09:08 PM,12/31/9999 12:00:00 AM,0.87,aed67bc5-0c79-4f25-8674-587545cbf962,,
54,02100810000NB,25.4,25.9,SIGNAL_TYPE,1/1/2022 12:00:00 AM,5.0,,,,4/17/2023 5:09:08 PM,12/31/9999 12:00:00 AM,0.5,aed67bc5-0c79-4f25-8674-587545cbf962,,
54,02100810000NB,25.9,26.0,SIGNAL_TYPE,1/1/2022 12:00:00 AM,5.0,,,,4/17/2023 5:09:08 PM,12/31/9999 12:00:00 AM,0.1,aed67bc5-0c79-4f25-8674-587545cbf962,,
54,0230009000000,10.532,10.893,SIGNAL_TYPE,1/1/2022 12:00:00 AM,5.0,,,,4/17/2023 5:09:08 PM,12/31/9999 12:00:00 AM,0.361,aed67bc5-0c79-4f25-8674-587545cbf962,,
54,0230009000000,10.893,11.243,SIGNAL_TYPE,1/1/2022 12:00:00 AM,5.0,,,,4/17/2023 5:09:08 PM,12/31/9999 12:00:00 AM,0.35,aed67bc5-0c79-4f25-8674-587545cbf962,,
54,0230009000000,15.57,15.79,SIGNAL_TYPE,1/1/2022 12:00:00 AM,5.0,,,,4/17/2023 5:09:08 PM,12/31/9999 12:00:00 AM,0.22,aed67bc5-0c79-4f25-8674-587545cbf962,,
54,0230009000000,15.79,16.09,SIGNAL_TYPE,1/1/2022 12:00:00 AM,5.0,,,,4/17/2023 5:09:08 PM,12/31/9999 12:00:00 AM,0.3,aed67bc5-0c79-4f25-8674-587545cbf962,,
54,0230009000000,17.07,17.48,SIGNAL_TYPE,1/1/2022 12:00:00 AM,5.0,,,,4/17/2023 5:09:08 PM,12/31/9999 12:00:00 AM,0.41,aed67bc5-0c79-4f25-8674-587545cbf962,,
54,0230009000000,18.18,20.16,SIGNAL_TYPE,1/1/2022 12:00:00 AM,2.0,,,,4/17/2023 5:09:08 PM,12/31/9999 12:00:00 AM,1.98,aed67bc5-0c79-4f25-8674-587545cbf962,,
54,0230045000000,14.85,15.31,SIGNAL_TYPE,1/1/2022 12:00:00 AM,5.0,,,,4/17/2023 5:09:08 PM,12/31/9999 12:00:00 AM,0.46,aed67bc5-0c79-4f25-8674-587545cbf962,,
54,05200220000EB,3.17,3.35,SIGNAL_TYPE,1/1/2022 12:00:00 AM,5.0,,,,4/17/2023 5:09:08 PM,12/31/9999 12:00:00 AM,0.18,aed67bc5-0c79-4f25-8674-587545cbf962,,
54,05200220000EB,3.35,3.45,SIGNAL_TYPE,1/1/2022 12:00:00 AM,5.0,,,,4/17/2023 5:09:08 PM,12/31/9999 12:00:00 AM,0.1,aed67bc5-0c79-4f25-8674-587545cbf962,,
54,05200220000EB,3.45,4.73,SIGNAL_TYPE,1/1/2022 12:00:00 AM,5.0,,,,4/17/2023 5:09:08 PM,12/31/9999 12:00:00 AM,1.28,aed67bc5-0c79-4f25-8674-587545cbf962,,
54,05200220000EB,4.73,5.19,SIGNAL_TYPE,1/1/2022 12:00:00 AM,5.0,,,,4/17/2023 5:09:08 PM,12/31/9999 12:00:00 AM,0.46,aed67bc5-0c79-4f25-8674-587545cbf962,,
54,05200220000EB,5.19,5.89,SIGNAL_TYPE,1/1/2022 12:00:00 AM,5.0,,,,4/17/2023 5:09:08 PM,12/31/9999 12:00:00 AM,0.7,aed67bc5-0c79-4f25-8674-587545cbf962,,
54,05300020005SB,0.0,0.34,SIGNAL_TYPE,1/1/2022 12:00:00 AM,5.0,,,,4/17/2023 5:09:08 PM,12/31/9999 12:00:00 AM,0.34,aed67bc5-0c79-4f25-8674-587545cbf962,,
54,06100640000EB,5.87,6.47,SIGNAL_TYPE,1/1/2022 12:00:00 AM,5.0,,,,4/17/2023 5:09:08 PM,12/31/9999 12:00:00 AM,0.6,aed67bc5-0c79-4f25-8674-587545cbf962,,
54,06100640000EB,6.47,6.74,SIGNAL_TYPE,1/1/2022 12:00:00 AM,5.0,,,,4/17/2023 5:09:08 PM,12/31/9999 12:00:00 AM,0.27,aed67bc5-0c79-4f25-8674-587545cbf962,,
54,06100640000EB,6.74,7.26,SIGNAL_TYPE,1/1/2022 12:00:00 AM,5.0,,,,4/17/2023 5:09:08 PM,12/31/9999 12:00:00 AM,0.52,aed67bc5-0c79-4f25-8674-587545cbf962,,
54,06100640000EB,7.26,7.72,SIGNAL_TYPE,1/1/2022 12:00:00 AM,5.0,,,,4/17/2023 5:09:08 PM,12/31/9999 12:00:00 AM,0.46,aed67bc5-0c79-4f25-8674-587545cbf962,,
54,06100640000EB,7.72,8.19,SIGNAL_TYPE,1/1/2022 12:00:00 AM,5.0,,,,4/17/2023 5:09:08 PM,12/31/9999 12:00:00 AM,0.47,aed67bc5-0c79-4f25-8674-587545cbf962,,
54,06100640000EB,8.19,9.22,SIGNAL_TYPE,1/1/2022 12:00:00 AM,5.0,,,,4/17/2023 5:09:08 PM,12/31/9999 12:00:00 AM,1.03,aed67bc5-0c79-4f25-8674-587545cbf962,,
54,06100640000EB,9.22,9.52,SIGNAL_TYPE,1/1/2022 12:00:00 AM,5.0,,,,4/17/2023 5:09:08 PM,12/31/9999 12:00:00 AM,0.3,aed67bc5-0c79-4f25-8674-587545cbf962,,
54,06100640000EB,11.02,11.26,SIGNAL_TYPE,1/1/2022 12:00:00 AM,5.0,,,,4/17/2023 5:09:07 PM,12/31/9999 12:00:00 AM,0.24,aed67bc5-0c79-4f25-8674-587545cbf962,,
54,06100640000EB,11.26,11.37,SIGNAL_TYPE,1/1/2022 12:00:00 AM,5.0,,,,4/17/2023 5:09:07 PM,12/31/9999 12:00:00 AM,0.11,aed67bc5-0c79-4f25-8674-587545cbf962,,
54,06100640000EB,11.37,11.8,SIGNAL_TYPE,1/1/2022 12:00:00 AM,5.0,,,,4/17/2023 5:09:08 PM,12/31/9999 12:00:00 AM,0.43,aed67bc5-0c79-4f25-8674-587545cbf962,,
54,06100640000EB,11.8,13.4,SIGNAL_TYPE,1/1/2022 12:00:00 AM,5.0,,,,4/17/2023 5:09:08 PM,12/31/9999 12:00:00 AM,1.6,aed67bc5-0c79-4f25-8674-587545cbf962,,
54,06100640000EB,13.4,13.5,SIGNAL_TYPE,1/1/2022 12:00:00 AM,5.0,,,,4/17/2023 5:09:08 PM,12/31/9999 12:00:00 AM,0.1,aed67bc5-0c79-4f25-8674-587545cbf962,,
54,06100640000EB,13.5,13.8,SIGNAL_TYPE,1/1/2022 12:00:00 AM,5.0,,,,4/17/2023 5:09:08 PM,12/31/9999 12:00:00 AM,0.3,aed67bc5-0c79-4f25-8674-587545cbf962,,
54,06100640000EB,13.8,14.53,SIGNAL_TYPE,1/1/2022 12:00:00 AM,5.0,,,,4/17/2023 5:09:07 PM,12/31/9999 12:00:00 AM,0.73,aed67bc5-0c79-4f25-8674-587545cbf962,,
54,06100640000EB,14.57,14.6,SIGNAL_TYPE,1/1/2022 12:00:00 AM,5.0,,,,4/17/2023 5:09:08 PM,12/31/9999 12:00:00 AM,0.03,aed67bc5-0c79-4f25-8674-587545cbf962,,
54,06100640000EB,14.6,17.68,SIGNAL_TYPE,1/1/2022 12:00:00 AM,5.0,,,,4/17/2023 5:09:08 PM,12/31/9999 12:00:00 AM,3.08,aed67bc5-0c79-4f25-8674-587545cbf962,,
54,06100640000EB,17.68,18.08,SIGNAL_TYPE,1/1/2022 12:00:00 AM,5.0,,,,4/17/2023 5:09:08 PM,12/31/9999 12:00:00 AM,0.4,aed67bc5-0c79-4f25-8674-587545cbf962,,
54,06100640000EB,18.08,18.49,SIGNAL_TYPE,1/1/2022 12:00:00 AM,5.0,,,,4/17/2023 5:09:08 PM,12/31/9999 12:00:00 AM,0.41,aed67bc5-0c79-4f25-8674-587545cbf962,,
54,06100640000EB,18.49,19.32,SIGNAL_TYPE,1/1/2022 12:00:00 AM,5.0,,,,4/17/2023 5:09:08 PM,12/31/9999 12:00:00 AM,0.83,aed67bc5-0c79-4f25-8674-587545cbf962,,
54,06100640000EB,19.32,19.71,SIGNAL_TYPE,1/1/2022 12:00:00 AM,5.0,,,,4/17/2023 5:09:08 PM,12/31/9999 12:00:00 AM,0.39,aed67bc5-0c79-4f25-8674-587545cbf962,,
54,06100640000EB,19.71,20.19,SIGNAL_TYPE,1/1/2022 12:00:00 AM,5.0,,,,4/17/2023 5:09:08 PM,12/31/9999 12:00:00 AM,0.48,aed67bc5-0c79-4f25-8674-587545cbf962,,
54,06100640000EB,20.19,21.04,SIGNAL_TYPE,1/1/2022 12:00:00 AM,5.0,,,,4/17/2023 5:09:08 PM,12/31/9999 12:00:00 AM,0.85,aed67bc5-0c79-4f25-8674-587545cbf962,,
54,06100640000EB,21.04,21.16,SIGNAL_TYPE,1/1/2022 12:00:00 AM,5.0,,,,4/17/2023 5:09:08 PM,12/31/9999 12:00:00 AM,0.12,aed67bc5-0c79-4f25-8674-587545cbf962,,
54,06100640000EB,21.16,21.75,SIGNAL_TYPE,1/1/2022 12:00:00 AM,5.0,,,,4/17/2023 5:09:08 PM,12/31/9999 12:00:00 AM,0.59,aed67bc5-0c79-4f25-8674-587545cbf962,,
54,06100640000EB,21.75,22.39,SIGNAL_TYPE,1/1/2022 12:00:00 AM,5.0,,,,4/17/2023 5:09:08 PM,12/31/9999 12:00:00 AM,0.64,aed67bc5-0c79-4f25-8674-587545cbf962,,
54,06100640000EB,22.39,27.11,SIGNAL_TYPE,1/1/2022 12:00:00 AM,5.0,,,,4/17/2023 5:09:08 PM,12/31/9999 12:00:00 AM,4.72,aed67bc5-0c79-4f25-8674-587545cbf962,,
54,06100640000EB,27.11,27.55,SIGNAL_TYPE,1/1/2022 12:00:00 AM,5.0,,,,4/17/2023 5:09:08 PM,12/31/9999 12:00:00 AM,0.44,aed67bc5-0c79-4f25-8674-587545cbf962,,
54,06100640000EB,27.55,28.67,SIGNAL_TYPE,1/1/2022 12:00:00 AM,5.0,,,,4/17/2023 5:09:08 PM,12/31/9999 12:00:00 AM,1.12,aed67bc5-0c79-4f25-8674-587545cbf962,,
54,06100640000EB,28.67,29.44,SIGNAL_TYPE,1/1/2022 12:00:00 AM,5.0,,,,4/17/2023 5:09:08 PM,12/31/9999 12:00:00 AM,0.77,aed67bc5-0c79-4f25-8674-587545cbf962,,
54,06100640000EB,29.44,31.77,SIGNAL_TYPE,1/1/2022 12:00:00 AM,5.0,,,,4/17/2023 5:09:08 PM,12/31/9999 12:00:00 AM,2.33,aed67bc5-0c79-4f25-8674-587545cbf962,,
54,06200520000EB,0.01,0.33,SIGNAL_TYPE,1/1/2022 12:00:00 AM,5.0,,,,4/17/2023 5:09:08 PM,12/31/9999 12:00:00 AM,0.32,aed67bc5-0c79-4f25-8674-587545cbf962,,
54,06200520000EB,0.33,0.45,SIGNAL_TYPE,1/1/2022 12:00:00 AM,5.0,,,,4/17/2023 5:09:08 PM,12/31/9999 12:00:00 AM,0.12,aed67bc5-0c79-4f25-8674-587545cbf962,,
54,06200520000EB,0.75,1.01,SIGNAL_TYPE,1/1/2022 12:00:00 AM,5.0,,,,4/17/2023 5:09:08 PM,12/31/9999 12:00:00 AM,0.26,aed67bc5-0c79-4f25-8674-587545cbf962,,
54,06200520004NB,0.0,0.32,SIGNAL_TYPE,1/1/2022 12:00:00 AM,5.0,,,,4/17/2023 5:09:08 PM,12/31/9999 12:00:00 AM,0.32,aed67bc5-0c79-4f25-8674-587545cbf962,,
54,06200520004NB,0.321,0.46,SIGNAL_TYPE,1/1/2022 12:00:00 AM,5.0,,,,4/17/2023 5:09:08 PM,12/31/9999 12:00:00 AM,0.139,aed67bc5-0c79-4f25-8674-587545cbf962,,
54,0630010000000,15.69,15.82,SIGNAL_TYPE,1/1/2022 12:00:00 AM,3.0,,,,4/17/2023 5:09:08 PM,12/31/9999 12:00:00 AM,0.13,aed67bc5-0c79-4f25-8674-587545cbf962,,
54,0630010000000,15.82,16.27,SIGNAL_TYPE,1/1/2022 12:00:00 AM,3.0,,,,4/17/2023 5:09:08 PM,12/31/9999 12:00:00 AM,0.45,aed67bc5-0c79-4f25-8674-587545cbf962,,
54,10200190000NB,0.0,1.02,SIGNAL_TYPE,1/1/2022 12:00:00 AM,5.0,,,,4/17/2023 5:09:08 PM,12/31/9999 12:00:00 AM,1.02,aed67bc5-0c79-4f25-8674-587545cbf962,,
54,10200190000NB,2.85,3.82,SIGNAL_TYPE,1/1/2022 12:00:00 AM,5.0,,,,4/17/2023 5:09:08 PM,12/31/9999 12:00:00 AM,0.97,aed67bc5-0c79-4f25-8674-587545cbf962,,
54,10200190000NB,3.89,6.16,SIGNAL_TYPE,1/1/2022 12:00:00 AM,5.0,,,,4/17/2023 5:09:08 PM,12/31/9999 12:00:00 AM,2.27,aed67bc5-0c79-4f25-8674-587545cbf962,,
54,10200190000NB,6.16,6.19,SIGNAL_TYPE,1/1/2022 12:00:00 AM,5.0,,,,4/17/2023 5:09:08 PM,12/31/9999 12:00:00 AM,0.03,aed67bc5-0c79-4f25-8674-587545cbf962,,
54,10200190000NB,6.19,6.2,SIGNAL_TYPE,1/1/2022 12:00:00 AM,5.0,,,,4/17/2023 5:09:08 PM,12/31/9999 12:00:00 AM,0.01,aed67bc5-0c79-4f25-8674-587545cbf962,,
54,10200190000NB,6.2,6.4,SIGNAL_TYPE,1/1/2022 12:00:00 AM,5.0,,,,4/17/2023 5:09:08 PM,12/31/9999 12:00:00 AM,0.2,aed67bc5-0c79-4f25-8674-587545cbf962,,
54,10200190000NB,6.4,6.66,SIGNAL_TYPE,1/1/2022 12:00:00 AM,5.0,,,,4/17/2023 5:09:08 PM,12/31/9999 12:00:00 AM,0.26,aed67bc5-0c79-4f25-8674-587545cbf962,,
54,10200190000NB,6.66,7.3,SIGNAL_TYPE,1/1/2022 12:00:00 AM,5.0,,,,4/17/2023 5:09:08 PM,12/31/9999 12:00:00 AM,0.64,aed67bc5-0c79-4f25-8674-587545cbf962,,
54,10200190000NB,7.3,7.4,SIGNAL_TYPE,1/1/2022 12:00:00 AM,5.0,,,,4/17/2023 5:09:08 PM,12/31/9999 12:00:00 AM,0.1,aed67bc5-0c79-4f25-8674-587545cbf962,,
54,10200190000NB,7.4,8.23,SIGNAL_TYPE,1/1/2022 12:00:00 AM,5.0,,,,4/17/2023 5:09:08 PM,12/31/9999 12:00:00 AM,0.83,aed67bc5-0c79-4f25-8674-587545cbf962,,
54,10200190000NB,14.64,15.627,SIGNAL_TYPE,1/1/2022 12:00:00 AM,5.0,,,,4/17/2023 5:09:08 PM,12/31/9999 12:00:00 AM,0.987,aed67bc5-0c79-4f25-8674-587545cbf962,,
54,13100640000EB,168.96,169.38,SIGNAL_TYPE,1/1/2022 12:00:00 AM,5.0,,,,4/17/2023 5:09:08 PM,12/31/9999 12:00:00 AM,0.42,aed67bc5-0c79-4f25-8674-587545cbf962,,
54,13100640000EB,169.38,169.41,SIGNAL_TYPE,1/1/2022 12:00:00 AM,5.0,,,,4/17/2023 5:09:08 PM,12/31/9999 12:00:00 AM,0.03,aed67bc5-0c79-4f25-8674-587545cbf962,,
54,13100640000EB,169.41,170.09,SIGNAL_TYPE,1/1/2022 12:00:00 AM,5.0,,,,4/17/2023 5:09:08 PM,12/31/9999 12:00:00 AM,0.68,aed67bc5-0c79-4f25-8674-587545cbf962,,
54,13100640000EB,170.09,170.23,SIGNAL_TYPE,1/1/2022 12:00:00 AM,5.0,,,,4/17/2023 5:09:08 PM,12/31/9999 12:00:00 AM,0.14,aed67bc5-0c79-4f25-8674-587545cbf962,,
54,15200220000EB,0.0,0.39,SIGNAL_TYPE,1/1/2022 12:00:00 AM,5.0,,,,4/17/2023 5:09:08 PM,12/31/9999 12:00:00 AM,0.39,aed67bc5-0c79-4f25-8674-587545cbf962,,
54,17100790000NB,114.9,115.33,SIGNAL_TYPE,1/1/2022 12:00:00 AM,5.0,,,,4/17/2023 5:09:08 PM,12/31/9999 12:00:00 AM,0.43,aed67bc5-0c79-4f25-8674-587545cbf962,,
54,17100790000NB,115.33,117.17,SIGNAL_TYPE,1/1/2022 12:00:00 AM,5.0,,,,4/17/2023 5:09:08 PM,12/31/9999 12:00:00 AM,1.84,aed67bc5-0c79-4f25-8674-587545cbf962,,
54,17100790000NB,117.17,117.74,SIGNAL_TYPE,1/1/2022 12:00:00 AM,5.0,,,,4/17/2023 5:09:08 PM,12/31/9999 12:00:00 AM,0.57,aed67bc5-0c79-4f25-8674-587545cbf962,,
54,17100790000NB,117.74,117.8,SIGNAL_TYPE,1/1/2022 12:00:00 AM,5.0,,,,4/17/2023 5:09:08 PM,12/31/9999 12:00:00 AM,0.06,aed67bc5-0c79-4f25-8674-587545cbf962,,
54,17100790000NB,117.8,118.5,SIGNAL_TYPE,1/1/2022 12:00:00 AM,5.0,,,,4/17/2023 5:09:08 PM,12/31/9999 12:00:00 AM,0.7,aed67bc5-0c79-4f25-8674-587545cbf962,,
54,17100790000NB,118.5,118.7,SIGNAL_TYPE,1/1/2022 12:00:00 AM,5.0,,,,4/17/2023 5:09:08 PM,12/31/9999 12:00:00 AM,0.2,aed67bc5-0c79-4f25-8674-587545cbf962,,
54,17100790000NB,118.7,119.4,SIGNAL_TYPE,1/1/2022 12:00:00 AM,5.0,,,,4/17/2023 5:09:08 PM,12/31/9999 12:00:00 AM,0.7,aed67bc5-0c79-4f25-8674-587545cbf962,,
54,17100790000NB,119.4,119.5,SIGNAL_TYPE,1/1/2022 12:00:00 AM,5.0,,,,4/17/2023 5:09:08 PM,12/31/9999 12:00:00 AM,0.1,aed67bc5-0c79-4f25-8674-587545cbf962,,
54,17100790000NB,119.5,119.53,SIGNAL_TYPE,1/1/2022 12:00:00 AM,5.0,,,,4/17/2023 5:09:08 PM,12/31/9999 12:00:00 AM,0.03,aed67bc5-0c79-4f25-8674-587545cbf962,,
54,17100790000NB,119.53,120.5,SIGNAL_TYPE,1/1/2022 12:00:00 AM,5.0,,,,4/17/2023 5:09:08 PM,12/31/9999 12:00:00 AM,0.97,aed67bc5-0c79-4f25-8674-587545cbf962,,
54,17100790000NB,120.5,120.72,SIGNAL_TYPE,1/1/2022 12:00:00 AM,5.0,,,,4/17/2023 5:09:08 PM,12/31/9999 12:00:00 AM,0.22,aed67bc5-0c79-4f25-8674-587545cbf962,,
54,17100790000NB,120.72,120.8,SIGNAL_TYPE,1/1/2022 12:00:00 AM,5.0,,,,4/17/2023 5:09:08 PM,12/31/9999 12:00:00 AM,0.08,aed67bc5-0c79-4f25-8674-587545cbf962,,
54,17100790000NB,120.8,122.43,SIGNAL_TYPE,1/1/2022 12:00:00 AM,5.0,,,,4/17/2023 5:09:08 PM,12/31/9999 12:00:00 AM,1.63,aed67bc5-0c79-4f25-8674-587545cbf962,,
54,17100790000NB,122.43,122.9,SIGNAL_TYPE,1/1/2022 12:00:00 AM,5.0,,,,4/17/2023 5:09:08 PM,12/31/9999 12:00:00 AM,0.47,aed67bc5-0c79-4f25-8674-587545cbf962,,
54,17100790000NB,122.9,123.988,SIGNAL_TYPE,1/1/2022 12:00:00 AM,5.0,,,,4/17/2023 5:09:08 PM,12/31/9999 12:00:00 AM,1.088,aed67bc5-0c79-4f25-8674-587545cbf962,,
54,17200500000EB,6.11,7.16,SIGNAL_TYPE,1/1/2022 12:00:00 AM,5.0,,,,4/17/2023 5:09:08 PM,12/31/9999 12:00:00 AM,1.05,aed67bc5-0c79-4f25-8674-587545cbf962,,
54,17200500000EB,11.38,12.29,SIGNAL_TYPE,1/1/2022 12:00:00 AM,5.0,,,,4/17/2023 5:09:08 PM,12/31/9999 12:00:00 AM,0.91,aed67bc5-0c79-4f25-8674-587545cbf962,,
54,17200500000EB,12.29,12.88,SIGNAL_TYPE,1/1/2022 12:00:00 AM,5.0,,,,4/17/2023 5:09:08 PM,12/31/9999 12:00:00 AM,0.59,aed67bc5-0c79-4f25-8674-587545cbf962,,
54,17200500000EB,13.25,13.78,SIGNAL_TYPE,1/1/2022 12:00:00 AM,5.0,,,,4/17/2023 5:09:08 PM,12/31/9999 12:00:00 AM,0.53,aed67bc5-0c79-4f25-8674-587545cbf962,,
54,17200500000EB,13.78,14.03,SIGNAL_TYPE,1/1/2022 12:00:00 AM,5.0,,,,4/17/2023 5:09:08 PM,12/31/9999 12:00:00 AM,0.25,aed67bc5-0c79-4f25-8674-587545cbf962,,
54,17200500000EB,14.03,14.25,SIGNAL_TYPE,1/1/2022 12:00:00 AM,5.0,,,,4/17/2023 5:09:08 PM,12/31/9999 12:00:00 AM,0.22,aed67bc5-0c79-4f25-8674-587545cbf962,,
54,17200500000EB,14.324,14.64,SIGNAL_TYPE,1/1/2022 12:00:00 AM,5.0,,,,4/17/2023 5:09:08 PM,12/31/9999 12:00:00 AM,0.316,aed67bc5-0c79-4f25-8674-587545cbf962,,
54,17200500000EB,14.96,15.31,SIGNAL_TYPE,1/1/2022 12:00:00 AM,5.0,,,,4/17/2023 5:09:08 PM,12/31/9999 12:00:00 AM,0.35,aed67bc5-0c79-4f25-8674-587545cbf962,,
54,17200500000EB,15.465,15.57,SIGNAL_TYPE,1/1/2022 12:00:00 AM,5.0,,,,4/17/2023 5:09:08 PM,12/31/9999 12:00:00 AM,0.105,aed67bc5-0c79-4f25-8674-587545cbf962,,
54,17200500000EB,15.68,16.24,SIGNAL_TYPE,1/1/2022 12:00:00 AM,5.0,,,,4/17/2023 5:09:08 PM,12/31/9999 12:00:00 AM,0.56,aed67bc5-0c79-4f25-8674-587545cbf962,,
54,17200500000EB,16.27,17.7,SIGNAL_TYPE,1/1/2022 12:00:00 AM,3.0,,,,4/17/2023 5:09:08 PM,12/31/9999 12:00:00 AM,1.43,aed67bc5-0c79-4f25-8674-587545cbf962,,
54,17200500000EB,17.7,17.79,SIGNAL_TYPE,1/1/2022 12:00:00 AM,3.0,,,,4/17/2023 5:09:08 PM,12/31/9999 12:00:00 AM,0.09,aed67bc5-0c79-4f25-8674-587545cbf962,,
54,17200500000EB,17.79,18.0,SIGNAL_TYPE,1/1/2022 12:00:00 AM,5.0,,,,4/17/2023 5:09:08 PM,12/31/9999 12:00:00 AM,0.21,aed67bc5-0c79-4f25-8674-587545cbf962,,
54,17200500000EB,18.0,18.1,SIGNAL_TYPE,1/1/2022 12:00:00 AM,3.0,,,,4/17/2023 5:09:08 PM,12/31/9999 12:00:00 AM,0.1,aed67bc5-0c79-4f25-8674-587545cbf962,,
54,17200500000EB,18.1,18.2,SIGNAL_TYPE,1/1/2022 12:00:00 AM,3.0,,,,4/17/2023 5:09:08 PM,12/31/9999 12:00:00 AM,0.1,aed67bc5-0c79-4f25-8674-587545cbf962,,
54,17200500000EB,18.2,18.32,SIGNAL_TYPE,1/1/2022 12:00:00 AM,3.0,,,,4/17/2023 5:09:08 PM,12/31/9999 12:00:00 AM,0.12,aed67bc5-0c79-4f25-8674-587545cbf962,,
54,17200500000EB,18.32,18.45,SIGNAL_TYPE,1/1/2022 12:00:00 AM,3.0,,,,4/17/2023 5:09:08 PM,12/31/9999 12:00:00 AM,0.13,aed67bc5-0c79-4f25-8674-587545cbf962,,
54,17200500000EB,18.45,18.52,SIGNAL_TYPE,1/1/2022 12:00:00 AM,5.0,,,,4/17/2023 5:09:08 PM,12/31/9999 12:00:00 AM,0.07,aed67bc5-0c79-4f25-8674-587545cbf962,,
54,19203400000NB,8.56,9.13,SIGNAL_TYPE,1/1/2022 12:00:00 AM,5.0,,,,4/17/2023 5:09:08 PM,12/31/9999 12:00:00 AM,0.57,aed67bc5-0c79-4f25-8674-587545cbf962,,
54,19203400000NB,9.13,9.38,SIGNAL_TYPE,1/1/2022 12:00:00 AM,3.0,,,,4/17/2023 5:09:08 PM,12/31/9999 12:00:00 AM,0.25,aed67bc5-0c79-4f25-8674-587545cbf962,,
54,19203400000NB,9.38,9.55,SIGNAL_TYPE,1/1/2022 12:00:00 AM,3.0,,,,4/17/2023 5:09:08 PM,12/31/9999 12:00:00 AM,0.17,aed67bc5-0c79-4f25-8674-587545cbf962,,
54,19203400000NB,9.55,10.41,SIGNAL_TYPE,1/1/2022 12:00:00 AM,3.0,,,,4/17/2023 5:09:08 PM,12/31/9999 12:00:00 AM,0.86,aed67bc5-0c79-4f25-8674-587545cbf962,,
54,19203400000NB,10.41,11.86,SIGNAL_TYPE,1/1/2022 12:00:00 AM,2.0,,,,4/17/2023 5:09:08 PM,12/31/9999 12:00:00 AM,1.45,aed67bc5-0c79-4f25-8674-587545cbf962,,
54,19203400000NB,11.9,12.047,SIGNAL_TYPE,1/1/2022 12:00:00 AM,3.0,,,,4/17/2023 5:09:08 PM,12/31/9999 12:00:00 AM,0.147,aed67bc5-0c79-4f25-8674-587545cbf962,,
54,1930009000000,4.97,6.35,SIGNAL_TYPE,1/1/2022 12:00:00 AM,5.0,,,,4/17/2023 5:09:08 PM,12/31/9999 12:00:00 AM,1.38,aed67bc5-0c79-4f25-8674-587545cbf962,,
54,1930009000000,10.91,11.418,SIGNAL_TYPE,1/1/2022 12:00:00 AM,5.0,,,,4/17/2023 5:09:08 PM,12/31/9999 12:00:00 AM,0.508,aed67bc5-0c79-4f25-8674-587545cbf962,,
54,20100640000EB,45.39,45.8,SIGNAL_TYPE,1/1/2022 12:00:00 AM,5.0,,,,4/17/2023 5:09:08 PM,12/31/9999 12:00:00 AM,0.41,aed67bc5-0c79-4f25-8674-587545cbf962,,
54,20100640000EB,45.8,47.44,SIGNAL_TYPE,1/1/2022 12:00:00 AM,5.0,,,,4/17/2023 5:09:08 PM,12/31/9999 12:00:00 AM,1.64,aed67bc5-0c79-4f25-8674-587545cbf962,,
54,20100640000EB,47.44,48.4,SIGNAL_TYPE,1/1/2022 12:00:00 AM,5.0,,,,4/17/2023 5:09:08 PM,12/31/9999 12:00:00 AM,0.96,aed67bc5-0c79-4f25-8674-587545cbf962,,
54,20100640000EB,48.4,49.75,SIGNAL_TYPE,1/1/2022 12:00:00 AM,5.0,,,,4/17/2023 5:09:08 PM,12/31/9999 12:00:00 AM,1.35,aed67bc5-0c79-4f25-8674-587545cbf962,,
54,20100640000EB,49.75,50.11,SIGNAL_TYPE,1/1/2022 12:00:00 AM,5.0,,,,4/17/2023 5:09:08 PM,12/31/9999 12:00:00 AM,0.36,aed67bc5-0c79-4f25-8674-587545cbf962,,
54,20100640000EB,50.11,51.56,SIGNAL_TYPE,1/1/2022 12:00:00 AM,5.0,,,,4/17/2023 5:09:08 PM,12/31/9999 12:00:00 AM,1.45,aed67bc5-0c79-4f25-8674-587545cbf962,,
54,20100640000EB,51.56,52.38,SIGNAL_TYPE,1/1/2022 12:00:00 AM,5.0,,,,4/17/2023 5:09:08 PM,12/31/9999 12:00:00 AM,0.82,aed67bc5-0c79-4f25-8674-587545cbf962,,
54,20100640000EB,52.38,52.5,SIGNAL_TYPE,1/1/2022 12:00:00 AM,5.0,,,,4/17/2023 5:09:08 PM,12/31/9999 12:00:00 AM,0.12,aed67bc5-0c79-4f25-8674-587545cbf962,,
54,20100640000EB,52.5,52.73,SIGNAL_TYPE,1/1/2022 12:00:00 AM,5.0,,,,4/17/2023 5:09:08 PM,12/31/9999 12:00:00 AM,0.23,aed67bc5-0c79-4f25-8674-587545cbf962,,
54,20100640000EB,52.73,52.8,SIGNAL_TYPE,1/1/2022 12:00:00 AM,5.0,,,,4/17/2023 5:09:08 PM,12/31/9999 12:00:00 AM,0.07,aed67bc5-0c79-4f25-8674-587545cbf962,,
54,20100640000EB,52.8,53.6,SIGNAL_TYPE,1/1/2022 12:00:00 AM,5.0,,,,4/17/2023 5:09:08 PM,12/31/9999 12:00:00 AM,0.8,aed67bc5-0c79-4f25-8674-587545cbf962,,
54,20100640000EB,53.6,53.7,SIGNAL_TYPE,1/1/2022 12:00:00 AM,5.0,,,,4/17/2023 5:09:08 PM,12/31/9999 12:00:00 AM,0.1,aed67bc5-0c79-4f25-8674-587545cbf962,,
54,20100640000EB,53.7,53.73,SIGNAL_TYPE,1/1/2022 12:00:00 AM,5.0,,,,4/17/2023 5:09:08 PM,12/31/9999 12:00:00 AM,0.03,aed67bc5-0c79-4f25-8674-587545cbf962,,
54,20100640000EB,53.73,53.75,SIGNAL_TYPE,1/1/2022 12:00:00 AM,5.0,,,,4/17/2023 5:09:08 PM,12/31/9999 12:00:00 AM,0.02,aed67bc5-0c79-4f25-8674-587545cbf962,,
54,20100640000EB,53.75,54.37,SIGNAL_TYPE,1/1/2022 12:00:00 AM,5.0,,,,4/17/2023 5:09:08 PM,12/31/9999 12:00:00 AM,0.62,aed67bc5-0c79-4f25-8674-587545cbf962,,
54,20100640000EB,54.37,54.8,SIGNAL_TYPE,1/1/2022 12:00:00 AM,5.0,,,,4/17/2023 5:09:08 PM,12/31/9999 12:00:00 AM,0.43,aed67bc5-0c79-4f25-8674-587545cbf962,,
54,20100640000EB,54.8,55.21,SIGNAL_TYPE,1/1/2022 12:00:00 AM,5.0,,,,4/17/2023 5:09:08 PM,12/31/9999 12:00:00 AM,0.41,aed67bc5-0c79-4f25-8674-587545cbf962,,
54,20100640000EB,55.21,56.33,SIGNAL_TYPE,1/1/2022 12:00:00 AM,5.0,,,,4/17/2023 5:09:08 PM,12/31/9999 12:00:00 AM,1.12,aed67bc5-0c79-4f25-8674-587545cbf962,,
54,20100640000EB,56.33,57.02,SIGNAL_TYPE,1/1/2022 12:00:00 AM,5.0,,,,4/17/2023 5:09:08 PM,12/31/9999 12:00:00 AM,0.69,aed67bc5-0c79-4f25-8674-587545cbf962,,
54,20100640000EB,57.02,57.48,SIGNAL_TYPE,1/1/2022 12:00:00 AM,5.0,,,,4/17/2023 5:09:08 PM,12/31/9999 12:00:00 AM,0.46,aed67bc5-0c79-4f25-8674-587545cbf962,,
54,20100640000EB,57.48,57.92,SIGNAL_TYPE,1/1/2022 12:00:00 AM,5.0,,,,4/17/2023 5:09:08 PM,12/31/9999 12:00:00 AM,0.44,aed67bc5-0c79-4f25-8674-587545cbf962,,
54,20100640000EB,57.92,58.2,SIGNAL_TYPE,1/1/2022 12:00:00 AM,5.0,,,,4/17/2023 5:09:08 PM,12/31/9999 12:00:00 AM,0.28,aed67bc5-0c79-4f25-8674-587545cbf962,,
54,20100640000EB,58.2,58.3,SIGNAL_TYPE,1/1/2022 12:00:00 AM,5.0,,,,4/17/2023 5:09:08 PM,12/31/9999 12:00:00 AM,0.1,aed67bc5-0c79-4f25-8674-587545cbf962,,
54,20100640006EB,0.0,0.3,SIGNAL_TYPE,1/1/2022 12:00:00 AM,5.0,,,,4/17/2023 5:09:07 PM,12/31/9999 12:00:00 AM,0.3,aed67bc5-0c79-4f25-8674-587545cbf962,,
54,20100770000NB,95.34,95.4,SIGNAL_TYPE,1/1/2022 12:00:00 AM,5.0,,,,4/17/2023 5:09:08 PM,12/31/9999 12:00:00 AM,0.06,aed67bc5-0c79-4f25-8674-587545cbf962,,
54,20100770000NB,95.4,95.87,SIGNAL_TYPE,1/1/2022 12:00:00 AM,5.0,,,,4/17/2023 5:09:08 PM,12/31/9999 12:00:00 AM,0.47,aed67bc5-0c79-4f25-8674-587545cbf962,,
54,20100770000NB,95.87,96.1,SIGNAL_TYPE,1/1/2022 12:00:00 AM,5.0,,,,4/17/2023 5:09:08 PM,12/31/9999 12:00:00 AM,0.23,aed67bc5-0c79-4f25-8674-587545cbf962,,
54,20100770000NB,96.1,96.15,SIGNAL_TYPE,1/1/2022 12:00:00 AM,5.0,,,,4/17/2023 5:09:08 PM,12/31/9999 12:00:00 AM,0.05,aed67bc5-0c79-4f25-8674-587545cbf962,,
54,20100770000NB,97.22,98.17,SIGNAL_TYPE,1/1/2022 12:00:00 AM,5.0,,,,4/17/2023 5:09:08 PM,12/31/9999 12:00:00 AM,0.95,aed67bc5-0c79-4f25-8674-587545cbf962,,
54,20100770000NB,98.28,98.3,SIGNAL_TYPE,1/1/2022 12:00:00 AM,5.0,,,,4/17/2023 5:09:08 PM,12/31/9999 12:00:00 AM,0.02,aed67bc5-0c79-4f25-8674-587545cbf962,,
54,20100770000NB,98.3,99.12,SIGNAL_TYPE,1/1/2022 12:00:00 AM,5.0,,,,4/17/2023 5:09:08 PM,12/31/9999 12:00:00 AM,0.82,aed67bc5-0c79-4f25-8674-587545cbf962,,
54,20100770000NB,99.12,100.07,SIGNAL_TYPE,1/1/2022 12:00:00 AM,5.0,,,,4/17/2023 5:09:08 PM,12/31/9999 12:00:00 AM,0.95,aed67bc5-0c79-4f25-8674-587545cbf962,,
54,20100770000NB,100.07,100.28,SIGNAL_TYPE,1/1/2022 12:00:00 AM,5.0,,,,4/17/2023 5:09:08 PM,12/31/9999 12:00:00 AM,0.21,aed67bc5-0c79-4f25-8674-587545cbf962,,
54,20100770000NB,100.28,100.3,SIGNAL_TYPE,1/1/2022 12:00:00 AM,5.0,,,,4/17/2023 5:09:08 PM,12/31/9999 12:00:00 AM,0.02,aed67bc5-0c79-4f25-8674-587545cbf962,,
54,20100770000NB,100.3,100.4,SIGNAL_TYPE,1/1/2022 12:00:00 AM,5.0,,,,4/17/2023 5:09:08 PM,12/31/9999 12:00:00 AM,0.1,aed67bc5-0c79-4f25-8674-587545cbf962,,
54,20100770000NB,100.4,100.7,SIGNAL_TYPE,1/1/2022 12:00:00 AM,5.0,,,,4/17/2023 5:09:08 PM,12/31/9999 12:00:00 AM,0.3,aed67bc5-0c79-4f25-8674-587545cbf962,,
54,20100770000NB,100.7,100.76,SIGNAL_TYPE,1/1/2022 12:00:00 AM,5.0,,,,4/17/2023 5:09:07 PM,12/31/9999 12:00:00 AM,0.06,aed67bc5-0c79-4f25-8674-587545cbf962,,
54,20100770000NB,100.76,100.78,SIGNAL_TYPE,1/1/2022 12:00:00 AM,5.0,,,,4/17/2023 5:09:08 PM,12/31/9999 12:00:00 AM,0.02,aed67bc5-0c79-4f25-8674-587545cbf962,,
54,20100770000NB,100.78,100.8,SIGNAL_TYPE,1/1/2022 12:00:00 AM,5.0,,,,4/17/2023 5:09:08 PM,12/31/9999 12:00:00 AM,0.02,aed67bc5-0c79-4f25-8674-587545cbf962,,
54,20100770000NB,100.8,100.88,SIGNAL_TYPE,1/1/2022 12:00:00 AM,5.0,,,,4/17/2023 5:09:08 PM,12/31/9999 12:00:00 AM,0.08,aed67bc5-0c79-4f25-8674-587545cbf962,,
54,20100770000NB,100.88,101.08,SIGNAL_TYPE,1/1/2022 12:00:00 AM,5.0,,,,4/17/2023 5:09:08 PM,12/31/9999 12:00:00 AM,0.2,aed67bc5-0c79-4f25-8674-587545cbf962,,
54,20100770000NB,101.65,102.16,SIGNAL_TYPE,1/1/2022 12:00:00 AM,5.0,,,,4/17/2023 5:09:08 PM,12/31/9999 12:00:00 AM,0.51,aed67bc5-0c79-4f25-8674-587545cbf962,,
54,20100770000NB,102.16,102.4,SIGNAL_TYPE,1/1/2022 12:00:00 AM,5.0,,,,4/17/2023 5:09:08 PM,12/31/9999 12:00:00 AM,0.24,aed67bc5-0c79-4f25-8674-587545cbf962,,
54,20100770000NB,102.4,102.66,SIGNAL_TYPE,1/1/2022 12:00:00 AM,5.0,,,,4/17/2023 5:09:07 PM,12/31/9999 12:00:00 AM,0.26,aed67bc5-0c79-4f25-8674-587545cbf962,,
54,20100770000NB,102.66,102.7,SIGNAL_TYPE,1/1/2022 12:00:00 AM,5.0,,,,4/17/2023 5:09:08 PM,12/31/9999 12:00:00 AM,0.04,aed67bc5-0c79-4f25-8674-587545cbf962,,
54,20100770000NB,102.7,103.69,SIGNAL_TYPE,1/1/2022 12:00:00 AM,5.0,,,,4/17/2023 5:09:08 PM,12/31/9999 12:00:00 AM,0.99,aed67bc5-0c79-4f25-8674-587545cbf962,,
54,20100770000NB,103.69,104.81,SIGNAL_TYPE,1/1/2022 12:00:00 AM,5.0,,,,4/17/2023 5:09:08 PM,12/31/9999 12:00:00 AM,1.12,aed67bc5-0c79-4f25-8674-587545cbf962,,
54,20100770000NB,104.81,105.002,SIGNAL_TYPE,1/1/2022 12:00:00 AM,5.0,,,,4/17/2023 5:09:08 PM,12/31/9999 12:00:00 AM,0.192,aed67bc5-0c79-4f25-8674-587545cbf962,,
54,20100770005SB,0.0,0.39,SIGNAL_TYPE,1/1/2022 12:00:00 AM,5.0,,,,4/17/2023 5:09:08 PM,12/31/9999 12:00:00 AM,0.39,aed67bc5-0c79-4f25-8674-587545cbf962,,
54,20100770005SB,0.39,0.67,SIGNAL_TYPE,1/1/2022 12:00:00 AM,5.0,,,,4/17/2023 5:09:08 PM,12/31/9999 12:00:00 AM,0.28,aed67bc5-0c79-4f25-8674-587545cbf962,,
54,20100770016NB,83.45,84.42,SIGNAL_TYPE,1/1/2022 12:00:00 AM,5.0,,,,4/17/2023 5:09:08 PM,12/31/9999 12:00:00 AM,0.97,aed67bc5-0c79-4f25-8674-587545cbf962,,
54,20100770016NB,84.42,84.94,SIGNAL_TYPE,1/1/2022 12:00:00 AM,5.0,,,,4/17/2023 5:09:08 PM,12/31/9999 12:00:00 AM,0.52,aed67bc5-0c79-4f25-8674-587545cbf962,,
54,20100770016NB,84.94,86.68,SIGNAL_TYPE,1/1/2022 12:00:00 AM,5.0,,,,4/17/2023 5:09:08 PM,12/31/9999 12:00:00 AM,1.74,aed67bc5-0c79-4f25-8674-587545cbf962,,
54,20100770016NB,86.68,88.52,SIGNAL_TYPE,1/1/2022 12:00:00 AM,5.0,,,,4/17/2023 5:09:08 PM,12/31/9999 12:00:00 AM,1.84,aed67bc5-0c79-4f25-8674-587545cbf962,,
54,20100770016NB,88.52,89.18,SIGNAL_TYPE,1/1/2022 12:00:00 AM,5.0,,,,4/17/2023 5:09:08 PM,12/31/9999 12:00:00 AM,0.66,aed67bc5-0c79-4f25-8674-587545cbf962,,
54,20100770016NB,89.18,89.5,SIGNAL_TYPE,1/1/2022 12:00:00 AM,5.0,,,,4/17/2023 5:09:08 PM,12/31/9999 12:00:00 AM,0.32,aed67bc5-0c79-4f25-8674-587545cbf962,,
54,20100770016NB,89.5,93.31,SIGNAL_TYPE,1/1/2022 12:00:00 AM,5.0,,,,4/17/2023 5:09:08 PM,12/31/9999 12:00:00 AM,3.81,aed67bc5-0c79-4f25-8674-587545cbf962,,
54,20100770016NB,93.31,93.93,SIGNAL_TYPE,1/1/2022 12:00:00 AM,5.0,,,,4/17/2023 5:09:08 PM,12/31/9999 12:00:00 AM,0.62,aed67bc5-0c79-4f25-8674-587545cbf962,,
54,20100770016NB,93.93,94.43,SIGNAL_TYPE,1/1/2022 12:00:00 AM,5.0,,,,4/17/2023 5:09:08 PM,12/31/9999 12:00:00 AM,0.5,aed67bc5-0c79-4f25-8674-587545cbf962,,
54,20100770016NB,94.43,94.69,SIGNAL_TYPE,1/1/2022 12:00:00 AM,5.0,,,,4/17/2023 5:09:08 PM,12/31/9999 12:00:00 AM,0.26,aed67bc5-0c79-4f25-8674-587545cbf962,,
54,20100770016NB,94.69,94.72,SIGNAL_TYPE,1/1/2022 12:00:00 AM,5.0,,,,4/17/2023 5:09:08 PM,12/31/9999 12:00:00 AM,0.03,aed67bc5-0c79-4f25-8674-587545cbf962,,
54,20100770016NB,94.72,94.96,SIGNAL_TYPE,1/1/2022 12:00:00 AM,5.0,,,,4/17/2023 5:09:08 PM,12/31/9999 12:00:00 AM,0.24,aed67bc5-0c79-4f25-8674-587545cbf962,,
54,20100770016NB,94.96,95.34,SIGNAL_TYPE,1/1/2022 12:00:00 AM,5.0,,,,4/17/2023 5:09:08 PM,12/31/9999 12:00:00 AM,0.38,aed67bc5-0c79-4f25-8674-587545cbf962,,
54,20100770023NB,0.0,0.6,SIGNAL_TYPE,1/1/2022 12:00:00 AM,5.0,,,,4/17/2023 5:09:07 PM,12/31/9999 12:00:00 AM,0.6,aed67bc5-0c79-4f25-8674-587545cbf962,,
54,20100770023NB,0.6,0.8,SIGNAL_TYPE,1/1/2022 12:00:00 AM,5.0,,,,4/17/2023 5:09:08 PM,12/31/9999 12:00:00 AM,0.2,aed67bc5-0c79-4f25-8674-587545cbf962,,
54,20100770023NB,0.8,1.02,SIGNAL_TYPE,1/1/2022 12:00:00 AM,5.0,,,,4/17/2023 5:09:08 PM,12/31/9999 12:00:00 AM,0.22,aed67bc5-0c79-4f25-8674-587545cbf962,,
54,20100790000NB,0.0,0.81,SIGNAL_TYPE,1/1/2022 12:00:00 AM,5.0,,,,4/17/2023 5:09:08 PM,12/31/9999 12:00:00 AM,0.81,aed67bc5-0c79-4f25-8674-587545cbf962,,
54,20100790000NB,0.81,1.95,SIGNAL_TYPE,1/1/2022 12:00:00 AM,5.0,,,,4/17/2023 5:09:07 PM,12/31/9999 12:00:00 AM,1.14,aed67bc5-0c79-4f25-8674-587545cbf962,,
54,20100790000NB,1.95,2.24,SIGNAL_TYPE,1/1/2022 12:00:00 AM,5.0,,,,4/17/2023 5:09:07 PM,12/31/9999 12:00:00 AM,0.29,aed67bc5-0c79-4f25-8674-587545cbf962,,
54,20100790000NB,2.24,2.3,SIGNAL_TYPE,1/1/2022 12:00:00 AM,5.0,,,,4/17/2023 5:09:08 PM,12/31/9999 12:00:00 AM,0.06,aed67bc5-0c79-4f25-8674-587545cbf962,,
54,20100790000NB,2.3,3.5,SIGNAL_TYPE,1/1/2022 12:00:00 AM,5.0,,,,4/17/2023 5:09:08 PM,12/31/9999 12:00:00 AM,1.2,aed67bc5-0c79-4f25-8674-587545cbf962,,
54,20100790000NB,3.5,3.51,SIGNAL_TYPE,1/1/2022 12:00:00 AM,5.0,,,,4/17/2023 5:09:08 PM,12/31/9999 12:00:00 AM,0.01,aed67bc5-0c79-4f25-8674-587545cbf962,,
54,20100790000NB,3.51,4.5,SIGNAL_TYPE,1/1/2022 12:00:00 AM,5.0,,,,4/17/2023 5:09:08 PM,12/31/9999 12:00:00 AM,0.99,aed67bc5-0c79-4f25-8674-587545cbf962,,
54,20100790000NB,4.5,4.51,SIGNAL_TYPE,1/1/2022 12:00:00 AM,5.0,,,,4/17/2023 5:09:08 PM,12/31/9999 12:00:00 AM,0.01,aed67bc5-0c79-4f25-8674-587545cbf962,,
54,20100790000NB,4.51,5.42,SIGNAL_TYPE,1/1/2022 12:00:00 AM,5.0,,,,4/17/2023 5:09:08 PM,12/31/9999 12:00:00 AM,0.91,aed67bc5-0c79-4f25-8674-587545cbf962,,
54,20100790000NB,5.42,5.56,SIGNAL_TYPE,1/1/2022 12:00:00 AM,5.0,,,,4/17/2023 5:09:08 PM,12/31/9999 12:00:00 AM,0.14,aed67bc5-0c79-4f25-8674-587545cbf962,,
54,20100790000NB,5.56,6.12,SIGNAL_TYPE,1/1/2022 12:00:00 AM,5.0,,,,4/17/2023 5:09:08 PM,12/31/9999 12:00:00 AM,0.56,aed67bc5-0c79-4f25-8674-587545cbf962,,
54,20100790000NB,6.82,7.19,SIGNAL_TYPE,1/1/2022 12:00:00 AM,5.0,,,,4/17/2023 5:09:08 PM,12/31/9999 12:00:00 AM,0.37,aed67bc5-0c79-4f25-8674-587545cbf962,,
54,20100790000NB,7.19,7.3,SIGNAL_TYPE,1/1/2022 12:00:00 AM,5.0,,,,4/17/2023 5:09:08 PM,12/31/9999 12:00:00 AM,0.11,aed67bc5-0c79-4f25-8674-587545cbf962,,
54,20100790000NB,7.3,7.38,SIGNAL_TYPE,1/1/2022 12:00:00 AM,5.0,,,,4/17/2023 5:09:08 PM,12/31/9999 12:00:00 AM,0.08,aed67bc5-0c79-4f25-8674-587545cbf962,,
54,20100790000NB,7.38,7.476,SIGNAL_TYPE,1/1/2022 12:00:00 AM,5.0,,,,4/17/2023 5:09:08 PM,12/31/9999 12:00:00 AM,0.096,aed67bc5-0c79-4f25-8674-587545cbf962,,
54,20200600000EB,23.08,23.52,SIGNAL_TYPE,1/1/2022 12:00:00 AM,5.0,,,,4/17/2023 5:09:08 PM,12/31/9999 12:00:00 AM,0.44,aed67bc5-0c79-4f25-8674-587545cbf962,,
54,20200600000EB,28.43,29.18,SIGNAL_TYPE,1/1/2022 12:00:00 AM,5.0,,,,4/17/2023 5:09:08 PM,12/31/9999 12:00:00 AM,0.75,aed67bc5-0c79-4f25-8674-587545cbf962,,
54,20201190000NB,11.64,11.7,SIGNAL_TYPE,1/1/2022 12:00:00 AM,3.0,,,,4/17/2023 5:09:07 PM,12/31/9999 12:00:00 AM,0.06,aed67bc5-0c79-4f25-8674-587545cbf962,,
54,20201190000NB,11.7,12.9,SIGNAL_TYPE,1/1/2022 12:00:00 AM,3.0,,,,4/17/2023 5:09:08 PM,12/31/9999 12:00:00 AM,1.2,aed67bc5-0c79-4f25-8674-587545cbf962,,
54,20201190000NB,12.9,13.4,SIGNAL_TYPE,1/1/2022 12:00:00 AM,3.0,,,,4/17/2023 5:09:07 PM,12/31/9999 12:00:00 AM,0.5,aed67bc5-0c79-4f25-8674-587545cbf962,,
54,20201190000NB,13.4,13.9,SIGNAL_TYPE,1/1/2022 12:00:00 AM,3.0,,,,4/17/2023 5:09:08 PM,12/31/9999 12:00:00 AM,0.5,aed67bc5-0c79-4f25-8674-587545cbf962,,
54,20201190000NB,13.9,14.04,SIGNAL_TYPE,1/1/2022 12:00:00 AM,3.0,,,,4/17/2023 5:09:08 PM,12/31/9999 12:00:00 AM,0.14,aed67bc5-0c79-4f25-8674-587545cbf962,,
54,20201190000NB,14.22,16.28,SIGNAL_TYPE,1/1/2022 12:00:00 AM,2.0,,,,4/17/2023 5:09:08 PM,12/31/9999 12:00:00 AM,2.06,aed67bc5-0c79-4f25-8674-587545cbf962,,
54,20201190000NB,16.28,17.0,SIGNAL_TYPE,1/1/2022 12:00:00 AM,2.0,,,,4/17/2023 5:09:08 PM,12/31/9999 12:00:00 AM,0.72,aed67bc5-0c79-4f25-8674-587545cbf962,,
54,20201190000NB,17.0,17.1,SIGNAL_TYPE,1/1/2022 12:00:00 AM,2.0,,,,4/17/2023 5:09:08 PM,12/31/9999 12:00:00 AM,0.1,aed67bc5-0c79-4f25-8674-587545cbf962,,
54,20201190000NB,17.1,17.16,SIGNAL_TYPE,1/1/2022 12:00:00 AM,2.0,,,,4/17/2023 5:09:08 PM,12/31/9999 12:00:00 AM,0.06,aed67bc5-0c79-4f25-8674-587545cbf962,,
54,20201190023NB,0.0,0.51,SIGNAL_TYPE,1/1/2022 12:00:00 AM,5.0,,,,4/17/2023 5:09:08 PM,12/31/9999 12:00:00 AM,0.51,aed67bc5-0c79-4f25-8674-587545cbf962,,
54,20201190023NB,0.7,1.1,SIGNAL_TYPE,1/1/2022 12:00:00 AM,5.0,,,,4/17/2023 5:09:08 PM,12/31/9999 12:00:00 AM,0.4,aed67bc5-0c79-4f25-8674-587545cbf962,,
54,20201190023NB,1.1,1.17,SIGNAL_TYPE,1/1/2022 12:00:00 AM,5.0,,,,4/17/2023 5:09:08 PM,12/31/9999 12:00:00 AM,0.07,aed67bc5-0c79-4f25-8674-587545cbf962,,
54,2030114000000,0.5,1.44,SIGNAL_TYPE,1/1/2022 12:00:00 AM,3.0,,,,4/17/2023 5:09:08 PM,12/31/9999 12:00:00 AM,0.94,aed67bc5-0c79-4f25-8674-587545cbf962,,
54,2040025470000,0.1,0.36,SIGNAL_TYPE,1/1/2022 12:00:00 AM,5.0,,,,4/17/2023 5:09:08 PM,12/31/9999 12:00:00 AM,0.26,aed67bc5-0c79-4f25-8674-587545cbf962,,
54,2040025470000,0.36,0.57,SIGNAL_TYPE,1/1/2022 12:00:00 AM,2.0,,,,4/17/2023 5:09:08 PM,12/31/9999 12:00:00 AM,0.21,aed67bc5-0c79-4f25-8674-587545cbf962,,
54,21100790000NB,98.4,98.63,SIGNAL_TYPE,1/1/2022 12:00:00 AM,5.0,,,,4/17/2023 5:09:08 PM,12/31/9999 12:00:00 AM,0.23,aed67bc5-0c79-4f25-8674-587545cbf962,,
54,21100790000NB,98.63,98.925,SIGNAL_TYPE,1/1/2022 12:00:00 AM,5.0,,,,4/17/2023 5:09:08 PM,12/31/9999 12:00:00 AM,0.295,aed67bc5-0c79-4f25-8674-587545cbf962,,
54,21200330000EB,19.84,20.19,SIGNAL_TYPE,1/1/2022 12:00:00 AM,5.0,,,,4/17/2023 5:09:08 PM,12/31/9999 12:00:00 AM,0.35,aed67bc5-0c79-4f25-8674-587545cbf962,,
54,21200330000EB,20.19,21.03,SIGNAL_TYPE,1/1/2022 12:00:00 AM,3.0,,,,4/17/2023 5:09:08 PM,12/31/9999 12:00:00 AM,0.84,aed67bc5-0c79-4f25-8674-587545cbf962,,
54,21200330000EB,21.25,22.25,SIGNAL_TYPE,1/1/2022 12:00:00 AM,5.0,,,,4/17/2023 5:09:08 PM,12/31/9999 12:00:00 AM,1.0,aed67bc5-0c79-4f25-8674-587545cbf962,,
54,21200330000EB,22.25,22.84,SIGNAL_TYPE,1/1/2022 12:00:00 AM,5.0,,,,4/17/2023 5:09:08 PM,12/31/9999 12:00:00 AM,0.59,aed67bc5-0c79-4f25-8674-587545cbf962,,
54,23201190000NB,1.44,2.2,SIGNAL_TYPE,1/1/2022 12:00:00 AM,5.0,,,,4/17/2023 5:09:08 PM,12/31/9999 12:00:00 AM,0.76,aed67bc5-0c79-4f25-8674-587545cbf962,,
54,23201190000NB,2.2,2.54,SIGNAL_TYPE,1/1/2022 12:00:00 AM,5.0,,,,4/17/2023 5:09:08 PM,12/31/9999 12:00:00 AM,0.34,aed67bc5-0c79-4f25-8674-587545cbf962,,
54,23201190000NB,2.54,2.67,SIGNAL_TYPE,1/1/2022 12:00:00 AM,5.0,,,,4/17/2023 5:09:08 PM,12/31/9999 12:00:00 AM,0.13,aed67bc5-0c79-4f25-8674-587545cbf962,,
54,23201190000NB,2.67,3.37,SIGNAL_TYPE,1/1/2022 12:00:00 AM,5.0,,,,4/17/2023 5:09:08 PM,12/31/9999 12:00:00 AM,0.7,aed67bc5-0c79-4f25-8674-587545cbf962,,
54,2330010000000,20.39,22.05,SIGNAL_TYPE,1/1/2022 12:00:00 AM,3.0,,,,4/17/2023 5:09:08 PM,12/31/9999 12:00:00 AM,1.66,aed67bc5-0c79-4f25-8674-587545cbf962,,
54,2330073000000,0.31,2.15,SIGNAL_TYPE,1/1/2022 12:00:00 AM,2.0,,,,4/17/2023 5:09:08 PM,12/31/9999 12:00:00 AM,1.84,aed67bc5-0c79-4f25-8674-587545cbf962,,
54,25100790000NB,129.22,129.52,SIGNAL_TYPE,1/1/2022 12:00:00 AM,5.0,,,,4/17/2023 5:09:08 PM,12/31/9999 12:00:00 AM,0.3,aed67bc5-0c79-4f25-8674-587545cbf962,,
54,25100790000NB,129.52,130.19,SIGNAL_TYPE,1/1/2022 12:00:00 AM,5.0,,,,4/17/2023 5:09:08 PM,12/31/9999 12:00:00 AM,0.67,aed67bc5-0c79-4f25-8674-587545cbf962,,
54,25100790000NB,130.19,130.48,SIGNAL_TYPE,1/1/2022 12:00:00 AM,5.0,,,,4/17/2023 5:09:08 PM,12/31/9999 12:00:00 AM,0.29,aed67bc5-0c79-4f25-8674-587545cbf962,,
54,25100790000NB,130.53,133.37,SIGNAL_TYPE,1/1/2022 12:00:00 AM,5.0,,,,4/17/2023 5:09:08 PM,12/31/9999 12:00:00 AM,2.84,aed67bc5-0c79-4f25-8674-587545cbf962,,
54,25100790000NB,133.37,134.97,SIGNAL_TYPE,1/1/2022 12:00:00 AM,5.0,,,,4/17/2023 5:09:08 PM,12/31/9999 12:00:00 AM,1.6,aed67bc5-0c79-4f25-8674-587545cbf962,,
54,25100790000NB,134.97,135.1,SIGNAL_TYPE,1/1/2022 12:00:00 AM,5.0,,,,4/17/2023 5:09:08 PM,12/31/9999 12:00:00 AM,0.13,aed67bc5-0c79-4f25-8674-587545cbf962,,
54,25100790000NB,135.1,135.66,SIGNAL_TYPE,1/1/2022 12:00:00 AM,5.0,,,,4/17/2023 5:09:08 PM,12/31/9999 12:00:00 AM,0.56,aed67bc5-0c79-4f25-8674-587545cbf962,,
54,25100790000NB,135.66,136.3,SIGNAL_TYPE,1/1/2022 12:00:00 AM,5.0,,,,4/17/2023 5:09:08 PM,12/31/9999 12:00:00 AM,0.64,aed67bc5-0c79-4f25-8674-587545cbf962,,
54,25100790000NB,136.3,136.6,SIGNAL_TYPE,1/1/2022 12:00:00 AM,5.0,,,,4/17/2023 5:09:08 PM,12/31/9999 12:00:00 AM,0.3,aed67bc5-0c79-4f25-8674-587545cbf962,,
54,25100790000NB,136.6,136.64,SIGNAL_TYPE,1/1/2022 12:00:00 AM,5.0,,,,4/17/2023 5:09:07 PM,12/31/9999 12:00:00 AM,0.04,aed67bc5-0c79-4f25-8674-587545cbf962,,
54,25100790000NB,136.64,136.8,SIGNAL_TYPE,1/1/2022 12:00:00 AM,5.0,,,,4/17/2023 5:09:08 PM,12/31/9999 12:00:00 AM,0.16,aed67bc5-0c79-4f25-8674-587545cbf962,,
54,25100790000NB,136.8,139.1,SIGNAL_TYPE,1/1/2022 12:00:00 AM,5.0,,,,4/17/2023 5:09:08 PM,12/31/9999 12:00:00 AM,2.3,aed67bc5-0c79-4f25-8674-587545cbf962,,
54,25100790000NB,139.1,139.82,SIGNAL_TYPE,1/1/2022 12:00:00 AM,5.0,,,,4/17/2023 5:09:08 PM,12/31/9999 12:00:00 AM,0.72,aed67bc5-0c79-4f25-8674-587545cbf962,,
54,25100790000NB,139.82,140.352,SIGNAL_TYPE,1/1/2022 12:00:00 AM,5.0,,,,4/17/2023 5:09:08 PM,12/31/9999 12:00:00 AM,0.532,aed67bc5-0c79-4f25-8674-587545cbf962,,
54,26202500000NB,36.47,36.69,SIGNAL_TYPE,1/1/2022 12:00:00 AM,5.0,,,,4/17/2023 5:09:08 PM,12/31/9999 12:00:00 AM,0.22,aed67bc5-0c79-4f25-8674-587545cbf962,,
54,26202500000NB,38.92,39.2,SIGNAL_TYPE,1/1/2022 12:00:00 AM,5.0,,,,4/17/2023 5:09:08 PM,12/31/9999 12:00:00 AM,0.28,aed67bc5-0c79-4f25-8674-587545cbf962,,
54,2630002000000,17.94,18.07,SIGNAL_TYPE,1/1/2022 12:00:00 AM,5.0,,,,4/17/2023 5:09:08 PM,12/31/9999 12:00:00 AM,0.13,aed67bc5-0c79-4f25-8674-587545cbf962,,
54,2630002000000,18.07,18.08,SIGNAL_TYPE,1/1/2022 12:00:00 AM,5.0,,,,4/17/2023 5:09:08 PM,12/31/9999 12:00:00 AM,0.01,aed67bc5-0c79-4f25-8674-587545cbf962,,
54,2630002000300,0.0,0.32,SIGNAL_TYPE,1/1/2022 12:00:00 AM,5.0,,,,4/17/2023 5:09:07 PM,12/31/9999 12:00:00 AM,0.32,aed67bc5-0c79-4f25-8674-587545cbf962,,
54,27200350000NB,17.226,17.39,SIGNAL_TYPE,1/1/2022 12:00:00 AM,5.0,,,,4/17/2023 5:09:08 PM,12/31/9999 12:00:00 AM,0.164,aed67bc5-0c79-4f25-8674-587545cbf962,,
54,27200350000NB,17.632,17.753,SIGNAL_TYPE,1/1/2022 12:00:00 AM,5.0,,,,4/17/2023 5:09:08 PM,12/31/9999 12:00:00 AM,0.121,aed67bc5-0c79-4f25-8674-587545cbf962,,
54,27200350000NB,17.753,18.071,SIGNAL_TYPE,1/1/2022 12:00:00 AM,5.0,,,,4/17/2023 5:09:08 PM,12/31/9999 12:00:00 AM,0.318,aed67bc5-0c79-4f25-8674-587545cbf962,,
54,27200350000NB,18.097,18.46,SIGNAL_TYPE,1/1/2022 12:00:00 AM,5.0,,,,4/17/2023 5:09:08 PM,12/31/9999 12:00:00 AM,0.363,aed67bc5-0c79-4f25-8674-587545cbf962,,
54,28100770000NB,8.189,8.3,SIGNAL_TYPE,1/1/2022 12:00:00 AM,5.0,,,,4/17/2023 5:09:08 PM,12/31/9999 12:00:00 AM,0.111,aed67bc5-0c79-4f25-8674-587545cbf962,,
54,28100770000NB,8.3,8.98,SIGNAL_TYPE,1/1/2022 12:00:00 AM,5.0,,,,4/17/2023 5:09:08 PM,12/31/9999 12:00:00 AM,0.68,aed67bc5-0c79-4f25-8674-587545cbf962,,
54,28100770016NB,8.98,9.19,SIGNAL_TYPE,1/1/2022 12:00:00 AM,5.0,,,,4/17/2023 5:09:08 PM,12/31/9999 12:00:00 AM,0.21,aed67bc5-0c79-4f25-8674-587545cbf962,,
54,28100770016NB,9.19,9.5,SIGNAL_TYPE,1/1/2022 12:00:00 AM,5.0,,,,4/17/2023 5:09:08 PM,12/31/9999 12:00:00 AM,0.31,aed67bc5-0c79-4f25-8674-587545cbf962,,
54,28100770016NB,9.5,9.79,SIGNAL_TYPE,1/1/2022 12:00:00 AM,5.0,,,,4/17/2023 5:09:08 PM,12/31/9999 12:00:00 AM,0.29,aed67bc5-0c79-4f25-8674-587545cbf962,,
54,28100770016NB,9.79,11.2,SIGNAL_TYPE,1/1/2022 12:00:00 AM,5.0,,,,4/17/2023 5:09:08 PM,12/31/9999 12:00:00 AM,1.41,aed67bc5-0c79-4f25-8674-587545cbf962,,
54,28100770016NB,11.2,11.25,SIGNAL_TYPE,1/1/2022 12:00:00 AM,5.0,,,,4/17/2023 5:09:08 PM,12/31/9999 12:00:00 AM,0.05,aed67bc5-0c79-4f25-8674-587545cbf962,,
54,28100770016NB,11.44,11.7,SIGNAL_TYPE,1/1/2022 12:00:00 AM,5.0,,,,4/17/2023 5:09:08 PM,12/31/9999 12:00:00 AM,0.26,aed67bc5-0c79-4f25-8674-587545cbf962,,
54,28100770016NB,11.7,11.8,SIGNAL_TYPE,1/1/2022 12:00:00 AM,5.0,,,,4/17/2023 5:09:08 PM,12/31/9999 12:00:00 AM,0.1,aed67bc5-0c79-4f25-8674-587545cbf962,,
54,28100770016NB,11.8,12.16,SIGNAL_TYPE,1/1/2022 12:00:00 AM,5.0,,,,4/17/2023 5:09:08 PM,12/31/9999 12:00:00 AM,0.36,aed67bc5-0c79-4f25-8674-587545cbf962,,
54,28100770016NB,12.16,13.3,SIGNAL_TYPE,1/1/2022 12:00:00 AM,5.0,,,,4/17/2023 5:09:08 PM,12/31/9999 12:00:00 AM,1.14,aed67bc5-0c79-4f25-8674-587545cbf962,,
54,28100770016NB,13.3,13.43,SIGNAL_TYPE,1/1/2022 12:00:00 AM,5.0,,,,4/17/2023 5:09:08 PM,12/31/9999 12:00:00 AM,0.13,aed67bc5-0c79-4f25-8674-587545cbf962,,
54,28100770016NB,13.74,14.006,SIGNAL_TYPE,1/1/2022 12:00:00 AM,5.0,,,,4/17/2023 5:09:08 PM,12/31/9999 12:00:00 AM,0.266,aed67bc5-0c79-4f25-8674-587545cbf962,,
54,28200190000NB,5.34,5.4,SIGNAL_TYPE,1/1/2022 12:00:00 AM,2.0,,,,4/17/2023 5:09:08 PM,12/31/9999 12:00:00 AM,0.06,aed67bc5-0c79-4f25-8674-587545cbf962,,
54,28200190000NB,5.4,5.5,SIGNAL_TYPE,1/1/2022 12:00:00 AM,2.0,,,,4/17/2023 5:09:08 PM,12/31/9999 12:00:00 AM,0.1,aed67bc5-0c79-4f25-8674-587545cbf962,,
54,28200190000NB,5.5,6.01,SIGNAL_TYPE,1/1/2022 12:00:00 AM,2.0,,,,4/17/2023 5:09:08 PM,12/31/9999 12:00:00 AM,0.51,aed67bc5-0c79-4f25-8674-587545cbf962,,
54,28200190000NB,6.01,7.44,SIGNAL_TYPE,1/1/2022 12:00:00 AM,2.0,,,,4/17/2023 5:09:08 PM,12/31/9999 12:00:00 AM,1.43,aed67bc5-0c79-4f25-8674-587545cbf962,,
54,28200520000EB,14.91,15.37,SIGNAL_TYPE,1/1/2022 12:00:00 AM,5.0,,,,4/17/2023 5:09:08 PM,12/31/9999 12:00:00 AM,0.46,aed67bc5-0c79-4f25-8674-587545cbf962,,
54,28204600000EB,0.029,1.06,SIGNAL_TYPE,1/1/2022 12:00:00 AM,2.0,,,,4/17/2023 5:09:08 PM,12/31/9999 12:00:00 AM,1.031,aed67bc5-0c79-4f25-8674-587545cbf962,,
54,28204600000EB,1.33,2.9,SIGNAL_TYPE,1/1/2022 12:00:00 AM,5.0,,,,4/17/2023 5:09:08 PM,12/31/9999 12:00:00 AM,1.57,aed67bc5-0c79-4f25-8674-587545cbf962,,
54,28204600000EB,2.9,3.09,SIGNAL_TYPE,1/1/2022 12:00:00 AM,2.0,,,,4/17/2023 5:09:08 PM,12/31/9999 12:00:00 AM,0.19,aed67bc5-0c79-4f25-8674-587545cbf962,,
54,28204600000EB,4.29,5.38,SIGNAL_TYPE,1/1/2022 12:00:00 AM,5.0,,,,4/17/2023 5:09:08 PM,12/31/9999 12:00:00 AM,1.09,aed67bc5-0c79-4f25-8674-587545cbf962,,
54,28204600000EB,13.48,14.72,SIGNAL_TYPE,1/1/2022 12:00:00 AM,2.0,,,,4/17/2023 5:09:07 PM,12/31/9999 12:00:00 AM,1.24,aed67bc5-0c79-4f25-8674-587545cbf962,,
54,28204600000EB,14.72,15.15,SIGNAL_TYPE,1/1/2022 12:00:00 AM,3.0,,,,4/17/2023 5:09:08 PM,12/31/9999 12:00:00 AM,0.43,aed67bc5-0c79-4f25-8674-587545cbf962,,
54,31100680000EB,0.0,0.32,SIGNAL_TYPE,1/1/2022 12:00:00 AM,5.0,,,,4/17/2023 5:09:08 PM,12/31/9999 12:00:00 AM,0.32,aed67bc5-0c79-4f25-8674-587545cbf962,,
54,31100680000EB,1.15,2.67,SIGNAL_TYPE,1/1/2022 12:00:00 AM,5.0,,,,4/17/2023 5:09:08 PM,12/31/9999 12:00:00 AM,1.52,aed67bc5-0c79-4f25-8674-587545cbf962,,
54,31100680000EB,2.67,4.13,SIGNAL_TYPE,1/1/2022 12:00:00 AM,5.0,,,,4/17/2023 5:09:08 PM,12/31/9999 12:00:00 AM,1.46,aed67bc5-0c79-4f25-8674-587545cbf962,,
54,31100680000EB,4.13,4.56,SIGNAL_TYPE,1/1/2022 12:00:00 AM,5.0,,,,4/17/2023 5:09:08 PM,12/31/9999 12:00:00 AM,0.43,aed67bc5-0c79-4f25-8674-587545cbf962,,
54,31100680000EB,4.56,4.96,SIGNAL_TYPE,1/1/2022 12:00:00 AM,5.0,,,,4/17/2023 5:09:08 PM,12/31/9999 12:00:00 AM,0.4,aed67bc5-0c79-4f25-8674-587545cbf962,,
54,31100680000EB,4.96,5.79,SIGNAL_TYPE,1/1/2022 12:00:00 AM,5.0,,,,4/17/2023 5:09:08 PM,12/31/9999 12:00:00 AM,0.83,aed67bc5-0c79-4f25-8674-587545cbf962,,
54,31100680000EB,5.79,6.18,SIGNAL_TYPE,1/1/2022 12:00:00 AM,5.0,,,,4/17/2023 5:09:08 PM,12/31/9999 12:00:00 AM,0.39,aed67bc5-0c79-4f25-8674-587545cbf962,,
54,31100680000EB,6.18,6.77,SIGNAL_TYPE,1/1/2022 12:00:00 AM,5.0,,,,4/17/2023 5:09:08 PM,12/31/9999 12:00:00 AM,0.59,aed67bc5-0c79-4f25-8674-587545cbf962,,
54,31100680000EB,6.77,7.2,SIGNAL_TYPE,1/1/2022 12:00:00 AM,5.0,,,,4/17/2023 5:09:08 PM,12/31/9999 12:00:00 AM,0.43,aed67bc5-0c79-4f25-8674-587545cbf962,,
54,31100680000EB,7.2,7.54,SIGNAL_TYPE,1/1/2022 12:00:00 AM,5.0,,,,4/17/2023 5:09:08 PM,12/31/9999 12:00:00 AM,0.34,aed67bc5-0c79-4f25-8674-587545cbf962,,
54,31100680000EB,7.54,8.89,SIGNAL_TYPE,1/1/2022 12:00:00 AM,5.0,,,,4/17/2023 5:09:08 PM,12/31/9999 12:00:00 AM,1.35,aed67bc5-0c79-4f25-8674-587545cbf962,,
54,31100680000EB,8.89,9.4,SIGNAL_TYPE,1/1/2022 12:00:00 AM,5.0,,,,4/17/2023 5:09:08 PM,12/31/9999 12:00:00 AM,0.51,aed67bc5-0c79-4f25-8674-587545cbf962,,
54,31100680000EB,10.28,10.32,SIGNAL_TYPE,1/1/2022 12:00:00 AM,5.0,,,,4/17/2023 5:09:08 PM,12/31/9999 12:00:00 AM,0.04,aed67bc5-0c79-4f25-8674-587545cbf962,,
54,31100680000EB,10.32,10.79,SIGNAL_TYPE,1/1/2022 12:00:00 AM,5.0,,,,4/17/2023 5:09:08 PM,12/31/9999 12:00:00 AM,0.47,aed67bc5-0c79-4f25-8674-587545cbf962,,
54,31100680000EB,10.79,13.149,SIGNAL_TYPE,1/1/2022 12:00:00 AM,5.0,,,,4/17/2023 5:09:08 PM,12/31/9999 12:00:00 AM,2.359,aed67bc5-0c79-4f25-8674-587545cbf962,,
54,31100680004NB,0.0,0.84,SIGNAL_TYPE,1/1/2022 12:00:00 AM,5.0,,,,4/17/2023 5:09:08 PM,12/31/9999 12:00:00 AM,0.84,aed67bc5-0c79-4f25-8674-587545cbf962,,
54,31100680005SB,0.65,1.14,SIGNAL_TYPE,1/1/2022 12:00:00 AM,5.0,,,,4/17/2023 5:09:07 PM,12/31/9999 12:00:00 AM,0.49,aed67bc5-0c79-4f25-8674-587545cbf962,,
54,31100680006EB,0.0,0.89,SIGNAL_TYPE,1/1/2022 12:00:00 AM,5.0,,,,4/17/2023 5:09:08 PM,12/31/9999 12:00:00 AM,0.89,aed67bc5-0c79-4f25-8674-587545cbf962,,
54,31100790000NB,148.29,148.3,SIGNAL_TYPE,1/1/2022 12:00:00 AM,5.0,,,,4/17/2023 5:09:08 PM,12/31/9999 12:00:00 AM,0.01,aed67bc5-0c79-4f25-8674-587545cbf962,,
54,31100790000NB,148.3,148.47,SIGNAL_TYPE,1/1/2022 12:00:00 AM,5.0,,,,4/17/2023 5:09:08 PM,12/31/9999 12:00:00 AM,0.17,aed67bc5-0c79-4f25-8674-587545cbf962,,
54,31100790000NB,148.47,148.52,SIGNAL_TYPE,1/1/2022 12:00:00 AM,5.0,,,,4/17/2023 5:09:08 PM,12/31/9999 12:00:00 AM,0.05,aed67bc5-0c79-4f25-8674-587545cbf962,,
54,31100790000NB,148.52,148.66,SIGNAL_TYPE,1/1/2022 12:00:00 AM,5.0,,,,4/17/2023 5:09:08 PM,12/31/9999 12:00:00 AM,0.14,aed67bc5-0c79-4f25-8674-587545cbf962,,
54,31100790000NB,148.66,149.05,SIGNAL_TYPE,1/1/2022 12:00:00 AM,5.0,,,,4/17/2023 5:09:08 PM,12/31/9999 12:00:00 AM,0.39,aed67bc5-0c79-4f25-8674-587545cbf962,,
54,31100790000NB,149.05,149.1,SIGNAL_TYPE,1/1/2022 12:00:00 AM,5.0,,,,4/17/2023 5:09:08 PM,12/31/9999 12:00:00 AM,0.05,aed67bc5-0c79-4f25-8674-587545cbf962,,
54,31100790000NB,149.1,149.2,SIGNAL_TYPE,1/1/2022 12:00:00 AM,5.0,,,,4/17/2023 5:09:08 PM,12/31/9999 12:00:00 AM,0.1,aed67bc5-0c79-4f25-8674-587545cbf962,,
54,31100790000NB,149.2,149.29,SIGNAL_TYPE,1/1/2022 12:00:00 AM,5.0,,,,4/17/2023 5:09:08 PM,12/31/9999 12:00:00 AM,0.09,aed67bc5-0c79-4f25-8674-587545cbf962,,
54,31100790000NB,149.29,149.3,SIGNAL_TYPE,1/1/2022 12:00:00 AM,5.0,,,,4/17/2023 5:09:08 PM,12/31/9999 12:00:00 AM,0.01,aed67bc5-0c79-4f25-8674-587545cbf962,,
54,31100790000NB,149.3,149.38,SIGNAL_TYPE,1/1/2022 12:00:00 AM,5.0,,,,4/17/2023 5:09:08 PM,12/31/9999 12:00:00 AM,0.08,aed67bc5-0c79-4f25-8674-587545cbf962,,
54,31100790000NB,149.38,149.68,SIGNAL_TYPE,1/1/2022 12:00:00 AM,5.0,,,,4/17/2023 5:09:08 PM,12/31/9999 12:00:00 AM,0.3,aed67bc5-0c79-4f25-8674-587545cbf962,,
54,31100790000NB,149.68,150.6,SIGNAL_TYPE,1/1/2022 12:00:00 AM,5.0,,,,4/17/2023 5:09:08 PM,12/31/9999 12:00:00 AM,0.92,aed67bc5-0c79-4f25-8674-587545cbf962,,
54,31100790000NB,150.6,150.74,SIGNAL_TYPE,1/1/2022 12:00:00 AM,5.0,,,,4/17/2023 5:09:08 PM,12/31/9999 12:00:00 AM,0.14,aed67bc5-0c79-4f25-8674-587545cbf962,,
54,31100790000NB,150.74,151.07,SIGNAL_TYPE,1/1/2022 12:00:00 AM,5.0,,,,4/17/2023 5:09:08 PM,12/31/9999 12:00:00 AM,0.33,aed67bc5-0c79-4f25-8674-587545cbf962,,
54,31100790000NB,151.07,151.1,SIGNAL_TYPE,1/1/2022 12:00:00 AM,5.0,,,,4/17/2023 5:09:08 PM,12/31/9999 12:00:00 AM,0.03,aed67bc5-0c79-4f25-8674-587545cbf962,,
54,31100790000NB,151.1,152.32,SIGNAL_TYPE,1/1/2022 12:00:00 AM,5.0,,,,4/17/2023 5:09:08 PM,12/31/9999 12:00:00 AM,1.22,aed67bc5-0c79-4f25-8674-587545cbf962,,
54,31100790000NB,152.32,152.5,SIGNAL_TYPE,1/1/2022 12:00:00 AM,5.0,,,,4/17/2023 5:09:08 PM,12/31/9999 12:00:00 AM,0.18,aed67bc5-0c79-4f25-8674-587545cbf962,,
54,31100790000NB,152.5,152.501,SIGNAL_TYPE,1/1/2022 12:00:00 AM,5.0,,,,4/17/2023 5:09:08 PM,12/31/9999 12:00:00 AM,0.001,aed67bc5-0c79-4f25-8674-587545cbf962,,
54,31100790000NB,152.92,156.983,SIGNAL_TYPE,1/1/2022 12:00:00 AM,5.0,,,,4/17/2023 5:09:08 PM,12/31/9999 12:00:00 AM,4.063,aed67bc5-0c79-4f25-8674-587545cbf962,,
54,3130043000000,0.0,2.65,SIGNAL_TYPE,1/1/2022 12:00:00 AM,5.0,,,,4/17/2023 5:09:08 PM,12/31/9999 12:00:00 AM,2.65,aed67bc5-0c79-4f25-8674-587545cbf962,,
54,3130043000000,2.65,3.582,SIGNAL_TYPE,1/1/2022 12:00:00 AM,5.0,,,,4/17/2023 5:09:08 PM,12/31/9999 12:00:00 AM,0.932,aed67bc5-0c79-4f25-8674-587545cbf962,,
54,35100700000EB,0.08,0.49,SIGNAL_TYPE,1/1/2022 12:00:00 AM,5.0,,,,4/17/2023 5:09:08 PM,12/31/9999 12:00:00 AM,0.41,aed67bc5-0c79-4f25-8674-587545cbf962,,
54,35100700000EB,0.49,0.85,SIGNAL_TYPE,1/1/2022 12:00:00 AM,5.0,,,,4/17/2023 5:09:08 PM,12/31/9999 12:00:00 AM,0.36,aed67bc5-0c79-4f25-8674-587545cbf962,,
54,35100700000EB,0.85,1.14,SIGNAL_TYPE,1/1/2022 12:00:00 AM,5.0,,,,4/17/2023 5:09:07 PM,12/31/9999 12:00:00 AM,0.29,aed67bc5-0c79-4f25-8674-587545cbf962,,
54,35100700000EB,1.14,1.23,SIGNAL_TYPE,1/1/2022 12:00:00 AM,5.0,,,,4/17/2023 5:09:08 PM,12/31/9999 12:00:00 AM,0.09,aed67bc5-0c79-4f25-8674-587545cbf962,,
54,35100700000EB,1.44,1.92,SIGNAL_TYPE,1/1/2022 12:00:00 AM,5.0,,,,4/17/2023 5:09:08 PM,12/31/9999 12:00:00 AM,0.48,aed67bc5-0c79-4f25-8674-587545cbf962,,
54,35100700000EB,1.92,2.19,SIGNAL_TYPE,1/1/2022 12:00:00 AM,5.0,,,,4/17/2023 5:09:08 PM,12/31/9999 12:00:00 AM,0.27,aed67bc5-0c79-4f25-8674-587545cbf962,,
54,35100700000EB,2.43,2.5,SIGNAL_TYPE,1/1/2022 12:00:00 AM,5.0,,,,4/17/2023 5:09:08 PM,12/31/9999 12:00:00 AM,0.07,aed67bc5-0c79-4f25-8674-587545cbf962,,
54,35100700000EB,2.5,2.65,SIGNAL_TYPE,1/1/2022 12:00:00 AM,5.0,,,,4/17/2023 5:09:08 PM,12/31/9999 12:00:00 AM,0.15,aed67bc5-0c79-4f25-8674-587545cbf962,,
54,35100700000EB,2.65,3.4,SIGNAL_TYPE,1/1/2022 12:00:00 AM,5.0,,,,4/17/2023 5:09:08 PM,12/31/9999 12:00:00 AM,0.75,aed67bc5-0c79-4f25-8674-587545cbf962,,
54,35100700000EB,3.4,3.8,SIGNAL_TYPE,1/1/2022 12:00:00 AM,5.0,,,,4/17/2023 5:09:08 PM,12/31/9999 12:00:00 AM,0.4,aed67bc5-0c79-4f25-8674-587545cbf962,,
54,35100700000EB,3.8,4.3,SIGNAL_TYPE,1/1/2022 12:00:00 AM,5.0,,,,4/17/2023 5:09:08 PM,12/31/9999 12:00:00 AM,0.5,aed67bc5-0c79-4f25-8674-587545cbf962,,
54,35100700000EB,4.3,4.4,SIGNAL_TYPE,1/1/2022 12:00:00 AM,5.0,,,,4/17/2023 5:09:08 PM,12/31/9999 12:00:00 AM,0.1,aed67bc5-0c79-4f25-8674-587545cbf962,,
54,35100700000EB,4.4,4.5,SIGNAL_TYPE,1/1/2022 12:00:00 AM,5.0,,,,4/17/2023 5:09:08 PM,12/31/9999 12:00:00 AM,0.1,aed67bc5-0c79-4f25-8674-587545cbf962,,
54,35100700000EB,4.5,4.6,SIGNAL_TYPE,1/1/2022 12:00:00 AM,5.0,,,,4/17/2023 5:09:08 PM,12/31/9999 12:00:00 AM,0.1,aed67bc5-0c79-4f25-8674-587545cbf962,,
54,35100700000EB,4.6,4.7,SIGNAL_TYPE,1/1/2022 12:00:00 AM,5.0,,,,4/17/2023 5:09:08 PM,12/31/9999 12:00:00 AM,0.1,aed67bc5-0c79-4f25-8674-587545cbf962,,
54,35100700000EB,4.7,4.9,SIGNAL_TYPE,1/1/2022 12:00:00 AM,5.0,,,,4/17/2023 5:09:08 PM,12/31/9999 12:00:00 AM,0.2,aed67bc5-0c79-4f25-8674-587545cbf962,,
54,35100700000EB,4.9,5.37,SIGNAL_TYPE,1/1/2022 12:00:00 AM,5.0,,,,4/17/2023 5:09:08 PM,12/31/9999 12:00:00 AM,0.47,aed67bc5-0c79-4f25-8674-587545cbf962,,
54,35100700000EB,5.37,5.93,SIGNAL_TYPE,1/1/2022 12:00:00 AM,5.0,,,,4/17/2023 5:09:08 PM,12/31/9999 12:00:00 AM,0.56,aed67bc5-0c79-4f25-8674-587545cbf962,,
54,35100700000EB,5.93,6.9,SIGNAL_TYPE,1/1/2022 12:00:00 AM,5.0,,,,4/17/2023 5:09:08 PM,12/31/9999 12:00:00 AM,0.97,aed67bc5-0c79-4f25-8674-587545cbf962,,
54,35100700000EB,6.9,8.07,SIGNAL_TYPE,1/1/2022 12:00:00 AM,5.0,,,,4/17/2023 5:09:08 PM,12/31/9999 12:00:00 AM,1.17,aed67bc5-0c79-4f25-8674-587545cbf962,,
54,35100700000EB,8.07,8.2,SIGNAL_TYPE,1/1/2022 12:00:00 AM,5.0,,,,4/17/2023 5:09:08 PM,12/31/9999 12:00:00 AM,0.13,aed67bc5-0c79-4f25-8674-587545cbf962,,
54,35100700000EB,8.2,10.2,SIGNAL_TYPE,1/1/2022 12:00:00 AM,5.0,,,,4/17/2023 5:09:08 PM,12/31/9999 12:00:00 AM,2.0,aed67bc5-0c79-4f25-8674-587545cbf962,,
54,35100700000EB,10.2,10.75,SIGNAL_TYPE,1/1/2022 12:00:00 AM,5.0,,,,4/17/2023 5:09:08 PM,12/31/9999 12:00:00 AM,0.55,aed67bc5-0c79-4f25-8674-587545cbf962,,
54,35100700000EB,10.75,11.06,SIGNAL_TYPE,1/1/2022 12:00:00 AM,5.0,,,,4/17/2023 5:09:08 PM,12/31/9999 12:00:00 AM,0.31,aed67bc5-0c79-4f25-8674-587545cbf962,,
54,35100700000EB,11.06,11.761,SIGNAL_TYPE,1/1/2022 12:00:00 AM,5.0,,,,4/17/2023 5:09:08 PM,12/31/9999 12:00:00 AM,0.701,aed67bc5-0c79-4f25-8674-587545cbf962,,
54,35104700000EB,0.0,0.79,SIGNAL_TYPE,1/1/2022 12:00:00 AM,5.0,,,,4/17/2023 5:09:08 PM,12/31/9999 12:00:00 AM,0.79,aed67bc5-0c79-4f25-8674-587545cbf962,,
54,35104700000EB,0.79,0.98,SIGNAL_TYPE,1/1/2022 12:00:00 AM,5.0,,,,4/17/2023 5:09:08 PM,12/31/9999 12:00:00 AM,0.19,aed67bc5-0c79-4f25-8674-587545cbf962,,
54,35104700000EB,0.98,1.0,SIGNAL_TYPE,1/1/2022 12:00:00 AM,5.0,,,,4/17/2023 5:09:08 PM,12/31/9999 12:00:00 AM,0.02,aed67bc5-0c79-4f25-8674-587545cbf962,,
54,35104700000EB,1.0,2.1,SIGNAL_TYPE,1/1/2022 12:00:00 AM,5.0,,,,4/17/2023 5:09:08 PM,12/31/9999 12:00:00 AM,1.1,aed67bc5-0c79-4f25-8674-587545cbf962,,
54,35104700000EB,2.1,2.2,SIGNAL_TYPE,1/1/2022 12:00:00 AM,5.0,,,,4/17/2023 5:09:08 PM,12/31/9999 12:00:00 AM,0.1,aed67bc5-0c79-4f25-8674-587545cbf962,,
54,35104700000EB,2.2,2.25,SIGNAL_TYPE,1/1/2022 12:00:00 AM,5.0,,,,4/17/2023 5:09:08 PM,12/31/9999 12:00:00 AM,0.05,aed67bc5-0c79-4f25-8674-587545cbf962,,
54,35104700000EB,2.25,3.4,SIGNAL_TYPE,1/1/2022 12:00:00 AM,5.0,,,,4/17/2023 5:09:08 PM,12/31/9999 12:00:00 AM,1.15,aed67bc5-0c79-4f25-8674-587545cbf962,,
54,35104700000EB,3.4,3.62,SIGNAL_TYPE,1/1/2022 12:00:00 AM,5.0,,,,4/17/2023 5:09:08 PM,12/31/9999 12:00:00 AM,0.22,aed67bc5-0c79-4f25-8674-587545cbf962,,
54,35104700000EB,3.62,3.94,SIGNAL_TYPE,1/1/2022 12:00:00 AM,5.0,,,,4/17/2023 5:09:08 PM,12/31/9999 12:00:00 AM,0.32,aed67bc5-0c79-4f25-8674-587545cbf962,,
54,35202500000NB,0.0,0.94,SIGNAL_TYPE,1/1/2022 12:00:00 AM,5.0,,,,4/17/2023 5:09:08 PM,12/31/9999 12:00:00 AM,0.94,aed67bc5-0c79-4f25-8674-587545cbf962,,
54,35202500000NB,0.94,1.9,SIGNAL_TYPE,1/1/2022 12:00:00 AM,5.0,,,,4/17/2023 5:09:08 PM,12/31/9999 12:00:00 AM,0.96,aed67bc5-0c79-4f25-8674-587545cbf962,,
54,35202500000NB,1.9,2.93,SIGNAL_TYPE,1/1/2022 12:00:00 AM,5.0,,,,4/17/2023 5:09:08 PM,12/31/9999 12:00:00 AM,1.03,aed67bc5-0c79-4f25-8674-587545cbf962,,
54,35202500000NB,2.93,3.26,SIGNAL_TYPE,1/1/2022 12:00:00 AM,5.0,,,,4/17/2023 5:09:08 PM,12/31/9999 12:00:00 AM,0.33,aed67bc5-0c79-4f25-8674-587545cbf962,,
54,35202500005SB,0.0,0.36,SIGNAL_TYPE,1/1/2022 12:00:00 AM,5.0,,,,4/17/2023 5:09:08 PM,12/31/9999 12:00:00 AM,0.36,aed67bc5-0c79-4f25-8674-587545cbf962,,
54,35202500009NB,0.0,0.68,SIGNAL_TYPE,1/1/2022 12:00:00 AM,3.0,,,,4/17/2023 5:09:08 PM,12/31/9999 12:00:00 AM,0.68,aed67bc5-0c79-4f25-8674-587545cbf962,,
54,35202500010SB,0.0,0.64,SIGNAL_TYPE,1/1/2022 12:00:00 AM,3.0,,,,4/17/2023 5:09:08 PM,12/31/9999 12:00:00 AM,0.64,aed67bc5-0c79-4f25-8674-587545cbf962,,
54,40100640000EB,31.77,32.57,SIGNAL_TYPE,1/1/2022 12:00:00 AM,5.0,,,,4/17/2023 5:09:08 PM,12/31/9999 12:00:00 AM,0.8,aed67bc5-0c79-4f25-8674-587545cbf962,,
54,40100640000EB,32.57,33.45,SIGNAL_TYPE,1/1/2022 12:00:00 AM,5.0,,,,4/17/2023 5:09:08 PM,12/31/9999 12:00:00 AM,0.88,aed67bc5-0c79-4f25-8674-587545cbf962,,
54,40100640000EB,33.45,34.45,SIGNAL_TYPE,1/1/2022 12:00:00 AM,5.0,,,,4/17/2023 5:09:08 PM,12/31/9999 12:00:00 AM,1.0,aed67bc5-0c79-4f25-8674-587545cbf962,,
54,40100640000EB,34.45,36.27,SIGNAL_TYPE,1/1/2022 12:00:00 AM,5.0,,,,4/17/2023 5:09:08 PM,12/31/9999 12:00:00 AM,1.82,aed67bc5-0c79-4f25-8674-587545cbf962,,
54,40100640000EB,36.27,38.5,SIGNAL_TYPE,1/1/2022 12:00:00 AM,5.0,,,,4/17/2023 5:09:08 PM,12/31/9999 12:00:00 AM,2.23,aed67bc5-0c79-4f25-8674-587545cbf962,,
54,40100640000EB,38.5,38.54,SIGNAL_TYPE,1/1/2022 12:00:00 AM,5.0,,,,4/17/2023 5:09:08 PM,12/31/9999 12:00:00 AM,0.04,aed67bc5-0c79-4f25-8674-587545cbf962,,
54,40100640000EB,38.54,38.68,SIGNAL_TYPE,1/1/2022 12:00:00 AM,5.0,,,,4/17/2023 5:09:08 PM,12/31/9999 12:00:00 AM,0.14,aed67bc5-0c79-4f25-8674-587545cbf962,,
54,40100640000EB,40.46,40.568,SIGNAL_TYPE,1/1/2022 12:00:00 AM,5.0,,,,4/17/2023 5:09:08 PM,12/31/9999 12:00:00 AM,0.108,aed67bc5-0c79-4f25-8674-587545cbf962,,
54,40100640000EB,40.568,40.658,SIGNAL_TYPE,1/1/2022 12:00:00 AM,5.0,,,,4/17/2023 5:09:08 PM,12/31/9999 12:00:00 AM,0.09,aed67bc5-0c79-4f25-8674-587545cbf962,,
54,40100640000EB,40.658,41.25,SIGNAL_TYPE,1/1/2022 12:00:00 AM,5.0,,,,4/17/2023 5:09:08 PM,12/31/9999 12:00:00 AM,0.592,aed67bc5-0c79-4f25-8674-587545cbf962,,
54,40100640000EB,41.25,41.546,SIGNAL_TYPE,1/1/2022 12:00:00 AM,5.0,,,,4/17/2023 5:09:08 PM,12/31/9999 12:00:00 AM,0.296,aed67bc5-0c79-4f25-8674-587545cbf962,,
54,40100640000EB,42.79,43.77,SIGNAL_TYPE,1/1/2022 12:00:00 AM,5.0,,,,4/17/2023 5:09:08 PM,12/31/9999 12:00:00 AM,0.98,aed67bc5-0c79-4f25-8674-587545cbf962,,
54,40100640000EB,43.77,44.47,SIGNAL_TYPE,1/1/2022 12:00:00 AM,5.0,,,,4/17/2023 5:09:08 PM,12/31/9999 12:00:00 AM,0.7,aed67bc5-0c79-4f25-8674-587545cbf962,,
54,40100640000EB,44.47,44.78,SIGNAL_TYPE,1/1/2022 12:00:00 AM,5.0,,,,4/17/2023 5:09:08 PM,12/31/9999 12:00:00 AM,0.31,aed67bc5-0c79-4f25-8674-587545cbf962,,
54,40100640000EB,44.78,45.39,SIGNAL_TYPE,1/1/2022 12:00:00 AM,5.0,,,,4/17/2023 5:09:08 PM,12/31/9999 12:00:00 AM,0.61,aed67bc5-0c79-4f25-8674-587545cbf962,,
54,40200350000NB,0.29,0.65,SIGNAL_TYPE,1/1/2022 12:00:00 AM,5.0,,,,4/17/2023 5:09:08 PM,12/31/9999 12:00:00 AM,0.36,aed67bc5-0c79-4f25-8674-587545cbf962,,
54,40200350000NB,1.36,1.6,SIGNAL_TYPE,1/1/2022 12:00:00 AM,5.0,,,,4/17/2023 5:09:08 PM,12/31/9999 12:00:00 AM,0.24,aed67bc5-0c79-4f25-8674-587545cbf962,,
54,40200350000NB,1.64,2.06,SIGNAL_TYPE,1/1/2022 12:00:00 AM,5.0,,,,4/17/2023 5:09:08 PM,12/31/9999 12:00:00 AM,0.42,aed67bc5-0c79-4f25-8674-587545cbf962,,
54,40200350000NB,2.1,2.532,SIGNAL_TYPE,1/1/2022 12:00:00 AM,5.0,,,,4/17/2023 5:09:08 PM,12/31/9999 12:00:00 AM,0.432,aed67bc5-0c79-4f25-8674-587545cbf962,,
54,41100640000EB,118.92,119.0,SIGNAL_TYPE,1/1/2022 12:00:00 AM,5.0,,,,4/17/2023 5:09:08 PM,12/31/9999 12:00:00 AM,0.08,aed67bc5-0c79-4f25-8674-587545cbf962,,
54,41100640000EB,119.0,120.0,SIGNAL_TYPE,1/1/2022 12:00:00 AM,5.0,,,,4/17/2023 5:09:08 PM,12/31/9999 12:00:00 AM,1.0,aed67bc5-0c79-4f25-8674-587545cbf962,,
54,41100640000EB,120.0,120.1,SIGNAL_TYPE,1/1/2022 12:00:00 AM,5.0,,,,4/17/2023 5:09:08 PM,12/31/9999 12:00:00 AM,0.1,aed67bc5-0c79-4f25-8674-587545cbf962,,
54,41100640000EB,120.69,121.5,SIGNAL_TYPE,1/1/2022 12:00:00 AM,5.0,,,,4/17/2023 5:09:08 PM,12/31/9999 12:00:00 AM,0.81,aed67bc5-0c79-4f25-8674-587545cbf962,,
54,41100640000EB,121.5,122.5,SIGNAL_TYPE,1/1/2022 12:00:00 AM,5.0,,,,4/17/2023 5:09:08 PM,12/31/9999 12:00:00 AM,1.0,aed67bc5-0c79-4f25-8674-587545cbf962,,
54,41100640000EB,122.5,122.62,SIGNAL_TYPE,1/1/2022 12:00:00 AM,5.0,,,,4/17/2023 5:09:08 PM,12/31/9999 12:00:00 AM,0.12,aed67bc5-0c79-4f25-8674-587545cbf962,,
54,41100640000EB,122.71,123.18,SIGNAL_TYPE,1/1/2022 12:00:00 AM,5.0,,,,4/17/2023 5:09:08 PM,12/31/9999 12:00:00 AM,0.47,aed67bc5-0c79-4f25-8674-587545cbf962,,
54,41100640000EB,123.63,123.9,SIGNAL_TYPE,1/1/2022 12:00:00 AM,5.0,,,,4/17/2023 5:09:08 PM,12/31/9999 12:00:00 AM,0.27,aed67bc5-0c79-4f25-8674-587545cbf962,,
54,41100640000EB,123.9,123.96,SIGNAL_TYPE,1/1/2022 12:00:00 AM,5.0,,,,4/17/2023 5:09:08 PM,12/31/9999 12:00:00 AM,0.06,aed67bc5-0c79-4f25-8674-587545cbf962,,
54,41100640000EB,123.96,124.0,SIGNAL_TYPE,1/1/2022 12:00:00 AM,5.0,,,,4/17/2023 5:09:08 PM,12/31/9999 12:00:00 AM,0.04,aed67bc5-0c79-4f25-8674-587545cbf962,,
54,41100640000EB,124.0,124.4,SIGNAL_TYPE,1/1/2022 12:00:00 AM,5.0,,,,4/17/2023 5:09:08 PM,12/31/9999 12:00:00 AM,0.4,aed67bc5-0c79-4f25-8674-587545cbf962,,
54,41100640000EB,124.4,124.47,SIGNAL_TYPE,1/1/2022 12:00:00 AM,5.0,,,,4/17/2023 5:09:08 PM,12/31/9999 12:00:00 AM,0.07,aed67bc5-0c79-4f25-8674-587545cbf962,,
54,41100640000EB,126.65,127.58,SIGNAL_TYPE,1/1/2022 12:00:00 AM,5.0,,,,4/17/2023 5:09:08 PM,12/31/9999 12:00:00 AM,0.93,aed67bc5-0c79-4f25-8674-587545cbf962,,
54,41100640007WB,0.0,0.45,SIGNAL_TYPE,1/1/2022 12:00:00 AM,5.0,,,,4/17/2023 5:09:08 PM,12/31/9999 12:00:00 AM,0.45,aed67bc5-0c79-4f25-8674-587545cbf962,,
54,41100640017WB,0.0,0.47,SIGNAL_TYPE,1/1/2022 12:00:00 AM,5.0,,,,4/17/2023 5:09:08 PM,12/31/9999 12:00:00 AM,0.47,aed67bc5-0c79-4f25-8674-587545cbf962,,
54,41100640017WB,0.47,0.594,SIGNAL_TYPE,1/1/2022 12:00:00 AM,5.0,,,,4/17/2023 5:09:08 PM,12/31/9999 12:00:00 AM,0.124,aed67bc5-0c79-4f25-8674-587545cbf962,,
54,41100640017WB,0.594,0.82,SIGNAL_TYPE,1/1/2022 12:00:00 AM,5.0,,,,4/17/2023 5:09:07 PM,12/31/9999 12:00:00 AM,0.226,aed67bc5-0c79-4f25-8674-587545cbf962,,
54,41100770004NB,0.0,0.43,SIGNAL_TYPE,1/1/2022 12:00:00 AM,5.0,,,,4/17/2023 5:09:08 PM,12/31/9999 12:00:00 AM,0.43,aed67bc5-0c79-4f25-8674-587545cbf962,,
54,41100770016NB,28.97,29.9,SIGNAL_TYPE,1/1/2022 12:00:00 AM,5.0,,,,4/17/2023 5:09:08 PM,12/31/9999 12:00:00 AM,0.93,aed67bc5-0c79-4f25-8674-587545cbf962,,
54,41100770016NB,29.9,30.26,SIGNAL_TYPE,1/1/2022 12:00:00 AM,5.0,,,,4/17/2023 5:09:08 PM,12/31/9999 12:00:00 AM,0.36,aed67bc5-0c79-4f25-8674-587545cbf962,,
54,41100770016NB,30.26,30.8,SIGNAL_TYPE,1/1/2022 12:00:00 AM,5.0,,,,4/17/2023 5:09:08 PM,12/31/9999 12:00:00 AM,0.54,aed67bc5-0c79-4f25-8674-587545cbf962,,
54,41100770016NB,30.8,30.804,SIGNAL_TYPE,1/1/2022 12:00:00 AM,5.0,,,,4/17/2023 5:09:08 PM,12/31/9999 12:00:00 AM,0.004,aed67bc5-0c79-4f25-8674-587545cbf962,,
54,41100770016NB,35.21,35.75,SIGNAL_TYPE,1/1/2022 12:00:00 AM,5.0,,,,4/17/2023 5:09:08 PM,12/31/9999 12:00:00 AM,0.54,aed67bc5-0c79-4f25-8674-587545cbf962,,
54,41100770016NB,35.75,37.82,SIGNAL_TYPE,1/1/2022 12:00:00 AM,5.0,,,,4/17/2023 5:09:08 PM,12/31/9999 12:00:00 AM,2.07,aed67bc5-0c79-4f25-8674-587545cbf962,,
54,41100770016NB,40.6,40.8,SIGNAL_TYPE,1/1/2022 12:00:00 AM,5.0,,,,4/17/2023 5:09:08 PM,12/31/9999 12:00:00 AM,0.2,aed67bc5-0c79-4f25-8674-587545cbf962,,
54,41100770016NB,40.8,41.68,SIGNAL_TYPE,1/1/2022 12:00:00 AM,5.0,,,,4/17/2023 5:09:08 PM,12/31/9999 12:00:00 AM,0.88,aed67bc5-0c79-4f25-8674-587545cbf962,,
54,41100770016NB,41.68,42.31,SIGNAL_TYPE,1/1/2022 12:00:00 AM,5.0,,,,4/17/2023 5:09:08 PM,12/31/9999 12:00:00 AM,0.63,aed67bc5-0c79-4f25-8674-587545cbf962,,
54,41100770016NB,42.31,43.13,SIGNAL_TYPE,1/1/2022 12:00:00 AM,5.0,,,,4/17/2023 5:09:08 PM,12/31/9999 12:00:00 AM,0.82,aed67bc5-0c79-4f25-8674-587545cbf962,,
54,41100770016NB,43.13,44.54,SIGNAL_TYPE,1/1/2022 12:00:00 AM,5.0,,,,4/17/2023 5:09:08 PM,12/31/9999 12:00:00 AM,1.41,aed67bc5-0c79-4f25-8674-587545cbf962,,
54,41100770016NB,44.54,44.7,SIGNAL_TYPE,1/1/2022 12:00:00 AM,5.0,,,,4/17/2023 5:09:08 PM,12/31/9999 12:00:00 AM,0.16,aed67bc5-0c79-4f25-8674-587545cbf962,,
54,41100770016NB,44.7,45.35,SIGNAL_TYPE,1/1/2022 12:00:00 AM,5.0,,,,4/17/2023 5:09:08 PM,12/31/9999 12:00:00 AM,0.65,aed67bc5-0c79-4f25-8674-587545cbf962,,
54,41100770016NB,45.35,45.63,SIGNAL_TYPE,1/1/2022 12:00:00 AM,5.0,,,,4/17/2023 5:09:08 PM,12/31/9999 12:00:00 AM,0.28,aed67bc5-0c79-4f25-8674-587545cbf962,,
54,41100770016NB,46.89,47.37,SIGNAL_TYPE,1/1/2022 12:00:00 AM,5.0,,,,4/17/2023 5:09:08 PM,12/31/9999 12:00:00 AM,0.48,aed67bc5-0c79-4f25-8674-587545cbf962,,
54,41100770016NB,47.37,48.05,SIGNAL_TYPE,1/1/2022 12:00:00 AM,5.0,,,,4/17/2023 5:09:08 PM,12/31/9999 12:00:00 AM,0.68,aed67bc5-0c79-4f25-8674-587545cbf962,,
54,41100770016NB,48.05,48.34,SIGNAL_TYPE,1/1/2022 12:00:00 AM,5.0,,,,4/17/2023 5:09:08 PM,12/31/9999 12:00:00 AM,0.29,aed67bc5-0c79-4f25-8674-587545cbf962,,
54,41200190000NB,23.31,23.5,SIGNAL_TYPE,1/1/2022 12:00:00 AM,2.0,,,,4/17/2023 5:09:08 PM,12/31/9999 12:00:00 AM,0.19,aed67bc5-0c79-4f25-8674-587545cbf962,,
54,41200190000NB,23.5,24.09,SIGNAL_TYPE,1/1/2022 12:00:00 AM,2.0,,,,4/17/2023 5:09:08 PM,12/31/9999 12:00:00 AM,0.59,aed67bc5-0c79-4f25-8674-587545cbf962,,
54,41200190023EB,0.0,0.033,SIGNAL_TYPE,1/1/2022 12:00:00 AM,5.0,,,,4/17/2023 5:09:08 PM,12/31/9999 12:00:00 AM,0.033,aed67bc5-0c79-4f25-8674-587545cbf962,,
54,41200190023EB,0.033,0.034,SIGNAL_TYPE,1/1/2022 12:00:00 AM,5.0,,,,4/17/2023 5:09:07 PM,12/31/9999 12:00:00 AM,0.001,aed67bc5-0c79-4f25-8674-587545cbf962,,
54,41200190023EB,0.034,1.1,SIGNAL_TYPE,1/1/2022 12:00:00 AM,5.0,,,,4/17/2023 5:09:08 PM,12/31/9999 12:00:00 AM,1.066,aed67bc5-0c79-4f25-8674-587545cbf962,,
54,41200190023EB,1.1,1.36,SIGNAL_TYPE,1/1/2022 12:00:00 AM,5.0,,,,4/17/2023 5:09:08 PM,12/31/9999 12:00:00 AM,0.26,aed67bc5-0c79-4f25-8674-587545cbf962,,
54,42200330000EB,4.522,4.7,SIGNAL_TYPE,1/1/2022 12:00:00 AM,2.0,,,,4/17/2023 5:09:08 PM,12/31/9999 12:00:00 AM,0.178,aed67bc5-0c79-4f25-8674-587545cbf962,,
54,42200330000EB,4.7,5.76,SIGNAL_TYPE,1/1/2022 12:00:00 AM,2.0,,,,4/17/2023 5:09:08 PM,12/31/9999 12:00:00 AM,1.06,aed67bc5-0c79-4f25-8674-587545cbf962,,
54,42200330000EB,5.76,5.9,SIGNAL_TYPE,1/1/2022 12:00:00 AM,2.0,,,,4/17/2023 5:09:08 PM,12/31/9999 12:00:00 AM,0.14,aed67bc5-0c79-4f25-8674-587545cbf962,,
54,42200330000EB,5.9,7.26,SIGNAL_TYPE,1/1/2022 12:00:00 AM,2.0,,,,4/17/2023 5:09:08 PM,12/31/9999 12:00:00 AM,1.36,aed67bc5-0c79-4f25-8674-587545cbf962,,
54,42200330000EB,7.26,7.76,SIGNAL_TYPE,1/1/2022 12:00:00 AM,2.0,,,,4/17/2023 5:09:08 PM,12/31/9999 12:00:00 AM,0.5,aed67bc5-0c79-4f25-8674-587545cbf962,,
54,42200330000EB,7.76,7.9,SIGNAL_TYPE,1/1/2022 12:00:00 AM,2.0,,,,4/17/2023 5:09:08 PM,12/31/9999 12:00:00 AM,0.14,aed67bc5-0c79-4f25-8674-587545cbf962,,
54,42200330000EB,7.9,8.05,SIGNAL_TYPE,1/1/2022 12:00:00 AM,2.0,,,,4/17/2023 5:09:08 PM,12/31/9999 12:00:00 AM,0.15,aed67bc5-0c79-4f25-8674-587545cbf962,,
54,42200330000EB,8.05,8.63,SIGNAL_TYPE,1/1/2022 12:00:00 AM,5.0,,,,4/17/2023 5:09:08 PM,12/31/9999 12:00:00 AM,0.58,aed67bc5-0c79-4f25-8674-587545cbf962,,
54,42200330000EB,8.63,8.64,SIGNAL_TYPE,1/1/2022 12:00:00 AM,5.0,,,,4/17/2023 5:09:08 PM,12/31/9999 12:00:00 AM,0.01,aed67bc5-0c79-4f25-8674-587545cbf962,,
54,42200330000EB,8.64,8.78,SIGNAL_TYPE,1/1/2022 12:00:00 AM,5.0,,,,4/17/2023 5:09:08 PM,12/31/9999 12:00:00 AM,0.14,aed67bc5-0c79-4f25-8674-587545cbf962,,
54,42200330000EB,8.78,9.5,SIGNAL_TYPE,1/1/2022 12:00:00 AM,5.0,,,,4/17/2023 5:09:08 PM,12/31/9999 12:00:00 AM,0.72,aed67bc5-0c79-4f25-8674-587545cbf962,,
54,42200330000EB,9.5,9.74,SIGNAL_TYPE,1/1/2022 12:00:00 AM,5.0,,,,4/17/2023 5:09:08 PM,12/31/9999 12:00:00 AM,0.24,aed67bc5-0c79-4f25-8674-587545cbf962,,
54,42200330000EB,10.26,10.41,SIGNAL_TYPE,1/1/2022 12:00:00 AM,5.0,,,,4/17/2023 5:09:08 PM,12/31/9999 12:00:00 AM,0.15,aed67bc5-0c79-4f25-8674-587545cbf962,,
54,42200330000EB,10.41,10.99,SIGNAL_TYPE,1/1/2022 12:00:00 AM,5.0,,,,4/17/2023 5:09:08 PM,12/31/9999 12:00:00 AM,0.58,aed67bc5-0c79-4f25-8674-587545cbf962,,
54,49200330000EB,1.22,2.51,SIGNAL_TYPE,1/1/2022 12:00:00 AM,5.0,,,,4/17/2023 5:09:08 PM,12/31/9999 12:00:00 AM,1.29,aed67bc5-0c79-4f25-8674-587545cbf962,,
54,49200330000EB,2.51,4.0,SIGNAL_TYPE,1/1/2022 12:00:00 AM,5.0,,,,4/17/2023 5:09:08 PM,12/31/9999 12:00:00 AM,1.49,aed67bc5-0c79-4f25-8674-587545cbf962,,
54,49200330000EB,4.0,4.35,SIGNAL_TYPE,1/1/2022 12:00:00 AM,5.0,,,,4/17/2023 5:09:08 PM,12/31/9999 12:00:00 AM,0.35,aed67bc5-0c79-4f25-8674-587545cbf962,,
54,49200330000EB,5.37,7.192,SIGNAL_TYPE,1/1/2022 12:00:00 AM,5.0,,,,4/17/2023 5:09:08 PM,12/31/9999 12:00:00 AM,1.822,aed67bc5-0c79-4f25-8674-587545cbf962,,
54,50100640000EB,0.0,0.11,SIGNAL_TYPE,1/1/2022 12:00:00 AM,5.0,,,,4/17/2023 5:09:08 PM,12/31/9999 12:00:00 AM,0.11,aed67bc5-0c79-4f25-8674-587545cbf962,,
54,50100640000EB,0.11,1.25,SIGNAL_TYPE,1/1/2022 12:00:00 AM,5.0,,,,4/17/2023 5:09:08 PM,12/31/9999 12:00:00 AM,1.14,aed67bc5-0c79-4f25-8674-587545cbf962,,
54,50100640000EB,1.25,1.29,SIGNAL_TYPE,1/1/2022 12:00:00 AM,5.0,,,,4/17/2023 5:09:08 PM,12/31/9999 12:00:00 AM,0.04,aed67bc5-0c79-4f25-8674-587545cbf962,,
54,50100640000EB,1.29,1.66,SIGNAL_TYPE,1/1/2022 12:00:00 AM,5.0,,,,4/17/2023 5:09:08 PM,12/31/9999 12:00:00 AM,0.37,aed67bc5-0c79-4f25-8674-587545cbf962,,
54,50100640000EB,1.66,2.17,SIGNAL_TYPE,1/1/2022 12:00:00 AM,5.0,,,,4/17/2023 5:09:08 PM,12/31/9999 12:00:00 AM,0.51,aed67bc5-0c79-4f25-8674-587545cbf962,,
54,50100640000EB,2.17,2.75,SIGNAL_TYPE,1/1/2022 12:00:00 AM,5.0,,,,4/17/2023 5:09:08 PM,12/31/9999 12:00:00 AM,0.58,aed67bc5-0c79-4f25-8674-587545cbf962,,
54,50100640000EB,2.75,4.22,SIGNAL_TYPE,1/1/2022 12:00:00 AM,5.0,,,,4/17/2023 5:09:08 PM,12/31/9999 12:00:00 AM,1.47,aed67bc5-0c79-4f25-8674-587545cbf962,,
54,50100640000EB,4.22,5.29,SIGNAL_TYPE,1/1/2022 12:00:00 AM,5.0,,,,4/17/2023 5:09:08 PM,12/31/9999 12:00:00 AM,1.07,aed67bc5-0c79-4f25-8674-587545cbf962,,
54,50100640000EB,5.29,5.87,SIGNAL_TYPE,1/1/2022 12:00:00 AM,5.0,,,,4/17/2023 5:09:08 PM,12/31/9999 12:00:00 AM,0.58,aed67bc5-0c79-4f25-8674-587545cbf962,,
54,50200520000EB,5.8,6.51,SIGNAL_TYPE,1/1/2022 12:00:00 AM,5.0,,,,4/17/2023 5:09:08 PM,12/31/9999 12:00:00 AM,0.71,aed67bc5-0c79-4f25-8674-587545cbf962,,
54,54100770000NB,168.205,168.37,SIGNAL_TYPE,1/1/2022 12:00:00 AM,5.0,,,,4/17/2023 5:09:08 PM,12/31/9999 12:00:00 AM,0.165,aed67bc5-0c79-4f25-8674-587545cbf962,,
54,54100770000NB,168.37,170.3,SIGNAL_TYPE,1/1/2022 12:00:00 AM,5.0,,,,4/17/2023 5:09:08 PM,12/31/9999 12:00:00 AM,1.93,aed67bc5-0c79-4f25-8674-587545cbf962,,
54,54100770000NB,170.3,170.5,SIGNAL_TYPE,1/1/2022 12:00:00 AM,5.0,,,,4/17/2023 5:09:08 PM,12/31/9999 12:00:00 AM,0.2,aed67bc5-0c79-4f25-8674-587545cbf962,,
54,54100770000NB,170.5,172.29,SIGNAL_TYPE,1/1/2022 12:00:00 AM,5.0,,,,4/17/2023 5:09:08 PM,12/31/9999 12:00:00 AM,1.79,aed67bc5-0c79-4f25-8674-587545cbf962,,
54,54100770000NB,172.29,172.9,SIGNAL_TYPE,1/1/2022 12:00:00 AM,5.0,,,,4/17/2023 5:09:08 PM,12/31/9999 12:00:00 AM,0.61,aed67bc5-0c79-4f25-8674-587545cbf962,,
54,54100770000NB,172.9,173.0,SIGNAL_TYPE,1/1/2022 12:00:00 AM,5.0,,,,4/17/2023 5:09:08 PM,12/31/9999 12:00:00 AM,0.1,aed67bc5-0c79-4f25-8674-587545cbf962,,
54,54100770000NB,173.0,173.2,SIGNAL_TYPE,1/1/2022 12:00:00 AM,5.0,,,,4/17/2023 5:09:08 PM,12/31/9999 12:00:00 AM,0.2,aed67bc5-0c79-4f25-8674-587545cbf962,,
54,54100770000NB,173.2,173.21,SIGNAL_TYPE,1/1/2022 12:00:00 AM,5.0,,,,4/17/2023 5:09:08 PM,12/31/9999 12:00:00 AM,0.01,aed67bc5-0c79-4f25-8674-587545cbf962,,
54,54100770000NB,173.21,173.5,SIGNAL_TYPE,1/1/2022 12:00:00 AM,5.0,,,,4/17/2023 5:09:08 PM,12/31/9999 12:00:00 AM,0.29,aed67bc5-0c79-4f25-8674-587545cbf962,,
54,54100770000NB,173.5,173.9,SIGNAL_TYPE,1/1/2022 12:00:00 AM,5.0,,,,4/17/2023 5:09:08 PM,12/31/9999 12:00:00 AM,0.4,aed67bc5-0c79-4f25-8674-587545cbf962,,
54,54100770000NB,173.9,173.94,SIGNAL_TYPE,1/1/2022 12:00:00 AM,5.0,,,,4/17/2023 5:09:08 PM,12/31/9999 12:00:00 AM,0.04,aed67bc5-0c79-4f25-8674-587545cbf962,,
54,54100770000NB,173.94,174.1,SIGNAL_TYPE,1/1/2022 12:00:00 AM,5.0,,,,4/17/2023 5:09:08 PM,12/31/9999 12:00:00 AM,0.16,aed67bc5-0c79-4f25-8674-587545cbf962,,
54,54100770000NB,174.1,174.2,SIGNAL_TYPE,1/1/2022 12:00:00 AM,5.0,,,,4/17/2023 5:09:08 PM,12/31/9999 12:00:00 AM,0.1,aed67bc5-0c79-4f25-8674-587545cbf962,,
54,54100770000NB,174.2,175.9,SIGNAL_TYPE,1/1/2022 12:00:00 AM,5.0,,,,4/17/2023 5:09:08 PM,12/31/9999 12:00:00 AM,1.7,aed67bc5-0c79-4f25-8674-587545cbf962,,
54,54100770000NB,175.9,176.2,SIGNAL_TYPE,1/1/2022 12:00:00 AM,5.0,,,,4/17/2023 5:09:08 PM,12/31/9999 12:00:00 AM,0.3,aed67bc5-0c79-4f25-8674-587545cbf962,,
54,54100770000NB,176.2,176.3,SIGNAL_TYPE,1/1/2022 12:00:00 AM,5.0,,,,4/17/2023 5:09:08 PM,12/31/9999 12:00:00 AM,0.1,aed67bc5-0c79-4f25-8674-587545cbf962,,
54,54100770000NB,176.3,176.46,SIGNAL_TYPE,1/1/2022 12:00:00 AM,5.0,,,,4/17/2023 5:09:08 PM,12/31/9999 12:00:00 AM,0.16,aed67bc5-0c79-4f25-8674-587545cbf962,,
54,54100770000NB,176.46,176.76,SIGNAL_TYPE,1/1/2022 12:00:00 AM,5.0,,,,4/17/2023 5:09:08 PM,12/31/9999 12:00:00 AM,0.3,aed67bc5-0c79-4f25-8674-587545cbf962,,
54,54100770000NB,176.76,177.928,SIGNAL_TYPE,1/1/2022 12:00:00 AM,5.0,,,,4/17/2023 5:09:08 PM,12/31/9999 12:00:00 AM,1.168,aed67bc5-0c79-4f25-8674-587545cbf962,,
54,54100770000NB,181.674,185.34,SIGNAL_TYPE,1/1/2022 12:00:00 AM,5.0,,,,4/17/2023 5:09:08 PM,12/31/9999 12:00:00 AM,3.666,aed67bc5-0c79-4f25-8674-587545cbf962,,
54,54100770000NB,185.34,185.64,SIGNAL_TYPE,1/1/2022 12:00:00 AM,5.0,,,,4/17/2023 5:09:08 PM,12/31/9999 12:00:00 AM,0.3,aed67bc5-0c79-4f25-8674-587545cbf962,,
54,54100770000NB,185.64,186.72,SIGNAL_TYPE,1/1/2022 12:00:00 AM,5.0,,,,4/17/2023 5:09:08 PM,12/31/9999 12:00:00 AM,1.08,aed67bc5-0c79-4f25-8674-587545cbf962,,
54,54100770000NB,186.72,187.21,SIGNAL_TYPE,1/1/2022 12:00:00 AM,5.0,,,,4/17/2023 5:09:08 PM,12/31/9999 12:00:00 AM,0.49,aed67bc5-0c79-4f25-8674-587545cbf962,,
