County_Code,County,FedFSystemID,FedFSystemDescript,Urbanization,Miles,Miles_Percentage,Lane_Miles,Lanes_Percentage,Annual_Vehicle_Miles_Millions,Daily_Vehicle_Miles_Travel_Thousands,VMT_Percentage,RowOrder
01,Barbour,1,Interstate,Urban,0,0,0,0,0,0,0,1
01,Barbour,2,O. F. E,Urban,0,0,0,0,0,0,0,1
01,Barbour,3,O. P. A.,Urban,0,0,0,0,0,0,0,1
01,Barbour,4,Minor Arterial,Urban,0,0,0,0,0,0,0,1
01,Barbour,5,Major Collector,Urban,0,0,0,0,0,0,0,1
01,Barbour,6,Minor Collector,Urban,0,0,0,0,0,0,0,1
01,Barbour,7,Local,Urban,0,0,0,0,0,0,0,1
01,Barbour,1,Interstate,Rural,0,0,0,0,0,0,0,1
01,Barbour,2,O. F. E,Rural,0,0,0,0,0,0,0,1
01,Barbour,3,O. P. A.,Rural,4.43,0.7,19.75,1.55,13.47,36.91,10.31,1
01,Barbour,4,Minor Arterial,Rural,39.96,6.34,79.93,6.29,55.99,153.39,42.86,1
01,Barbour,5,Major Collector,Rural,101.58,16.13,203.16,15.99,46.16,126.46,35.34,1
01,Barbour,6,Minor Collector,Rural,18.42,2.92,36.84,2.9,1.85,5.06,1.41,1
01,Barbour,7,Local,Rural,465.54,73.9,931.09,73.27,13.16,36.04,10.07,1
01,Barbour,99,Total County,All,629.93,100,1270.77,100,130.63,357.86,100,2
02,Berkeley,1,Interstate,Urban,37.05,5.63,151.65,10.72,572.94,1569.69,48.89,1
02,Berkeley,2,O. F. E,Urban,0,0,0,0,0,0,0,1
02,Berkeley,3,O. P. A.,Urban,17.39,2.64,47.01,3.32,119.56,327.57,10.2,1
02,Berkeley,4,Minor Arterial,Urban,40.45,6.15,83.53,5.9,173.95,476.56,14.84,1
02,Berkeley,5,Major Collector,Urban,57.86,8.79,118.81,8.4,120.64,330.52,10.29,1
02,Berkeley,6,Minor Collector,Urban,6.37,0.97,13.98,0.99,15.37,42.11,1.31,1
02,Berkeley,7,Local,Urban,211.99,32.21,425.76,30.09,68.46,187.57,5.84,1
02,Berkeley,1,Interstate,Rural,0,0,0,0,0,0,0,1
02,Berkeley,2,O. F. E,Rural,0,0,0,0,0,0,0,1
02,Berkeley,3,O. P. A.,Rural,4.95,0.75,9.91,0.7,18.36,50.31,1.57,1
02,Berkeley,4,Minor Arterial,Rural,8.11,1.23,16.23,1.15,17.84,48.88,1.52,1
02,Berkeley,5,Major Collector,Rural,31.99,4.86,63.99,4.52,29.25,80.14,2.5,1
02,Berkeley,6,Minor Collector,Rural,8.49,1.29,16.98,1.2,3.58,9.81,0.31,1
02,Berkeley,7,Local,Rural,233.6,35.49,467.21,33.02,31.96,87.55,2.73,1
02,Berkeley,99,Total County,All,658.25,100,1415.06,100,1171.91,3210.71,100,2
03,Boone,1,Interstate,Urban,0,0,0,0,0,0,0,1
03,Boone,2,O. F. E,Urban,0,0,0,0,0,0,0,1
03,Boone,3,O. P. A.,Urban,0,0,0,0,0,0,0,1
03,Boone,4,Minor Arterial,Urban,0,0,0,0,0,0,0,1
03,Boone,5,Major Collector,Urban,0,0,0,0,0,0,0,1
03,Boone,6,Minor Collector,Urban,0,0,0,0,0,0,0,1
03,Boone,7,Local,Urban,0,0,0,0,0,0,0,1
03,Boone,1,Interstate,Rural,0,0,0,0,0,0,0,1
03,Boone,2,O. F. E,Rural,0,0,0,0,0,0,0,1
03,Boone,3,O. P. A.,Rural,22.94,5.59,91.58,10.58,85.16,233.32,43.97,1
03,Boone,4,Minor Arterial,Rural,38.27,9.33,76.54,8.84,29.04,79.56,14.99,1
03,Boone,5,Major Collector,Rural,95.37,23.25,190.75,22.04,61.88,169.52,31.95,1
03,Boone,6,Minor Collector,Rural,29.37,7.16,58.75,6.79,3.34,9.15,1.72,1
03,Boone,7,Local,Rural,224.26,54.67,447.8,51.74,14.26,39.08,7.36,1
03,Boone,99,Total County,All,410.21,100,865.42,100,193.68,530.63,100,2
04,Braxton,1,Interstate,Urban,0,0,0,0,0,0,0,1
04,Braxton,2,O. F. E,Urban,0,0,0,0,0,0,0,1
04,Braxton,3,O. P. A.,Urban,0,0,0,0,0,0,0,1
04,Braxton,4,Minor Arterial,Urban,0,0,0,0,0,0,0,1
04,Braxton,5,Major Collector,Urban,0,0,0,0,0,0,0,1
04,Braxton,6,Minor Collector,Urban,0,0,0,0,0,0,0,1
04,Braxton,7,Local,Urban,0,0,0,0,0,0,0,1
04,Braxton,1,Interstate,Rural,48.73,6.18,164.38,9.9,206.86,566.74,68.26,1
04,Braxton,2,O. F. E,Rural,0,0,0,0,0,0,0,1
04,Braxton,3,O. P. A.,Rural,7.18,0.91,30.23,1.82,27.95,76.57,9.22,1
04,Braxton,4,Minor Arterial,Rural,0,0,0,0,0,0,0,1
04,Braxton,5,Major Collector,Rural,143.77,18.23,287.55,17.33,55.01,150.71,18.15,1
04,Braxton,6,Minor Collector,Rural,67.43,8.55,134.86,8.13,5.89,16.13,1.94,1
04,Braxton,7,Local,Rural,521.33,66.12,1042.66,62.82,7.35,20.13,2.42,1
04,Braxton,99,Total County,All,788.44,100,1659.68,100,303.06,830.28,100,2
05,Brooke,1,Interstate,Urban,0,0,0,0,0,0,0,1
05,Brooke,2,O. F. E,Urban,8.37,3.53,26.73,5.44,59.99,164.36,31.94,1
05,Brooke,3,O. P. A.,Urban,7.9,3.33,22.01,4.48,33.2,90.95,17.68,1
05,Brooke,4,Minor Arterial,Urban,8.17,3.44,16.33,3.32,9.31,25.51,4.96,1
05,Brooke,5,Major Collector,Urban,13.81,5.82,27.58,5.61,12.77,34.98,6.8,1
05,Brooke,6,Minor Collector,Urban,0,0,0,0,0,0,0,1
05,Brooke,7,Local,Urban,25.29,10.66,50.21,10.21,3.24,8.87,1.72,1
05,Brooke,1,Interstate,Rural,0,0,0,0,0,0,0,1
05,Brooke,2,O. F. E,Rural,2.59,1.09,2.59,0.53,2.38,6.53,1.27,1
05,Brooke,3,O. P. A.,Rural,10.7,4.51,25.21,5.13,29.68,81.3,15.8,1
05,Brooke,4,Minor Arterial,Rural,6.71,2.83,13.43,2.73,8.89,24.36,4.73,1
05,Brooke,5,Major Collector,Rural,47.99,20.22,96.03,19.53,20.61,56.46,10.97,1
05,Brooke,6,Minor Collector,Rural,16.33,6.88,32.66,6.64,1.48,4.07,0.79,1
05,Brooke,7,Local,Rural,89.48,37.7,179,36.4,6.25,17.12,3.33,1
05,Brooke,99,Total County,All,237.34,100,491.78,100,187.8,514.51,100,2
06,Cabell,1,Interstate,Urban,34.53,4.81,118.77,7.73,369.26,1011.68,43.52,1
06,Cabell,2,O. F. E,Urban,2.59,0.36,4.81,0.31,10.24,28.07,1.21,1
06,Cabell,3,O. P. A.,Urban,37.01,5.15,109.42,7.12,159.15,436.04,18.76,1
06,Cabell,4,Minor Arterial,Urban,51.08,7.11,114.05,7.42,164.06,449.48,19.33,1
06,Cabell,5,Major Collector,Urban,46.28,6.45,94.38,6.14,37.89,103.81,4.47,1
06,Cabell,6,Minor Collector,Urban,1.18,0.16,2.36,0.15,0.28,0.77,0.03,1
06,Cabell,7,Local,Urban,165.04,22.99,332.08,21.62,34.6,94.8,4.08,1
06,Cabell,1,Interstate,Rural,0.08,0.01,0.08,0.01,0.11,0.31,0.01,1
06,Cabell,2,O. F. E,Rural,0,0,0,0,0,0,0,1
06,Cabell,3,O. P. A.,Rural,8.65,1.2,17.3,1.13,16.38,44.88,1.93,1
06,Cabell,4,Minor Arterial,Rural,8.9,1.24,17.8,1.16,15.58,42.7,1.84,1
06,Cabell,5,Major Collector,Rural,77.38,10.78,154.75,10.07,24.34,66.68,2.87,1
06,Cabell,6,Minor Collector,Rural,28.52,3.97,57.04,3.71,5.19,14.21,0.61,1
06,Cabell,7,Local,Rural,256.74,35.76,513.48,33.42,11.44,31.35,1.35,1
06,Cabell,99,Total County,All,717.98,100,1536.31,100,848.52,2324.78,100,2
07,Calhoun,1,Interstate,Urban,0,0,0,0,0,0,0,1
07,Calhoun,2,O. F. E,Urban,0,0,0,0,0,0,0,1
07,Calhoun,3,O. P. A.,Urban,0,0,0,0,0,0,0,1
07,Calhoun,4,Minor Arterial,Urban,0,0,0,0,0,0,0,1
07,Calhoun,5,Major Collector,Urban,0,0,0,0,0,0,0,1
07,Calhoun,6,Minor Collector,Urban,0,0,0,0,0,0,0,1
07,Calhoun,7,Local,Urban,0,0,0,0,0,0,0,1
07,Calhoun,1,Interstate,Rural,0,0,0,0,0,0,0,1
07,Calhoun,2,O. F. E,Rural,0,0,0,0,0,0,0,1
07,Calhoun,3,O. P. A.,Rural,0,0,0,0,0,0,0,1
07,Calhoun,4,Minor Arterial,Rural,14.86,3.19,29.72,3.19,6.34,17.36,14.14,1
07,Calhoun,5,Major Collector,Rural,86.96,18.67,173.92,18.67,27.75,76.04,61.95,1
07,Calhoun,6,Minor Collector,Rural,45.17,9.7,90.34,9.7,2.49,6.81,5.55,1
07,Calhoun,7,Local,Rural,318.75,68.44,637.5,68.44,8.22,22.53,18.36,1
07,Calhoun,99,Total County,All,465.74,100,931.48,100,44.8,122.74,100,2
08,Clay,1,Interstate,Urban,0,0,0,0,0,0,0,1
08,Clay,2,O. F. E,Urban,0,0,0,0,0,0,0,1
08,Clay,3,O. P. A.,Urban,0,0,0,0,0,0,0,1
08,Clay,4,Minor Arterial,Urban,0,0,0,0,0,0,0,1
08,Clay,5,Major Collector,Urban,0,0,0,0,0,0,0,1
08,Clay,6,Minor Collector,Urban,0,0,0,0,0,0,0,1
08,Clay,7,Local,Urban,0,0,0,0,0,0,0,1
08,Clay,1,Interstate,Rural,10.08,1.93,35.88,3.38,33.32,91.29,43.57,1
08,Clay,2,O. F. E,Rural,0,0,0,0,0,0,0,1
08,Clay,3,O. P. A.,Rural,0,0,0,0,0,0,0,1
08,Clay,4,Minor Arterial,Rural,0,0,0,0,0,0,0,1
08,Clay,5,Major Collector,Rural,129.37,24.77,258.74,24.4,32.7,89.58,42.75,1
08,Clay,6,Minor Collector,Rural,27.47,5.26,54.94,5.18,1.61,4.4,2.1,1
08,Clay,7,Local,Rural,355.4,68.04,710.81,67.03,8.85,24.25,11.57,1
08,Clay,99,Total County,All,522.32,100,1060.37,100,76.48,209.52,100,2
09,Doddridge,1,Interstate,Urban,0,0,0,0,0,0,0,1
09,Doddridge,2,O. F. E,Urban,0,0,0,0,0,0,0,1
09,Doddridge,3,O. P. A.,Urban,0,0,0,0,0,0,0,1
09,Doddridge,4,Minor Arterial,Urban,0,0,0,0,0,0,0,1
09,Doddridge,5,Major Collector,Urban,0,0,0,0,0,0,0,1
09,Doddridge,6,Minor Collector,Urban,0,0,0,0,0,0,0,1
09,Doddridge,7,Local,Urban,0,0,0,0,0,0,0,1
09,Doddridge,1,Interstate,Rural,0,0,0,0,0,0,0,1
09,Doddridge,2,O. F. E,Rural,0,0,0,0,0,0,0,1
09,Doddridge,3,O. P. A.,Rural,18.87,3.57,75.48,6.89,64.11,175.65,63.08,1
09,Doddridge,4,Minor Arterial,Rural,0,0,0,0,0,0,0,1
09,Doddridge,5,Major Collector,Rural,130.87,24.73,261.74,23.88,27.19,74.49,26.75,1
09,Doddridge,6,Minor Collector,Rural,40.1,7.58,80.2,7.32,3.22,8.82,3.17,1
09,Doddridge,7,Local,Rural,339.39,64.13,678.78,61.92,7.12,19.5,7,1
09,Doddridge,99,Total County,All,529.23,100,1096.2,100,101.64,278.46,100,2
10,Fayette,1,Interstate,Urban,0,0,0,0,0,0,0,1
10,Fayette,2,O. F. E,Urban,0,0,0,0,0,0,0,1
10,Fayette,3,O. P. A.,Urban,17.12,1.87,56.15,2.95,105.81,289.9,20.05,1
10,Fayette,4,Minor Arterial,Urban,23.23,2.54,46.45,2.44,31.73,86.93,6.01,1
10,Fayette,5,Major Collector,Urban,23.26,2.54,46.52,2.44,8.96,24.54,1.7,1
10,Fayette,6,Minor Collector,Urban,0.51,0.06,1.02,0.05,0.05,0.13,0.01,1
10,Fayette,7,Local,Urban,53.91,5.9,107.81,5.66,3.14,8.61,0.6,1
10,Fayette,1,Interstate,Rural,17.86,1.95,62.65,3.29,160.95,440.95,30.49,1
10,Fayette,2,O. F. E,Rural,0,0,0,0,0,0,0,1
10,Fayette,3,O. P. A.,Rural,14.86,1.63,54.7,2.87,73.88,202.41,14,1
10,Fayette,4,Minor Arterial,Rural,66.35,7.26,135.65,7.12,59.99,164.37,11.37,1
10,Fayette,5,Major Collector,Rural,206.35,22.57,412.46,21.65,65.46,179.35,12.4,1
10,Fayette,6,Minor Collector,Rural,34.76,3.8,69.52,3.65,3.95,10.83,0.75,1
10,Fayette,7,Local,Rural,455.94,49.88,911.87,47.87,13.9,38.08,2.63,1
10,Fayette,99,Total County,All,914.15,100,1904.8,100,527.82,1446.1,100,2
11,Gilmer,1,Interstate,Urban,0,0,0,0,0,0,0,1
11,Gilmer,2,O. F. E,Urban,0,0,0,0,0,0,0,1
11,Gilmer,3,O. P. A.,Urban,0,0,0,0,0,0,0,1
11,Gilmer,4,Minor Arterial,Urban,0,0,0,0,0,0,0,1
11,Gilmer,5,Major Collector,Urban,0,0,0,0,0,0,0,1
11,Gilmer,6,Minor Collector,Urban,0,0,0,0,0,0,0,1
11,Gilmer,7,Local,Urban,0,0,0,0,0,0,0,1
11,Gilmer,1,Interstate,Rural,0.4,0.08,1.6,0.17,0.06,0.16,0.13,1
11,Gilmer,2,O. F. E,Rural,0,0,0,0,0,0,0,1
11,Gilmer,3,O. P. A.,Rural,0,0,0,0,0,0,0,1
11,Gilmer,4,Minor Arterial,Rural,26.98,5.66,53.96,5.66,12.25,33.56,26.74,1
11,Gilmer,5,Major Collector,Rural,102.19,21.46,204.38,21.44,26.12,71.57,57.02,1
11,Gilmer,6,Minor Collector,Rural,41.28,8.67,82.56,8.66,1.51,4.13,3.29,1
11,Gilmer,7,Local,Rural,305.42,64.13,610.84,64.07,5.88,16.1,12.83,1
11,Gilmer,99,Total County,All,476.27,100,953.34,100,45.82,125.52,100,2
12,Grant,1,Interstate,Urban,0,0,0,0,0,0,0,1
12,Grant,2,O. F. E,Urban,0,0,0,0,0,0,0,1
12,Grant,3,O. P. A.,Urban,0,0,0,0,0,0,0,1
12,Grant,4,Minor Arterial,Urban,0,0,0,0,0,0,0,1
12,Grant,5,Major Collector,Urban,0,0,0,0,0,0,0,1
12,Grant,6,Minor Collector,Urban,0,0,0,0,0,0,0,1
12,Grant,7,Local,Urban,0,0,0,0,0,0,0,1
12,Grant,1,Interstate,Rural,0,0,0,0,0,0,0,1
12,Grant,2,O. F. E,Rural,0,0,0,0,0,0,0,1
12,Grant,3,O. P. A.,Rural,35.17,8.91,111.42,13.42,23.74,65.04,21.62,1
12,Grant,4,Minor Arterial,Rural,53.29,13.5,106.58,12.84,47.19,129.28,42.97,1
12,Grant,5,Major Collector,Rural,85.34,21.63,170.68,20.56,26.28,71.99,23.93,1
12,Grant,6,Minor Collector,Rural,29.88,7.57,59.75,7.2,4.11,11.27,3.75,1
12,Grant,7,Local,Rural,190.93,48.38,381.87,45.99,8.5,23.28,7.74,1
12,Grant,99,Total County,All,394.6,100,830.3,100,109.82,300.86,100,2
13,Greenbrier,1,Interstate,Urban,2.63,0.26,6.41,0.31,7.19,19.69,1.84,1
13,Greenbrier,2,O. F. E,Urban,0,0,0,0,0,0,0,1
13,Greenbrier,3,O. P. A.,Urban,9.7,0.96,19.91,0.95,36.73,100.64,9.4,1
13,Greenbrier,4,Minor Arterial,Urban,4.49,0.44,8.98,0.43,5.6,15.35,1.43,1
13,Greenbrier,5,Major Collector,Urban,7.82,0.77,15.36,0.74,2.57,7.03,0.66,1
13,Greenbrier,6,Minor Collector,Urban,0,0,0,0,0,0,0,1
13,Greenbrier,7,Local,Urban,15.85,1.57,31.69,1.52,1.89,5.18,0.48,1
13,Greenbrier,1,Interstate,Rural,40.85,4.04,146.63,7.02,155.82,426.9,39.88,1
13,Greenbrier,2,O. F. E,Rural,0,0,0,0,0,0,0,1
13,Greenbrier,3,O. P. A.,Rural,26.16,2.59,53.2,2.55,31.66,86.74,8.1,1
13,Greenbrier,4,Minor Arterial,Rural,87.33,8.64,174.66,8.36,82.23,225.29,21.05,1
13,Greenbrier,5,Major Collector,Rural,135.93,13.45,271.85,13.02,32.36,88.67,8.28,1
13,Greenbrier,6,Minor Collector,Rural,79.97,7.91,159.93,7.66,10.59,29.02,2.71,1
13,Greenbrier,7,Local,Rural,599.92,59.36,1199.85,57.45,24.07,65.94,6.16,1
13,Greenbrier,99,Total County,All,1010.64,100,2088.47,100,390.71,1070.45,100,2
14,Hampshire,1,Interstate,Urban,0,0,0,0,0,0,0,1
14,Hampshire,2,O. F. E,Urban,0,0,0,0,0,0,0,1
14,Hampshire,3,O. P. A.,Urban,0,0,0,0,0,0,0,1
14,Hampshire,4,Minor Arterial,Urban,0,0,0,0,0,0,0,1
14,Hampshire,5,Major Collector,Urban,0,0,0,0,0,0,0,1
14,Hampshire,6,Minor Collector,Urban,0,0,0,0,0,0,0,1
14,Hampshire,7,Local,Urban,0,0,0,0,0,0,0,1
14,Hampshire,1,Interstate,Rural,0,0,0,0,0,0,0,1
14,Hampshire,2,O. F. E,Rural,0,0,0,0,0,0,0,1
14,Hampshire,3,O. P. A.,Rural,0,0,0,0,0,0,0,1
14,Hampshire,4,Minor Arterial,Rural,45.23,6.63,90.46,6.63,89.73,245.84,46.14,1
14,Hampshire,5,Major Collector,Rural,149.79,21.94,299.59,21.94,78.96,216.33,40.6,1
14,Hampshire,6,Minor Collector,Rural,36.35,5.33,72.7,5.32,6.27,17.18,3.22,1
14,Hampshire,7,Local,Rural,451.25,66.11,902.51,66.11,19.5,53.43,10.03,1
14,Hampshire,99,Total County,All,682.62,100,1365.26,100,194.46,532.78,100,2
15,Hancock,1,Interstate,Urban,0,0,0,0,0,0,0,1
15,Hancock,2,O. F. E,Urban,0.39,0.17,1.56,0.33,4.23,11.58,3.49,1
15,Hancock,3,O. P. A.,Urban,9.41,4.06,21.93,4.66,23.36,63.99,19.31,1
15,Hancock,4,Minor Arterial,Urban,15.14,6.53,32.36,6.88,29.76,81.53,24.6,1
15,Hancock,5,Major Collector,Urban,13.24,5.71,26.3,5.59,11.99,32.84,9.91,1
15,Hancock,6,Minor Collector,Urban,0,0,0,0,0,0,0,1
15,Hancock,7,Local,Urban,16.64,7.18,33.29,7.08,1.9,5.2,1.57,1
15,Hancock,1,Interstate,Rural,0,0,0,0,0,0,0,1
15,Hancock,2,O. F. E,Rural,0,0,0,0,0,0,0,1
15,Hancock,3,O. P. A.,Rural,13.38,5.77,26.76,5.69,18.59,50.92,15.36,1
15,Hancock,4,Minor Arterial,Rural,3.56,1.54,7.94,1.69,6.8,18.64,5.62,1
15,Hancock,5,Major Collector,Rural,38.75,16.71,77.49,16.47,15.86,43.46,13.11,1
15,Hancock,6,Minor Collector,Rural,16.17,6.97,32.34,6.87,3.86,10.58,3.19,1
15,Hancock,7,Local,Rural,105.23,45.38,210.45,44.74,4.64,12.72,3.84,1
15,Hancock,99,Total County,All,231.9,100,470.42,100,120.99,331.46,100,2
16,Hardy,1,Interstate,Urban,0,0,0,0,0,0,0,1
16,Hardy,2,O. F. E,Urban,0,0,0,0,0,0,0,1
16,Hardy,3,O. P. A.,Urban,0,0,0,0,0,0,0,1
16,Hardy,4,Minor Arterial,Urban,0,0,0,0,0,0,0,1
16,Hardy,5,Major Collector,Urban,0,0,0,0,0,0,0,1
16,Hardy,6,Minor Collector,Urban,0,0,0,0,0,0,0,1
16,Hardy,7,Local,Urban,0,0,0,0,0,0,0,1
16,Hardy,1,Interstate,Rural,0,0,0,0,0,0,0,1
16,Hardy,2,O. F. E,Rural,0,0,0,0,0,0,0,1
16,Hardy,3,O. P. A.,Rural,44.87,8.62,146.19,13.32,61.35,168.08,35.6,1
16,Hardy,4,Minor Arterial,Rural,10,1.92,20,1.82,20.45,56.02,11.86,1
16,Hardy,5,Major Collector,Rural,134.41,25.82,268.82,24.49,62.16,170.31,36.07,1
16,Hardy,6,Minor Collector,Rural,34.44,6.62,68.88,6.28,4.35,11.91,2.52,1
16,Hardy,7,Local,Rural,296.87,57.03,593.75,54.09,24.05,65.88,13.95,1
16,Hardy,99,Total County,All,520.59,100,1097.64,100,172.36,472.2,100,2
17,Harrison,1,Interstate,Urban,14.13,1.6,47.05,2.52,128.66,352.48,15.98,1
17,Harrison,2,O. F. E,Urban,0,0,0,0,0,0,0,1
17,Harrison,3,O. P. A.,Urban,8.24,0.93,24.37,1.31,65.81,180.31,8.17,1
17,Harrison,4,Minor Arterial,Urban,38.03,4.3,83.86,4.49,110.11,301.68,13.67,1
17,Harrison,5,Major Collector,Urban,30.09,3.4,60.76,3.26,22.03,60.35,2.74,1
17,Harrison,6,Minor Collector,Urban,0,0,0,0,0,0,0,1
17,Harrison,7,Local,Urban,34.37,3.88,68.73,3.68,20.85,57.11,2.59,1
17,Harrison,1,Interstate,Rural,20.14,2.28,71.52,3.83,202.78,555.57,25.18,1
17,Harrison,2,O. F. E,Rural,0,0,0,0,0,0,0,1
17,Harrison,3,O. P. A.,Rural,13.08,1.48,52.3,2.8,66.1,181.08,8.21,1
17,Harrison,4,Minor Arterial,Rural,65.95,7.45,134.66,7.22,101.02,276.77,12.55,1
17,Harrison,5,Major Collector,Rural,114.53,12.94,229.93,12.32,52.79,144.64,6.56,1
17,Harrison,6,Minor Collector,Rural,58.73,6.64,117.46,6.29,12.16,33.31,1.51,1
17,Harrison,7,Local,Rural,487.76,55.11,975.62,52.28,22.94,62.85,2.85,1
17,Harrison,99,Total County,All,885.03,100,1866.26,100,805.25,2206.15,100,2
18,Jackson,1,Interstate,Urban,0,0,0,0,0,0,0,1
18,Jackson,2,O. F. E,Urban,0,0,0,0,0,0,0,1
18,Jackson,3,O. P. A.,Urban,0,0,0,0,0,0,0,1
18,Jackson,4,Minor Arterial,Urban,0,0,0,0,0,0,0,1
18,Jackson,5,Major Collector,Urban,0,0,0,0,0,0,0,1
18,Jackson,6,Minor Collector,Urban,0,0,0,0,0,0,0,1
18,Jackson,7,Local,Urban,0,0,0,0,0,0,0,1
18,Jackson,1,Interstate,Rural,45.89,5.13,164.36,8.83,223.27,611.7,57.67,1
18,Jackson,2,O. F. E,Rural,0,0,0,0,0,0,0,1
18,Jackson,3,O. P. A.,Rural,14.95,1.67,30.4,1.63,26.99,73.96,6.97,1
18,Jackson,4,Minor Arterial,Rural,22.54,2.52,45.12,2.43,37.82,103.6,9.77,1
18,Jackson,5,Major Collector,Rural,108.15,12.1,216.31,11.63,61.9,169.58,15.99,1
18,Jackson,6,Minor Collector,Rural,59.38,6.64,118.76,6.38,10.22,28,2.64,1
18,Jackson,7,Local,Rural,642.78,71.92,1285.56,69.1,26.93,73.79,6.96,1
18,Jackson,99,Total County,All,893.69,100,1860.51,100,387.13,1060.63,100,2
19,Jefferson,1,Interstate,Urban,0,0,0,0,0,0,0,1
19,Jefferson,2,O. F. E,Urban,0,0,0,0,0,0,0,1
19,Jefferson,3,O. P. A.,Urban,14.55,3.16,42.19,4.4,90.77,248.68,21.1,1
19,Jefferson,4,Minor Arterial,Urban,6.01,1.31,12.27,1.28,15.01,41.13,3.49,1
19,Jefferson,5,Major Collector,Urban,9.68,2.1,19.37,2.02,14.04,38.48,3.27,1
19,Jefferson,6,Minor Collector,Urban,0.96,0.21,1.92,0.2,0.24,0.67,0.06,1
19,Jefferson,7,Local,Urban,35.71,7.76,71.43,7.45,12.06,33.05,2.8,1
19,Jefferson,1,Interstate,Rural,0,0,0,0,0,0,0,1
19,Jefferson,2,O. F. E,Rural,0,0,0,0,0,0,0,1
19,Jefferson,3,O. P. A.,Rural,28.09,6.1,81.43,8.49,152.08,416.65,35.36,1
19,Jefferson,4,Minor Arterial,Rural,11.2,2.43,22.39,2.33,23.3,63.84,5.42,1
19,Jefferson,5,Major Collector,Rural,76.92,16.71,153.83,16.04,68.97,188.95,16.04,1
19,Jefferson,6,Minor Collector,Rural,25.86,5.62,51.72,5.39,15.97,43.76,3.71,1
19,Jefferson,7,Local,Rural,251.23,54.59,502.47,52.39,37.64,103.12,8.75,1
19,Jefferson,99,Total County,All,460.21,100,959.02,100,430.08,1178.33,100,2
20,Kanawha,1,Interstate,Urban,56.57,3.85,188.53,5.84,591.73,1621.19,30.3,1
20,Kanawha,2,O. F. E,Urban,0,0,0,0,0,0,0,1
20,Kanawha,3,O. P. A.,Urban,64.35,4.38,219.8,6.81,333.75,914.37,17.09,1
20,Kanawha,4,Minor Arterial,Urban,101.78,6.92,207.57,6.43,219.41,601.11,11.23,1
20,Kanawha,5,Major Collector,Urban,92.27,6.28,184.65,5.72,91.44,250.53,4.68,1
20,Kanawha,6,Minor Collector,Urban,0,0,0,0,0,0,0,1
20,Kanawha,7,Local,Urban,202.82,13.8,405.65,12.57,42.79,117.24,2.19,1
20,Kanawha,1,Interstate,Rural,68,4.63,238.28,7.38,472.62,1294.85,24.2,1
20,Kanawha,2,O. F. E,Rural,0,0,0,0,0,0,0,1
20,Kanawha,3,O. P. A.,Rural,14.93,1.02,44.17,1.37,49.47,135.55,2.53,1
20,Kanawha,4,Minor Arterial,Rural,65.48,4.45,130.75,4.05,63.71,174.55,3.26,1
20,Kanawha,5,Major Collector,Rural,133.35,9.07,266.69,8.26,43.99,120.52,2.25,1
20,Kanawha,6,Minor Collector,Rural,58.33,3.97,116.66,3.61,9.57,26.23,0.49,1
20,Kanawha,7,Local,Rural,612.35,41.65,1225.39,37.96,34.46,94.41,1.76,1
20,Kanawha,99,Total County,All,1470.24,100,3228.14,100,1952.94,5350.55,100,2
21,Lewis,1,Interstate,Urban,0,0,0,0,0,0,0,1
21,Lewis,2,O. F. E,Urban,0,0,0,0,0,0,0,1
21,Lewis,3,O. P. A.,Urban,0,0,0,0,0,0,0,1
21,Lewis,4,Minor Arterial,Urban,0,0,0,0,0,0,0,1
21,Lewis,5,Major Collector,Urban,0,0,0,0,0,0,0,1
21,Lewis,6,Minor Collector,Urban,0,0,0,0,0,0,0,1
21,Lewis,7,Local,Urban,0,0,0,0,0,0,0,1
21,Lewis,1,Interstate,Rural,28.39,4.38,97,7.18,175.27,480.2,56.91,1
21,Lewis,2,O. F. E,Rural,0,0,0,0,0,0,0,1
21,Lewis,3,O. P. A.,Rural,7.2,1.11,28.8,2.13,39.86,109.2,12.94,1
21,Lewis,4,Minor Arterial,Rural,25.27,3.9,50.84,3.76,31.9,87.39,10.36,1
21,Lewis,5,Major Collector,Rural,88.83,13.71,177.59,13.15,42.62,116.76,13.84,1
21,Lewis,6,Minor Collector,Rural,44.21,6.82,88.42,6.55,4.39,12.02,1.42,1
21,Lewis,7,Local,Rural,454.12,70.08,908.24,67.23,13.95,38.22,4.53,1
21,Lewis,99,Total County,All,648.02,100,1350.89,100,307.99,843.79,100,2
22,Lincoln,1,Interstate,Urban,0,0,0,0,0,0,0,1
22,Lincoln,2,O. F. E,Urban,0,0,0,0,0,0,0,1
22,Lincoln,3,O. P. A.,Urban,0,0,0,0,0,0,0,1
22,Lincoln,4,Minor Arterial,Urban,0,0,0,0,0,0,0,1
22,Lincoln,5,Major Collector,Urban,0,0,0,0,0,0,0,1
22,Lincoln,6,Minor Collector,Urban,0,0,0,0,0,0,0,1
22,Lincoln,7,Local,Urban,0,0,0,0,0,0,0,1
22,Lincoln,1,Interstate,Rural,0,0,0,0,0,0,0,1
22,Lincoln,2,O. F. E,Rural,0,0,0,0,0,0,0,1
22,Lincoln,3,O. P. A.,Rural,4.74,0.73,18.96,1.44,18.01,49.33,16.42,1
22,Lincoln,4,Minor Arterial,Rural,38.44,5.89,76.87,5.85,28.83,78.97,26.28,1
22,Lincoln,5,Major Collector,Rural,110,16.86,220.01,16.74,43.14,118.2,39.33,1
22,Lincoln,6,Minor Collector,Rural,44.87,6.88,89.74,6.83,4.64,12.72,4.23,1
22,Lincoln,7,Local,Rural,454.54,69.65,909.07,69.15,15.07,41.28,13.74,1
22,Lincoln,99,Total County,All,652.59,100,1314.65,100,109.69,300.5,100,2
23,Logan,1,Interstate,Urban,0,0,0,0,0,0,0,1
23,Logan,2,O. F. E,Urban,0,0,0,0,0,0,0,1
23,Logan,3,O. P. A.,Urban,11.85,2.27,41.95,3.77,34.87,95.54,14.86,1
23,Logan,4,Minor Arterial,Urban,17.37,3.32,34.73,3.12,30.8,84.37,13.13,1
23,Logan,5,Major Collector,Urban,18.83,3.6,37.15,3.33,20.7,56.73,8.83,1
23,Logan,6,Minor Collector,Urban,3.1,0.59,6.21,0.56,0.8,2.18,0.34,1
23,Logan,7,Local,Urban,51.11,9.78,102.22,9.18,2.3,6.3,0.98,1
23,Logan,1,Interstate,Rural,0,0,0,0,0,0,0,1
23,Logan,2,O. F. E,Rural,0,0,0,0,0,0,0,1
23,Logan,3,O. P. A.,Rural,38.39,7.35,128.07,11.5,71.39,195.59,30.43,1
23,Logan,4,Minor Arterial,Rural,14.05,2.69,28.1,2.52,18.56,50.85,7.91,1
23,Logan,5,Major Collector,Rural,107.43,20.56,214.85,19.28,39.42,107.99,16.8,1
23,Logan,6,Minor Collector,Rural,14.99,2.87,29.97,2.69,3.06,8.38,1.3,1
23,Logan,7,Local,Rural,245.41,46.97,490.83,44.06,12.72,34.86,5.42,1
23,Logan,99,Total County,All,522.53,100,1114.08,100,234.62,642.79,100,2
24,McDowell,1,Interstate,Urban,0,0,0,0,0,0,0,1
24,McDowell,2,O. F. E,Urban,0,0,0,0,0,0,0,1
24,McDowell,3,O. P. A.,Urban,0,0,0,0,0,0,0,1
24,McDowell,4,Minor Arterial,Urban,0,0,0,0,0,0,0,1
24,McDowell,5,Major Collector,Urban,0,0,0,0,0,0,0,1
24,McDowell,6,Minor Collector,Urban,0,0,0,0,0,0,0,1
24,McDowell,7,Local,Urban,0,0,0,0,0,0,0,1
24,McDowell,1,Interstate,Rural,0,0,0,0,0,0,0,1
24,McDowell,2,O. F. E,Rural,0,0,0,0,0,0,0,1
24,McDowell,3,O. P. A.,Rural,79,11.99,160.59,12.16,64.53,176.8,53.1,1
24,McDowell,4,Minor Arterial,Rural,17.17,2.61,34.34,2.6,6.91,18.94,5.69,1
24,McDowell,5,Major Collector,Rural,149.8,22.73,299.6,22.69,35.62,97.6,29.31,1
24,McDowell,6,Minor Collector,Rural,25,3.79,50,3.79,2.43,6.66,2,1
24,McDowell,7,Local,Rural,388.11,58.89,776.16,58.77,12.04,32.97,9.9,1
24,McDowell,99,Total County,All,659.08,100,1320.69,100,121.53,332.97,100,2
25,Marion,1,Interstate,Urban,14.46,1.93,39.17,2.57,116.17,318.27,25.96,1
25,Marion,2,O. F. E,Urban,0,0,0,0,0,0,0,1
25,Marion,3,O. P. A.,Urban,0,0,0,0,0,0,0,1
25,Marion,4,Minor Arterial,Urban,30.7,4.1,64.8,4.26,89.54,245.31,20.01,1
25,Marion,5,Major Collector,Urban,34.87,4.66,70.91,4.66,31.05,85.08,6.94,1
25,Marion,6,Minor Collector,Urban,0,0,0,0,0,0,0,1
25,Marion,7,Local,Urban,50.21,6.71,100.41,6.6,5.62,15.41,1.26,1
25,Marion,1,Interstate,Rural,6.42,0.86,23.75,1.56,85.31,233.74,19.06,1
25,Marion,2,O. F. E,Rural,0,0,0,0,0,0,0,1
25,Marion,3,O. P. A.,Rural,0,0,0,0,0,0,0,1
25,Marion,4,Minor Arterial,Rural,38.2,5.1,76.4,5.02,44.4,121.64,9.92,1
25,Marion,5,Major Collector,Rural,92.87,12.41,185.73,12.2,49.55,135.75,11.07,1
25,Marion,6,Minor Collector,Rural,51.46,6.88,102.92,6.76,7.86,21.54,1.76,1
25,Marion,7,Local,Rural,429.11,57.34,858.21,56.38,18.03,49.4,4.03,1
25,Marion,99,Total County,All,748.29,100,1522.3,100,447.53,1226.13,100,2
26,Marshall,1,Interstate,Urban,0,0,0,0,0,0,0,1
26,Marshall,2,O. F. E,Urban,0,0,0,0,0,0,0,1
26,Marshall,3,O. P. A.,Urban,14.96,2.64,42.77,3.68,68.76,188.39,33.29,1
26,Marshall,4,Minor Arterial,Urban,4.58,0.81,9.16,0.79,6.18,16.93,2.99,1
26,Marshall,5,Major Collector,Urban,11.33,2,22.67,1.95,6.14,16.81,2.97,1
26,Marshall,6,Minor Collector,Urban,5.63,0.99,11.27,0.97,0.84,2.29,0.4,1
26,Marshall,7,Local,Urban,11.54,2.04,23.08,1.98,0.59,1.62,0.29,1
26,Marshall,1,Interstate,Rural,0,0,0,0,0,0,0,1
26,Marshall,2,O. F. E,Rural,0,0,0,0,0,0,0,1
26,Marshall,3,O. P. A.,Rural,48.05,8.48,113.29,9.74,61.85,169.45,29.95,1
26,Marshall,4,Minor Arterial,Rural,2.47,0.44,4.94,0.42,1.57,4.29,0.76,1
26,Marshall,5,Major Collector,Rural,123.22,21.76,246.43,21.19,36.47,99.92,17.66,1
26,Marshall,6,Minor Collector,Rural,39.18,6.92,78.35,6.74,9.01,24.68,4.36,1
26,Marshall,7,Local,Rural,305.43,53.93,610.86,52.53,15.13,41.45,7.33,1
26,Marshall,99,Total County,All,566.39,100,1162.82,100,206.54,565.83,100,2
27,Mason,1,Interstate,Urban,0,0,0,0,0,0,0,1
27,Mason,2,O. F. E,Urban,0,0,0,0,0,0,0,1
27,Mason,3,O. P. A.,Urban,5.85,0.75,15.93,1,15.09,41.33,6.56,1
27,Mason,4,Minor Arterial,Urban,10.15,1.31,20.31,1.28,29.34,80.38,12.76,1
27,Mason,5,Major Collector,Urban,10.02,1.29,20.04,1.26,4.84,13.27,2.11,1
27,Mason,6,Minor Collector,Urban,0,0,0,0,0,0,0,1
27,Mason,7,Local,Urban,10.71,1.38,21.41,1.35,0.95,2.61,0.41,1
27,Mason,1,Interstate,Rural,0,0,0,0,0,0,0,1
27,Mason,2,O. F. E,Rural,0,0,0,0,0,0,0,1
27,Mason,3,O. P. A.,Rural,61.09,7.88,156.21,9.84,92.53,253.51,40.25,1
27,Mason,4,Minor Arterial,Rural,9.12,1.18,18.23,1.15,16.16,44.28,7.03,1
27,Mason,5,Major Collector,Rural,123.11,15.89,246.22,15.5,34.42,94.29,14.97,1
27,Mason,6,Minor Collector,Rural,70.34,9.08,140.68,8.86,22.32,61.15,9.71,1
27,Mason,7,Local,Rural,474.51,61.23,949.03,59.76,14.24,39.01,6.19,1
27,Mason,99,Total County,All,774.91,100,1588.06,100,229.89,629.83,100,2
28,Mercer,1,Interstate,Urban,6.17,0.61,23.29,1.09,56.63,155.14,8.09,1
28,Mercer,2,O. F. E,Urban,0.16,0.02,0.53,0.02,0.55,1.51,0.08,1
28,Mercer,3,O. P. A.,Urban,22.18,2.21,71.85,3.37,91.43,250.5,13.07,1
28,Mercer,4,Minor Arterial,Urban,34.28,3.42,68.46,3.21,73.8,202.19,10.55,1
28,Mercer,5,Major Collector,Urban,36.52,3.64,73.66,3.46,32.71,89.61,4.67,1
28,Mercer,6,Minor Collector,Urban,3.3,0.33,6.6,0.31,1.06,2.92,0.15,1
28,Mercer,7,Local,Urban,86.6,8.63,173.21,8.13,8.85,24.26,1.27,1
28,Mercer,1,Interstate,Rural,28.26,2.82,104.08,4.88,245.29,672.03,35.05,1
28,Mercer,2,O. F. E,Rural,2.27,0.23,6.28,0.29,7.87,21.57,1.13,1
28,Mercer,3,O. P. A.,Rural,27.3,2.72,88,4.13,76.69,210.1,10.96,1
28,Mercer,4,Minor Arterial,Rural,18.29,1.82,37.41,1.76,31.64,86.7,4.52,1
28,Mercer,5,Major Collector,Rural,119.34,11.89,239.78,11.25,46.07,126.21,6.58,1
28,Mercer,6,Minor Collector,Rural,55.19,5.5,110.38,5.18,5.11,14,0.73,1
28,Mercer,7,Local,Rural,563.73,56.17,1127.47,52.91,22.12,60.59,3.16,1
28,Mercer,99,Total County,All,1003.63,100,2131,100,699.82,1917.33,100,2
29,Mineral,1,Interstate,Urban,0,0,0,0,0,0,0,1
29,Mineral,2,O. F. E,Urban,0,0,0,0,0,0,0,1
29,Mineral,3,O. P. A.,Urban,4.01,0.98,8.02,0.98,18.22,49.93,11.6,1
29,Mineral,4,Minor Arterial,Urban,6.2,1.52,12.4,1.52,10.97,30.06,6.98,1
29,Mineral,5,Major Collector,Urban,11.62,2.85,21.65,2.66,7.24,19.83,4.61,1
29,Mineral,6,Minor Collector,Urban,1.87,0.46,3.74,0.46,0.97,2.65,0.62,1
29,Mineral,7,Local,Urban,8.72,2.14,17.45,2.14,3.03,8.31,1.93,1
29,Mineral,1,Interstate,Rural,0,0,0,0,0,0,0,1
29,Mineral,2,O. F. E,Rural,0,0,0,0,0,0,0,1
29,Mineral,3,O. P. A.,Rural,8.64,2.12,17.29,2.12,9.27,25.39,5.9,1
29,Mineral,4,Minor Arterial,Rural,36.07,8.84,72.14,8.86,50.22,137.58,31.96,1
29,Mineral,5,Major Collector,Rural,90.46,22.17,180.91,22.21,39.19,107.36,24.94,1
29,Mineral,6,Minor Collector,Rural,26.28,6.44,52.56,6.45,4.76,13.04,3.03,1
29,Mineral,7,Local,Rural,214.14,52.48,428.27,52.59,13.25,36.3,8.43,1
29,Mineral,99,Total County,All,408.01,100,814.43,100,157.12,430.45,100,2
30,Mingo,1,Interstate,Urban,0,0,0,0,0,0,0,1
30,Mingo,2,O. F. E,Urban,0,0,0,0,0,0,0,1
30,Mingo,3,O. P. A.,Urban,0,0,0,0,0,0,0,1
30,Mingo,4,Minor Arterial,Urban,0,0,0,0,0,0,0,1
30,Mingo,5,Major Collector,Urban,0,0,0,0,0,0,0,1
30,Mingo,6,Minor Collector,Urban,0,0,0,0,0,0,0,1
30,Mingo,7,Local,Urban,0,0,0,0,0,0,0,1
30,Mingo,1,Interstate,Rural,0,0,0,0,0,0,0,1
30,Mingo,2,O. F. E,Rural,0,0,0,0,0,0,0,1
30,Mingo,3,O. P. A.,Rural,78.91,16.97,200.18,20.58,105.14,288.06,62.6,1
30,Mingo,4,Minor Arterial,Rural,0,0,0,0,0,0,0,1
30,Mingo,5,Major Collector,Rural,130.49,28.06,260.98,26.84,47.33,129.68,28.18,1
30,Mingo,6,Minor Collector,Rural,18.33,3.94,36.66,3.77,2.85,7.81,1.7,1
30,Mingo,7,Local,Rural,237.35,51.03,474.7,48.81,12.62,34.59,7.52,1
30,Mingo,99,Total County,All,465.08,100,972.52,100,167.94,460.14,100,2
31,Monongalia,1,Interstate,Urban,30.21,3.48,94.33,5.17,201.03,550.77,23.85,1
31,Monongalia,2,O. F. E,Urban,4.56,0.53,12.31,0.67,2.87,7.87,0.34,1
31,Monongalia,3,O. P. A.,Urban,20.03,2.31,59.56,3.26,117.84,322.84,13.98,1
31,Monongalia,4,Minor Arterial,Urban,32.28,3.72,65.97,3.61,94.54,259.03,11.22,1
31,Monongalia,5,Major Collector,Urban,60.41,6.96,121.04,6.63,66.94,183.41,7.94,1
31,Monongalia,6,Minor Collector,Urban,0.72,0.08,1.44,0.08,1.29,3.53,0.15,1
31,Monongalia,7,Local,Urban,89.25,10.28,178.78,9.8,27.39,75.05,3.25,1
31,Monongalia,1,Interstate,Rural,17.59,2.03,62.1,3.4,168.04,460.39,19.94,1
31,Monongalia,2,O. F. E,Rural,1.45,0.17,5.79,0.32,0.74,2.02,0.09,1
31,Monongalia,3,O. P. A.,Rural,31.83,3.67,63.65,3.49,47.32,129.65,5.61,1
31,Monongalia,4,Minor Arterial,Rural,14.71,1.69,29.43,1.61,32.85,89.99,3.9,1
31,Monongalia,5,Major Collector,Rural,91.27,10.51,182.55,10,41.75,114.37,4.95,1
31,Monongalia,6,Minor Collector,Rural,40.65,4.68,81.3,4.45,17.7,48.49,2.1,1
31,Monongalia,7,Local,Rural,433.36,49.91,866.72,47.49,22.61,61.95,2.68,1
31,Monongalia,99,Total County,All,868.32,100,1824.98,100,842.91,2309.36,100,2
32,Monroe,1,Interstate,Urban,0,0,0,0,0,0,0,1
32,Monroe,2,O. F. E,Urban,0,0,0,0,0,0,0,1
32,Monroe,3,O. P. A.,Urban,0,0,0,0,0,0,0,1
32,Monroe,4,Minor Arterial,Urban,0,0,0,0,0,0,0,1
32,Monroe,5,Major Collector,Urban,0,0,0,0,0,0,0,1
32,Monroe,6,Minor Collector,Urban,0,0,0,0,0,0,0,1
32,Monroe,7,Local,Urban,0,0,0,0,0,0,0,1
32,Monroe,1,Interstate,Rural,0,0,0,0,0,0,0,1
32,Monroe,2,O. F. E,Rural,0,0,0,0,0,0,0,1
32,Monroe,3,O. P. A.,Rural,33.34,5.53,66.68,5.53,29.99,82.15,39.73,1
32,Monroe,4,Minor Arterial,Rural,11.31,1.88,22.62,1.88,8.12,22.26,10.76,1
32,Monroe,5,Major Collector,Rural,80.86,13.41,161.72,13.41,14.94,40.94,19.8,1
32,Monroe,6,Minor Collector,Rural,72.77,12.07,145.54,12.07,6.29,17.23,8.33,1
32,Monroe,7,Local,Rural,404.79,67.12,809.58,67.12,16.14,44.21,21.38,1
32,Monroe,99,Total County,All,603.07,100,1206.14,100,75.48,206.79,100,2
33,Morgan,1,Interstate,Urban,0,0,0,0,0,0,0,1
33,Morgan,2,O. F. E,Urban,0,0,0,0,0,0,0,1
33,Morgan,3,O. P. A.,Urban,0,0,0,0,0,0,0,1
33,Morgan,4,Minor Arterial,Urban,0,0,0,0,0,0,0,1
33,Morgan,5,Major Collector,Urban,0,0,0,0,0,0,0,1
33,Morgan,6,Minor Collector,Urban,0,0,0,0,0,0,0,1
33,Morgan,7,Local,Urban,0,0,0,0,0,0,0,1
33,Morgan,1,Interstate,Rural,0,0,0,0,0,0,0,1
33,Morgan,2,O. F. E,Rural,0,0,0,0,0,0,0,1
33,Morgan,3,O. P. A.,Rural,30.34,7.75,60.68,7.75,77.68,212.83,61.01,1
33,Morgan,4,Minor Arterial,Rural,0,0,0,0,0,0,0,1
33,Morgan,5,Major Collector,Rural,57.07,14.58,114.14,14.58,26.29,72.01,20.64,1
33,Morgan,6,Minor Collector,Rural,31.27,7.99,62.54,7.99,3.63,9.94,2.85,1
33,Morgan,7,Local,Rural,272.72,69.68,545.44,69.68,19.74,54.08,15.5,1
33,Morgan,99,Total County,All,391.4,100,782.8,100,127.34,348.86,100,2
34,Nicholas,1,Interstate,Urban,0,0,0,0,0,0,0,1
34,Nicholas,2,O. F. E,Urban,0,0,0,0,0,0,0,1
34,Nicholas,3,O. P. A.,Urban,0,0,0,0,0,0,0,1
34,Nicholas,4,Minor Arterial,Urban,0,0,0,0,0,0,0,1
34,Nicholas,5,Major Collector,Urban,0,0,0,0,0,0,0,1
34,Nicholas,6,Minor Collector,Urban,0,0,0,0,0,0,0,1
34,Nicholas,7,Local,Urban,0,0,0,0,0,0,0,1
34,Nicholas,1,Interstate,Rural,0,0,0,0,0,0,0,1
34,Nicholas,2,O. F. E,Rural,0,0,0,0,0,0,0,1
34,Nicholas,3,O. P. A.,Rural,34.84,5.17,139.16,9.81,129.6,355.06,47.06,1
34,Nicholas,4,Minor Arterial,Rural,41.22,6.12,82.44,5.81,36.08,98.86,13.1,1
34,Nicholas,5,Major Collector,Rural,136.68,20.28,274.04,19.32,86.07,235.81,31.26,1
34,Nicholas,6,Minor Collector,Rural,47.02,6.98,94.04,6.63,7.55,20.68,2.74,1
34,Nicholas,7,Local,Rural,414.26,61.46,828.52,58.42,16.08,44.05,5.84,1
34,Nicholas,99,Total County,All,674.02,100,1418.2,100,275.38,754.46,100,2
35,Ohio,1,Interstate,Urban,26.55,9.24,83.64,13.38,216.24,592.45,50.31,1
35,Ohio,2,O. F. E,Urban,3.56,1.24,7.97,1.28,10.1,27.68,2.35,1
35,Ohio,3,O. P. A.,Urban,11.41,3.97,29.06,4.65,34.84,95.44,8.1,1
35,Ohio,4,Minor Arterial,Urban,16.83,5.86,41.83,6.69,46.59,127.65,10.84,1
35,Ohio,5,Major Collector,Urban,38.04,13.24,75.97,12.15,41.89,114.78,9.75,1
35,Ohio,6,Minor Collector,Urban,0,0,0,0,0,0,0,1
35,Ohio,7,Local,Urban,24.77,8.62,49.53,7.92,5.26,14.42,1.22,1
35,Ohio,1,Interstate,Rural,2.36,0.82,9.44,1.51,28.86,79.06,6.71,1
35,Ohio,2,O. F. E,Rural,0,0,0,0,0,0,0,1
35,Ohio,3,O. P. A.,Rural,6.6,2.3,13.21,2.11,10.59,29.01,2.46,1
35,Ohio,4,Minor Arterial,Rural,3.03,1.05,6.07,0.97,1.17,3.22,0.27,1
35,Ohio,5,Major Collector,Rural,55.2,19.21,110.4,17.66,25.64,70.26,5.97,1
35,Ohio,6,Minor Collector,Rural,11.51,4.01,23.02,3.68,1.53,4.18,0.35,1
35,Ohio,7,Local,Rural,87.44,30.44,174.89,27.98,7.12,19.52,1.66,1
35,Ohio,99,Total County,All,287.3,100,625.03,100,429.83,1177.67,100,2
36,Pendleton,1,Interstate,Urban,0,0,0,0,0,0,0,1
36,Pendleton,2,O. F. E,Urban,0,0,0,0,0,0,0,1
36,Pendleton,3,O. P. A.,Urban,0,0,0,0,0,0,0,1
36,Pendleton,4,Minor Arterial,Urban,0,0,0,0,0,0,0,1
36,Pendleton,5,Major Collector,Urban,0,0,0,0,0,0,0,1
36,Pendleton,6,Minor Collector,Urban,0,0,0,0,0,0,0,1
36,Pendleton,7,Local,Urban,0,0,0,0,0,0,0,1
36,Pendleton,1,Interstate,Rural,0,0,0,0,0,0,0,1
36,Pendleton,2,O. F. E,Rural,0,0,0,0,0,0,0,1
36,Pendleton,3,O. P. A.,Rural,0,0,0,0,0,0,0,1
36,Pendleton,4,Minor Arterial,Rural,75.59,13.75,151.18,13.75,38.37,105.12,55.49,1
36,Pendleton,5,Major Collector,Rural,86.85,15.8,173.7,15.8,18.79,51.47,27.17,1
36,Pendleton,6,Minor Collector,Rural,51.74,9.41,103.48,9.41,3.86,10.59,5.59,1
36,Pendleton,7,Local,Rural,335.47,61.03,670.93,61.03,8.12,22.25,11.75,1
36,Pendleton,99,Total County,All,549.65,100,1099.29,100,69.14,189.43,100,2
37,Pleasants,1,Interstate,Urban,0,0,0,0,0,0,0,1
37,Pleasants,2,O. F. E,Urban,0,0,0,0,0,0,0,1
37,Pleasants,3,O. P. A.,Urban,0,0,0,0,0,0,0,1
37,Pleasants,4,Minor Arterial,Urban,0,0,0,0,0,0,0,1
37,Pleasants,5,Major Collector,Urban,0,0,0,0,0,0,0,1
37,Pleasants,6,Minor Collector,Urban,0,0,0,0,0,0,0,1
37,Pleasants,7,Local,Urban,0,0,0,0,0,0,0,1
37,Pleasants,1,Interstate,Rural,0,0,0,0,0,0,0,1
37,Pleasants,2,O. F. E,Rural,0,0,0,0,0,0,0,1
37,Pleasants,3,O. P. A.,Rural,17.49,7.19,38.08,7.77,44.79,122.71,67.25,1
37,Pleasants,4,Minor Arterial,Rural,0,0,0,0,0,0,0,1
37,Pleasants,5,Major Collector,Rural,38.72,15.92,78.14,15.94,14.06,38.51,21.1,1
37,Pleasants,6,Minor Collector,Rural,22.27,9.16,44.54,9.08,2.03,5.56,3.05,1
37,Pleasants,7,Local,Rural,164.75,67.73,329.51,67.21,5.73,15.69,8.6,1
37,Pleasants,99,Total County,All,243.23,100,490.27,100,66.61,182.47,100,2
38,Pocahontas,1,Interstate,Urban,0,0,0,0,0,0,0,1
38,Pocahontas,2,O. F. E,Urban,0,0,0,0,0,0,0,1
38,Pocahontas,3,O. P. A.,Urban,0,0,0,0,0,0,0,1
38,Pocahontas,4,Minor Arterial,Urban,0,0,0,0,0,0,0,1
38,Pocahontas,5,Major Collector,Urban,0,0,0,0,0,0,0,1
38,Pocahontas,6,Minor Collector,Urban,0,0,0,0,0,0,0,1
38,Pocahontas,7,Local,Urban,0,0,0,0,0,0,0,1
38,Pocahontas,1,Interstate,Rural,0,0,0,0,0,0,0,1
38,Pocahontas,2,O. F. E,Rural,0,0,0,0,0,0,0,1
38,Pocahontas,3,O. P. A.,Rural,42.28,6.44,84.56,6.44,20.9,57.25,27.57,1
38,Pocahontas,4,Minor Arterial,Rural,49.87,7.6,99.73,7.6,17.12,46.9,22.58,1
38,Pocahontas,5,Major Collector,Rural,150.57,22.94,301.15,22.94,26.46,72.5,34.91,1
38,Pocahontas,6,Minor Collector,Rural,28.17,4.29,56.34,4.29,2.38,6.52,3.14,1
38,Pocahontas,7,Local,Rural,385.6,58.74,771.21,58.74,8.94,24.5,11.8,1
38,Pocahontas,99,Total County,All,656.5,100,1312.99,100,75.8,207.67,100,2
39,Preston,1,Interstate,Urban,0,0,0,0,0,0,0,1
39,Preston,2,O. F. E,Urban,0,0,0,0,0,0,0,1
39,Preston,3,O. P. A.,Urban,0,0,0,0,0,0,0,1
39,Preston,4,Minor Arterial,Urban,0,0,0,0,0,0,0,1
39,Preston,5,Major Collector,Urban,0,0,0,0,0,0,0,1
39,Preston,6,Minor Collector,Urban,0,0,0,0,0,0,0,1
39,Preston,7,Local,Urban,0,0,0,0,0,0,0,1
39,Preston,1,Interstate,Rural,21.16,1.85,79.97,3.44,110.06,301.54,37.99,1
39,Preston,2,O. F. E,Rural,0,0,0,0,0,0,0,1
39,Preston,3,O. P. A.,Rural,4.76,0.42,9.52,0.41,2.47,6.77,0.85,1
39,Preston,4,Minor Arterial,Rural,101.39,8.86,202.79,8.72,89.63,245.56,30.94,1
39,Preston,5,Major Collector,Rural,126.77,11.08,253.53,10.9,44.4,121.65,15.33,1
39,Preston,6,Minor Collector,Rural,74.71,6.53,149.42,6.42,15.91,43.6,5.49,1
39,Preston,7,Local,Rural,815.71,71.27,1631.42,70.12,27.22,74.58,9.4,1
39,Preston,99,Total County,All,1144.5,100,2326.65,100,289.69,793.7,100,2
40,Putnam,1,Interstate,Urban,21.25,3.14,66.97,4.75,228.06,624.82,36.7,1
40,Putnam,2,O. F. E,Urban,0,0,0,0,0,0,0,1
40,Putnam,3,O. P. A.,Urban,1.69,0.25,3.5,0.25,7.14,19.56,1.15,1
40,Putnam,4,Minor Arterial,Urban,33.2,4.91,69.11,4.9,99.93,273.77,16.08,1
40,Putnam,5,Major Collector,Urban,30.27,4.47,61.35,4.35,52.72,144.44,8.48,1
40,Putnam,6,Minor Collector,Urban,0.04,0.01,0.07,0,0,0.01,0,1
40,Putnam,7,Local,Urban,72.11,10.66,144.21,10.23,14.59,39.96,2.35,1
40,Putnam,1,Interstate,Rural,2.59,0.38,3.62,0.26,12.26,33.59,1.97,1
40,Putnam,2,O. F. E,Rural,0,0,0,0,0,0,0,1
40,Putnam,3,O. P. A.,Rural,25.53,3.77,81.65,5.79,109.84,300.93,17.68,1
40,Putnam,4,Minor Arterial,Rural,3.36,0.5,6.54,0.46,4.91,13.45,0.79,1
40,Putnam,5,Major Collector,Rural,90.31,13.35,180.61,12.81,69.7,190.96,11.22,1
40,Putnam,6,Minor Collector,Rural,34.56,5.11,69.13,4.9,2.78,7.63,0.45,1
40,Putnam,7,Local,Rural,361.6,53.45,723.19,51.29,19.49,53.39,3.14,1
40,Putnam,99,Total County,All,676.51,100,1409.95,100,621.42,1702.51,100,2
41,Raleigh,1,Interstate,Urban,17.56,1.66,56.65,2.48,106.9,292.87,12.15,1
41,Raleigh,2,O. F. E,Urban,0,0,0,0,0,0,0,1
41,Raleigh,3,O. P. A.,Urban,17.84,1.68,65.03,2.84,107.04,293.27,12.16,1
41,Raleigh,4,Minor Arterial,Urban,39.91,3.77,87.89,3.84,130.63,357.9,14.84,1
41,Raleigh,5,Major Collector,Urban,75.46,7.12,151.22,6.61,48.39,132.59,5.5,1
41,Raleigh,6,Minor Collector,Urban,1.48,0.14,2.96,0.13,0.19,0.53,0.02,1
41,Raleigh,7,Local,Urban,148.47,14.01,296.95,12.99,10.36,28.39,1.18,1
41,Raleigh,1,Interstate,Rural,48.14,4.54,179.29,7.84,305.82,837.85,34.75,1
41,Raleigh,2,O. F. E,Rural,0,0,0,0,0,0,0,1
41,Raleigh,3,O. P. A.,Rural,10.48,0.99,25.16,1.1,12.51,34.28,1.42,1
41,Raleigh,4,Minor Arterial,Rural,24.81,2.34,49.61,2.17,36.55,100.12,4.15,1
41,Raleigh,5,Major Collector,Rural,173.41,16.36,366.64,16.04,96.2,263.56,10.93,1
41,Raleigh,6,Minor Collector,Rural,21.4,2.02,42.8,1.87,4.13,11.32,0.47,1
41,Raleigh,7,Local,Rural,480.98,45.38,961.96,42.08,21.38,58.58,2.43,1
41,Raleigh,99,Total County,All,1059.93,100,2286.16,100,880.1,2411.26,100,2
42,Randolph,1,Interstate,Urban,0,0,0,0,0,0,0,1
42,Randolph,2,O. F. E,Urban,0,0,0,0,0,0,0,1
42,Randolph,3,O. P. A.,Urban,8.65,0.99,22.76,1.27,35.33,96.79,14.23,1
42,Randolph,4,Minor Arterial,Urban,4.47,0.51,9.02,0.5,9.6,26.31,3.87,1
42,Randolph,5,Major Collector,Urban,9.51,1.09,19.03,1.06,5.68,15.57,2.29,1
42,Randolph,6,Minor Collector,Urban,2.34,0.27,4.68,0.26,1.21,3.31,0.49,1
42,Randolph,7,Local,Urban,23.89,2.75,47.93,2.68,11.96,32.78,4.82,1
42,Randolph,1,Interstate,Rural,0,0,0,0,0,0,0,1
42,Randolph,2,O. F. E,Rural,0,0,0,0,0,0,0,1
42,Randolph,3,O. P. A.,Rural,54.33,6.25,141.91,7.92,85.24,233.54,34.34,1
42,Randolph,4,Minor Arterial,Rural,45.84,5.27,104.94,5.86,39.37,107.87,15.86,1
42,Randolph,5,Major Collector,Rural,110.78,12.74,221.56,12.37,20.35,55.76,8.2,1
42,Randolph,6,Minor Collector,Rural,64.02,7.36,128.03,7.15,7.01,19.21,2.82,1
42,Randolph,7,Local,Rural,545.87,62.77,1091.75,60.94,32.46,88.93,13.08,1
42,Randolph,99,Total County,All,869.7,100,1791.61,100,248.21,680.07,100,2
43,Ritchie,1,Interstate,Urban,0,0,0,0,0,0,0,1
43,Ritchie,2,O. F. E,Urban,0,0,0,0,0,0,0,1
43,Ritchie,3,O. P. A.,Urban,0,0,0,0,0,0,0,1
43,Ritchie,4,Minor Arterial,Urban,0,0,0,0,0,0,0,1
43,Ritchie,5,Major Collector,Urban,0,0,0,0,0,0,0,1
43,Ritchie,6,Minor Collector,Urban,0,0,0,0,0,0,0,1
43,Ritchie,7,Local,Urban,0,0,0,0,0,0,0,1
43,Ritchie,1,Interstate,Rural,0,0,0,0,0,0,0,1
43,Ritchie,2,O. F. E,Rural,0,0,0,0,0,0,0,1
43,Ritchie,3,O. P. A.,Rural,22.03,2.84,84.88,5.33,60.36,165.37,52.36,1
43,Ritchie,4,Minor Arterial,Rural,0,0,0,0,0,0,0,1
43,Ritchie,5,Major Collector,Rural,191.79,24.71,383.59,24.08,46.03,126.12,39.93,1
43,Ritchie,6,Minor Collector,Rural,34.92,4.5,69.84,4.38,1.69,4.64,1.47,1
43,Ritchie,7,Local,Rural,527.36,67.95,1054.71,66.21,7.2,19.72,6.24,1
43,Ritchie,99,Total County,All,776.1,100,1593.02,100,115.28,315.85,100,2
44,Roane,1,Interstate,Urban,0,0,0,0,0,0,0,1
44,Roane,2,O. F. E,Urban,0,0,0,0,0,0,0,1
44,Roane,3,O. P. A.,Urban,0,0,0,0,0,0,0,1
44,Roane,4,Minor Arterial,Urban,0,0,0,0,0,0,0,1
44,Roane,5,Major Collector,Urban,0,0,0,0,0,0,0,1
44,Roane,6,Minor Collector,Urban,0,0,0,0,0,0,0,1
44,Roane,7,Local,Urban,0,0,0,0,0,0,0,1
44,Roane,1,Interstate,Rural,16.99,2.14,61.15,3.78,51.84,142.03,40.14,1
44,Roane,2,O. F. E,Rural,0,0,0,0,0,0,0,1
44,Roane,3,O. P. A.,Rural,0,0,0,0,0,0,0,1
44,Roane,4,Minor Arterial,Rural,20.44,2.57,40.88,2.53,19.74,54.09,15.29,1
44,Roane,5,Major Collector,Rural,135.01,16.99,270.02,16.7,39.94,109.44,30.93,1
44,Roane,6,Minor Collector,Rural,63.54,8,127.08,7.86,5.16,14.15,4,1
44,Roane,7,Local,Rural,558.69,70.3,1117.38,69.12,12.47,34.16,9.65,1
44,Roane,99,Total County,All,794.67,100,1616.51,100,129.15,353.87,100,2
45,Summers,1,Interstate,Urban,0,0,0,0,0,0,0,1
45,Summers,2,O. F. E,Urban,0,0,0,0,0,0,0,1
45,Summers,3,O. P. A.,Urban,0,0,0,0,0,0,0,1
45,Summers,4,Minor Arterial,Urban,0,0,0,0,0,0,0,1
45,Summers,5,Major Collector,Urban,0,0,0,0,0,0,0,1
45,Summers,6,Minor Collector,Urban,0,0,0,0,0,0,0,1
45,Summers,7,Local,Urban,0,0,0,0,0,0,0,1
45,Summers,1,Interstate,Rural,12.61,2.08,45.18,3.67,38.3,104.94,31.65,1
45,Summers,2,O. F. E,Rural,0,0,0,0,0,0,0,1
45,Summers,3,O. P. A.,Rural,0,0,0,0,0,0,0,1
45,Summers,4,Minor Arterial,Rural,77.16,12.74,153.1,12.45,61.82,169.36,51.07,1
45,Summers,5,Major Collector,Rural,32.72,5.4,65.44,5.32,3.61,9.88,2.98,1
45,Summers,6,Minor Collector,Rural,52.14,8.61,104.28,8.48,3.46,9.47,2.86,1
45,Summers,7,Local,Rural,430.97,71.16,861.95,70.08,13.85,37.95,11.44,1
45,Summers,99,Total County,All,605.6,100,1229.95,100,121.04,331.6,100,2
46,Taylor,1,Interstate,Urban,0,0,0,0,0,0,0,1
46,Taylor,2,O. F. E,Urban,0,0,0,0,0,0,0,1
46,Taylor,3,O. P. A.,Urban,0,0,0,0,0,0,0,1
46,Taylor,4,Minor Arterial,Urban,0.16,0.04,0.32,0.04,0.17,0.46,0.15,1
46,Taylor,5,Major Collector,Urban,0,0,0,0,0,0,0,1
46,Taylor,6,Minor Collector,Urban,0,0,0,0,0,0,0,1
46,Taylor,7,Local,Urban,3.66,0.94,7.33,0.94,0.37,1.02,0.33,1
46,Taylor,1,Interstate,Rural,0,0,0,0,0,0,0,1
46,Taylor,2,O. F. E,Rural,0,0,0,0,0,0,0,1
46,Taylor,3,O. P. A.,Rural,0,0,0,0,0,0,0,1
46,Taylor,4,Minor Arterial,Rural,54.26,13.87,108.08,13.82,83.92,229.92,74.73,1
46,Taylor,5,Major Collector,Rural,38.22,9.77,76.44,9.77,12.3,33.69,10.95,1
46,Taylor,6,Minor Collector,Rural,20.51,5.24,41.02,5.25,4.89,13.41,4.36,1
46,Taylor,7,Local,Rural,274.43,70.14,548.85,70.18,10.64,29.15,9.48,1
46,Taylor,99,Total County,All,391.24,100,782.04,100,112.29,307.65,100,2
47,Tucker,1,Interstate,Urban,0,0,0,0,0,0,0,1
47,Tucker,2,O. F. E,Urban,0,0,0,0,0,0,0,1
47,Tucker,3,O. P. A.,Urban,0,0,0,0,0,0,0,1
47,Tucker,4,Minor Arterial,Urban,0,0,0,0,0,0,0,1
47,Tucker,5,Major Collector,Urban,0,0,0,0,0,0,0,1
47,Tucker,6,Minor Collector,Urban,0,0,0,0,0,0,0,1
47,Tucker,7,Local,Urban,0,0,0,0,0,0,0,1
47,Tucker,1,Interstate,Rural,0,0,0,0,0,0,0,1
47,Tucker,2,O. F. E,Rural,0,0,0,0,0,0,0,1
47,Tucker,3,O. P. A.,Rural,46.33,10.91,92,10.84,39.46,108.12,59.28,1
47,Tucker,4,Minor Arterial,Rural,10.37,2.44,20.74,2.44,6.91,18.94,10.38,1
47,Tucker,5,Major Collector,Rural,63.8,15.02,127.6,15.03,13.36,36.59,20.06,1
47,Tucker,6,Minor Collector,Rural,33.11,7.79,66.22,7.8,1.32,3.61,1.98,1
47,Tucker,7,Local,Rural,271.22,63.84,542.43,63.89,5.53,15.14,8.3,1
47,Tucker,99,Total County,All,424.83,100,848.99,100,66.58,182.4,100,2
48,Tyler,1,Interstate,Urban,0,0,0,0,0,0,0,1
48,Tyler,2,O. F. E,Urban,0,0,0,0,0,0,0,1
48,Tyler,3,O. P. A.,Urban,0,0,0,0,0,0,0,1
48,Tyler,4,Minor Arterial,Urban,0,0,0,0,0,0,0,1
48,Tyler,5,Major Collector,Urban,0,0,0,0,0,0,0,1
48,Tyler,6,Minor Collector,Urban,0,0,0,0,0,0,0,1
48,Tyler,7,Local,Urban,0,0,0,0,0,0,0,1
48,Tyler,1,Interstate,Rural,0,0,0,0,0,0,0,1
48,Tyler,2,O. F. E,Rural,0,0,0,0,0,0,0,1
48,Tyler,3,O. P. A.,Rural,13.93,3.44,27.86,3.44,21.99,60.25,30.33,1
48,Tyler,4,Minor Arterial,Rural,0,0,0,0,0,0,0,1
48,Tyler,5,Major Collector,Rural,84.08,20.77,168.16,20.77,40.99,112.31,56.53,1
48,Tyler,6,Minor Collector,Rural,39.08,9.66,78.16,9.66,3.36,9.21,4.64,1
48,Tyler,7,Local,Rural,267.63,66.13,535.26,66.13,6.17,16.89,8.5,1
48,Tyler,99,Total County,All,404.72,100,809.44,100,72.51,198.66,100,2
49,Upshur,1,Interstate,Urban,0,0,0,0,0,0,0,1
49,Upshur,2,O. F. E,Urban,0,0,0,0,0,0,0,1
49,Upshur,3,O. P. A.,Urban,3.99,0.56,12.5,0.86,13.28,36.39,8.24,1
49,Upshur,4,Minor Arterial,Urban,10.3,1.46,21.24,1.47,20.8,56.99,12.9,1
49,Upshur,5,Major Collector,Urban,8.83,1.25,17.67,1.22,5.26,14.42,3.27,1
49,Upshur,6,Minor Collector,Urban,0.54,0.08,1.08,0.07,0.89,2.43,0.55,1
49,Upshur,7,Local,Urban,14.32,2.02,28.65,1.98,1.68,4.6,1.04,1
49,Upshur,1,Interstate,Rural,0,0,0,0,0,0,0,1
49,Upshur,2,O. F. E,Rural,0,0,0,0,0,0,0,1
49,Upshur,3,O. P. A.,Rural,12.56,1.78,50.26,3.48,47.29,129.56,29.34,1
49,Upshur,4,Minor Arterial,Rural,11.81,1.67,23.62,1.63,13.84,37.93,8.59,1
49,Upshur,5,Major Collector,Rural,74.59,10.54,149.17,10.32,32.96,90.29,20.45,1
49,Upshur,6,Minor Collector,Rural,54.53,7.71,109.06,7.55,9.29,25.46,5.77,1
49,Upshur,7,Local,Rural,515.98,72.94,1031.95,71.41,15.9,43.55,9.86,1
49,Upshur,99,Total County,All,707.45,100,1445.2,100,161.19,441.62,100,2
50,Wayne,1,Interstate,Urban,6.7,0.78,24.32,1.39,56.87,155.8,20.25,1
50,Wayne,2,O. F. E,Urban,0,0,0,0,0,0,0,1
50,Wayne,3,O. P. A.,Urban,13.68,1.58,35.85,2.05,29.79,81.61,10.61,1
50,Wayne,4,Minor Arterial,Urban,11.7,1.35,23.48,1.34,15.32,41.98,5.46,1
50,Wayne,5,Major Collector,Urban,27.32,3.16,54.65,3.12,37.96,104.01,13.52,1
50,Wayne,6,Minor Collector,Urban,5.55,0.64,11.1,0.63,0.85,2.34,0.3,1
50,Wayne,7,Local,Urban,72.23,8.36,144.46,8.24,6.37,17.45,2.27,1
50,Wayne,1,Interstate,Rural,0,0,0,0,0,0,0,1
50,Wayne,2,O. F. E,Rural,0,0,0,0,0,0,0,1
50,Wayne,3,O. P. A.,Rural,44.85,5.19,94.72,5.4,47.97,131.42,17.08,1
50,Wayne,4,Minor Arterial,Rural,0,0,0,0,0,0,0,1
50,Wayne,5,Major Collector,Rural,133.04,15.4,266.08,15.18,63.28,173.37,22.53,1
50,Wayne,6,Minor Collector,Rural,55.97,6.48,111.94,6.39,7.29,19.96,2.59,1
50,Wayne,7,Local,Rural,493.02,57.06,986.05,56.26,15.15,41.49,5.39,1
50,Wayne,99,Total County,All,864.07,100,1752.65,100,280.85,769.43,100,2
51,Webster,1,Interstate,Urban,0,0,0,0,0,0,0,1
51,Webster,2,O. F. E,Urban,0,0,0,0,0,0,0,1
51,Webster,3,O. P. A.,Urban,0,0,0,0,0,0,0,1
51,Webster,4,Minor Arterial,Urban,0,0,0,0,0,0,0,1
51,Webster,5,Major Collector,Urban,0,0,0,0,0,0,0,1
51,Webster,6,Minor Collector,Urban,0,0,0,0,0,0,0,1
51,Webster,7,Local,Urban,0,0,0,0,0,0,0,1
51,Webster,1,Interstate,Rural,0,0,0,0,0,0,0,1
51,Webster,2,O. F. E,Rural,0,0,0,0,0,0,0,1
51,Webster,3,O. P. A.,Rural,0,0,0,0,0,0,0,1
51,Webster,4,Minor Arterial,Rural,0,0,0,0,0,0,0,1
51,Webster,5,Major Collector,Rural,118.49,24.8,236.98,24.8,37.01,101.41,77.15,1
51,Webster,6,Minor Collector,Rural,38.12,7.98,76.24,7.98,5.08,13.93,10.6,1
51,Webster,7,Local,Rural,321.08,67.22,642.17,67.22,5.88,16.11,12.26,1
51,Webster,99,Total County,All,477.69,100,955.39,100,47.97,131.45,100,2
52,Wetzel,1,Interstate,Urban,0,0,0,0,0,0,0,1
52,Wetzel,2,O. F. E,Urban,0,0,0,0,0,0,0,1
52,Wetzel,3,O. P. A.,Urban,5.67,1.01,12.22,1.09,25.49,69.84,22.15,1
52,Wetzel,4,Minor Arterial,Urban,4.12,0.73,8.07,0.72,4.59,12.58,3.99,1
52,Wetzel,5,Major Collector,Urban,7.79,1.39,15.19,1.35,1.88,5.16,1.64,1
52,Wetzel,6,Minor Collector,Urban,0,0,0,0,0,0,0,1
52,Wetzel,7,Local,Urban,1.19,0.21,2.38,0.21,0.06,0.16,0.05,1
52,Wetzel,1,Interstate,Rural,0,0,0,0,0,0,0,1
52,Wetzel,2,O. F. E,Rural,0,0,0,0,0,0,0,1
52,Wetzel,3,O. P. A.,Rural,18.66,3.33,38.6,3.44,20.69,56.67,17.97,1
52,Wetzel,4,Minor Arterial,Rural,66.8,11.92,133.61,11.9,37.36,102.36,32.46,1
52,Wetzel,5,Major Collector,Rural,80.63,14.38,161.25,14.36,17.99,49.28,15.63,1
52,Wetzel,6,Minor Collector,Rural,37.4,6.67,74.8,6.66,2.13,5.85,1.86,1
52,Wetzel,7,Local,Rural,338.34,60.35,676.68,60.27,4.91,13.46,4.27,1
52,Wetzel,99,Total County,All,560.61,100,1122.8,100,115.1,315.36,100,2
53,Wirt,1,Interstate,Urban,0,0,0,0,0,0,0,1
53,Wirt,2,O. F. E,Urban,0,0,0,0,0,0,0,1
53,Wirt,3,O. P. A.,Urban,0,0,0,0,0,0,0,1
53,Wirt,4,Minor Arterial,Urban,0,0,0,0,0,0,0,1
53,Wirt,5,Major Collector,Urban,0,0,0,0,0,0,0,1
53,Wirt,6,Minor Collector,Urban,0,0,0,0,0,0,0,1
53,Wirt,7,Local,Urban,0,0,0,0,0,0,0,1
53,Wirt,1,Interstate,Rural,0,0,0,0,0,0,0,1
53,Wirt,2,O. F. E,Rural,0,0,0,0,0,0,0,1
53,Wirt,3,O. P. A.,Rural,0,0,0,0,0,0,0,1
53,Wirt,4,Minor Arterial,Rural,0,0,0,0,0,0,0,1
53,Wirt,5,Major Collector,Rural,101.68,25.37,203.36,25.37,30.88,84.61,86.22,1
53,Wirt,6,Minor Collector,Rural,23.77,5.93,47.54,5.93,0.89,2.44,2.49,1
53,Wirt,7,Local,Rural,275.33,68.7,550.67,68.7,4.04,11.08,11.29,1
53,Wirt,99,Total County,All,400.78,100,801.57,100,35.81,98.13,100,2
54,Wood,1,Interstate,Urban,19.85,2.23,67.75,3.54,110.1,301.65,16.36,1
54,Wood,2,O. F. E,Urban,0,0,0,0,0,0,0,1
54,Wood,3,O. P. A.,Urban,39.71,4.46,126.02,6.58,159.04,435.74,23.63,1
54,Wood,4,Minor Arterial,Urban,51.88,5.83,106.48,5.56,135.16,370.31,20.08,1
54,Wood,5,Major Collector,Urban,36.03,4.05,71.39,3.73,34.73,95.15,5.16,1
54,Wood,6,Minor Collector,Urban,2.04,0.23,4.07,0.21,0.21,0.59,0.03,1
54,Wood,7,Local,Urban,98.36,11.05,198.32,10.36,11.99,32.85,1.78,1
54,Wood,1,Interstate,Rural,17.68,1.99,67.35,3.52,92.68,253.91,13.77,1
54,Wood,2,O. F. E,Rural,0,0,0,0,0,0,0,1
54,Wood,3,O. P. A.,Rural,17.87,2.01,60.87,3.18,56.94,156,8.46,1
54,Wood,4,Minor Arterial,Rural,2.19,0.25,4.38,0.23,3.58,9.8,0.53,1
54,Wood,5,Major Collector,Rural,120.66,13.56,241.32,12.6,49.06,134.42,7.29,1
54,Wood,6,Minor Collector,Rural,47.91,5.38,95.82,5,3.39,9.3,0.5,1
54,Wood,7,Local,Rural,435.61,48.96,871.23,45.5,16.26,44.54,2.42,1
54,Wood,99,Total County,All,889.79,100,1915,100,673.14,1844.26,100,2
55,Wyoming,1,Interstate,Urban,0,0,0,0,0,0,0,1
55,Wyoming,2,O. F. E,Urban,0,0,0,0,0,0,0,1
55,Wyoming,3,O. P. A.,Urban,0,0,0,0,0,0,0,1
55,Wyoming,4,Minor Arterial,Urban,0,0,0,0,0,0,0,1
55,Wyoming,5,Major Collector,Urban,0,0,0,0,0,0,0,1
55,Wyoming,6,Minor Collector,Urban,0,0,0,0,0,0,0,1
55,Wyoming,7,Local,Urban,0,0,0,0,0,0,0,1
55,Wyoming,1,Interstate,Rural,0,0,0,0,0,0,0,1
55,Wyoming,2,O. F. E,Rural,0,0,0,0,0,0,0,1
55,Wyoming,3,O. P. A.,Rural,36.8,6.96,74.63,7.02,33.9,92.86,22.81,1
55,Wyoming,4,Minor Arterial,Rural,81,15.32,162.23,15.26,66.8,183,44.95,1
55,Wyoming,5,Major Collector,Rural,85.98,16.26,176.1,16.57,33.21,90.99,22.35,1
55,Wyoming,6,Minor Collector,Rural,34.49,6.52,68.98,6.49,6.22,17.05,4.19,1
55,Wyoming,7,Local,Rural,290.45,54.93,580.9,54.66,8.46,23.19,5.7,1
55,Wyoming,99,Total County,All,528.72,100,1062.84,100,148.59,407.09,100,2
99,Total State,1,Interstate,Urban,287.65,0.82,968.51,1.33,2761.77,7566.49,16.28,1
99,Total State,2,O. F. E,Urban,19.63,0.06,53.91,0.07,87.99,241.08,0.52,1
99,Total State,3,O. P. A.,Urban,367.19,1.04,1109.82,1.53,1726.3,4729.6,10.18,1
99,Total State,4,Minor Arterial,Urban,596.51,1.69,1248.68,1.72,1556.91,4265.5,9.18,1
99,Total State,5,Major Collector,Urban,711.19,2.02,1427.31,1.96,720.49,1973.96,4.25,1
99,Total State,6,Minor Collector,Urban,35.63,0.1,72.51,0.1,24.25,66.45,0.14,1
99,Total State,7,Local,Urban,1528.77,4.34,3062.97,4.21,300.33,822.82,1.77,1
99,Total State,1,Interstate,Rural,454.21,1.29,1618.29,2.22,2769.53,7587.75,16.33,1
99,Total State,2,O. F. E,Rural,6.31,0.02,14.66,0.02,10.99,30.12,0.06,1
99,Total State,3,O. P. A.,Rural,1141.39,3.24,3029.49,4.16,2197.76,6021.26,12.96,1
99,Total State,4,Minor Arterial,Rural,1468.95,4.17,2957.06,4.06,1506.5,4127.39,8.88,1
99,Total State,5,Major Collector,Rural,5725.69,16.27,11478.47,15.78,2178.83,5969.4,12.85,1
99,Total State,6,Minor Collector,Rural,2181.87,6.2,4363.74,6,306.62,840.06,1.81,1
99,Total State,7,Local,Rural,20673.32,58.73,41346.67,56.83,811.76,2224,4.79,1
99,Total State,99,Total State,All,35198.31,100,72752.1,100,16960.04,46465.86,100,2
