County_Code,County,SignSys_Code,SignSysDescript,Miles,Miles_Percentage,Lane_Miles,Lanes_Percentage,Annual_Vehicle_Miles_Millions,Daily_Vehicle_Miles_Travel_Thousands,VMT_Percentage,RowOrder
01,Barbour,1,"Interstates                                       ",0,0,0,0,0,0,0,1
01,Barbour,2,"US Routes                                         ",41.27,6.55,93.44,7.35,68.3,187.13,52.29,1
01,Barbour,3,"WV Routes                                         ",53.33,8.47,106.66,8.39,41.24,113,31.58,1
01,Barbour,4,"County Routes                                     ",523.51,83.11,1047.03,82.39,20.93,57.34,16.02,1
01,Barbour,6,"State Park and Forest Roads                       ",6.03,0.96,12.06,0.95,0.07,0.2,0.06,1
01,Barbour,7,"Federal Aid Non-State (FANS)                      ",0,0,0,0,0,0,0,1
01,Barbour,8,"Harp Routes                                       ",5.79,0.92,11.58,0.91,0.07,0.2,0.06,1
01,Barbour,99,Total County,629.93,100,1270.77,100,130.61,357.87,100,2
02,Berkeley,1,"Interstates                                       ",37.05,5.63,151.65,10.72,572.94,1569.69,48.89,1
02,Berkeley,2,"US Routes                                         ",26.22,3.98,52.44,3.71,124.1,340.01,10.59,1
02,Berkeley,3,"WV Routes                                         ",61.81,9.39,143.06,10.11,238.06,652.21,20.31,1
02,Berkeley,4,"County Routes                                     ",444.04,67.46,889.62,62.87,221.37,606.5,18.89,1
02,Berkeley,6,"State Park and Forest Roads                       ",10.89,1.65,21.78,1.54,0.04,0.11,0,1
02,Berkeley,7,"Federal Aid Non-State (FANS)                      ",8.18,1.24,16.36,1.16,13.82,37.88,1.18,1
02,Berkeley,8,"Harp Routes                                       ",70.07,10.64,140.14,9.9,1.58,4.32,0.13,1
02,Berkeley,99,Total County,658.26,100,1415.05,100,1171.91,3210.72,100,2
03,Boone,1,"Interstates                                       ",0,0,0,0,0,0,0,1
03,Boone,2,"US Routes                                         ",22.94,5.59,91.58,10.58,85.16,233.32,43.97,1
03,Boone,3,"WV Routes                                         ",89.19,21.74,177.64,20.53,82.31,225.51,42.5,1
03,Boone,4,"County Routes                                     ",270.6,65.96,541.19,62.54,25.93,71.05,13.39,1
03,Boone,6,"State Park and Forest Roads                       ",6.81,1.66,13.62,1.57,0.05,0.14,0.03,1
03,Boone,7,"Federal Aid Non-State (FANS)                      ",0,0,0,0,0,0,0,1
03,Boone,8,"Harp Routes                                       ",20.69,5.04,41.38,4.78,0.22,0.62,0.12,1
03,Boone,99,Total County,410.23,100,865.41,100,193.67,530.64,100,2
04,Braxton,1,"Interstates                                       ",48.73,6.18,164.38,9.9,206.86,566.74,68.26,1
04,Braxton,2,"US Routes                                         ",24.97,3.17,65.81,3.97,35.8,98.08,11.81,1
04,Braxton,3,"WV Routes                                         ",56.73,7.2,113.46,6.84,33.71,92.35,11.12,1
04,Braxton,4,"County Routes                                     ",652.65,82.78,1305.31,78.65,26.63,72.97,8.79,1
04,Braxton,6,"State Park and Forest Roads                       ",0.08,0.01,0.16,0.01,0,0.01,0,1
04,Braxton,7,"Federal Aid Non-State (FANS)                      ",0,0,0,0,0,0,0,1
04,Braxton,8,"Harp Routes                                       ",5.28,0.67,10.56,0.64,0.05,0.13,0.02,1
04,Braxton,99,Total County,788.44,100,1659.68,100,303.05,830.28,100,2
05,Brooke,1,"Interstates                                       ",0,0,0,0,0,0,0,1
05,Brooke,2,"US Routes                                         ",11.21,4.72,29.82,6.06,63.32,173.49,33.72,1
05,Brooke,3,"WV Routes                                         ",48.47,20.42,106.54,21.66,84.64,231.9,45.07,1
05,Brooke,4,"County Routes                                     ",162.78,68.59,325.67,66.22,36.67,100.47,19.53,1
05,Brooke,6,"State Park and Forest Roads                       ",0,0,0,0,0,0,0,1
05,Brooke,7,"Federal Aid Non-State (FANS)                      ",3.78,1.59,7.56,1.54,2.98,8.17,1.59,1
05,Brooke,8,"Harp Routes                                       ",11.09,4.67,22.19,4.51,0.18,0.49,0.1,1
05,Brooke,99,Total County,237.33,100,491.78,100,187.79,514.52,100,2
06,Cabell,1,"Interstates                                       ",34.61,4.82,118.85,7.74,369.38,1011.99,43.53,1
06,Cabell,2,"US Routes                                         ",35.59,4.96,98.27,6.4,183.31,502.21,21.6,1
06,Cabell,3,"WV Routes                                         ",50.17,6.99,118.2,7.69,138.7,380,16.35,1
06,Cabell,4,"County Routes                                     ",559.27,77.9,1122.37,73.06,120.38,329.8,14.19,1
06,Cabell,6,"State Park and Forest Roads                       ",0.05,0.01,0.1,0.01,0,0,0,1
06,Cabell,7,"Federal Aid Non-State (FANS)                      ",28.33,3.95,58.62,3.82,36.65,100.42,4.32,1
06,Cabell,8,"Harp Routes                                       ",9.95,1.39,19.9,1.3,0.13,0.35,0.02,1
06,Cabell,99,Total County,717.97,100,1536.31,100,848.55,2324.77,100,2
07,Calhoun,1,"Interstates                                       ",0,0,0,0,0,0,0,1
07,Calhoun,2,"US Routes                                         ",14.86,3.19,29.72,3.19,6.34,17.36,14.14,1
07,Calhoun,3,"WV Routes                                         ",55.85,11.99,111.7,11.99,25.21,69.07,56.27,1
07,Calhoun,4,"County Routes                                     ",394.03,84.6,788.06,84.6,13.25,36.29,29.57,1
07,Calhoun,6,"State Park and Forest Roads                       ",0,0,0,0,0,0,0,1
07,Calhoun,7,"Federal Aid Non-State (FANS)                      ",0,0,0,0,0,0,0,1
07,Calhoun,8,"Harp Routes                                       ",1,0.21,2,0.21,0.01,0.02,0.02,1
07,Calhoun,99,Total County,465.74,100,931.48,100,44.81,122.74,100,2
08,Clay,1,"Interstates                                       ",10.08,1.93,35.88,3.38,33.32,91.29,43.57,1
08,Clay,2,"US Routes                                         ",0,0,0,0,0,0,0,1
08,Clay,3,"WV Routes                                         ",69.76,13.36,139.52,13.16,26.82,73.49,35.08,1
08,Clay,4,"County Routes                                     ",442.08,84.64,884.17,83.38,16.33,44.73,21.35,1
08,Clay,6,"State Park and Forest Roads                       ",0,0,0,0,0,0,0,1
08,Clay,7,"Federal Aid Non-State (FANS)                      ",0,0,0,0,0,0,0,1
08,Clay,8,"Harp Routes                                       ",0.4,0.08,0.8,0.08,0,0.01,0,1
08,Clay,99,Total County,522.32,100,1060.37,100,76.47,209.52,100,2
09,Doddridge,1,"Interstates                                       ",0,0,0,0,0,0,0,1
09,Doddridge,2,"US Routes                                         ",18.87,3.57,75.48,6.89,64.11,175.65,63.08,1
09,Doddridge,3,"WV Routes                                         ",44.23,8.36,88.46,8.07,12.83,35.15,12.62,1
09,Doddridge,4,"County Routes                                     ",465.69,87.99,931.38,84.96,24.69,67.63,24.29,1
09,Doddridge,6,"State Park and Forest Roads                       ",0,0,0,0,0,0,0,1
09,Doddridge,7,"Federal Aid Non-State (FANS)                      ",0,0,0,0,0,0,0,1
09,Doddridge,8,"Harp Routes                                       ",0.44,0.08,0.88,0.08,0.01,0.02,0.01,1
09,Doddridge,99,Total County,529.23,100,1096.2,100,101.64,278.45,100,2
10,Fayette,1,"Interstates                                       ",17.86,1.95,62.65,3.29,160.95,440.95,30.49,1
10,Fayette,2,"US Routes                                         ",78.04,8.54,206.15,10.82,223.56,612.49,42.35,1
10,Fayette,3,"WV Routes                                         ",103.69,11.34,207.15,10.88,79.28,217.2,15.02,1
10,Fayette,4,"County Routes                                     ",681.97,74.6,1363.94,71.61,62.6,171.52,11.86,1
10,Fayette,6,"State Park and Forest Roads                       ",17.3,1.89,34.6,1.82,0.51,1.39,0.1,1
10,Fayette,7,"Federal Aid Non-State (FANS)                      ",4.46,0.49,8.68,0.46,0.83,2.26,0.16,1
10,Fayette,8,"Harp Routes                                       ",10.82,1.18,21.64,1.14,0.11,0.29,0.02,1
10,Fayette,99,Total County,914.14,100,1904.81,100,527.84,1446.1,100,2
11,Gilmer,1,"Interstates                                       ",0.4,0.08,1.6,0.17,0.06,0.16,0.13,1
11,Gilmer,2,"US Routes                                         ",26.98,5.66,53.96,5.66,12.25,33.56,26.74,1
11,Gilmer,3,"WV Routes                                         ",47.01,9.87,94.02,9.86,21.16,57.97,46.18,1
11,Gilmer,4,"County Routes                                     ",398.52,83.68,797.04,83.61,12.31,33.73,26.87,1
11,Gilmer,6,"State Park and Forest Roads                       ",1.9,0.4,3.8,0.4,0.02,0.05,0.04,1
11,Gilmer,7,"Federal Aid Non-State (FANS)                      ",0,0,0,0,0,0,0,1
11,Gilmer,8,"Harp Routes                                       ",1.46,0.31,2.92,0.31,0.02,0.05,0.04,1
11,Gilmer,99,Total County,476.27,100,953.34,100,45.82,125.52,100,2
12,Grant,1,"Interstates                                       ",0,0,0,0,0,0,0,1
12,Grant,2,"US Routes                                         ",47.89,12.14,136.85,16.48,37.13,101.72,33.81,1
12,Grant,3,"WV Routes                                         ",61.73,15.64,123.45,14.87,43.38,118.86,39.5,1
12,Grant,4,"County Routes                                     ",277.97,70.44,555.94,66.96,29.18,79.95,26.57,1
12,Grant,6,"State Park and Forest Roads                       ",0,0,0,0,0,0,0,1
12,Grant,7,"Federal Aid Non-State (FANS)                      ",0,0,0,0,0,0,0,1
12,Grant,8,"Harp Routes                                       ",7.03,1.78,14.06,1.69,0.13,0.35,0.12,1
12,Grant,99,Total County,394.62,100,830.3,100,109.82,300.88,100,2
13,Greenbrier,1,"Interstates                                       ",43.47,4.3,153.03,7.33,163.01,446.6,41.72,1
13,Greenbrier,2,"US Routes                                         ",79.66,7.88,160.71,7.7,126.48,346.52,32.37,1
13,Greenbrier,3,"WV Routes                                         ",76.17,7.54,152.34,7.29,46.65,127.82,11.94,1
13,Greenbrier,4,"County Routes                                     ",801.57,79.31,1603.15,76.76,54.25,148.63,13.88,1
13,Greenbrier,6,"State Park and Forest Roads                       ",0,0,0,0,0,0,0,1
13,Greenbrier,7,"Federal Aid Non-State (FANS)                      ",1.44,0.14,2.61,0.12,0.24,0.65,0.06,1
13,Greenbrier,8,"Harp Routes                                       ",8.31,0.82,16.62,0.8,0.09,0.26,0.02,1
13,Greenbrier,99,Total County,1010.62,100,2088.46,100,390.72,1070.48,100,2
14,Hampshire,1,"Interstates                                       ",0,0,0,0,0,0,0,1
14,Hampshire,2,"US Routes                                         ",42.62,6.24,85.24,6.24,83.21,227.98,42.79,1
14,Hampshire,3,"WV Routes                                         ",63.87,9.36,127.74,9.36,61.82,169.37,31.79,1
14,Hampshire,4,"County Routes                                     ",547.85,80.26,1095.7,80.26,48.76,133.6,25.08,1
14,Hampshire,6,"State Park and Forest Roads                       ",6.75,0.99,13.5,0.99,0.02,0.07,0.01,1
14,Hampshire,7,"Federal Aid Non-State (FANS)                      ",0,0,0,0,0,0,0,1
14,Hampshire,8,"Harp Routes                                       ",21.54,3.16,43.08,3.16,0.64,1.76,0.33,1
14,Hampshire,99,Total County,682.63,100,1365.26,100,194.45,532.78,100,2
15,Hancock,1,"Interstates                                       ",0,0,0,0,0,0,0,1
15,Hancock,2,"US Routes                                         ",4.69,2.02,12.79,2.72,17.73,48.58,14.66,1
15,Hancock,3,"WV Routes                                         ",35,15.09,72.7,15.45,62.71,171.82,51.84,1
15,Hancock,4,"County Routes                                     ",171.19,73.82,343.06,72.93,30.92,84.72,25.56,1
15,Hancock,6,"State Park and Forest Roads                       ",5.71,2.46,11.42,2.43,0.34,0.94,0.28,1
15,Hancock,7,"Federal Aid Non-State (FANS)                      ",11.34,4.89,22.49,4.78,9.22,25.26,7.62,1
15,Hancock,8,"Harp Routes                                       ",3.98,1.72,7.96,1.69,0.06,0.15,0.05,1
15,Hancock,99,Total County,231.91,100,470.42,100,120.98,331.47,100,2
16,Hardy,1,"Interstates                                       ",0,0,0,0,0,0,0,1
16,Hardy,2,"US Routes                                         ",57.86,11.11,172.17,15.69,84.59,231.76,49.08,1
16,Hardy,3,"WV Routes                                         ",39.27,7.54,78.54,7.16,38.38,105.15,22.27,1
16,Hardy,4,"County Routes                                     ",401.25,77.08,802.51,73.11,49.03,134.32,28.44,1
16,Hardy,6,"State Park and Forest Roads                       ",5.32,1.02,10.64,0.97,0.06,0.17,0.04,1
16,Hardy,7,"Federal Aid Non-State (FANS)                      ",0,0,0,0,0,0,0,1
16,Hardy,8,"Harp Routes                                       ",16.89,3.24,33.78,3.08,0.3,0.81,0.17,1
16,Hardy,99,Total County,520.59,100,1097.64,100,172.36,472.21,100,2
17,Harrison,1,"Interstates                                       ",34.27,3.87,118.57,6.35,331.44,908.05,41.16,1
17,Harrison,2,"US Routes                                         ",56.06,6.33,146.3,7.84,204.88,561.32,25.44,1
17,Harrison,3,"WV Routes                                         ",70.81,8,149.31,8,123.56,338.52,15.34,1
17,Harrison,4,"County Routes                                     ",683.06,77.18,1370.53,73.44,136.9,375.07,17,1
17,Harrison,6,"State Park and Forest Roads                       ",1.04,0.12,2.08,0.11,0.02,0.05,0,1
17,Harrison,7,"Federal Aid Non-State (FANS)                      ",17.45,1.97,34.8,1.86,7.92,21.7,0.98,1
17,Harrison,8,"Harp Routes                                       ",22.34,2.52,44.68,2.39,0.53,1.44,0.07,1
17,Harrison,99,Total County,885.03,100,1866.27,100,805.25,2206.15,100,2
18,Jackson,1,"Interstates                                       ",45.89,5.13,164.36,8.83,223.27,611.7,57.67,1
18,Jackson,2,"US Routes                                         ",17.23,1.93,34.54,1.86,31.4,86.02,8.11,1
18,Jackson,3,"WV Routes                                         ",49.9,5.58,100.26,5.39,53.2,145.76,13.74,1
18,Jackson,4,"County Routes                                     ",759.43,84.98,1518.87,81.64,78.93,216.26,20.39,1
18,Jackson,6,"State Park and Forest Roads                       ",0,0,0,0,0,0,0,1
18,Jackson,7,"Federal Aid Non-State (FANS)                      ",0,0,0,0,0,0,0,1
18,Jackson,8,"Harp Routes                                       ",21.24,2.38,42.48,2.28,0.33,0.9,0.08,1
18,Jackson,99,Total County,893.69,100,1860.51,100,387.13,1060.64,100,2
19,Jefferson,1,"Interstates                                       ",0,0,0,0,0,0,0,1
19,Jefferson,2,"US Routes                                         ",19.8,4.3,57.53,6,117.02,320.59,27.21,1
19,Jefferson,3,"WV Routes                                         ",61.34,13.33,143.33,14.95,196.07,537.17,45.59,1
19,Jefferson,4,"County Routes                                     ",319.74,69.48,639.47,66.68,114.93,314.89,26.72,1
19,Jefferson,6,"State Park and Forest Roads                       ",0,0,0,0,0,0,0,1
19,Jefferson,7,"Federal Aid Non-State (FANS)                      ",0.38,0.08,0.76,0.08,0.45,1.22,0.1,1
19,Jefferson,8,"Harp Routes                                       ",58.96,12.81,117.92,12.3,1.62,4.44,0.38,1
19,Jefferson,99,Total County,460.22,100,959.01,100,430.09,1178.31,100,2
20,Kanawha,1,"Interstates                                       ",124.57,8.47,426.81,13.22,1064.36,2916.04,54.5,1
20,Kanawha,2,"US Routes                                         ",90.8,6.18,259.38,8.04,333.88,914.75,17.1,1
20,Kanawha,3,"WV Routes                                         ",109.53,7.45,244.59,7.58,247.31,677.57,12.66,1
20,Kanawha,4,"County Routes                                     ",1045.47,71.11,2091.98,64.8,252.41,691.54,12.92,1
20,Kanawha,6,"State Park and Forest Roads                       ",5.68,0.39,11.36,0.35,0.03,0.09,0,1
20,Kanawha,7,"Federal Aid Non-State (FANS)                      ",55.12,3.75,115.89,3.59,54.34,148.87,2.78,1
20,Kanawha,8,"Harp Routes                                       ",39.05,2.66,78.11,2.42,0.62,1.69,0.03,1
20,Kanawha,99,Total County,1470.22,100,3228.12,100,1952.95,5350.55,100,2
21,Lewis,1,"Interstates                                       ",28.39,4.38,97,7.18,175.27,480.2,56.91,1
21,Lewis,2,"US Routes                                         ",60.56,9.35,135.83,10.05,89.21,244.41,28.97,1
21,Lewis,3,"WV Routes                                         ",3.42,0.53,6.84,0.51,0.89,2.43,0.29,1
21,Lewis,4,"County Routes                                     ",545.11,84.12,1090.22,80.7,41.44,113.52,13.45,1
21,Lewis,6,"State Park and Forest Roads                       ",0,0,0,0,0,0,0,1
21,Lewis,7,"Federal Aid Non-State (FANS)                      ",1.71,0.26,3.35,0.25,1.1,3.02,0.36,1
21,Lewis,8,"Harp Routes                                       ",8.83,1.36,17.66,1.31,0.07,0.2,0.02,1
21,Lewis,99,Total County,648.02,100,1350.9,100,307.98,843.78,100,2
22,Lincoln,1,"Interstates                                       ",0,0,0,0,0,0,0,1
22,Lincoln,2,"US Routes                                         ",4.74,0.73,18.96,1.44,18.01,49.33,16.42,1
22,Lincoln,3,"WV Routes                                         ",79.87,12.24,159.75,12.15,61.12,167.45,55.72,1
22,Lincoln,4,"County Routes                                     ",550.97,84.43,1101.94,83.82,30.42,83.33,27.73,1
22,Lincoln,6,"State Park and Forest Roads                       ",1.26,0.19,2.52,0.19,0,0.01,0,1
22,Lincoln,7,"Federal Aid Non-State (FANS)                      ",0,0,0,0,0,0,0,1
22,Lincoln,8,"Harp Routes                                       ",15.74,2.41,31.48,2.39,0.14,0.38,0.13,1
22,Lincoln,99,Total County,652.58,100,1314.65,100,109.69,300.5,100,2
23,Logan,1,"Interstates                                       ",0,0,0,0,0,0,0,1
23,Logan,2,"US Routes                                         ",20.78,3.98,78.46,7.04,63.96,175.23,27.26,1
23,Logan,3,"WV Routes                                         ",83.69,16.02,200.01,17.95,95.24,260.93,40.59,1
23,Logan,4,"County Routes                                     ",403.55,77.23,806.58,72.4,75.27,206.21,32.08,1
23,Logan,6,"State Park and Forest Roads                       ",5.1,0.98,10.2,0.92,0.07,0.18,0.03,1
23,Logan,7,"Federal Aid Non-State (FANS)                      ",0,0,0,0,0,0,0,1
23,Logan,8,"Harp Routes                                       ",9.41,1.8,18.82,1.69,0.09,0.23,0.04,1
23,Logan,99,Total County,522.53,100,1114.07,100,234.63,642.78,100,2
24,McDowell,1,"Interstates                                       ",0,0,0,0,0,0,0,1
24,McDowell,2,"US Routes                                         ",44.74,6.79,92.26,6.99,47.34,129.7,38.95,1
24,McDowell,3,"WV Routes                                         ",99.86,15.15,199.47,15.1,43.45,119.04,35.75,1
24,McDowell,4,"County Routes                                     ",451.94,68.57,903.89,68.44,29.89,81.9,24.6,1
24,McDowell,6,"State Park and Forest Roads                       ",2.07,0.31,4.14,0.31,0.02,0.04,0.01,1
24,McDowell,7,"Federal Aid Non-State (FANS)                      ",0,0,0,0,0,0,0,1
24,McDowell,8,"Harp Routes                                       ",60.46,9.17,120.93,9.16,0.83,2.29,0.69,1
24,McDowell,99,Total County,659.07,100,1320.69,100,121.53,332.97,100,2
25,Marion,1,"Interstates                                       ",20.87,2.79,62.92,4.13,201.48,552,45.02,1
25,Marion,2,"US Routes                                         ",50,6.68,100,6.57,105.75,289.71,23.63,1
25,Marion,3,"WV Routes                                         ",24.62,3.29,53.32,3.5,35.24,96.54,7.87,1
25,Marion,4,"County Routes                                     ",613.59,82,1227.68,80.65,94.52,258.95,21.12,1
25,Marion,6,"State Park and Forest Roads                       ",0.4,0.05,0.8,0.05,0,0.01,0,1
25,Marion,7,"Federal Aid Non-State (FANS)                      ",10.9,1.46,21.8,1.43,9.92,27.18,2.22,1
25,Marion,8,"Harp Routes                                       ",27.89,3.73,55.78,3.66,0.63,1.72,0.14,1
25,Marion,99,Total County,748.27,100,1522.3,100,447.54,1226.11,100,2
26,Marshall,1,"Interstates                                       ",0,0,0,0,0,0,0,1
26,Marshall,2,"US Routes                                         ",42.42,7.49,92.98,8,75.22,206.09,36.42,1
26,Marshall,3,"WV Routes                                         ",38.82,6.85,99.54,8.56,73.11,200.3,35.4,1
26,Marshall,4,"County Routes                                     ",474.65,83.8,949.3,81.64,56.25,154.12,27.24,1
26,Marshall,6,"State Park and Forest Roads                       ",0.39,0.07,0.78,0.07,0,0,0,1
26,Marshall,7,"Federal Aid Non-State (FANS)                      ",2.6,0.46,5.2,0.45,1.8,4.92,0.87,1
26,Marshall,8,"Harp Routes                                       ",7.51,1.33,15.02,1.29,0.14,0.37,0.07,1
26,Marshall,99,Total County,566.39,100,1162.82,100,206.52,565.8,100,2
27,Mason,1,"Interstates                                       ",0,0,0,0,0,0,0,1
27,Mason,2,"US Routes                                         ",21.15,2.73,78.54,4.95,25.07,68.68,10.9,1
27,Mason,3,"WV Routes                                         ",108.82,14.04,219.65,13.83,162.85,446.16,70.84,1
27,Mason,4,"County Routes                                     ",634.97,81.94,1269.94,79.97,41.49,113.68,18.05,1
27,Mason,6,"State Park and Forest Roads                       ",4.86,0.63,9.72,0.61,0.06,0.15,0.02,1
27,Mason,7,"Federal Aid Non-State (FANS)                      ",2.43,0.31,4.86,0.31,0.39,1.08,0.17,1
27,Mason,8,"Harp Routes                                       ",2.68,0.35,5.36,0.34,0.03,0.08,0.01,1
27,Mason,99,Total County,774.91,100,1588.07,100,229.89,629.83,100,2
28,Mercer,1,"Interstates                                       ",34.43,3.43,127.37,5.98,301.92,827.17,43.14,1
28,Mercer,2,"US Routes                                         ",77.29,7.7,216.18,10.14,197.18,540.22,28.18,1
28,Mercer,3,"WV Routes                                         ",86.93,8.66,176.59,8.29,115.8,317.27,16.55,1
28,Mercer,4,"County Routes                                     ",709.39,70.68,1420.15,66.64,76.85,210.55,10.98,1
28,Mercer,6,"State Park and Forest Roads                       ",9.27,0.92,18.55,0.87,0.07,0.2,0.01,1
28,Mercer,7,"Federal Aid Non-State (FANS)                      ",16.14,1.61,31.86,1.5,7.16,19.63,1.02,1
28,Mercer,8,"Harp Routes                                       ",70.15,6.99,140.31,6.58,0.84,2.29,0.12,1
28,Mercer,99,Total County,1003.6,100,2131.01,100,699.82,1917.33,100,2
29,Mineral,1,"Interstates                                       ",0,0,0,0,0,0,0,1
29,Mineral,2,"US Routes                                         ",27.77,6.81,55.54,6.82,40.28,110.36,25.64,1
29,Mineral,3,"WV Routes                                         ",67.89,16.64,135.78,16.67,78.42,214.84,49.91,1
29,Mineral,4,"County Routes                                     ",285.35,69.94,570.7,70.07,36.62,100.32,23.31,1
29,Mineral,6,"State Park and Forest Roads                       ",0,0,0,0,0,0,0,1
29,Mineral,7,"Federal Aid Non-State (FANS)                      ",4.79,1.17,8,0.98,1.29,3.53,0.82,1
29,Mineral,8,"Harp Routes                                       ",22.21,5.44,44.42,5.45,0.51,1.4,0.33,1
29,Mineral,99,Total County,408.01,100,814.44,100,157.12,430.45,100,2
30,Mingo,1,"Interstates                                       ",0,0,0,0,0,0,0,1
30,Mingo,2,"US Routes                                         ",73.28,15.76,188.92,19.43,101.12,277.05,60.21,1
30,Mingo,3,"WV Routes                                         ",44.61,9.59,89.22,9.17,28.22,77.32,16.8,1
30,Mingo,4,"County Routes                                     ",341.45,73.42,682.89,70.22,38.55,105.61,22.95,1
30,Mingo,6,"State Park and Forest Roads                       ",0.18,0.04,0.36,0.04,0,0.01,0,1
30,Mingo,7,"Federal Aid Non-State (FANS)                      ",0,0,0,0,0,0,0,1
30,Mingo,8,"Harp Routes                                       ",5.56,1.2,11.12,1.14,0.05,0.15,0.03,1
30,Mingo,99,Total County,465.08,100,972.51,100,167.94,460.14,100,2
31,Monongalia,1,"Interstates                                       ",47.8,5.5,156.43,8.57,369.07,1011.16,43.79,1
31,Monongalia,2,"US Routes                                         ",44.01,5.07,98.95,5.42,146.72,401.96,17.41,1
31,Monongalia,3,"WV Routes                                         ",67.76,7.8,147.13,8.06,103.79,284.36,12.31,1
31,Monongalia,4,"County Routes                                     ",654.21,75.34,1313.38,71.97,198.93,545.01,23.6,1
31,Monongalia,6,"State Park and Forest Roads                       ",3.98,0.46,7.96,0.44,0.07,0.2,0.01,1
31,Monongalia,7,"Federal Aid Non-State (FANS)                      ",23.57,2.71,47.14,2.58,23.86,65.37,2.83,1
31,Monongalia,8,"Harp Routes                                       ",26.99,3.11,53.98,2.96,0.47,1.29,0.06,1
31,Monongalia,99,Total County,868.32,100,1824.97,100,842.91,2309.35,100,2
32,Monroe,1,"Interstates                                       ",0,0,0,0,0,0,0,1
32,Monroe,2,"US Routes                                         ",33.34,5.53,66.68,5.53,29.99,82.15,39.73,1
32,Monroe,3,"WV Routes                                         ",61.49,10.2,122.98,10.2,19.33,52.95,25.61,1
32,Monroe,4,"County Routes                                     ",502.24,83.28,1004.48,83.28,26.11,71.53,34.59,1
32,Monroe,6,"State Park and Forest Roads                       ",1.74,0.29,3.48,0.29,0.02,0.05,0.02,1
32,Monroe,7,"Federal Aid Non-State (FANS)                      ",0,0,0,0,0,0,0,1
32,Monroe,8,"Harp Routes                                       ",4.26,0.71,8.52,0.71,0.04,0.11,0.05,1
32,Monroe,99,Total County,603.07,100,1206.14,100,75.49,206.79,100,2
33,Morgan,1,"Interstates                                       ",0,0,0,0,0,0,0,1
33,Morgan,2,"US Routes                                         ",18.74,4.79,37.48,4.79,58.96,161.52,46.3,1
33,Morgan,3,"WV Routes                                         ",35.49,9.07,70.98,9.07,34.01,93.18,26.71,1
33,Morgan,4,"County Routes                                     ",303.67,77.59,607.34,77.59,33.79,92.59,26.54,1
33,Morgan,6,"State Park and Forest Roads                       ",9.7,2.48,19.4,2.48,0.16,0.43,0.12,1
33,Morgan,7,"Federal Aid Non-State (FANS)                      ",0,0,0,0,0,0,0,1
33,Morgan,8,"Harp Routes                                       ",23.8,6.08,47.6,6.08,0.42,1.14,0.33,1
33,Morgan,99,Total County,391.4,100,782.8,100,127.34,348.86,100,2
34,Nicholas,1,"Interstates                                       ",0,0,0,0,0,0,0,1
34,Nicholas,2,"US Routes                                         ",34.84,5.17,139.16,9.81,129.6,355.06,47.06,1
34,Nicholas,3,"WV Routes                                         ",131.83,19.56,264.34,18.64,115.22,315.66,41.84,1
34,Nicholas,4,"County Routes                                     ",495.73,73.55,991.46,69.91,30.43,83.36,11.05,1
34,Nicholas,6,"State Park and Forest Roads                       ",0,0,0,0,0,0,0,1
34,Nicholas,7,"Federal Aid Non-State (FANS)                      ",0,0,0,0,0,0,0,1
34,Nicholas,8,"Harp Routes                                       ",11.62,1.72,23.24,1.64,0.14,0.38,0.05,1
34,Nicholas,99,Total County,674.02,100,1418.2,100,275.39,754.46,100,2
35,Ohio,1,"Interstates                                       ",28.91,10.06,93.08,14.89,245.1,671.51,57.02,1
35,Ohio,2,"US Routes                                         ",21.86,7.61,58.57,9.37,60.25,165.08,14.02,1
35,Ohio,3,"WV Routes                                         ",24.88,8.66,51.22,8.19,50.38,138.03,11.72,1
35,Ohio,4,"County Routes                                     ",184.75,64.31,369.76,59.16,57.36,157.16,13.35,1
35,Ohio,6,"State Park and Forest Roads                       ",0.24,0.08,0.48,0.08,0,0,0,1
35,Ohio,7,"Federal Aid Non-State (FANS)                      ",18.52,6.45,35.64,5.7,16.63,45.56,3.87,1
35,Ohio,8,"Harp Routes                                       ",8.14,2.83,16.28,2.6,0.12,0.32,0.03,1
35,Ohio,99,Total County,287.3,100,625.03,100,429.84,1177.66,100,2
36,Pendleton,1,"Interstates                                       ",0,0,0,0,0,0,0,1
36,Pendleton,2,"US Routes                                         ",84.4,15.36,168.8,15.36,43.59,119.43,63.05,1
36,Pendleton,3,"WV Routes                                         ",21.89,3.98,43.78,3.98,6.86,18.79,9.92,1
36,Pendleton,4,"County Routes                                     ",441.84,80.39,883.67,80.39,18.61,51,26.92,1
36,Pendleton,6,"State Park and Forest Roads                       ",0,0,0,0,0,0,0,1
36,Pendleton,7,"Federal Aid Non-State (FANS)                      ",0.24,0.04,0.48,0.04,0.06,0.17,0.09,1
36,Pendleton,8,"Harp Routes                                       ",1.28,0.23,2.56,0.23,0.01,0.04,0.02,1
36,Pendleton,99,Total County,549.65,100,1099.29,100,69.13,189.43,100,2
37,Pleasants,1,"Interstates                                       ",0,0,0,0,0,0,0,1
37,Pleasants,2,"US Routes                                         ",0,0,0,0,0,0,0,1
37,Pleasants,3,"WV Routes                                         ",26.38,10.85,56.56,11.54,54.55,149.44,81.9,1
37,Pleasants,4,"County Routes                                     ",216.47,89,432.95,88.31,12.05,33.01,18.09,1
37,Pleasants,6,"State Park and Forest Roads                       ",0,0,0,0,0,0,0,1
37,Pleasants,7,"Federal Aid Non-State (FANS)                      ",0,0,0,0,0,0,0,1
37,Pleasants,8,"Harp Routes                                       ",0.38,0.16,0.76,0.16,0.01,0.02,0.01,1
37,Pleasants,99,Total County,243.23,100,490.27,100,66.61,182.47,100,2
38,Pocahontas,1,"Interstates                                       ",0,0,0,0,0,0,0,1
38,Pocahontas,2,"US Routes                                         ",59.22,9.02,118.44,9.02,25.73,70.5,33.95,1
38,Pocahontas,3,"WV Routes                                         ",133.04,20.27,266.08,20.27,35.36,96.88,46.65,1
38,Pocahontas,4,"County Routes                                     ",441.17,67.2,882.34,67.2,14.21,38.93,18.75,1
38,Pocahontas,6,"State Park and Forest Roads                       ",10.17,1.55,20.35,1.55,0.32,0.88,0.42,1
38,Pocahontas,7,"Federal Aid Non-State (FANS)                      ",0.21,0.03,0.42,0.03,0.02,0.04,0.02,1
38,Pocahontas,8,"Harp Routes                                       ",12.68,1.93,25.36,1.93,0.17,0.45,0.22,1
38,Pocahontas,99,Total County,656.49,100,1312.99,100,75.81,207.68,100,2
39,Preston,1,"Interstates                                       ",21.16,1.85,79.97,3.44,110.06,301.54,37.99,1
39,Preston,2,"US Routes                                         ",32.93,2.88,65.86,2.83,14.53,39.8,5.01,1
39,Preston,3,"WV Routes                                         ",113.95,9.96,227.9,9.8,98.32,269.37,33.94,1
39,Preston,4,"County Routes                                     ",953.4,83.3,1906.8,81.95,66.19,181.34,22.85,1
39,Preston,6,"State Park and Forest Roads                       ",0.28,0.02,0.56,0.02,0,0.01,0,1
39,Preston,7,"Federal Aid Non-State (FANS)                      ",0.6,0.05,1.2,0.05,0.09,0.25,0.03,1
39,Preston,8,"Harp Routes                                       ",22.18,1.94,44.36,1.91,0.51,1.4,0.18,1
39,Preston,99,Total County,1144.5,100,2326.65,100,289.7,793.71,100,2
40,Putnam,1,"Interstates                                       ",23.83,3.52,70.59,5.01,240.32,658.42,38.67,1
40,Putnam,2,"US Routes                                         ",28.73,4.25,88.59,6.28,103.71,284.15,16.69,1
40,Putnam,3,"WV Routes                                         ",90.47,13.37,183.89,13.04,198.92,544.99,32.01,1
40,Putnam,4,"County Routes                                     ",519.39,76.78,1038.79,73.68,77.04,211.06,12.4,1
40,Putnam,6,"State Park and Forest Roads                       ",0,0,0,0,0,0,0,1
40,Putnam,7,"Federal Aid Non-State (FANS)                      ",0.59,0.09,1.18,0.08,1.16,3.19,0.19,1
40,Putnam,8,"Harp Routes                                       ",13.46,1.99,26.92,1.91,0.26,0.7,0.04,1
40,Putnam,99,Total County,676.47,100,1409.96,100,621.41,1702.51,100,2
41,Raleigh,1,"Interstates                                       ",65.7,6.2,235.94,10.32,412.71,1130.72,46.89,1
41,Raleigh,2,"US Routes                                         ",32.59,3.07,88.58,3.87,147.1,403,16.71,1
41,Raleigh,3,"WV Routes                                         ",130.09,12.27,298.89,13.07,200.42,549.1,22.77,1
41,Raleigh,4,"County Routes                                     ",756.77,71.4,1513.53,66.2,112.11,307.16,12.74,1
41,Raleigh,6,"State Park and Forest Roads                       ",2.5,0.24,5,0.22,0.02,0.06,0,1
41,Raleigh,7,"Federal Aid Non-State (FANS)                      ",19.8,1.87,39.26,1.72,7.11,19.48,0.81,1
41,Raleigh,8,"Harp Routes                                       ",52.48,4.95,104.96,4.59,0.64,1.74,0.07,1
41,Raleigh,99,Total County,1059.93,100,2286.16,100,880.11,2411.26,100,2
42,Randolph,1,"Interstates                                       ",0,0,0,0,0,0,0,1
42,Randolph,2,"US Routes                                         ",103.94,11.95,259.93,14.51,156.85,429.72,63.19,1
42,Randolph,3,"WV Routes                                         ",20.64,2.37,41.28,2.3,24.59,67.38,9.91,1
42,Randolph,4,"County Routes                                     ",733.04,84.29,1466.23,81.84,61.92,169.63,24.94,1
42,Randolph,6,"State Park and Forest Roads                       ",0,0,0,0,0,0,0,1
42,Randolph,7,"Federal Aid Non-State (FANS)                      ",4.98,0.57,9.95,0.56,4.79,13.13,1.93,1
42,Randolph,8,"Harp Routes                                       ",7.11,0.82,14.22,0.79,0.08,0.22,0.03,1
42,Randolph,99,Total County,869.71,100,1791.61,100,248.23,680.08,100,2
43,Ritchie,1,"Interstates                                       ",0,0,0,0,0,0,0,1
43,Ritchie,2,"US Routes                                         ",22.03,2.84,84.88,5.33,60.36,165.37,52.36,1
43,Ritchie,3,"WV Routes                                         ",104.11,13.41,208.23,13.07,34.76,95.23,30.15,1
43,Ritchie,4,"County Routes                                     ",641.36,82.64,1282.71,80.52,20.05,54.94,17.39,1
43,Ritchie,6,"State Park and Forest Roads                       ",5.83,0.75,11.66,0.73,0.08,0.23,0.07,1
43,Ritchie,7,"Federal Aid Non-State (FANS)                      ",0,0,0,0,0,0,0,1
43,Ritchie,8,"Harp Routes                                       ",2.77,0.36,5.54,0.35,0.03,0.07,0.02,1
43,Ritchie,99,Total County,776.1,100,1593.02,100,115.28,315.84,100,2
44,Roane,1,"Interstates                                       ",16.99,2.14,61.15,3.78,51.84,142.03,40.14,1
44,Roane,2,"US Routes                                         ",44.46,5.59,88.92,5.5,35.42,97.03,27.42,1
44,Roane,3,"WV Routes                                         ",40.94,5.15,81.88,5.07,16.58,45.42,12.84,1
44,Roane,4,"County Routes                                     ",680.58,85.64,1361.17,84.2,25.17,68.97,19.49,1
44,Roane,6,"State Park and Forest Roads                       ",1.33,0.17,2.66,0.16,0,0.01,0,1
44,Roane,7,"Federal Aid Non-State (FANS)                      ",0,0,0,0,0,0,0,1
44,Roane,8,"Harp Routes                                       ",10.37,1.3,20.73,1.28,0.14,0.39,0.11,1
44,Roane,99,Total County,794.67,100,1616.51,100,129.15,353.85,100,2
45,Summers,1,"Interstates                                       ",12.61,2.08,45.18,3.67,38.3,104.94,31.65,1
45,Summers,2,"US Routes                                         ",0,0,0,0,0,0,0,1
45,Summers,3,"WV Routes                                         ",78.84,13.02,156.46,12.72,62,169.87,51.23,1
45,Summers,4,"County Routes                                     ",482.83,79.73,965.67,78.51,19.38,53.08,16.01,1
45,Summers,6,"State Park and Forest Roads                       ",27.33,4.51,54.66,4.44,1.31,3.59,1.08,1
45,Summers,7,"Federal Aid Non-State (FANS)                      ",0,0,0,0,0,0,0,1
45,Summers,8,"Harp Routes                                       ",3.99,0.66,7.98,0.65,0.05,0.12,0.04,1
45,Summers,99,Total County,605.6,100,1229.95,100,121.04,331.6,100,2
46,Taylor,1,"Interstates                                       ",0,0,0,0,0,0,0,1
46,Taylor,2,"US Routes                                         ",49.99,12.78,99.99,12.79,81.83,224.2,72.88,1
46,Taylor,3,"WV Routes                                         ",13.03,3.33,26.06,3.33,6.8,18.64,6.06,1
46,Taylor,4,"County Routes                                     ",310.66,79.4,620.87,79.39,22.58,61.87,20.11,1
46,Taylor,6,"State Park and Forest Roads                       ",3.07,0.78,6.14,0.79,0.24,0.65,0.21,1
46,Taylor,7,"Federal Aid Non-State (FANS)                      ",2.33,0.6,4.66,0.6,0.71,1.95,0.63,1
46,Taylor,8,"Harp Routes                                       ",12.16,3.11,24.32,3.11,0.12,0.34,0.11,1
46,Taylor,99,Total County,391.24,100,782.04,100,112.28,307.65,100,2
47,Tucker,1,"Interstates                                       ",0,0,0,0,0,0,0,1
47,Tucker,2,"US Routes                                         ",27.76,6.53,55.52,6.54,23.46,64.28,35.24,1
47,Tucker,3,"WV Routes                                         ",73.05,17.2,145.44,17.13,34.07,93.33,51.16,1
47,Tucker,4,"County Routes                                     ",313.63,73.82,627.25,73.88,8.56,23.45,12.86,1
47,Tucker,6,"State Park and Forest Roads                       ",8.89,2.09,17.78,2.09,0.48,1.3,0.71,1
47,Tucker,7,"Federal Aid Non-State (FANS)                      ",0,0,0,0,0,0,0,1
47,Tucker,8,"Harp Routes                                       ",1.5,0.35,3,0.35,0.02,0.05,0.03,1
47,Tucker,99,Total County,424.83,100,848.99,100,66.59,182.41,100,2
48,Tyler,1,"Interstates                                       ",0,0,0,0,0,0,0,1
48,Tyler,2,"US Routes                                         ",0,0,0,0,0,0,0,1
48,Tyler,3,"WV Routes                                         ",58.78,14.52,117.56,14.52,55.65,152.46,76.74,1
48,Tyler,4,"County Routes                                     ",344.23,85.05,688.46,85.05,16.84,46.13,23.22,1
48,Tyler,6,"State Park and Forest Roads                       ",0,0,0,0,0,0,0,1
48,Tyler,7,"Federal Aid Non-State (FANS)                      ",0,0,0,0,0,0,0,1
48,Tyler,8,"Harp Routes                                       ",1.71,0.42,3.42,0.42,0.03,0.07,0.04,1
48,Tyler,99,Total County,404.72,100,809.44,100,72.52,198.66,100,2
49,Upshur,1,"Interstates                                       ",0,0,0,0,0,0,0,1
49,Upshur,2,"US Routes                                         ",25.07,3.54,80.2,5.55,73.01,200.02,45.29,1
49,Upshur,3,"WV Routes                                         ",31.95,4.52,64.13,4.44,36.83,100.89,22.85,1
49,Upshur,4,"County Routes                                     ",640.6,90.55,1281.2,88.65,48.77,133.61,30.26,1
49,Upshur,6,"State Park and Forest Roads                       ",0,0,0,0,0,0,0,1
49,Upshur,7,"Federal Aid Non-State (FANS)                      ",4.49,0.63,8.97,0.62,2.53,6.92,1.57,1
49,Upshur,8,"Harp Routes                                       ",5.35,0.76,10.7,0.74,0.06,0.17,0.04,1
49,Upshur,99,Total County,707.46,100,1445.2,100,161.2,441.61,100,2
50,Wayne,1,"Interstates                                       ",6.7,0.78,24.32,1.39,56.87,155.8,20.25,1
50,Wayne,2,"US Routes                                         ",56.7,6.56,126.89,7.24,75.9,207.94,27.03,1
50,Wayne,3,"WV Routes                                         ",87.24,10.1,174.56,9.96,85.56,234.41,30.47,1
50,Wayne,4,"County Routes                                     ",694.97,80.43,1389.94,79.31,59.48,162.96,21.18,1
50,Wayne,6,"State Park and Forest Roads                       ",5.92,0.69,11.83,0.67,0.06,0.18,0.02,1
50,Wayne,7,"Federal Aid Non-State (FANS)                      ",2.47,0.29,4.95,0.28,2.87,7.86,1.02,1
50,Wayne,8,"Harp Routes                                       ",10.08,1.17,20.16,1.15,0.1,0.28,0.04,1
50,Wayne,99,Total County,864.08,100,1752.65,100,280.84,769.43,100,2
51,Webster,1,"Interstates                                       ",0,0,0,0,0,0,0,1
51,Webster,2,"US Routes                                         ",0,0,0,0,0,0,0,1
51,Webster,3,"WV Routes                                         ",88.02,18.43,176.04,18.43,34.49,94.48,71.88,1
51,Webster,4,"County Routes                                     ",369.08,77.26,738.17,77.26,13.36,36.59,27.84,1
51,Webster,6,"State Park and Forest Roads                       ",15.45,3.23,30.9,3.23,0.09,0.26,0.2,1
51,Webster,7,"Federal Aid Non-State (FANS)                      ",0,0,0,0,0,0,0,1
51,Webster,8,"Harp Routes                                       ",5.14,1.08,10.28,1.08,0.04,0.11,0.08,1
51,Webster,99,Total County,477.69,100,955.39,100,47.98,131.44,100,2
52,Wetzel,1,"Interstates                                       ",0,0,0,0,0,0,0,1
52,Wetzel,2,"US Routes                                         ",11.07,1.97,22.14,1.97,4.86,13.32,4.22,1
52,Wetzel,3,"WV Routes                                         ",83.35,14.87,168.7,15.02,86.12,235.94,74.81,1
52,Wetzel,4,"County Routes                                     ",457.99,81.7,915.99,81.58,21.72,59.5,18.87,1
52,Wetzel,6,"State Park and Forest Roads                       ",0,0,0,0,0,0,0,1
52,Wetzel,7,"Federal Aid Non-State (FANS)                      ",7.47,1.33,14.54,1.29,2.4,6.57,2.08,1
52,Wetzel,8,"Harp Routes                                       ",0.72,0.13,1.44,0.13,0.01,0.04,0.01,1
52,Wetzel,99,Total County,560.6,100,1122.81,100,115.11,315.37,100,2
53,Wirt,1,"Interstates                                       ",0,0,0,0,0,0,0,1
53,Wirt,2,"US Routes                                         ",0,0,0,0,0,0,0,1
53,Wirt,3,"WV Routes                                         ",49.15,12.26,98.3,12.26,24.8,67.96,69.26,1
53,Wirt,4,"County Routes                                     ",342.26,85.4,684.51,85.4,10.75,29.46,30.02,1
53,Wirt,6,"State Park and Forest Roads                       ",0,0,0,0,0,0,0,1
53,Wirt,7,"Federal Aid Non-State (FANS)                      ",0,0,0,0,0,0,0,1
53,Wirt,8,"Harp Routes                                       ",9.38,2.34,18.76,2.34,0.26,0.71,0.72,1
53,Wirt,99,Total County,400.79,100,801.57,100,35.81,98.13,100,2
54,Wood,1,"Interstates                                       ",37.53,4.22,135.09,7.05,202.78,555.55,30.12,1
54,Wood,2,"US Routes                                         ",32.25,3.62,112.34,5.87,102.19,279.97,15.18,1
54,Wood,3,"WV Routes                                         ",108.47,12.19,243.56,12.72,260.8,714.52,38.74,1
54,Wood,4,"County Routes                                     ",662.59,74.47,1326.78,69.28,79.11,216.75,11.75,1
54,Wood,6,"State Park and Forest Roads                       ",0,0,0,0,0,0,0,1
54,Wood,7,"Federal Aid Non-State (FANS)                      ",21.73,2.44,42.78,2.23,27.62,75.67,4.1,1
54,Wood,8,"Harp Routes                                       ",27.23,3.06,54.46,2.84,0.65,1.79,0.1,1
54,Wood,99,Total County,889.8,100,1915.01,100,673.15,1844.25,100,2
55,Wyoming,1,"Interstates                                       ",0,0,0,0,0,0,0,1
55,Wyoming,2,"US Routes                                         ",8.61,1.63,17.28,1.63,8.82,24.17,5.94,1
55,Wyoming,3,"WV Routes                                         ",136.65,25.85,278.64,26.22,113.63,311.32,76.47,1
55,Wyoming,4,"County Routes                                     ",352.83,66.73,705.67,66.39,25.4,69.6,17.1,1
55,Wyoming,6,"State Park and Forest Roads                       ",8.71,1.65,17.42,1.64,0.49,1.36,0.33,1
55,Wyoming,7,"Federal Aid Non-State (FANS)                      ",0,0,0,0,0,0,0,1
55,Wyoming,8,"Harp Routes                                       ",21.91,4.14,43.83,4.12,0.24,0.64,0.16,1
55,Wyoming,99,Total County,528.71,100,1062.84,100,148.58,407.09,100,2
99,Total State,1,Interstates,741.86,2.11,2586.81,3.56,5531.3,15154.24,32.61,1
99,Total State,2,US Routes,1912.83,5.43,4799.04,6.6,4048.57,11091.98,23.87,1
99,Total State,3,WV Routes,3697.88,10.51,7653.42,10.52,4145.21,11356.75,24.44,1
99,Total State,4,County Routes,27509.98,78.16,55039.4,75.65,2977.63,8157.89,17.56,1
99,Total State,6,State Park and Forest Roads,196.23,0.56,392.46,0.54,4.75,13,0.03,1
99,Total State,7,Federal Aid Non-State (FANS),276.05,0.78,554.02,0.76,237.97,651.97,1.4,1
99,Total State,8,Harp Routes,863.48,2.45,1726.96,2.37,14.61,40.02,0.09,1
99,Total State,99,Total State,35198.31,100,72752.1,100,16960.04,46465.86,100,2
