BeginDate|StateID|RouteID|BeginPoint|EndPoint|DataItem|ValueNumeric|ValueDate|ValueText
12/31/2021|54|08100790000NB|36|39.91|YEAR_LAST_IMPROVEMENT||2018|
12/31/2021|54|03201190000NB|16.97|17.83|YEAR_LAST_IMPROVEMENT||1973|
12/31/2021|54|0340005000000|15.1|17.57|YEAR_LAST_IMPROVEMENT||2011|
12/31/2021|54|03201190000NB|12.83|13.54|YEAR_LAST_IMPROVEMENT||1973|
12/31/2021|54|03201190000NB|11.49|12.83|YEAR_LAST_IMPROVEMENT||2013|
12/31/2021|54|03201190000NB|9.44|11.49|YEAR_LAST_IMPROVEMENT||2013|
12/31/2021|54|0330094000000|0|3.01|YEAR_LAST_IMPROVEMENT||2017|
12/31/2021|54|0330003000000|8.17|11.14|YEAR_LAST_IMPROVEMENT||2017|
12/31/2021|54|0830036000000|2.48|4.2|YEAR_LAST_IMPROVEMENT||2010|
12/31/2021|54|03201190000NB|0|2.93|YEAR_LAST_IMPROVEMENT||2015|
12/31/2021|54|08100790000NB|39.91|41.43|YEAR_LAST_IMPROVEMENT||2016|
12/31/2021|54|0830016000000|19.19|20.35|YEAR_LAST_IMPROVEMENT||2011|
12/31/2021|54|20100640000EB|45.39|47.44|YEAR_LAST_IMPROVEMENT||2018|
12/31/2021|54|0830004000000|21.98|22.98|YEAR_LAST_IMPROVEMENT||2019|
12/31/2021|54|08100790000NB|41.43|44.6|YEAR_LAST_IMPROVEMENT||2016|
12/31/2021|54|2040073000000|0|1.18|YEAR_LAST_IMPROVEMENT||2015|
12/31/2021|54|20100770000NB|102.66|103.69|YEAR_LAST_IMPROVEMENT||2009|
12/31/2021|54|20100770000NB|100.78|101.08|YEAR_LAST_IMPROVEMENT||1973|
12/31/2021|54|20100790000NB|5.42|5.56|YEAR_LAST_IMPROVEMENT||2017|
12/31/2021|54|20100770000NB|114.59|116.05|YEAR_LAST_IMPROVEMENT||2010|
12/31/2021|54|20100640000EB|47.44|48.4|YEAR_LAST_IMPROVEMENT||2018|
12/31/2021|54|20100790000NB|6.82|7.19|YEAR_LAST_IMPROVEMENT||2017|
12/31/2021|54|2040160070000|0.27|0.51|YEAR_LAST_IMPROVEMENT||2019|
12/31/2021|54|20100640000EB|48.4|49.75|YEAR_LAST_IMPROVEMENT||2018|
12/31/2021|54|20100640000EB|51.56|52.38|YEAR_LAST_IMPROVEMENT||2013|
12/31/2021|54|2730002000000|29.27|35.98|YEAR_LAST_IMPROVEMENT||2015|
12/31/2021|54|20100790000NB|5.56|6.12|YEAR_LAST_IMPROVEMENT||2017|
12/31/2021|54|20100640000EB|53.75|54.37|YEAR_LAST_IMPROVEMENT||2010|
12/31/2021|54|20200600000EB|9.19|10.9|YEAR_LAST_IMPROVEMENT||2009|
12/31/2021|54|20100770000NB|106.17|107.6|YEAR_LAST_IMPROVEMENT||2011|
12/31/2021|54|20100790000NB|20.62|21.28|YEAR_LAST_IMPROVEMENT||2014|
12/31/2021|54|20100640000EB|55.21|56.33|YEAR_LAST_IMPROVEMENT||2009|
12/31/2021|54|27200350000NB|17.85|17.98|YEAR_LAST_IMPROVEMENT||2015|
12/31/2021|54|2730002000000|15.93|18.05|YEAR_LAST_IMPROVEMENT||2017|
12/31/2021|54|20100640000EB|54.37|54.8|YEAR_LAST_IMPROVEMENT||2009|
12/31/2021|54|20100770000NB|99.12|100.07|YEAR_LAST_IMPROVEMENT||2012|
12/31/2021|54|27200350000NB|18.35|18.74|YEAR_LAST_IMPROVEMENT||2015|
12/31/2021|54|20100790000NB|7.19|7.476|YEAR_LAST_IMPROVEMENT||2017|
12/31/2021|54|20200600007WB|7.93|8.1|YEAR_LAST_IMPROVEMENT||2015|
12/31/2021|54|2040025250000|0|0.15|YEAR_LAST_IMPROVEMENT||2015|
12/31/2021|54|2030622000000|2.72|3.79|YEAR_LAST_IMPROVEMENT||2019|
12/31/2021|54|2040160070000|0|0.27|YEAR_LAST_IMPROVEMENT||2019|
12/31/2021|54|20100790000NB|0|0.81|YEAR_LAST_IMPROVEMENT||2017|
12/31/2021|54|2040114010000|0|1.07|YEAR_LAST_IMPROVEMENT||2017|
12/31/2021|54|20100640000EB|56.33|57.02|YEAR_LAST_IMPROVEMENT||2009|
12/31/2021|54|27200350000NB|16.41|16.6|YEAR_LAST_IMPROVEMENT||2015|
12/31/2021|54|20200600000EB|6.2|6.92|YEAR_LAST_IMPROVEMENT||2012|
12/31/2021|54|20100790000NB|3.51|4.51|YEAR_LAST_IMPROVEMENT||2011|
12/31/2021|54|20100770000NB|103.69|104.81|YEAR_LAST_IMPROVEMENT||2011|
12/31/2021|54|20200600000EB|16.07|16.48|YEAR_LAST_IMPROVEMENT||2015|
12/31/2021|54|20100790000NB|19.22|20.62|YEAR_LAST_IMPROVEMENT||2014|
12/31/2021|54|2730002000000|18.91|19.89|YEAR_LAST_IMPROVEMENT||2018|
12/31/2021|54|20100790000NB|0.81|1.95|YEAR_LAST_IMPROVEMENT||2017|
12/31/2021|54|2040046000000|0|0.41|YEAR_LAST_IMPROVEMENT||2012|
12/31/2021|54|20100640000EB|57.02|57.48|YEAR_LAST_IMPROVEMENT||2009|
12/31/2021|54|20100640000EB|52.73|53.75|YEAR_LAST_IMPROVEMENT||2010|
12/31/2021|54|20100770000NB|113.47|114.59|YEAR_LAST_IMPROVEMENT||2010|
12/31/2021|54|27200350000NB|17.98|18.322|YEAR_LAST_IMPROVEMENT||2015|
12/31/2021|54|2730062000000|19.72|20.33|YEAR_LAST_IMPROVEMENT||2012|
12/31/2021|54|20100790000NB|9.97|10.64|YEAR_LAST_IMPROVEMENT||2017|
12/31/2021|54|27200350000NB|8.53|8.85|YEAR_LAST_IMPROVEMENT||2010|
12/31/2021|54|20100770000NB|116.05|116.66|YEAR_LAST_IMPROVEMENT||2010|
12/31/2021|54|2730002000000|1.39|3.15|YEAR_LAST_IMPROVEMENT||2012|
12/31/2021|54|20100770000NB|100.28|100.78|YEAR_LAST_IMPROVEMENT||1973|
12/31/2021|54|2040025260000|0|0.31|YEAR_LAST_IMPROVEMENT||2019|
12/31/2021|54|20100770000NB|101.65|102.16|YEAR_LAST_IMPROVEMENT||2009|
12/31/2021|54|20100770000NB|100.07|100.28|YEAR_LAST_IMPROVEMENT||2012|
12/31/2021|54|2730062000000|20.55|21.94|YEAR_LAST_IMPROVEMENT||2012|
12/31/2021|54|2040022000000|0.86|1.19|YEAR_LAST_IMPROVEMENT||2019|
12/31/2021|54|20200600000EB|2.44|2.86|YEAR_LAST_IMPROVEMENT||2015|
12/31/2021|54|20100770000NB|116.66|117.5|YEAR_LAST_IMPROVEMENT||2010|
12/31/2021|54|2040025260000|0.4|0.71|YEAR_LAST_IMPROVEMENT||2019|
12/31/2021|54|27200350000NB|9.644|10.37|YEAR_LAST_IMPROVEMENT||2010|
12/31/2021|54|20100790000NB|4.51|5.42|YEAR_LAST_IMPROVEMENT||2011|
12/31/2021|54|20100640000EB|50.11|51.56|YEAR_LAST_IMPROVEMENT||2013|
12/31/2021|54|2730062000000|20.33|20.53|YEAR_LAST_IMPROVEMENT||2012|
12/31/2021|54|27200350000NB|17.413|17.59|YEAR_LAST_IMPROVEMENT||2015|
12/31/2021|54|2040022000000|1.19|2.47|YEAR_LAST_IMPROVEMENT||2019|
12/31/2021|54|20100770000NB|104.81|105.002|YEAR_LAST_IMPROVEMENT||2011|
12/31/2021|54|20100790000NB|10.64|16.04|YEAR_LAST_IMPROVEMENT||2014|
12/31/2021|54|27200350000NB|11.532|11.87|YEAR_LAST_IMPROVEMENT||2010|
12/31/2021|54|20100640000EB|49.75|50.11|YEAR_LAST_IMPROVEMENT||2013|
12/31/2021|54|20100790000NB|1.95|2.24|YEAR_LAST_IMPROVEMENT||2017|
12/31/2021|54|20100770000NB|98.28|99.12|YEAR_LAST_IMPROVEMENT||2012|
12/31/2021|54|27200350000NB|16.64|17.28|YEAR_LAST_IMPROVEMENT||2015|
12/31/2021|54|20100640000EB|54.8|55.21|YEAR_LAST_IMPROVEMENT||2009|
12/31/2021|54|20200600000EB|23.08|23.52|YEAR_LAST_IMPROVEMENT||2015|
12/31/2021|54|2040025250000|0.15|2.17|YEAR_LAST_IMPROVEMENT||2015|
12/31/2021|54|20200600000EB|28.43|29.18|YEAR_LAST_IMPROVEMENT||2015|
12/31/2021|54|20100790000NB|16.04|19.22|YEAR_LAST_IMPROVEMENT||2012|
12/31/2021|54|20100640000EB|52.38|52.73|YEAR_LAST_IMPROVEMENT||2013|
12/31/2021|54|20100790000NB|2.24|3.51|YEAR_LAST_IMPROVEMENT||2017|
12/31/2021|54|20100770000NB|102.16|102.66|YEAR_LAST_IMPROVEMENT||2009|
12/31/2021|54|40100640000EB|31.77|32.57|YEAR_LAST_IMPROVEMENT||2018|
12/31/2021|54|4040012000000|4.71|8.19|YEAR_LAST_IMPROVEMENT||2013|
12/31/2021|54|40100640000EB|36.27|38.68|YEAR_LAST_IMPROVEMENT||2018|
12/31/2021|54|40200350000NB|1.64|2.06|YEAR_LAST_IMPROVEMENT||2006|
12/31/2021|54|40100640000EB|41.546|41.66|YEAR_LAST_IMPROVEMENT||2009|
12/31/2021|54|4040046000000|0|2.29|YEAR_LAST_IMPROVEMENT||2010|
12/31/2021|54|40100640000EB|34.45|36.27|YEAR_LAST_IMPROVEMENT||2018|
12/31/2021|54|40100640000EB|41.86|42.78|YEAR_LAST_IMPROVEMENT||2009|
12/31/2021|54|40100640000EB|41.66|41.86|YEAR_LAST_IMPROVEMENT||2009|
12/31/2021|54|40200350000NB|0.29|0.65|YEAR_LAST_IMPROVEMENT||2006|
12/31/2021|54|40100640000EB|44.47|45.39|YEAR_LAST_IMPROVEMENT||2018|
12/31/2021|54|40100640000EB|43.77|44.47|YEAR_LAST_IMPROVEMENT||2009|
12/31/2021|54|40200350000NB|2.1|2.532|YEAR_LAST_IMPROVEMENT||2006|
12/31/2021|54|40100640000EB|40.46|41.546|YEAR_LAST_IMPROVEMENT||2009|
12/31/2021|54|40100640000EB|33.45|34.45|YEAR_LAST_IMPROVEMENT||2018|
12/31/2021|54|40100640000EB|32.57|33.45|YEAR_LAST_IMPROVEMENT||2018|
12/31/2021|54|40100640000EB|42.79|43.77|YEAR_LAST_IMPROVEMENT||2009|
12/31/2021|54|40200350000NB|1.36|1.6|YEAR_LAST_IMPROVEMENT||2006|
12/31/2021|54|4040050000000|13.38|14.06|YEAR_LAST_IMPROVEMENT||2012|
12/31/2021|54|0640001000000|2.1|2.224|YEAR_LAST_IMPROVEMENT||1905|
12/31/2021|54|0640001000000|2.477|2.619|YEAR_LAST_IMPROVEMENT||1905|
12/31/2021|54|0630002001300|0|0.17|YEAR_LAST_IMPROVEMENT||1905|
12/31/2021|54|0630002000000|0.1|0.21|YEAR_LAST_IMPROVEMENT||1905|
12/31/2021|54|0630002001300|0.17|0.39|YEAR_LAST_IMPROVEMENT||1905|
12/31/2021|54|0630002000000|9.98|10.08|YEAR_LAST_IMPROVEMENT||1905|
12/31/2021|54|0640009000000|1.688|1.803|YEAR_LAST_IMPROVEMENT||1905|
12/31/2021|54|0630010000100|1.94|2.56|YEAR_LAST_IMPROVEMENT||1905|
12/31/2021|54|0630010000000|15.69|15.82|YEAR_LAST_IMPROVEMENT||1905|
12/31/2021|54|0630010000000|15.82|16.27|YEAR_LAST_IMPROVEMENT||1905|
12/31/2021|54|0630010000000|17.46|18.41|YEAR_LAST_IMPROVEMENT||1905|
12/31/2021|54|0640013000000|0.02|0.42|YEAR_LAST_IMPROVEMENT||1905|
12/31/2021|54|0640017000000|4.3|4.41|YEAR_LAST_IMPROVEMENT||1905|
12/31/2021|54|0640017000000|4.47|5.02|YEAR_LAST_IMPROVEMENT||1905|
12/31/2021|54|0640021000000|0.537|0.9|YEAR_LAST_IMPROVEMENT||1905|
12/31/2021|54|0640021000000|0.9|1.51|YEAR_LAST_IMPROVEMENT||1905|
12/31/2021|54|0640021000000|1.51|2.939|YEAR_LAST_IMPROVEMENT||1905|
12/31/2021|54|0640021000000|2.947|2.98|YEAR_LAST_IMPROVEMENT||1905|
12/31/2021|54|0640031000000|0.16|0.5|YEAR_LAST_IMPROVEMENT||1905|
12/31/2021|54|0640031060000|0|0.38|YEAR_LAST_IMPROVEMENT||1905|
12/31/2021|54|0640031060000|0.41|0.48|YEAR_LAST_IMPROVEMENT||1905|
12/31/2021|54|0640035000000|7.83|8.63|YEAR_LAST_IMPROVEMENT||1905|
12/31/2021|54|0640039000000|2.08|2.62|YEAR_LAST_IMPROVEMENT||1905|
12/31/2021|54|06200520000EB|0.33|0.45|YEAR_LAST_IMPROVEMENT||1905|
12/31/2021|54|06200520000EB|0.75|1.01|YEAR_LAST_IMPROVEMENT||1905|
12/31/2021|54|0640052030000|0|0.22|YEAR_LAST_IMPROVEMENT||1905|
12/31/2021|54|06200600001EB|0|0.39|YEAR_LAST_IMPROVEMENT||1905|
12/31/2021|54|06200600000EB|2.97|3.07|YEAR_LAST_IMPROVEMENT||1905|
12/31/2021|54|06200600000EB|6.97|7.51|YEAR_LAST_IMPROVEMENT||1905|
12/31/2021|54|06200600000EB|7.59|7.96|YEAR_LAST_IMPROVEMENT||1905|
12/31/2021|54|06200600000EB|7.96|8.43|YEAR_LAST_IMPROVEMENT||1905|
12/31/2021|54|06200600000EB|8.43|8.82|YEAR_LAST_IMPROVEMENT||1905|
12/31/2021|54|06200600000EB|8.82|9.5|YEAR_LAST_IMPROVEMENT||1905|
12/31/2021|54|06200600000EB|9.56|9.92|YEAR_LAST_IMPROVEMENT||1905|
12/31/2021|54|06200600000EB|9.92|10.27|YEAR_LAST_IMPROVEMENT||1905|
12/31/2021|54|06200600000EB|15.59|17.29|YEAR_LAST_IMPROVEMENT||1905|
12/31/2021|54|0640060050000|0|0.88|YEAR_LAST_IMPROVEMENT||1905|
12/31/2021|54|0640060050000|0.88|1.68|YEAR_LAST_IMPROVEMENT||1905|
12/31/2021|54|0640060050000|1.68|1.97|YEAR_LAST_IMPROVEMENT||1905|
12/31/2021|54|0640060700000|0|0.18|YEAR_LAST_IMPROVEMENT||1905|
12/31/2021|54|0640060700000|0.18|0.56|YEAR_LAST_IMPROVEMENT||1905|
12/31/2021|54|0640060700000|0.56|0.76|YEAR_LAST_IMPROVEMENT||1905|
12/31/2021|54|06100640000EB|5.87|6.47|YEAR_LAST_IMPROVEMENT||1905|
12/31/2021|54|06100640000EB|6.47|6.74|YEAR_LAST_IMPROVEMENT||1905|
12/31/2021|54|06100640000EB|6.74|7.26|YEAR_LAST_IMPROVEMENT||1905|
12/31/2021|54|06100640000EB|7.26|7.72|YEAR_LAST_IMPROVEMENT||1905|
12/31/2021|54|06100640000EB|7.72|8.19|YEAR_LAST_IMPROVEMENT||1905|
12/31/2021|54|06100640000EB|8.19|9.22|YEAR_LAST_IMPROVEMENT||1905|
12/31/2021|54|06100640000EB|9.22|9.52|YEAR_LAST_IMPROVEMENT||1905|
12/31/2021|54|06100640000EB|11.02|11.37|YEAR_LAST_IMPROVEMENT||1905|
12/31/2021|54|06100640000EB|11.37|14.53|YEAR_LAST_IMPROVEMENT||1905|
12/31/2021|54|06100640000EB|17.68|18.08|YEAR_LAST_IMPROVEMENT||1905|
12/31/2021|54|06100640000EB|18.08|18.49|YEAR_LAST_IMPROVEMENT||1905|
12/31/2021|54|06100640000EB|18.49|19.32|YEAR_LAST_IMPROVEMENT||1905|
12/31/2021|54|06100640000EB|19.32|19.71|YEAR_LAST_IMPROVEMENT||1905|
12/31/2021|54|06100640000EB|19.71|20.19|YEAR_LAST_IMPROVEMENT||1905|
12/31/2021|54|06100640000EB|20.19|21.04|YEAR_LAST_IMPROVEMENT||1905|
12/31/2021|54|06100640000EB|21.04|21.16|YEAR_LAST_IMPROVEMENT||1905|
12/31/2021|54|06100640000EB|21.16|21.75|YEAR_LAST_IMPROVEMENT||1905|
12/31/2021|54|06100640000EB|21.75|22.39|YEAR_LAST_IMPROVEMENT||1905|
12/31/2021|54|06100640000EB|22.39|27.11|YEAR_LAST_IMPROVEMENT||1905|
12/31/2021|54|06100640000EB|27.11|27.55|YEAR_LAST_IMPROVEMENT||1905|
12/31/2021|54|06100640000EB|27.55|28.67|YEAR_LAST_IMPROVEMENT||1905|
12/31/2021|54|06100640000EB|28.67|29.44|YEAR_LAST_IMPROVEMENT||1905|
12/31/2021|54|06100640000EB|29.44|31.77|YEAR_LAST_IMPROVEMENT||1905|
12/31/2021|54|0630152000000|0.76|0.99|YEAR_LAST_IMPROVEMENT||1905|
12/31/2021|54|0673272001900|0.35|1.04|YEAR_LAST_IMPROVEMENT||1905|
12/31/2021|54|0673272001900|1.08|1.44|YEAR_LAST_IMPROVEMENT||1905|
12/31/2021|54|0673274001900|1.46|1.56|YEAR_LAST_IMPROVEMENT||1905|
12/31/2021|54|0673281001900|0.19|0.48|YEAR_LAST_IMPROVEMENT||1905|
12/31/2021|54|0673285001900|0|0.32|YEAR_LAST_IMPROVEMENT||1905|
12/31/2021|54|0673287001900|0|0.28|YEAR_LAST_IMPROVEMENT||1905|
12/31/2021|54|0673287001900|0.51|0.86|YEAR_LAST_IMPROVEMENT||1905|
12/31/2021|54|0673287001900|1.03|1.14|YEAR_LAST_IMPROVEMENT||1905|
12/31/2021|54|0673288001900|0.78|0.89|YEAR_LAST_IMPROVEMENT||1905|
12/31/2021|54|0673289001900|1.72|2.02|YEAR_LAST_IMPROVEMENT||1905|
12/31/2021|54|0673295001900|0|1.08|YEAR_LAST_IMPROVEMENT||1905|
12/31/2021|54|0673317001900|0|0.24|YEAR_LAST_IMPROVEMENT||1905|
12/31/2021|54|2230003000000|5.71|6.1|YEAR_LAST_IMPROVEMENT||1905|
12/31/2021|54|2230010000000|17.81|19.07|YEAR_LAST_IMPROVEMENT||1905|
12/31/2021|54|2340005000000|0.45|2.789|YEAR_LAST_IMPROVEMENT||1905|
12/31/2021|54|2330010000000|12.79|12.95|YEAR_LAST_IMPROVEMENT||1905|
12/31/2021|54|2330010000000|14.782|15.25|YEAR_LAST_IMPROVEMENT||1905|
12/31/2021|54|2330010000000|15.25|16.17|YEAR_LAST_IMPROVEMENT||1905|
12/31/2021|54|2330010000000|16.77|17.46|YEAR_LAST_IMPROVEMENT||1905|
12/31/2021|54|2330010000000|17.46|17.76|YEAR_LAST_IMPROVEMENT||1905|
12/31/2021|54|2330010000000|17.76|18.21|YEAR_LAST_IMPROVEMENT||1905|
12/31/2021|54|2330010000000|18.76|19.41|YEAR_LAST_IMPROVEMENT||1905|
12/31/2021|54|2330010000000|19.41|20.39|YEAR_LAST_IMPROVEMENT||1905|
12/31/2021|54|2330010000000|20.39|22.05|YEAR_LAST_IMPROVEMENT||1905|
12/31/2021|54|2330010000000|27.14|28.6|YEAR_LAST_IMPROVEMENT||1905|
12/31/2021|54|2330017000000|0.32|1.1|YEAR_LAST_IMPROVEMENT||1905|
12/31/2021|54|2330044000000|16.02|17.07|YEAR_LAST_IMPROVEMENT||1905|
12/31/2021|54|2330073000000|0.31|2.15|YEAR_LAST_IMPROVEMENT||1905|
12/31/2021|54|2330080000000|0.86|1.57|YEAR_LAST_IMPROVEMENT||1905|
12/31/2021|54|23201190000NB|0|0.85|YEAR_LAST_IMPROVEMENT||1905|
12/31/2021|54|23201190000NB|1.44|2.2|YEAR_LAST_IMPROVEMENT||1905|
12/31/2021|54|23201190000NB|2.2|2.54|YEAR_LAST_IMPROVEMENT||1905|
12/31/2021|54|23201190000NB|2.54|2.67|YEAR_LAST_IMPROVEMENT||1905|
12/31/2021|54|23201190000NB|2.67|3.59|YEAR_LAST_IMPROVEMENT||1905|
12/31/2021|54|23201190000NB|3.59|5.27|YEAR_LAST_IMPROVEMENT||1905|
12/31/2021|54|23201190000NB|11.87|12.283|YEAR_LAST_IMPROVEMENT||1905|
12/31/2021|54|30200520004NB|0.096|0.39|YEAR_LAST_IMPROVEMENT||1905|
12/31/2021|54|30200520000EB|9.95|11.65|YEAR_LAST_IMPROVEMENT||1905|
12/31/2021|54|30200520000EB|26.08|26.53|YEAR_LAST_IMPROVEMENT||1905|
12/31/2021|54|3030080000000|7.05|9.46|YEAR_LAST_IMPROVEMENT||1905|
12/31/2021|54|30201190000NB|11.73|12.8|YEAR_LAST_IMPROVEMENT||1905|
12/31/2021|54|30201190000NB|12.88|14.28|YEAR_LAST_IMPROVEMENT||1905|
12/31/2021|54|5040001000000|2.16|2.29|YEAR_LAST_IMPROVEMENT||1905|
12/31/2021|54|5040003000000|3.75|3.85|YEAR_LAST_IMPROVEMENT||1905|
12/31/2021|54|5040003000000|3.94|4.06|YEAR_LAST_IMPROVEMENT||1905|
12/31/2021|54|5040003010000|0.09|0.65|YEAR_LAST_IMPROVEMENT||1905|
12/31/2021|54|5040003010000|0.65|0.68|YEAR_LAST_IMPROVEMENT||1905|
12/31/2021|54|5040003020000|0|0.64|YEAR_LAST_IMPROVEMENT||1905|
12/31/2021|54|5040003020000|0.64|1.25|YEAR_LAST_IMPROVEMENT||1905|
12/31/2021|54|5040007000000|17.84|18.87|YEAR_LAST_IMPROVEMENT||1905|
12/31/2021|54|5040007000000|19.35|19.76|YEAR_LAST_IMPROVEMENT||1905|
12/31/2021|54|5040008000000|0|0.45|YEAR_LAST_IMPROVEMENT||1905|
12/31/2021|54|5040009000000|0.65|1.92|YEAR_LAST_IMPROVEMENT||1905|
12/31/2021|54|5040012000000|3.176|4.65|YEAR_LAST_IMPROVEMENT||1905|
12/31/2021|54|50200520000EB|5.8|6.51|YEAR_LAST_IMPROVEMENT||1905|
12/31/2021|54|50200520000EB|29.12|31.4|YEAR_LAST_IMPROVEMENT||1905|
12/31/2021|54|50200600000EB|0|0.24|YEAR_LAST_IMPROVEMENT||1905|
12/31/2021|54|50200600000EB|0.49|0.72|YEAR_LAST_IMPROVEMENT||1905|
12/31/2021|54|50200600000EB|1.13|1.83|YEAR_LAST_IMPROVEMENT||1905|
12/31/2021|54|50200600000EB|3.79|4.04|YEAR_LAST_IMPROVEMENT||1905|
12/31/2021|54|50200600000EB|4.04|4.39|YEAR_LAST_IMPROVEMENT||1905|
12/31/2021|54|5040060030000|1.37|1.47|YEAR_LAST_IMPROVEMENT||1905|
12/31/2021|54|5040060040000|1.24|2.4|YEAR_LAST_IMPROVEMENT||1905|
12/31/2021|54|5040060070000|0.24|0.87|YEAR_LAST_IMPROVEMENT||1905|
12/31/2021|54|5040060070000|0.87|1.44|YEAR_LAST_IMPROVEMENT||1905|
12/31/2021|54|50100640000EB|0|1.25|YEAR_LAST_IMPROVEMENT||1905|
12/31/2021|54|50100640000EB|1.29|1.66|YEAR_LAST_IMPROVEMENT||1905|
12/31/2021|54|50100640000EB|1.66|2.17|YEAR_LAST_IMPROVEMENT||1905|
12/31/2021|54|50100640000EB|2.17|2.75|YEAR_LAST_IMPROVEMENT||1905|
12/31/2021|54|50100640000EB|2.75|4.22|YEAR_LAST_IMPROVEMENT||1905|
12/31/2021|54|50100640000EB|4.22|5.29|YEAR_LAST_IMPROVEMENT||1905|
12/31/2021|54|50100640000EB|5.29|5.87|YEAR_LAST_IMPROVEMENT||1905|
12/31/2021|54|5030152000000|29.86|30.39|YEAR_LAST_IMPROVEMENT||1905|
12/31/2021|54|5030152000000|40.4|43.98|YEAR_LAST_IMPROVEMENT||1905|
12/31/2021|54|5030152000000|43.98|44.59|YEAR_LAST_IMPROVEMENT||1905|
12/31/2021|54|0940011000000|11.45|12.55|YEAR_LAST_IMPROVEMENT||1905|
12/31/2021|54|0940003000000|4.14|5.77|YEAR_LAST_IMPROVEMENT||1905|
12/31/2021|54|09200500000EB|0|3.98|YEAR_LAST_IMPROVEMENT||1905|
12/31/2021|54|09200500000EB|3.98|5.61|YEAR_LAST_IMPROVEMENT||1905|
12/31/2021|54|09200500000EB|5.63|6.54|YEAR_LAST_IMPROVEMENT||1905|
12/31/2021|54|09200500000EB|8.26|8.8|YEAR_LAST_IMPROVEMENT||1905|
12/31/2021|54|09200500000EB|8.8|9.75|YEAR_LAST_IMPROVEMENT||1905|
12/31/2021|54|09200500000EB|9.75|11.01|YEAR_LAST_IMPROVEMENT||1905|
12/31/2021|54|09200500000EB|11.43|12.1|YEAR_LAST_IMPROVEMENT||1905|
12/31/2021|54|09200500000EB|12.1|12.96|YEAR_LAST_IMPROVEMENT||1905|
12/31/2021|54|09200500000EB|17.75|18.87|YEAR_LAST_IMPROVEMENT||1905|
12/31/2021|54|1740011000000|0|1.14|YEAR_LAST_IMPROVEMENT||1905|
12/31/2021|54|1740011000000|1.14|2.3|YEAR_LAST_IMPROVEMENT||1905|
12/31/2021|54|1740011000000|4.24|4.7|YEAR_LAST_IMPROVEMENT||1905|
12/31/2021|54|1740011000000|4.7|5.24|YEAR_LAST_IMPROVEMENT||1905|
12/31/2021|54|1740012000000|0.14|0.9|YEAR_LAST_IMPROVEMENT||2011|
12/31/2021|54|1740019020000|0.23|0.65|YEAR_LAST_IMPROVEMENT||2007|
12/31/2021|54|1740019290000|0|0.57|YEAR_LAST_IMPROVEMENT||2013|
12/31/2021|54|1740019570000|0|0.49|YEAR_LAST_IMPROVEMENT||2019|
12/31/2021|54|1740020750000|0.46|0.93|YEAR_LAST_IMPROVEMENT||2007|
12/31/2021|54|1740020750000|1.26|1.48|YEAR_LAST_IMPROVEMENT||2007|
12/31/2021|54|1740023090000|6.77|7.36|YEAR_LAST_IMPROVEMENT||2007|
12/31/2021|54|1740024000000|4.78|5.67|YEAR_LAST_IMPROVEMENT||2013|
12/31/2021|54|1740024020000|0|0.75|YEAR_LAST_IMPROVEMENT||2011|
12/31/2021|54|1740024020000|0.75|0.87|YEAR_LAST_IMPROVEMENT||2018|
12/31/2021|54|1740024020000|0.87|1.09|YEAR_LAST_IMPROVEMENT||2011|
12/31/2021|54|1740024020000|1.09|1.86|YEAR_LAST_IMPROVEMENT||2018|
12/31/2021|54|1740024020000|1.86|2.95|YEAR_LAST_IMPROVEMENT||2007|
12/31/2021|54|1740024270000|0|0.41|YEAR_LAST_IMPROVEMENT||2011|
12/31/2021|54|1740024060000|0.29|0.6|YEAR_LAST_IMPROVEMENT||2007|
12/31/2021|54|1740025000000|12.11|12.26|YEAR_LAST_IMPROVEMENT||2007|
12/31/2021|54|1740025000000|12.26|12.62|YEAR_LAST_IMPROVEMENT||2007|
12/31/2021|54|1740025120000|0.27|0.64|YEAR_LAST_IMPROVEMENT||2007|
12/31/2021|54|1740025060000|2.98|5.26|YEAR_LAST_IMPROVEMENT||2015|
12/31/2021|54|1740031000000|0.5|1.45|YEAR_LAST_IMPROVEMENT||2007|
12/31/2021|54|1740050160000|0.12|0.54|YEAR_LAST_IMPROVEMENT||2007|
12/31/2021|54|1740050340000|0|0.69|YEAR_LAST_IMPROVEMENT||2007|
12/31/2021|54|1740050400000|0|0.67|YEAR_LAST_IMPROVEMENT||2007|
12/31/2021|54|1740006000000|0|0.808|YEAR_LAST_IMPROVEMENT||2017|
12/31/2021|54|1740707000000|0|0.57|YEAR_LAST_IMPROVEMENT||2007|
12/31/2021|54|1740707000000|0.57|0.907|YEAR_LAST_IMPROVEMENT||2013|
12/31/2021|54|1740009000000|0.05|0.52|YEAR_LAST_IMPROVEMENT||1994|
12/31/2021|54|17100790000NB|106.42|107.57|YEAR_LAST_IMPROVEMENT||2015|
12/31/2021|54|17100790000NB|107.57|107.94|YEAR_LAST_IMPROVEMENT||2015|
12/31/2021|54|17100790000NB|107.94|109.77|YEAR_LAST_IMPROVEMENT||2015|
12/31/2021|54|17100790000NB|109.77|110.29|YEAR_LAST_IMPROVEMENT||2017|
12/31/2021|54|17100790000NB|110.29|111.13|YEAR_LAST_IMPROVEMENT||2017|
12/31/2021|54|17100790000NB|111.13|111.91|YEAR_LAST_IMPROVEMENT||2017|
12/31/2021|54|17100790000NB|111.91|114.132|YEAR_LAST_IMPROVEMENT||2017|
12/31/2021|54|17100790000NB|114.9|115.33|YEAR_LAST_IMPROVEMENT||2012|
12/31/2021|54|17100790000NB|115.33|117.17|YEAR_LAST_IMPROVEMENT||2012|
12/31/2021|54|17100790000NB|117.17|117.74|YEAR_LAST_IMPROVEMENT||2012|
12/31/2021|54|17100790000NB|117.74|119.53|YEAR_LAST_IMPROVEMENT||2011|
12/31/2021|54|17100790000NB|119.53|120.72|YEAR_LAST_IMPROVEMENT||2009|
12/31/2021|54|17100790000NB|120.72|122.43|YEAR_LAST_IMPROVEMENT||2009|
12/31/2021|54|17100790000NB|122.43|122.9|YEAR_LAST_IMPROVEMENT||2011|
12/31/2021|54|17100790000NB|122.9|123.988|YEAR_LAST_IMPROVEMENT||2011|
12/31/2021|54|17100790000NB|123.988|125.38|YEAR_LAST_IMPROVEMENT||2011|
12/31/2021|54|17100790000NB|125.38|125.8|YEAR_LAST_IMPROVEMENT||2013|
12/31/2021|54|17100790000NB|125.8|129.217|YEAR_LAST_IMPROVEMENT||2013|
12/31/2021|54|17200190000NB|18.61|20.62|YEAR_LAST_IMPROVEMENT||2014|
12/31/2021|54|17200500000EB|0|1.53|YEAR_LAST_IMPROVEMENT||2017|
12/31/2021|54|17200500000EB|1.53|3.37|YEAR_LAST_IMPROVEMENT||2017|
12/31/2021|54|17200500000EB|3.42|3.8|YEAR_LAST_IMPROVEMENT||2017|
12/31/2021|54|17200500000EB|6.11|7.16|YEAR_LAST_IMPROVEMENT||2017|
12/31/2021|54|17200500000EB|11.38|12.29|YEAR_LAST_IMPROVEMENT||1905|
12/31/2021|54|17200500000EB|12.29|12.88|YEAR_LAST_IMPROVEMENT||1905|
12/31/2021|54|17200500000EB|13.25|13.78|YEAR_LAST_IMPROVEMENT||1905|
12/31/2021|54|17200500000EB|13.78|14.03|YEAR_LAST_IMPROVEMENT||2014|
12/31/2021|54|17200500000EB|14.03|14.25|YEAR_LAST_IMPROVEMENT||2014|
12/31/2021|54|17200500000EB|14.324|14.64|YEAR_LAST_IMPROVEMENT||2014|
12/31/2021|54|17200500000EB|14.96|15.31|YEAR_LAST_IMPROVEMENT||2014|
12/31/2021|54|17200500000EB|15.465|15.57|YEAR_LAST_IMPROVEMENT||1905|
12/31/2021|54|17200500000EB|15.68|16.24|YEAR_LAST_IMPROVEMENT||2012|
12/31/2021|54|17200500000EB|16.27|17.79|YEAR_LAST_IMPROVEMENT||2012|
12/31/2021|54|17200500000EB|17.79|18|YEAR_LAST_IMPROVEMENT||2012|
12/31/2021|54|17200500000EB|18|18.32|YEAR_LAST_IMPROVEMENT||2015|
12/31/2021|54|17200500000EB|18.32|18.45|YEAR_LAST_IMPROVEMENT||2015|
12/31/2021|54|17200500000EB|18.45|18.52|YEAR_LAST_IMPROVEMENT||2015|
12/31/2021|54|17200500000EB|18.52|18.8|YEAR_LAST_IMPROVEMENT||2015|
12/31/2021|54|17200500000EB|18.85|19.21|YEAR_LAST_IMPROVEMENT||2015|
12/31/2021|54|1730131000000|4.33|5.47|YEAR_LAST_IMPROVEMENT||2019|
12/31/2021|54|1730020002300|0|0.13|YEAR_LAST_IMPROVEMENT||2017|
12/31/2021|54|1730020000000|7.22|7.414|YEAR_LAST_IMPROVEMENT||2015|
12/31/2021|54|1730058000000|2.43|2.82|YEAR_LAST_IMPROVEMENT||2000|
12/31/2021|54|1730098000000|0.42|1.96|YEAR_LAST_IMPROVEMENT||2015|
12/31/2021|54|2540019310000|0.4|0.89|YEAR_LAST_IMPROVEMENT||1905|
12/31/2021|54|2540250180000|0.08|0.85|YEAR_LAST_IMPROVEMENT||2000|
12/31/2021|54|2540250310000|0|0.55|YEAR_LAST_IMPROVEMENT||2000|
12/31/2021|54|2540250320000|2.05|2.49|YEAR_LAST_IMPROVEMENT||2007|
12/31/2021|54|2540250550000|0.045|0.29|YEAR_LAST_IMPROVEMENT||2000|
12/31/2021|54|2540031010000|1.72|2.03|YEAR_LAST_IMPROVEMENT||2007|
12/31/2021|54|2540054000000|0|0.183|YEAR_LAST_IMPROVEMENT||2000|
12/31/2021|54|2540060000000|2.11|2.61|YEAR_LAST_IMPROVEMENT||2000|
12/31/2021|54|2540060000000|4.38|4.86|YEAR_LAST_IMPROVEMENT||1905|
12/31/2021|54|2540064020000|0|0.24|YEAR_LAST_IMPROVEMENT||2007|
12/31/2021|54|2540072000000|1.02|1.79|YEAR_LAST_IMPROVEMENT||2007|
12/31/2021|54|2540072000000|2.07|2.67|YEAR_LAST_IMPROVEMENT||2007|
12/31/2021|54|2540072020000|0|0.5|YEAR_LAST_IMPROVEMENT||2007|
12/31/2021|54|2540072020000|0.5|0.72|YEAR_LAST_IMPROVEMENT||2007|
12/31/2021|54|2540072020000|0.72|1.17|YEAR_LAST_IMPROVEMENT||2007|
12/31/2021|54|2540072020000|1.17|1.71|YEAR_LAST_IMPROVEMENT||2007|
12/31/2021|54|2540072020000|1.76|1.93|YEAR_LAST_IMPROVEMENT||2007|
12/31/2021|54|2540072040000|0|0.13|YEAR_LAST_IMPROVEMENT||2010|
12/31/2021|54|2540073000000|2.45|3.55|YEAR_LAST_IMPROVEMENT||1905|
12/31/2021|54|2540073730000|2.11|2.33|YEAR_LAST_IMPROVEMENT||2019|
12/31/2021|54|2540073730000|2.673|3.34|YEAR_LAST_IMPROVEMENT||1905|
12/31/2021|54|25100790000NB|129.22|129.52|YEAR_LAST_IMPROVEMENT||2012|
12/31/2021|54|25100790000NB|129.52|130.48|YEAR_LAST_IMPROVEMENT||2014|
12/31/2021|54|25100790000NB|130.53|133.37|YEAR_LAST_IMPROVEMENT||2016|
12/31/2021|54|25100790000NB|133.37|134.97|YEAR_LAST_IMPROVEMENT||2016|
12/31/2021|54|25100790000NB|134.97|135.66|YEAR_LAST_IMPROVEMENT||2016|
12/31/2021|54|25100790000NB|135.66|136.64|YEAR_LAST_IMPROVEMENT||2016|
12/31/2021|54|25100790000NB|136.64|139.1|YEAR_LAST_IMPROVEMENT||1905|
12/31/2021|54|25100790000NB|139.1|139.82|YEAR_LAST_IMPROVEMENT||2018|
12/31/2021|54|25100790000NB|139.82|140.352|YEAR_LAST_IMPROVEMENT||2018|
12/31/2021|54|25200190000NB|7.97|8.47|YEAR_LAST_IMPROVEMENT||2015|
12/31/2021|54|25202500000NB|2.87|3|YEAR_LAST_IMPROVEMENT||2014|
12/31/2021|54|25202500000NB|3.785|4.16|YEAR_LAST_IMPROVEMENT||2017|
12/31/2021|54|2530310000000|7.16|7.808|YEAR_LAST_IMPROVEMENT||2016|
12/31/2021|54|2530310000000|8.35|8.45|YEAR_LAST_IMPROVEMENT||2015|
12/31/2021|54|3140019190000|0.47|1.29|YEAR_LAST_IMPROVEMENT||2019|
12/31/2021|54|3140019190000|1.29|1.7|YEAR_LAST_IMPROVEMENT||2019|
12/31/2021|54|3140019220000|0.12|0.68|YEAR_LAST_IMPROVEMENT||2014|
12/31/2021|54|3140019240000|2.77|3.08|YEAR_LAST_IMPROVEMENT||2008|
12/31/2021|54|3140049000000|0.66|1.25|YEAR_LAST_IMPROVEMENT||1905|
12/31/2021|54|3140055000000|0|0.45|YEAR_LAST_IMPROVEMENT||2007|
12/31/2021|54|3140057000000|1.21|1.33|YEAR_LAST_IMPROVEMENT||2012|
12/31/2021|54|3140059000000|0|0.33|YEAR_LAST_IMPROVEMENT||2018|
12/31/2021|54|3140059000000|0.33|0.85|YEAR_LAST_IMPROVEMENT||2018|
12/31/2021|54|3140060000000|0|0.85|YEAR_LAST_IMPROVEMENT||2018|
12/31/2021|54|3140060000000|0.85|1.75|YEAR_LAST_IMPROVEMENT||2018|
12/31/2021|54|3140061040000|0|0.25|YEAR_LAST_IMPROVEMENT||1905|
12/31/2021|54|3140061040000|0.45|0.91|YEAR_LAST_IMPROVEMENT||1905|
12/31/2021|54|3140065000000|0|0.263|YEAR_LAST_IMPROVEMENT||1905|
12/31/2021|54|3140067000000|6.22|7.97|YEAR_LAST_IMPROVEMENT||2011|
12/31/2021|54|3140067000000|7.97|8.36|YEAR_LAST_IMPROVEMENT||2013|
12/31/2021|54|3140067000000|8.36|8.55|YEAR_LAST_IMPROVEMENT||2013|
12/31/2021|54|3140067010000|0|0.65|YEAR_LAST_IMPROVEMENT||2016|
12/31/2021|54|3140068070000|0.25|0.75|YEAR_LAST_IMPROVEMENT||2017|
12/31/2021|54|3140068070000|0.75|1.32|YEAR_LAST_IMPROVEMENT||2017|
12/31/2021|54|3140068070000|1.61|2.15|YEAR_LAST_IMPROVEMENT||2017|
12/31/2021|54|3140069060000|0|0.32|YEAR_LAST_IMPROVEMENT||2017|
12/31/2021|54|3140081000000|7.25|8.03|YEAR_LAST_IMPROVEMENT||1905|
12/31/2021|54|3140082000000|0|1.88|YEAR_LAST_IMPROVEMENT||2020|
12/31/2021|54|3140857000000|0.5|1.41|YEAR_LAST_IMPROVEMENT||2015|
12/31/2021|54|3140857000000|5.11|5.59|YEAR_LAST_IMPROVEMENT||2013|
12/31/2021|54|3140857000000|10.85|11.35|YEAR_LAST_IMPROVEMENT||1905|
12/31/2021|54|31100680004NB|0|0.84|YEAR_LAST_IMPROVEMENT||2017|
12/31/2021|54|31100680006EB|0|0.89|YEAR_LAST_IMPROVEMENT||2017|
12/31/2021|54|31100680005SB|0.65|1.14|YEAR_LAST_IMPROVEMENT||2017|
12/31/2021|54|31100680000EB|1.15|2.67|YEAR_LAST_IMPROVEMENT||2017|
12/31/2021|54|31100680000EB|2.67|4.13|YEAR_LAST_IMPROVEMENT||2017|
12/31/2021|54|31100680000EB|4.13|4.56|YEAR_LAST_IMPROVEMENT||2012|
12/31/2021|54|31100680000EB|4.56|4.96|YEAR_LAST_IMPROVEMENT||2012|
12/31/2021|54|31100680000EB|4.96|5.79|YEAR_LAST_IMPROVEMENT||2012|
12/31/2021|54|31100680000EB|5.79|6.18|YEAR_LAST_IMPROVEMENT||2012|
12/31/2021|54|31100680000EB|6.18|6.77|YEAR_LAST_IMPROVEMENT||2012|
12/31/2021|54|31100680000EB|6.77|7.2|YEAR_LAST_IMPROVEMENT||2012|
12/31/2021|54|31100680000EB|7.2|7.54|YEAR_LAST_IMPROVEMENT||2009|
12/31/2021|54|31100680000EB|7.54|8.89|YEAR_LAST_IMPROVEMENT||2009|
12/31/2021|54|31100680000EB|8.89|9.4|YEAR_LAST_IMPROVEMENT||2009|
12/31/2021|54|31100680000EB|10.28|10.32|YEAR_LAST_IMPROVEMENT||1905|
12/31/2021|54|31100680000EB|10.32|10.79|YEAR_LAST_IMPROVEMENT||2009|
12/31/2021|54|31100680000EB|10.79|13.149|YEAR_LAST_IMPROVEMENT||2009|
12/31/2021|54|31100790000NB|142.37|143.81|YEAR_LAST_IMPROVEMENT||2015|
12/31/2021|54|31100790000NB|143.81|145.2|YEAR_LAST_IMPROVEMENT||2015|
12/31/2021|54|31100790000NB|145.2|145.65|YEAR_LAST_IMPROVEMENT||2015|
12/31/2021|54|31100790000NB|145.65|147.85|YEAR_LAST_IMPROVEMENT||2016|
12/31/2021|54|31100790000NB|147.85|148.022|YEAR_LAST_IMPROVEMENT||2016|
12/31/2021|54|31100790000NB|148.29|148.47|YEAR_LAST_IMPROVEMENT||2016|
12/31/2021|54|31100790000NB|148.47|148.66|YEAR_LAST_IMPROVEMENT||2016|
12/31/2021|54|31100790000NB|148.66|149.05|YEAR_LAST_IMPROVEMENT||2016|
12/31/2021|54|31100790000NB|149.05|149.38|YEAR_LAST_IMPROVEMENT||2016|
12/31/2021|54|31100790000NB|149.38|149.68|YEAR_LAST_IMPROVEMENT||2018|
12/31/2021|54|31100790000NB|149.68|150.74|YEAR_LAST_IMPROVEMENT||2018|
12/31/2021|54|31100790000NB|150.74|151.07|YEAR_LAST_IMPROVEMENT||2018|
12/31/2021|54|31100790000NB|151.07|152.32|YEAR_LAST_IMPROVEMENT||2018|
12/31/2021|54|31100790000NB|152.32|152.501|YEAR_LAST_IMPROVEMENT||2018|
12/31/2021|54|31100790000NB|152.92|156.983|YEAR_LAST_IMPROVEMENT||1905|
12/31/2021|54|31100790000NB|157|160.52|YEAR_LAST_IMPROVEMENT||2019|
12/31/2021|54|31201190000NB|7.81|9.82|YEAR_LAST_IMPROVEMENT||1905|
12/31/2021|54|31201190000NB|11.9|12.06|YEAR_LAST_IMPROVEMENT||2014|
12/31/2021|54|31201190000NB|14.42|14.62|YEAR_LAST_IMPROVEMENT||2006|
12/31/2021|54|31201190000NB|14.85|15.15|YEAR_LAST_IMPROVEMENT||2006|
12/31/2021|54|31201190000NB|15.72|16|YEAR_LAST_IMPROVEMENT||2006|
12/31/2021|54|31201190000NB|16.82|17.35|YEAR_LAST_IMPROVEMENT||2004|
12/31/2021|54|31201190000NB|17.44|18.2|YEAR_LAST_IMPROVEMENT||1905|
12/31/2021|54|31201190000NB|18.2|19.66|YEAR_LAST_IMPROVEMENT||1905|
12/31/2021|54|31201190000NB|19.66|20|YEAR_LAST_IMPROVEMENT||2016|
12/31/2021|54|31201190000NB|20|20.47|YEAR_LAST_IMPROVEMENT||2016|
12/31/2021|54|31200190000NB|8.29|8.806|YEAR_LAST_IMPROVEMENT||1905|
12/31/2021|54|31200190000NB|8.99|9.16|YEAR_LAST_IMPROVEMENT||2007|
12/31/2021|54|31200190000NB|9.54|9.94|YEAR_LAST_IMPROVEMENT||2012|
12/31/2021|54|31200190000NB|10.59|11.08|YEAR_LAST_IMPROVEMENT||2012|
12/31/2021|54|31200190000NB|11.51|12.33|YEAR_LAST_IMPROVEMENT||2015|
12/31/2021|54|31200190000NB|13.74|14.19|YEAR_LAST_IMPROVEMENT||2011|
12/31/2021|54|31200190000NB|14.44|14.8|YEAR_LAST_IMPROVEMENT||2006|
12/31/2021|54|31200190000NB|14.8|14.98|YEAR_LAST_IMPROVEMENT||2006|
12/31/2021|54|31200190000NB|15.62|16.49|YEAR_LAST_IMPROVEMENT||2015|
12/31/2021|54|31200190000NB|16.49|17.021|YEAR_LAST_IMPROVEMENT||2011|
12/31/2021|54|3130007000000|0|3.42|YEAR_LAST_IMPROVEMENT||2012|
12/31/2021|54|3130007000000|4.42|4.54|YEAR_LAST_IMPROVEMENT||2015|
12/31/2021|54|3130007000000|13.21|13.45|YEAR_LAST_IMPROVEMENT||2003|
12/31/2021|54|3130007000000|22.54|24|YEAR_LAST_IMPROVEMENT||2005|
12/31/2021|54|3130007000000|25.15|25.85|YEAR_LAST_IMPROVEMENT||2017|
12/31/2021|54|3130007000000|25.85|26.01|YEAR_LAST_IMPROVEMENT||2016|
12/31/2021|54|3130007000000|26.01|27.03|YEAR_LAST_IMPROVEMENT||2016|
12/31/2021|54|3130007000000|27.03|27.265|YEAR_LAST_IMPROVEMENT||2016|
12/31/2021|54|3130007000000|33.83|34.1|YEAR_LAST_IMPROVEMENT||2000|
12/31/2021|54|3130007000000|34.71|35.76|YEAR_LAST_IMPROVEMENT||2015|
12/31/2021|54|3130007000000|35.76|36.13|YEAR_LAST_IMPROVEMENT||2015|
12/31/2021|54|3130007000000|36.13|36.55|YEAR_LAST_IMPROVEMENT||2006|
12/31/2021|54|3130007000000|36.55|38.29|YEAR_LAST_IMPROVEMENT||2015|
12/31/2021|54|3130007000000|38.29|38.65|YEAR_LAST_IMPROVEMENT||2015|
12/31/2021|54|3130705000000|0|0.51|YEAR_LAST_IMPROVEMENT||2019|
12/31/2021|54|3130705000000|0.68|1.23|YEAR_LAST_IMPROVEMENT||2019|
12/31/2021|54|3130705000000|1.23|1.63|YEAR_LAST_IMPROVEMENT||2019|
12/31/2021|54|3130705000000|1.63|1.81|YEAR_LAST_IMPROVEMENT||2019|
12/31/2021|54|3940003000000|4.6|7.27|YEAR_LAST_IMPROVEMENT||1905|
12/31/2021|54|39100680000EB|18.12|23.34|YEAR_LAST_IMPROVEMENT||2011|
12/31/2021|54|39100680000EB|26.75|28.64|YEAR_LAST_IMPROVEMENT||2012|
12/31/2021|54|39100680000EB|28.64|29.23|YEAR_LAST_IMPROVEMENT||2012|
12/31/2021|54|39100680000EB|29.23|31.24|YEAR_LAST_IMPROVEMENT||2012|
12/31/2021|54|39100680000EB|31.24|31.42|YEAR_LAST_IMPROVEMENT||2016|
12/31/2021|54|39100680000EB|31.42|32.06|YEAR_LAST_IMPROVEMENT||2016|
12/31/2021|54|39202190000NB|0|0.8|YEAR_LAST_IMPROVEMENT||2008|
12/31/2021|54|39202190000NB|0.8|3.01|YEAR_LAST_IMPROVEMENT||2008|
12/31/2021|54|39202190000NB|3.01|3.31|YEAR_LAST_IMPROVEMENT||2006|
12/31/2021|54|39202190000NB|3.31|4.76|YEAR_LAST_IMPROVEMENT||2012|
12/31/2021|54|3930072000000|18.42|20.44|YEAR_LAST_IMPROVEMENT||2012|
12/31/2021|54|4640009000000|1.16|1.59|YEAR_LAST_IMPROVEMENT||1905|
12/31/2021|54|46201190000NB|6.05|6.54|YEAR_LAST_IMPROVEMENT||2003|
12/31/2021|54|46201190000NB|8.59|9.32|YEAR_LAST_IMPROVEMENT||2013|
12/31/2021|54|46202500000NB|6.95|7.082|YEAR_LAST_IMPROVEMENT||2019|
12/31/2021|54|46202500000NB|16.38|16.52|YEAR_LAST_IMPROVEMENT||2015|
12/31/2021|54|46200500000EB|12.99|13.65|YEAR_LAST_IMPROVEMENT||2015|
12/31/2021|54|4630310000000|0|0.2|YEAR_LAST_IMPROVEMENT||2008|
12/31/2021|54|1940031000000|0|0.029|YEAR_LAST_IMPROVEMENT||1905|
12/31/2021|54|0230009000000|4.81|6.17|YEAR_LAST_IMPROVEMENT||1905|
12/31/2021|54|1940029000000|1.26|2.19|YEAR_LAST_IMPROVEMENT||1905|
12/31/2021|54|19203400000NB|12.047|12.88|YEAR_LAST_IMPROVEMENT||1905|
12/31/2021|54|1930009000000|0|1.45|YEAR_LAST_IMPROVEMENT||2010|
12/31/2021|54|33205220000NB|14.68|15.97|YEAR_LAST_IMPROVEMENT||1905|
12/31/2021|54|33205220000NB|12.67|13.11|YEAR_LAST_IMPROVEMENT||1905|
12/31/2021|54|33205220000NB|6.35|7.81|YEAR_LAST_IMPROVEMENT||1905|
12/31/2021|54|33205220000NB|0|6.35|YEAR_LAST_IMPROVEMENT||1905|
12/31/2021|54|3330009000000|31.29|33.3|YEAR_LAST_IMPROVEMENT||1905|
12/31/2021|54|3330009000000|26.67|29.17|YEAR_LAST_IMPROVEMENT||1905|
12/31/2021|54|2930972000000|1.48|2.19|YEAR_LAST_IMPROVEMENT||1905|
12/31/2021|54|2930972000000|0|1.48|YEAR_LAST_IMPROVEMENT||2013|
12/31/2021|54|29202200000NB|13.78|13.96|YEAR_LAST_IMPROVEMENT||2009|
12/31/2021|54|29202200000NB|12.61|13.26|YEAR_LAST_IMPROVEMENT||1905|
12/31/2021|54|2930093000000|0|3.42|YEAR_LAST_IMPROVEMENT||1905|
12/31/2021|54|29200500000EB|8|10.56|YEAR_LAST_IMPROVEMENT||2015|
12/31/2021|54|2940046040000|4.532|4.93|YEAR_LAST_IMPROVEMENT||2008|
12/31/2021|54|2930046000000|19.82|19.94|YEAR_LAST_IMPROVEMENT||2019|
12/31/2021|54|2930046000000|15.38|16.59|YEAR_LAST_IMPROVEMENT||2014|
12/31/2021|54|2930028000100|2.42|2.63|YEAR_LAST_IMPROVEMENT||2016|
12/31/2021|54|2930028000100|2.05|2.31|YEAR_LAST_IMPROVEMENT||2016|
12/31/2021|54|2930028000100|1.03|2.05|YEAR_LAST_IMPROVEMENT||2016|
12/31/2021|54|2930028000100|0.54|1.03|YEAR_LAST_IMPROVEMENT||2016|
12/31/2021|54|2930028000100|0|0.54|YEAR_LAST_IMPROVEMENT||2016|
12/31/2021|54|2940028010000|1.19|2.14|YEAR_LAST_IMPROVEMENT||1905|
12/31/2021|54|2940028010000|0.1|1.09|YEAR_LAST_IMPROVEMENT||1905|
12/31/2021|54|2940028010000|0|0.1|YEAR_LAST_IMPROVEMENT||1905|
12/31/2021|54|2930028000000|12.86|13.545|YEAR_LAST_IMPROVEMENT||1905|
12/31/2021|54|2930028000000|11.93|12.86|YEAR_LAST_IMPROVEMENT||1905|
12/31/2021|54|2930028000000|7.69|9.22|YEAR_LAST_IMPROVEMENT||1905|
12/31/2021|54|2940014000000|4.19|4.6|YEAR_LAST_IMPROVEMENT||1905|
12/31/2021|54|2940008000000|0|0.24|YEAR_LAST_IMPROVEMENT||1905|
12/31/2021|54|2930028000000|11.868|11.93|YEAR_LAST_IMPROVEMENT||1905|
12/31/2021|54|19203400005SB|0|0.17|YEAR_LAST_IMPROVEMENT||1998|
12/31/2021|54|1940340180000|0.64|1.24|YEAR_LAST_IMPROVEMENT||1905|
12/31/2021|54|19203400000NB|14.86|15.31|YEAR_LAST_IMPROVEMENT||2008|
12/31/2021|54|19203400000NB|14.66|14.86|YEAR_LAST_IMPROVEMENT||2004|
12/31/2021|54|19203400000NB|13.26|13.82|YEAR_LAST_IMPROVEMENT||2004|
12/31/2021|54|19203400000NB|12.88|13.26|YEAR_LAST_IMPROVEMENT||2004|
12/31/2021|54|19203400000NB|11.9|12.047|YEAR_LAST_IMPROVEMENT||2004|
12/31/2021|54|19203400000NB|10.41|11.86|YEAR_LAST_IMPROVEMENT||1905|
12/31/2021|54|19203400000NB|9.55|10.41|YEAR_LAST_IMPROVEMENT||2019|
12/31/2021|54|19203400000NB|9.13|9.55|YEAR_LAST_IMPROVEMENT||1998|
12/31/2021|54|19203400000NB|8.56|9.13|YEAR_LAST_IMPROVEMENT||1998|
12/31/2021|54|1930115000000|1.59|4.09|YEAR_LAST_IMPROVEMENT||1905|
12/31/2021|54|1930115000000|0.64|1.15|YEAR_LAST_IMPROVEMENT||2021|
12/31/2021|54|1930115000000|0|0.22|YEAR_LAST_IMPROVEMENT||2021|
12/31/2021|54|1930051000000|8.66|8.78|YEAR_LAST_IMPROVEMENT||1998|
12/31/2021|54|1940029000000|0|1.26|YEAR_LAST_IMPROVEMENT||2021|
12/31/2021|54|1940017040000|0.63|0.92|YEAR_LAST_IMPROVEMENT||2016|
12/31/2021|54|1940016000000|0|0.417|YEAR_LAST_IMPROVEMENT||2015|
12/31/2021|54|1930009000000|14.435|14.96|YEAR_LAST_IMPROVEMENT||2010|
12/31/2021|54|1930009000000|10.91|11.418|YEAR_LAST_IMPROVEMENT||2010|
12/31/2021|54|1930009000000|4.97|6.35|YEAR_LAST_IMPROVEMENT||2010|
12/31/2021|54|1930009000000|1.45|3.94|YEAR_LAST_IMPROVEMENT||2008|
12/31/2021|54|1940003000000|2.02|2.36|YEAR_LAST_IMPROVEMENT||1905|
12/31/2021|54|1940003000000|1.82|2.02|YEAR_LAST_IMPROVEMENT||1905|
12/31/2021|54|1940003000000|1.403|1.82|YEAR_LAST_IMPROVEMENT||1905|
12/31/2021|54|16202200000NB|11.8|12.96|YEAR_LAST_IMPROVEMENT||2018|
12/31/2021|54|16202200000NB|10.7|11.7|YEAR_LAST_IMPROVEMENT||1905|
12/31/2021|54|16202200000NB|10|10.53|YEAR_LAST_IMPROVEMENT||2020|
12/31/2021|54|1630055000000|35.57|36.3|YEAR_LAST_IMPROVEMENT||1905|
12/31/2021|54|16202200000NB|10.53|10.69|YEAR_LAST_IMPROVEMENT||1905|
12/31/2021|54|1640010000000|4.6|5.8|YEAR_LAST_IMPROVEMENT||1905|
12/31/2021|54|1640007000000|5.61|6|YEAR_LAST_IMPROVEMENT||2018|
12/31/2021|54|1640007000000|19.2|20.5|YEAR_LAST_IMPROVEMENT||2017|
12/31/2021|54|14200500000EB|29.25|30.33|YEAR_LAST_IMPROVEMENT||1905|
12/31/2021|54|14200500000EB|15.88|16.97|YEAR_LAST_IMPROVEMENT||2017|
12/31/2021|54|14200500000EB|13.37|14.67|YEAR_LAST_IMPROVEMENT||2017|
12/31/2021|54|14200500000EB|8.56|8.92|YEAR_LAST_IMPROVEMENT||1905|
12/31/2021|54|14200500000EB|7.48|7.98|YEAR_LAST_IMPROVEMENT||1905|
12/31/2021|54|1430028000000|16.47|22.27|YEAR_LAST_IMPROVEMENT||2019|
12/31/2021|54|12202200000NB|4.41|5.14|YEAR_LAST_IMPROVEMENT||1905|
12/31/2021|54|1230093000000|15.85|18.046|YEAR_LAST_IMPROVEMENT||1905|
12/31/2021|54|1230093000000|13.45|15.85|YEAR_LAST_IMPROVEMENT||1905|
12/31/2021|54|1230093000000|9.71|13.45|YEAR_LAST_IMPROVEMENT||2017|
12/31/2021|54|1230093000000|9.6|9.71|YEAR_LAST_IMPROVEMENT||1905|
12/31/2021|54|1230093000000|3.77|4.05|YEAR_LAST_IMPROVEMENT||1905|
12/31/2021|54|1230093000000|2.36|2.98|YEAR_LAST_IMPROVEMENT||1905|
12/31/2021|54|12200480000EB|0|5.82|YEAR_LAST_IMPROVEMENT||1905|
12/31/2021|54|1230042000000|21.78|22.74|YEAR_LAST_IMPROVEMENT||2016|
12/31/2021|54|1230042000000|16.97|21.26|YEAR_LAST_IMPROVEMENT||2006|
12/31/2021|54|1230028000000|13.03|13.38|YEAR_LAST_IMPROVEMENT||2020|
12/31/2021|54|1230028000000|8.23|12.58|YEAR_LAST_IMPROVEMENT||2013|
12/31/2021|54|1230028000000|3.35|4.76|YEAR_LAST_IMPROVEMENT||1905|
12/31/2021|54|0230901000000|4.86|5.44|YEAR_LAST_IMPROVEMENT||2013|
12/31/2021|54|02100810000NB|24.53|26|YEAR_LAST_IMPROVEMENT||2010|
12/31/2021|54|02100810000NB|23.46|24.53|YEAR_LAST_IMPROVEMENT||2010|
12/31/2021|54|02100810000NB|23|23.46|YEAR_LAST_IMPROVEMENT||2010|
12/31/2021|54|02100810000NB|20.37|23|YEAR_LAST_IMPROVEMENT||2010|
12/31/2021|54|02100810000NB|18.13|20.37|YEAR_LAST_IMPROVEMENT||2015|
12/31/2021|54|02100810000NB|17.3|18.13|YEAR_LAST_IMPROVEMENT||2015|
12/31/2021|54|02100810000NB|16.23|17.3|YEAR_LAST_IMPROVEMENT||2015|
12/31/2021|54|02100810000NB|15.95|16.23|YEAR_LAST_IMPROVEMENT||2016|
12/31/2021|54|02100810000NB|15.62|15.95|YEAR_LAST_IMPROVEMENT||2016|
12/31/2021|54|02100810000NB|15.22|15.62|YEAR_LAST_IMPROVEMENT||2016|
12/31/2021|54|02100810000NB|14.26|15.22|YEAR_LAST_IMPROVEMENT||2016|
12/31/2021|54|02100810000NB|13.54|14.26|YEAR_LAST_IMPROVEMENT||2016|
12/31/2021|54|02100810000NB|11.63|13.54|YEAR_LAST_IMPROVEMENT||2016|
12/31/2021|54|02100810000NB|6.27|11.63|YEAR_LAST_IMPROVEMENT||2016|
12/31/2021|54|02100810000NB|1.39|6.27|YEAR_LAST_IMPROVEMENT||2010|
12/31/2021|54|02100810000NB|0|1.39|YEAR_LAST_IMPROVEMENT||2018|
12/31/2021|54|0240051070000|2.28|3.56|YEAR_LAST_IMPROVEMENT||2018|
12/31/2021|54|0230051000000|4.54|4.58|YEAR_LAST_IMPROVEMENT||1905|
12/31/2021|54|0230051000000|4.13|4.54|YEAR_LAST_IMPROVEMENT||2020|
12/31/2021|54|0230051000000|2.841|4.13|YEAR_LAST_IMPROVEMENT||1905|
12/31/2021|54|0230051000000|1.87|2.841|YEAR_LAST_IMPROVEMENT||1905|
12/31/2021|54|0230051000000|5.4|8.591|YEAR_LAST_IMPROVEMENT||2018|
12/31/2021|54|0230045000000|19.08|19.61|YEAR_LAST_IMPROVEMENT||1905|
12/31/2021|54|0230045000000|17.53|18.23|YEAR_LAST_IMPROVEMENT||1905|
12/31/2021|54|0230045000000|14.85|15.31|YEAR_LAST_IMPROVEMENT||1905|
12/31/2021|54|0230045000000|14.52|14.85|YEAR_LAST_IMPROVEMENT||1905|
12/31/2021|54|0230045000000|14.39|14.52|YEAR_LAST_IMPROVEMENT||1905|
12/31/2021|54|0240034030000|0|1.01|YEAR_LAST_IMPROVEMENT||1905|
12/31/2021|54|0240032000000|1.565|2.15|YEAR_LAST_IMPROVEMENT||1905|
12/31/2021|54|0240032000000|1.26|1.565|YEAR_LAST_IMPROVEMENT||1905|
12/31/2021|54|0240030000000|4.175|4.37|YEAR_LAST_IMPROVEMENT||1905|
12/31/2021|54|0240019000000|3.438|4.04|YEAR_LAST_IMPROVEMENT||1905|
12/31/2021|54|0240019000000|1.55|3.438|YEAR_LAST_IMPROVEMENT||1905|
12/31/2021|54|0240015000000|2.78|3.06|YEAR_LAST_IMPROVEMENT||1905|
12/31/2021|54|0240013000000|2.75|3.716|YEAR_LAST_IMPROVEMENT||1905|
12/31/2021|54|0240013000000|1.03|1.5|YEAR_LAST_IMPROVEMENT||1905|
12/31/2021|54|0240012000000|0|1.29|YEAR_LAST_IMPROVEMENT||1905|
12/31/2021|54|0240011370000|0|0.23|YEAR_LAST_IMPROVEMENT||1905|
12/31/2021|54|0240011330000|0|0.26|YEAR_LAST_IMPROVEMENT||1905|
12/31/2021|54|0240011240000|0|0.85|YEAR_LAST_IMPROVEMENT||1905|
12/31/2021|54|0240011190000|0|0.31|YEAR_LAST_IMPROVEMENT||1905|
12/31/2021|54|0240011130000|0.41|0.55|YEAR_LAST_IMPROVEMENT||1905|
12/31/2021|54|0240010010000|0|0.69|YEAR_LAST_IMPROVEMENT||1905|
12/31/2021|54|0230009000000|7.584|9.95|YEAR_LAST_IMPROVEMENT||2005|
12/31/2021|54|0230009000000|6.381|6.47|YEAR_LAST_IMPROVEMENT||2003|
12/31/2021|54|0230009000000|18.18|20.16|YEAR_LAST_IMPROVEMENT||2010|
12/31/2021|54|0230009000000|17.07|17.48|YEAR_LAST_IMPROVEMENT||2010|
12/31/2021|54|0230009000000|15.79|16.09|YEAR_LAST_IMPROVEMENT||1998|
12/31/2021|54|0230009000000|15.57|15.79|YEAR_LAST_IMPROVEMENT||1998|
12/31/2021|54|0230009000000|14.55|14.9|YEAR_LAST_IMPROVEMENT||1998|
12/31/2021|54|0230009000000|10.84|11.15|YEAR_LAST_IMPROVEMENT||2013|
12/31/2021|54|0230009000000|10.52|10.84|YEAR_LAST_IMPROVEMENT||2005|
12/31/2021|54|0230009000000|10.12|10.37|YEAR_LAST_IMPROVEMENT||2018|
12/31/2021|54|0230009000000|6.47|7.58|YEAR_LAST_IMPROVEMENT||2003|
12/31/2021|54|0230009000000|6.17|6.27|YEAR_LAST_IMPROVEMENT||2003|
12/31/2021|54|0230009000000|0.35|2.2|YEAR_LAST_IMPROVEMENT||2013|
12/31/2021|54|0230045000000|13.355|13.76|YEAR_LAST_IMPROVEMENT||2019|
12/31/2021|54|0240032000000|0|1.26|YEAR_LAST_IMPROVEMENT||1905|
12/31/2021|54|0240001000000|8.14|9.32|YEAR_LAST_IMPROVEMENT||2015|
12/31/2021|54|0530002000000|14.5|14.83|YEAR_LAST_IMPROVEMENT||1905|
12/31/2021|54|0540001000000|0|0.12|YEAR_LAST_IMPROVEMENT||1905|
12/31/2021|54|0540001000000|0.12|0.5|YEAR_LAST_IMPROVEMENT||1905|
12/31/2021|54|0540001000000|1.07|1.34|YEAR_LAST_IMPROVEMENT||1905|
12/31/2021|54|0540001000000|3.26|4.01|YEAR_LAST_IMPROVEMENT||2017|
12/31/2021|54|0540001000000|4.01|4.8|YEAR_LAST_IMPROVEMENT||2017|
12/31/2021|54|0540001080000|0.81|0.95|YEAR_LAST_IMPROVEMENT||2012|
12/31/2021|54|0540001080000|0.95|1.45|YEAR_LAST_IMPROVEMENT||2012|
12/31/2021|54|0540001080000|1.9|2.41|YEAR_LAST_IMPROVEMENT||2018|
12/31/2021|54|0530002000000|6.8|7.06|YEAR_LAST_IMPROVEMENT||1905|
12/31/2021|54|0530002000000|7.06|7.47|YEAR_LAST_IMPROVEMENT||1905|
12/31/2021|54|0530002000000|7.59|8.67|YEAR_LAST_IMPROVEMENT||1905|
12/31/2021|54|0530002000000|10.14|10.72|YEAR_LAST_IMPROVEMENT||2018|
12/31/2021|54|0530002000000|12.63|13.08|YEAR_LAST_IMPROVEMENT||1905|
12/31/2021|54|0530002000000|14.83|15.05|YEAR_LAST_IMPROVEMENT||1905|
12/31/2021|54|0530002000000|15.08|15.4|YEAR_LAST_IMPROVEMENT||1905|
12/31/2021|54|0530002000000|15.75|16.16|YEAR_LAST_IMPROVEMENT||2011|
12/31/2021|54|0530002000000|3.33|3.88|YEAR_LAST_IMPROVEMENT||2017|
12/31/2021|54|0540002010000|0|0.13|YEAR_LAST_IMPROVEMENT||1905|
12/31/2021|54|0540002010000|0.13|1.03|YEAR_LAST_IMPROVEMENT||1905|
12/31/2021|54|0540003010000|0.48|0.61|YEAR_LAST_IMPROVEMENT||1905|
12/31/2021|54|0540003010000|0.61|1.65|YEAR_LAST_IMPROVEMENT||1905|
12/31/2021|54|0540003010000|1.65|1.94|YEAR_LAST_IMPROVEMENT||1905|
12/31/2021|54|0540007000000|1.29|2.449|YEAR_LAST_IMPROVEMENT||2002|
12/31/2021|54|0540007010000|0|0.84|YEAR_LAST_IMPROVEMENT||1905|
12/31/2021|54|0540007010000|0.84|1.99|YEAR_LAST_IMPROVEMENT||1905|
12/31/2021|54|0540008000000|0|0.75|YEAR_LAST_IMPROVEMENT||2002|
12/31/2021|54|0540013000000|0|0.14|YEAR_LAST_IMPROVEMENT||1905|
12/31/2021|54|0540014000000|2.43|3.45|YEAR_LAST_IMPROVEMENT||1905|
12/31/2021|54|0540018000000|0|0.55|YEAR_LAST_IMPROVEMENT||2002|
12/31/2021|54|05200220000EB|3.17|3.35|YEAR_LAST_IMPROVEMENT||1905|
12/31/2021|54|05200220000EB|3.35|3.45|YEAR_LAST_IMPROVEMENT||1905|
12/31/2021|54|05200220000EB|3.45|4.73|YEAR_LAST_IMPROVEMENT||1905|
12/31/2021|54|05200220000EB|4.73|5.19|YEAR_LAST_IMPROVEMENT||1996|
12/31/2021|54|05200220000EB|5.19|5.89|YEAR_LAST_IMPROVEMENT||1996|
12/31/2021|54|0530027000000|1.58|2.26|YEAR_LAST_IMPROVEMENT||1905|
12/31/2021|54|0540027040000|0|0.13|YEAR_LAST_IMPROVEMENT||1905|
12/31/2021|54|0540027040000|0.44|0.84|YEAR_LAST_IMPROVEMENT||1905|
12/31/2021|54|0540028000000|0|0.198|YEAR_LAST_IMPROVEMENT||2002|
12/31/2021|54|0530067000000|0.17|0.62|YEAR_LAST_IMPROVEMENT||1905|
12/31/2021|54|0530067000000|6.14|6.71|YEAR_LAST_IMPROVEMENT||1905|
12/31/2021|54|0577278001900|0|0.16|YEAR_LAST_IMPROVEMENT||1994|
12/31/2021|54|0577279001900|0|0.16|YEAR_LAST_IMPROVEMENT||1994|
12/31/2021|54|0540507000000|0|0.25|YEAR_LAST_IMPROVEMENT||1994|
12/31/2021|54|1530002000000|0|0.1|YEAR_LAST_IMPROVEMENT||2019|
12/31/2021|54|1530002000000|0.1|0.28|YEAR_LAST_IMPROVEMENT||2019|
12/31/2021|54|1530002000000|0.28|0.56|YEAR_LAST_IMPROVEMENT||2018|
12/31/2021|54|1530002000000|1.49|2.3|YEAR_LAST_IMPROVEMENT||1905|
12/31/2021|54|1530002000000|2.3|2.66|YEAR_LAST_IMPROVEMENT||1905|
12/31/2021|54|1530002000000|2.66|3.03|YEAR_LAST_IMPROVEMENT||1905|
12/31/2021|54|1530002000000|4.69|6.69|YEAR_LAST_IMPROVEMENT||1905|
12/31/2021|54|1530002000000|10.33|10.56|YEAR_LAST_IMPROVEMENT||1905|
12/31/2021|54|1530002000000|10.8|11.14|YEAR_LAST_IMPROVEMENT||2015|
12/31/2021|54|1530002000000|11.14|11.45|YEAR_LAST_IMPROVEMENT||2015|
12/31/2021|54|1530002000000|12.89|13.84|YEAR_LAST_IMPROVEMENT||2015|
12/31/2021|54|1530002000000|16.52|17.44|YEAR_LAST_IMPROVEMENT||1905|
12/31/2021|54|1530002000000|17.55|18.12|YEAR_LAST_IMPROVEMENT||1905|
12/31/2021|54|1530002000000|19.71|20.25|YEAR_LAST_IMPROVEMENT||1905|
12/31/2021|54|1540003060000|2.171|2.32|YEAR_LAST_IMPROVEMENT||1905|
12/31/2021|54|1540005000000|1.86|3.674|YEAR_LAST_IMPROVEMENT||2002|
12/31/2021|54|1540009000000|0|0.79|YEAR_LAST_IMPROVEMENT||2002|
12/31/2021|54|1530105000000|4.14|4.26|YEAR_LAST_IMPROVEMENT||1905|
12/31/2021|54|1540011000000|0|2.31|YEAR_LAST_IMPROVEMENT||2012|
12/31/2021|54|1540011000000|2.31|2.9|YEAR_LAST_IMPROVEMENT||2012|
12/31/2021|54|1540011000000|4.91|5.16|YEAR_LAST_IMPROVEMENT||1905|
12/31/2021|54|1540011000000|5.16|5.35|YEAR_LAST_IMPROVEMENT||1905|
12/31/2021|54|1540011020000|0|0.57|YEAR_LAST_IMPROVEMENT||1905|
12/31/2021|54|1540011020000|0.57|2.75|YEAR_LAST_IMPROVEMENT||1905|
12/31/2021|54|1540011030000|0.06|0.352|YEAR_LAST_IMPROVEMENT||2011|
12/31/2021|54|1540013000000|0|0.2|YEAR_LAST_IMPROVEMENT||1905|
12/31/2021|54|1540013000000|0.2|0.5|YEAR_LAST_IMPROVEMENT||1905|
12/31/2021|54|1540015000000|0|1.44|YEAR_LAST_IMPROVEMENT||2019|
12/31/2021|54|1540015000000|1.44|1.95|YEAR_LAST_IMPROVEMENT||2002|
12/31/2021|54|1540016000000|1.05|1.126|YEAR_LAST_IMPROVEMENT||1905|
12/31/2021|54|15200220000EB|0|0.39|YEAR_LAST_IMPROVEMENT||1996|
12/31/2021|54|15200300000EB|1.543|2.38|YEAR_LAST_IMPROVEMENT||1905|
12/31/2021|54|1577259001900|0.58|0.62|YEAR_LAST_IMPROVEMENT||1976|
12/31/2021|54|1577259001900|0.62|1.16|YEAR_LAST_IMPROVEMENT||1976|
12/31/2021|54|1577261001900|0|0.73|YEAR_LAST_IMPROVEMENT||1905|
12/31/2021|54|1577269001900|0.65|0.97|YEAR_LAST_IMPROVEMENT||1905|
12/31/2021|54|1577270001900|0|0.5|YEAR_LAST_IMPROVEMENT||1976|
12/31/2021|54|1577271001900|0.4|1.18|YEAR_LAST_IMPROVEMENT||1976|
12/31/2021|54|1530105000000|0.38|1.14|YEAR_LAST_IMPROVEMENT||1905|
12/31/2021|54|1530105000000|1.14|3.27|YEAR_LAST_IMPROVEMENT||1905|
12/31/2021|54|1530105000000|3.27|4.14|YEAR_LAST_IMPROVEMENT||2015|
12/31/2021|54|1530105000000|4.26|4.58|YEAR_LAST_IMPROVEMENT||1905|
12/31/2021|54|1530105000000|4.58|4.82|YEAR_LAST_IMPROVEMENT||2015|
12/31/2021|54|1540208000000|3.21|3.55|YEAR_LAST_IMPROVEMENT||2002|
12/31/2021|54|1540507000000|0.43|0.92|YEAR_LAST_IMPROVEMENT||2002|
12/31/2021|54|2640001000000|0|0.44|YEAR_LAST_IMPROVEMENT||1905|
12/31/2021|54|2640001000000|0.49|0.6|YEAR_LAST_IMPROVEMENT||1905|
12/31/2021|54|2640001000000|0.6|1.209|YEAR_LAST_IMPROVEMENT||1905|
12/31/2021|54|2630002000300|0|0.43|YEAR_LAST_IMPROVEMENT||1992|
12/31/2021|54|2630002000000|10.22|11.92|YEAR_LAST_IMPROVEMENT||1905|
12/31/2021|54|2630002000000|13.46|13.89|YEAR_LAST_IMPROVEMENT||1905|
12/31/2021|54|2630002000000|17.94|18.08|YEAR_LAST_IMPROVEMENT||1905|
12/31/2021|54|2630002000000|18.24|18.76|YEAR_LAST_IMPROVEMENT||2011|
12/31/2021|54|2630002000000|19.53|19.8|YEAR_LAST_IMPROVEMENT||1905|
12/31/2021|54|2640003000000|0|1.31|YEAR_LAST_IMPROVEMENT||1905|
12/31/2021|54|2640010000000|0|0.423|YEAR_LAST_IMPROVEMENT||2010|
12/31/2021|54|2640017000000|0|0.12|YEAR_LAST_IMPROVEMENT||2003|
12/31/2021|54|26202500000NB|36.47|36.69|YEAR_LAST_IMPROVEMENT||2009|
12/31/2021|54|2640034000000|1.15|1.61|YEAR_LAST_IMPROVEMENT||2013|
12/31/2021|54|2640034000000|4.38|5.18|YEAR_LAST_IMPROVEMENT||1905|
12/31/2021|54|2640034000000|5.18|5.23|YEAR_LAST_IMPROVEMENT||1905|
12/31/2021|54|2675256001900|0.42|0.59|YEAR_LAST_IMPROVEMENT||1905|
12/31/2021|54|2640054000000|7.086|7.71|YEAR_LAST_IMPROVEMENT||1905|
12/31/2021|54|2630086000000|0.2|0.51|YEAR_LAST_IMPROVEMENT||1976|
12/31/2021|54|3530002000000|2.36|2.84|YEAR_LAST_IMPROVEMENT||2018|
12/31/2021|54|3530002000000|5.81|7.04|YEAR_LAST_IMPROVEMENT||2016|
12/31/2021|54|3530002000000|7.57|8.08|YEAR_LAST_IMPROVEMENT||2011|
12/31/2021|54|3530002000000|8.22|8.5|YEAR_LAST_IMPROVEMENT||2011|
12/31/2021|54|3540003000000|0|1.17|YEAR_LAST_IMPROVEMENT||1905|
12/31/2021|54|3540004000000|1.92|2.19|YEAR_LAST_IMPROVEMENT||2012|
12/31/2021|54|35200400000EB|2.81|2.83|YEAR_LAST_IMPROVEMENT||1905|
12/31/2021|54|3540007000000|0|0.44|YEAR_LAST_IMPROVEMENT||2016|
12/31/2021|54|35100700000EB|11.761|14.45|YEAR_LAST_IMPROVEMENT||2016|
12/31/2021|54|3540013000000|0|0.99|YEAR_LAST_IMPROVEMENT||1905|
12/31/2021|54|3540015000000|1.91|2.26|YEAR_LAST_IMPROVEMENT||2017|
12/31/2021|54|3540015010000|2.48|2.77|YEAR_LAST_IMPROVEMENT||2012|
12/31/2021|54|3540017000000|0.27|0.95|YEAR_LAST_IMPROVEMENT||1905|
12/31/2021|54|3540018030000|0|0.61|YEAR_LAST_IMPROVEMENT||2011|
12/31/2021|54|3540018030000|0.61|1.15|YEAR_LAST_IMPROVEMENT||1905|
12/31/2021|54|3540018030000|1.75|2.03|YEAR_LAST_IMPROVEMENT||1905|
12/31/2021|54|3540039000000|0.01|0.42|YEAR_LAST_IMPROVEMENT||1905|
12/31/2021|54|3540039000000|0.42|1.56|YEAR_LAST_IMPROVEMENT||1905|
12/31/2021|54|3540039000000|1.56|2.05|YEAR_LAST_IMPROVEMENT||1905|
12/31/2021|54|35200400000EB|2.83|3.24|YEAR_LAST_IMPROVEMENT||2016|
12/31/2021|54|35200400000EB|3.44|3.91|YEAR_LAST_IMPROVEMENT||2016|
12/31/2021|54|35200400000EB|4.32|5.42|YEAR_LAST_IMPROVEMENT||2016|
12/31/2021|54|35200400000EB|5.42|5.93|YEAR_LAST_IMPROVEMENT||2016|
12/31/2021|54|35200400000EB|7.1|7.44|YEAR_LAST_IMPROVEMENT||2017|
12/31/2021|54|35200400000EB|8.5|8.88|YEAR_LAST_IMPROVEMENT||2017|
12/31/2021|54|35200400000EB|9.27|9.64|YEAR_LAST_IMPROVEMENT||2016|
12/31/2021|54|35200400000EB|10.02|10.26|YEAR_LAST_IMPROVEMENT||2016|
12/31/2021|54|35200400000EB|2.102|2.71|YEAR_LAST_IMPROVEMENT||2019|
12/31/2021|54|35200400000EB|8.06|8.26|YEAR_LAST_IMPROVEMENT||2017|
12/31/2021|54|3540040010000|0.85|1.08|YEAR_LAST_IMPROVEMENT||2012|
12/31/2021|54|4830002000000|12.02|13.02|YEAR_LAST_IMPROVEMENT||1905|
12/31/2021|54|4830002000000|10.25|12.02|YEAR_LAST_IMPROVEMENT||1905|
12/31/2021|54|4830002000000|9.93|10.25|YEAR_LAST_IMPROVEMENT||1905|
12/31/2021|54|4830002000000|4.9|6.65|YEAR_LAST_IMPROVEMENT||2015|
12/31/2021|54|4830002000000|2.84|4.64|YEAR_LAST_IMPROVEMENT||2015|
12/31/2021|54|4830002000000|2.27|2.84|YEAR_LAST_IMPROVEMENT||1975|
12/31/2021|54|4830002000000|0|2.27|YEAR_LAST_IMPROVEMENT||1975|
12/31/2021|54|5230002000000|11.75|12.12|YEAR_LAST_IMPROVEMENT||1905|
12/31/2021|54|5230002000000|8.6|9.24|YEAR_LAST_IMPROVEMENT||1905|
12/31/2021|54|5230002000000|8.35|8.6|YEAR_LAST_IMPROVEMENT||1905|
12/31/2021|54|5230002000000|7.29|7.84|YEAR_LAST_IMPROVEMENT||2017|
12/31/2021|54|5230002000000|6.95|7.09|YEAR_LAST_IMPROVEMENT||1905|
12/31/2021|54|5230002000000|6.08|6.5|YEAR_LAST_IMPROVEMENT||1905|
12/31/2021|54|5230002000000|5.69|6.08|YEAR_LAST_IMPROVEMENT||1905|
12/31/2021|54|5230002000000|5.29|5.69|YEAR_LAST_IMPROVEMENT||2016|
12/31/2021|54|5230002000000|4.21|4.442|YEAR_LAST_IMPROVEMENT||2016|
12/31/2021|54|5230007000000|35.64|36.52|YEAR_LAST_IMPROVEMENT||1905|
12/31/2021|54|5230007000000|2|2.55|YEAR_LAST_IMPROVEMENT||2016|
12/31/2021|54|5230007000000|0.2|0.36|YEAR_LAST_IMPROVEMENT||1996|
12/31/2021|54|5230020000000|19.48|20.04|YEAR_LAST_IMPROVEMENT||1905|
12/31/2021|54|5240002090000|0|0.19|YEAR_LAST_IMPROVEMENT||2002|
12/31/2021|54|5240003000000|0.15|0.28|YEAR_LAST_IMPROVEMENT||1905|
12/31/2021|54|5240003010000|0|0.009|YEAR_LAST_IMPROVEMENT||2002|
12/31/2021|54|5275501001900|0.93|1.07|YEAR_LAST_IMPROVEMENT||1905|
12/31/2021|54|5275501001900|0.07|0.22|YEAR_LAST_IMPROVEMENT||1980|
12/31/2021|54|5275502001900|0.11|0.3|YEAR_LAST_IMPROVEMENT||1976|
12/31/2021|54|5275503001900|0|0.45|YEAR_LAST_IMPROVEMENT||1978|
12/31/2021|54|5275509001900|0.07|0.23|YEAR_LAST_IMPROVEMENT||1976|
12/31/2021|54|5275511001900|0.57|0.84|YEAR_LAST_IMPROVEMENT||1980|
12/31/2021|54|5275511001900|0|0.12|YEAR_LAST_IMPROVEMENT||1980|
12/31/2021|54|5275515001900|0|0.22|YEAR_LAST_IMPROVEMENT||1976|
12/31/2021|54|0540507000000|0.25|0.34|YEAR_LAST_IMPROVEMENT||1994|
12/31/2021|54|0540507000000|0.62|1.2|YEAR_LAST_IMPROVEMENT||1905|
12/31/2021|54|0540507020000|0|1.22|YEAR_LAST_IMPROVEMENT||2007|
12/31/2021|54|05300020005SB|0|0.34|YEAR_LAST_IMPROVEMENT||1905|
12/31/2021|54|0530027000100|0.4|0.96|YEAR_LAST_IMPROVEMENT||2015|
12/31/2021|54|1540507000000|1.51|3.33|YEAR_LAST_IMPROVEMENT||1905|
12/31/2021|54|2640088120000|0.37|0.52|YEAR_LAST_IMPROVEMENT||2011|
12/31/2021|54|26202500000NB|0|3.56|YEAR_LAST_IMPROVEMENT||2015|
12/31/2021|54|26202500000NB|3.56|4.01|YEAR_LAST_IMPROVEMENT||2015|
12/31/2021|54|26202500000NB|4.01|4.62|YEAR_LAST_IMPROVEMENT||2015|
12/31/2021|54|26202500000NB|4.65|7.1|YEAR_LAST_IMPROVEMENT||2015|
12/31/2021|54|26202500000NB|7.1|8.07|YEAR_LAST_IMPROVEMENT||1905|
12/31/2021|54|26202500000NB|8.07|9.79|YEAR_LAST_IMPROVEMENT||1905|
12/31/2021|54|26202500000NB|9.79|10.67|YEAR_LAST_IMPROVEMENT||1905|
12/31/2021|54|26202500000NB|11.65|12.35|YEAR_LAST_IMPROVEMENT||2015|
12/31/2021|54|26202500000NB|12.47|13.37|YEAR_LAST_IMPROVEMENT||2015|
12/31/2021|54|26202500000NB|13.4|15.31|YEAR_LAST_IMPROVEMENT||2016|
12/31/2021|54|26202500000NB|23.89|24.64|YEAR_LAST_IMPROVEMENT||2011|
12/31/2021|54|26202500000NB|28.49|29.07|YEAR_LAST_IMPROVEMENT||1905|
12/31/2021|54|26202500000NB|29.07|29.71|YEAR_LAST_IMPROVEMENT||1905|
12/31/2021|54|26202500000NB|29.71|30.09|YEAR_LAST_IMPROVEMENT||1905|
12/31/2021|54|26202500000NB|30.09|30.92|YEAR_LAST_IMPROVEMENT||1905|
12/31/2021|54|26202500000NB|31.63|31.73|YEAR_LAST_IMPROVEMENT||2010|
12/31/2021|54|26202500000NB|38.92|39.2|YEAR_LAST_IMPROVEMENT||2009|
12/31/2021|54|35100700000EB|5.37|5.93|YEAR_LAST_IMPROVEMENT||2016|
12/31/2021|54|35100700000EB|5.93|6.9|YEAR_LAST_IMPROVEMENT||2016|
12/31/2021|54|35100700000EB|6.9|8.07|YEAR_LAST_IMPROVEMENT||2016|
12/31/2021|54|35100700000EB|8.07|10.75|YEAR_LAST_IMPROVEMENT||1905|
12/31/2021|54|35100700000EB|10.75|11.06|YEAR_LAST_IMPROVEMENT||2016|
12/31/2021|54|35100700000EB|11.06|11.761|YEAR_LAST_IMPROVEMENT||2016|
12/31/2021|54|3530088000000|0|1.06|YEAR_LAST_IMPROVEMENT||1905|
12/31/2021|54|3530088000000|7.12|7.47|YEAR_LAST_IMPROVEMENT||2017|
12/31/2021|54|3530088000000|7.77|8.5|YEAR_LAST_IMPROVEMENT||2007|
12/31/2021|54|35202500000NB|0.94|1.9|YEAR_LAST_IMPROVEMENT||2018|
12/31/2021|54|35104700000EB|0|0.98|YEAR_LAST_IMPROVEMENT||2010|
12/31/2021|54|35104700000EB|0.98|2.25|YEAR_LAST_IMPROVEMENT||2010|
12/31/2021|54|35104700000EB|2.25|3.94|YEAR_LAST_IMPROVEMENT||2010|
12/31/2021|54|52202500000NB|9.63|11.07|YEAR_LAST_IMPROVEMENT||1905|
12/31/2021|54|52202500000NB|9.2|9.63|YEAR_LAST_IMPROVEMENT||1905|
12/31/2021|54|52202500000NB|9.05|9.2|YEAR_LAST_IMPROVEMENT||2016|
12/31/2021|54|52202500000NB|8.68|9.05|YEAR_LAST_IMPROVEMENT||2016|
12/31/2021|54|52202500000NB|8.1|8.64|YEAR_LAST_IMPROVEMENT||2016|
12/31/2021|54|52202500000NB|7.02|7.97|YEAR_LAST_IMPROVEMENT||1905|
12/31/2021|54|52202500000NB|5.54|6.88|YEAR_LAST_IMPROVEMENT||2016|
12/31/2021|54|52202500000NB|1.18|1.89|YEAR_LAST_IMPROVEMENT||1905|
12/31/2021|54|52300070006EB|0.1|0.27|YEAR_LAST_IMPROVEMENT||1984|
12/31/2021|54|52300070006EB|0|0.1|YEAR_LAST_IMPROVEMENT||1984|
12/31/2021|54|52300070007WB|0.23|0.33|YEAR_LAST_IMPROVEMENT||1996|
12/31/2021|54|52300070007WB|0|0.23|YEAR_LAST_IMPROVEMENT||1996|
12/31/2021|54|11200330000EB|22.28|25.09|YEAR_LAST_IMPROVEMENT||2016|
12/31/2021|54|04100790000NB|53.27|54.18|YEAR_LAST_IMPROVEMENT||2018|
12/31/2021|54|0140030000000|6.14|6.83|YEAR_LAST_IMPROVEMENT||2015|
12/31/2021|54|04100790000NB|54.18|57.51|YEAR_LAST_IMPROVEMENT||2010|
12/31/2021|54|1140007000000|6.97|8.67|YEAR_LAST_IMPROVEMENT||2012|
12/31/2021|54|04100790000NB|49.73|50.35|YEAR_LAST_IMPROVEMENT||2018|
12/31/2021|54|0130076000000|1.75|6.62|YEAR_LAST_IMPROVEMENT||2021|
12/31/2021|54|11200330000EB|18.2|19.62|YEAR_LAST_IMPROVEMENT||1905|
12/31/2021|54|04100790000NB|69.32|70.83|YEAR_LAST_IMPROVEMENT||2018|
12/31/2021|54|0140010000000|7.41|8.63|YEAR_LAST_IMPROVEMENT||2016|
12/31/2021|54|04100790000NB|67.52|69.32|YEAR_LAST_IMPROVEMENT||2018|
12/31/2021|54|04100790000NB|78.41|79.08|YEAR_LAST_IMPROVEMENT||2019|
12/31/2021|54|01200330000EB|0|1.87|YEAR_LAST_IMPROVEMENT||2013|
12/31/2021|54|04100790000NB|63.46|64.83|YEAR_LAST_IMPROVEMENT||2010|
12/31/2021|54|11200330000EB|0|0.59|YEAR_LAST_IMPROVEMENT||2011|
12/31/2021|54|11100790000NB|83.15|83.55|YEAR_LAST_IMPROVEMENT||2016|
12/31/2021|54|11200330000EB|19.62|22.18|YEAR_LAST_IMPROVEMENT||2018|
12/31/2021|54|04100790000NB|79.08|83.15|YEAR_LAST_IMPROVEMENT||2017|
12/31/2021|54|01201190000NB|10.66|11.5|YEAR_LAST_IMPROVEMENT||2015|
12/31/2021|54|11200330000EB|2.2|6.44|YEAR_LAST_IMPROVEMENT||2017|
12/31/2021|54|04100790000NB|70.83|78.41|YEAR_LAST_IMPROVEMENT||2019|
12/31/2021|54|04100790000NB|64.83|67.52|YEAR_LAST_IMPROVEMENT||2018|
12/31/2021|54|11200330000EB|1.39|1.96|YEAR_LAST_IMPROVEMENT||2020|
12/31/2021|54|04100790000NB|61.47|62.04|YEAR_LAST_IMPROVEMENT||2018|
12/31/2021|54|11200330000EB|25.09|26.73|YEAR_LAST_IMPROVEMENT||2015|
12/31/2021|54|04100790000NB|51.61|52.61|YEAR_LAST_IMPROVEMENT||2018|
12/31/2021|54|0130092000000|8.64|10.73|YEAR_LAST_IMPROVEMENT||2020|
12/31/2021|54|1130005000000|10.83|12.51|YEAR_LAST_IMPROVEMENT||2019|
12/31/2021|54|0140024000000|2.79|4.74|YEAR_LAST_IMPROVEMENT||2017|
12/31/2021|54|0130038000000|0.43|2.43|YEAR_LAST_IMPROVEMENT||2019|
12/31/2021|54|04100790000NB|57.51|59|YEAR_LAST_IMPROVEMENT||2018|
12/31/2021|54|04100790000NB|46.22|49.73|YEAR_LAST_IMPROVEMENT||2018|
12/31/2021|54|04100790000NB|62.04|63.46|YEAR_LAST_IMPROVEMENT||2010|
12/31/2021|54|01201190000NB|6.95|9.29|YEAR_LAST_IMPROVEMENT||2018|
12/31/2021|54|0130020000000|0|2.15|YEAR_LAST_IMPROVEMENT||2017|
12/31/2021|54|04100790000NB|50.35|51.61|YEAR_LAST_IMPROVEMENT||2018|
12/31/2021|54|0140024000000|1.64|2.79|YEAR_LAST_IMPROVEMENT||2017|
12/31/2021|54|0140046010000|0|1.62|YEAR_LAST_IMPROVEMENT||2018|
12/31/2021|54|0130038000000|5.53|6.31|YEAR_LAST_IMPROVEMENT||2019|
12/31/2021|54|04100790000NB|59|61.47|YEAR_LAST_IMPROVEMENT||2018|
12/31/2021|54|04200190000NB|26.57|27.64|YEAR_LAST_IMPROVEMENT||2019|
12/31/2021|54|1140009000000|0|3.41|YEAR_LAST_IMPROVEMENT||2012|
12/31/2021|54|04100790000NB|44.6|46.22|YEAR_LAST_IMPROVEMENT||2011|
12/31/2021|54|04100790000NB|52.61|53.27|YEAR_LAST_IMPROVEMENT||2018|
12/31/2021|54|0140006000000|0.11|3.13|YEAR_LAST_IMPROVEMENT||2021|
12/31/2021|54|21200330000EB|20.19|21.03|YEAR_LAST_IMPROVEMENT||2010|
12/31/2021|54|21200330000EB|17.59|17.96|YEAR_LAST_IMPROVEMENT||2018|
12/31/2021|54|21100790000NB|104.15|104.69|YEAR_LAST_IMPROVEMENT||2014|
12/31/2021|54|2140013000000|0|0.4|YEAR_LAST_IMPROVEMENT||2014|
12/31/2021|54|21100790000NB|100.39|101.69|YEAR_LAST_IMPROVEMENT||2010|
12/31/2021|54|21100790000NB|101.69|104.15|YEAR_LAST_IMPROVEMENT||2014|
12/31/2021|54|21200330000EB|22.25|22.84|YEAR_LAST_IMPROVEMENT||2013|
12/31/2021|54|21200330000EB|16|16.23|YEAR_LAST_IMPROVEMENT||2010|
12/31/2021|54|21100790000NB|104.69|106.42|YEAR_LAST_IMPROVEMENT||2014|
12/31/2021|54|21100790000NB|83.55|87.45|YEAR_LAST_IMPROVEMENT||2019|
12/31/2021|54|2140015000000|2.36|4.01|YEAR_LAST_IMPROVEMENT||2010|
12/31/2021|54|21200330000EB|19.84|20.19|YEAR_LAST_IMPROVEMENT||2010|
12/31/2021|54|21200330000EB|21.25|22.25|YEAR_LAST_IMPROVEMENT||2010|
12/31/2021|54|49200330000EB|5.37|7.192|YEAR_LAST_IMPROVEMENT||2015|
12/31/2021|54|4940016000000|9.05|9.51|YEAR_LAST_IMPROVEMENT||2015|
12/31/2021|54|4940012000000|0.85|1.53|YEAR_LAST_IMPROVEMENT||2015|
12/31/2021|54|49200330000EB|4|4.35|YEAR_LAST_IMPROVEMENT||2013|
12/31/2021|54|4940007000000|0.22|0.423|YEAR_LAST_IMPROVEMENT||2021|
12/31/2021|54|4940012000000|5.08|5.29|YEAR_LAST_IMPROVEMENT||2014|
12/31/2021|54|4940151000000|1.13|1.6|YEAR_LAST_IMPROVEMENT||2012|
12/31/2021|54|49201190000NB|5.38|5.6|YEAR_LAST_IMPROVEMENT||2011|
12/31/2021|54|4930020000000|22.87|23.54|YEAR_LAST_IMPROVEMENT||2011|
12/31/2021|54|5130015000000|6.3|8.48|YEAR_LAST_IMPROVEMENT||2019|
12/31/2021|54|4940151000000|0.34|0.64|YEAR_LAST_IMPROVEMENT||2012|
12/31/2021|54|49200330000EB|2.51|4|YEAR_LAST_IMPROVEMENT||2013|
12/31/2021|54|49200330000EB|1.22|2.51|YEAR_LAST_IMPROVEMENT||2013|
12/31/2021|54|4940012000000|2.57|4.26|YEAR_LAST_IMPROVEMENT||2014|
12/31/2021|54|4940009010000|0|0.97|YEAR_LAST_IMPROVEMENT||2021|
12/31/2021|54|4940012000000|1.53|2.57|YEAR_LAST_IMPROVEMENT||2015|
12/31/2021|54|5140003000000|8.08|10.38|YEAR_LAST_IMPROVEMENT||2018|
12/31/2021|54|4940001000000|2.28|3.17|YEAR_LAST_IMPROVEMENT||2019|
12/31/2021|54|49200330000EB|8.31|10.87|YEAR_LAST_IMPROVEMENT||2013|
12/31/2021|54|3630028000000|24.07|25.57|YEAR_LAST_IMPROVEMENT||1905|
12/31/2021|54|42202500000NB|9.71|12.45|YEAR_LAST_IMPROVEMENT||1905|
12/31/2021|54|4730032000000|16.09|16.45|YEAR_LAST_IMPROVEMENT||1905|
12/31/2021|54|38202190000NB|26.37|29.12|YEAR_LAST_IMPROVEMENT||1905|
12/31/2021|54|42200330000EB|7.76|8.05|YEAR_LAST_IMPROVEMENT||1905|
12/31/2021|54|42202190000NB|17.4|19.15|YEAR_LAST_IMPROVEMENT||1905|
12/31/2021|54|4730093000000|2.34|7.42|YEAR_LAST_IMPROVEMENT||1905|
12/31/2021|54|38202190000NB|34.47|34.78|YEAR_LAST_IMPROVEMENT||1905|
12/31/2021|54|38202190000NB|0|3.69|YEAR_LAST_IMPROVEMENT||1905|
12/31/2021|54|47202190000NB|22.16|25.83|YEAR_LAST_IMPROVEMENT||1905|
12/31/2021|54|38202190000NB|34.79|37.89|YEAR_LAST_IMPROVEMENT||1905|
12/31/2021|54|42202190000NB|27.85|30.16|YEAR_LAST_IMPROVEMENT||1905|
12/31/2021|54|4240033070000|0|2.01|YEAR_LAST_IMPROVEMENT||1905|
12/31/2021|54|42202190000NB|8.74|9.68|YEAR_LAST_IMPROVEMENT||1905|
12/31/2021|54|4730032000000|14.79|16.09|YEAR_LAST_IMPROVEMENT||1905|
12/31/2021|54|4240011000000|2.48|2.491|YEAR_LAST_IMPROVEMENT||1905|
12/31/2021|54|47202190000NB|26.1|27.76|YEAR_LAST_IMPROVEMENT||1905|
12/31/2021|54|38202190000NB|6.01|7.15|YEAR_LAST_IMPROVEMENT||1905|
12/31/2021|54|3830039000000|27.78|28.08|YEAR_LAST_IMPROVEMENT||1905|
12/31/2021|54|38202190000NB|4.37|6.01|YEAR_LAST_IMPROVEMENT||1905|
12/31/2021|54|42202190000NB|19.15|21.44|YEAR_LAST_IMPROVEMENT||1905|
12/31/2021|54|47202190000NB|5.57|7.37|YEAR_LAST_IMPROVEMENT||1905|
12/31/2021|54|36200330000EB|5.49|5.92|YEAR_LAST_IMPROVEMENT||1905|
12/31/2021|54|42200330000EB|9.5|9.74|YEAR_LAST_IMPROVEMENT||1905|
12/31/2021|54|4730032000000|0|3.26|YEAR_LAST_IMPROVEMENT||1905|
12/31/2021|54|3830092000000|0|5.83|YEAR_LAST_IMPROVEMENT||1905|
12/31/2021|54|38202190000NB|14.15|14.67|YEAR_LAST_IMPROVEMENT||1905|
12/31/2021|54|4272254001900|0|0.3|YEAR_LAST_IMPROVEMENT||1905|
12/31/2021|54|42202190000NB|0|3.24|YEAR_LAST_IMPROVEMENT||1905|
12/31/2021|54|42202190000NB|15.89|17.4|YEAR_LAST_IMPROVEMENT||1905|
12/31/2021|54|47300320005SB|0.04|0.19|YEAR_LAST_IMPROVEMENT||1905|
12/31/2021|54|38202190000NB|19.58|21.84|YEAR_LAST_IMPROVEMENT||1905|
12/31/2021|54|4240031000000|0|1.81|YEAR_LAST_IMPROVEMENT||1905|
12/31/2021|54|47202190000NB|13.1|17.49|YEAR_LAST_IMPROVEMENT||1905|
12/31/2021|54|4730093000000|0.15|0.91|YEAR_LAST_IMPROVEMENT||1905|
12/31/2021|54|47202190000NB|17.49|18|YEAR_LAST_IMPROVEMENT||1905|
12/31/2021|54|42202190000NB|21.48|21.67|YEAR_LAST_IMPROVEMENT||1905|
12/31/2021|54|38202190000NB|7.77|9.82|YEAR_LAST_IMPROVEMENT||1905|
12/31/2021|54|42202190000NB|8.55|8.74|YEAR_LAST_IMPROVEMENT||1905|
12/31/2021|54|38202190000NB|3.69|4.37|YEAR_LAST_IMPROVEMENT||1905|
12/31/2021|54|4730093000000|0|0.15|YEAR_LAST_IMPROVEMENT||1905|
12/31/2021|54|28200520000EB|0|0.58|YEAR_LAST_IMPROVEMENT||1905|
12/31/2021|54|41100640000EB|120.69|122.62|YEAR_LAST_IMPROVEMENT||1905|
12/31/2021|54|5530097000000|28.09|32.88|YEAR_LAST_IMPROVEMENT||1905|
12/31/2021|54|5530097000000|22.83|23.2|YEAR_LAST_IMPROVEMENT||1905|
12/31/2021|54|5530097000000|21.56|22.26|YEAR_LAST_IMPROVEMENT||1905|
12/31/2021|54|55200520000EB|7.65|8.34|YEAR_LAST_IMPROVEMENT||1905|
12/31/2021|54|55200520000EB|4.78|7.65|YEAR_LAST_IMPROVEMENT||1905|
12/31/2021|54|55200520000EB|0|1.4|YEAR_LAST_IMPROVEMENT||1905|
12/31/2021|54|5530016000000|10.99|11.4|YEAR_LAST_IMPROVEMENT||1905|
12/31/2021|54|5530016000000|6.42|8.95|YEAR_LAST_IMPROVEMENT||1905|
12/31/2021|54|5530016000000|1.73|3.33|YEAR_LAST_IMPROVEMENT||1905|
12/31/2021|54|5530010000000|24.14|24.38|YEAR_LAST_IMPROVEMENT||1905|
12/31/2021|54|4130307000000|7.42|8.45|YEAR_LAST_IMPROVEMENT||1905|
12/31/2021|54|4130307000000|4.55|5.59|YEAR_LAST_IMPROVEMENT||1905|
12/31/2021|54|4130210000000|1.89|2.79|YEAR_LAST_IMPROVEMENT||1905|
12/31/2021|54|41100640000EB|137.48|138.01|YEAR_LAST_IMPROVEMENT||1905|
12/31/2021|54|41100640000EB|132.84|137.48|YEAR_LAST_IMPROVEMENT||1905|
12/31/2021|54|41100640000EB|132|132.53|YEAR_LAST_IMPROVEMENT||1905|
12/31/2021|54|41100640000EB|126.65|127.58|YEAR_LAST_IMPROVEMENT||1905|
12/31/2021|54|41100640000EB|123.63|124.47|YEAR_LAST_IMPROVEMENT||1905|
12/31/2021|54|41100640000EB|122.71|123.18|YEAR_LAST_IMPROVEMENT||1905|
12/31/2021|54|4130061000000|2.604|3.29|YEAR_LAST_IMPROVEMENT||1905|
12/31/2021|54|4130054000000|10.14|10.33|YEAR_LAST_IMPROVEMENT||1905|
12/31/2021|54|4130054000000|2.48|4.86|YEAR_LAST_IMPROVEMENT||1905|
12/31/2021|54|4140048000000|0|1.9|YEAR_LAST_IMPROVEMENT||1905|
12/31/2021|54|4140041210000|0|1.63|YEAR_LAST_IMPROVEMENT||1905|
12/31/2021|54|4130041000000|1.99|2.19|YEAR_LAST_IMPROVEMENT||1905|
12/31/2021|54|4130041000000|1.85|1.99|YEAR_LAST_IMPROVEMENT||1905|
12/31/2021|54|4130041000000|0|0.71|YEAR_LAST_IMPROVEMENT||1905|
12/31/2021|54|4140025000000|3.7|5.9|YEAR_LAST_IMPROVEMENT||1905|
12/31/2021|54|41200190014NB|0|2.7|YEAR_LAST_IMPROVEMENT||1905|
12/31/2021|54|4140019030000|0.387|0.5|YEAR_LAST_IMPROVEMENT||1905|
12/31/2021|54|41200190000NB|16.669|16.925|YEAR_LAST_IMPROVEMENT||1905|
12/31/2021|54|41200190000NB|19.8|21.61|YEAR_LAST_IMPROVEMENT||1905|
12/31/2021|54|41200190000NB|18.64|19.33|YEAR_LAST_IMPROVEMENT||1905|
12/31/2021|54|41200190000NB|18.31|18.41|YEAR_LAST_IMPROVEMENT||1905|
12/31/2021|54|41200190000NB|17.18|17.95|YEAR_LAST_IMPROVEMENT||1905|
12/31/2021|54|41200190000NB|0|2.17|YEAR_LAST_IMPROVEMENT||1905|
12/31/2021|54|4140018000000|3.51|4.41|YEAR_LAST_IMPROVEMENT||1905|
12/31/2021|54|4140018000000|3|3.51|YEAR_LAST_IMPROVEMENT||1905|
12/31/2021|54|4140018000000|2.99|3|YEAR_LAST_IMPROVEMENT||1905|
12/31/2021|54|4140016100000|0.53|0.9|YEAR_LAST_IMPROVEMENT||1905|
12/31/2021|54|4130016000000|15.08|15.61|YEAR_LAST_IMPROVEMENT||1905|
12/31/2021|54|4130016000000|9.485|9.8|YEAR_LAST_IMPROVEMENT||1905|
12/31/2021|54|4130016000000|15.65|15.81|YEAR_LAST_IMPROVEMENT||1905|
12/31/2021|54|4130016000000|14.72|15.08|YEAR_LAST_IMPROVEMENT||1905|
12/31/2021|54|4130016000000|14.42|14.72|YEAR_LAST_IMPROVEMENT||1905|
12/31/2021|54|4140011000000|0|1.26|YEAR_LAST_IMPROVEMENT||1905|
12/31/2021|54|4140008030000|0|0.65|YEAR_LAST_IMPROVEMENT||1905|
12/31/2021|54|4140008010000|1.02|1.6|YEAR_LAST_IMPROVEMENT||1905|
12/31/2021|54|4140008000000|0.19|0.75|YEAR_LAST_IMPROVEMENT||1905|
12/31/2021|54|4140008000000|0|0.11|YEAR_LAST_IMPROVEMENT||1905|
12/31/2021|54|41100640000EB|129.49|132|YEAR_LAST_IMPROVEMENT||1905|
12/31/2021|54|41100640000EB|128.91|129.49|YEAR_LAST_IMPROVEMENT||1905|
12/31/2021|54|4140006030000|0.53|1.48|YEAR_LAST_IMPROVEMENT||1905|
12/31/2021|54|4140006020000|1.57|1.69|YEAR_LAST_IMPROVEMENT||1905|
12/31/2021|54|4140006000000|0.91|1.13|YEAR_LAST_IMPROVEMENT||1905|
12/31/2021|54|4140006000000|0|0.14|YEAR_LAST_IMPROVEMENT||1905|
12/31/2021|54|4140004030000|0|0.47|YEAR_LAST_IMPROVEMENT||1905|
12/31/2021|54|4140003180000|2.77|3.51|YEAR_LAST_IMPROVEMENT||1905|
12/31/2021|54|4130003000000|36.23|36.49|YEAR_LAST_IMPROVEMENT||1905|
12/31/2021|54|4130003000000|35.98|36.18|YEAR_LAST_IMPROVEMENT||1905|
12/31/2021|54|4130003000000|37.1|37.73|YEAR_LAST_IMPROVEMENT||1905|
12/31/2021|54|4140001000000|3.4|4.14|YEAR_LAST_IMPROVEMENT||1905|
12/31/2021|54|4140001000000|1.95|3.4|YEAR_LAST_IMPROVEMENT||1905|
12/31/2021|54|41200190023EB|0|0.033|YEAR_LAST_IMPROVEMENT||1905|
12/31/2021|54|2830598000000|2.59|2.98|YEAR_LAST_IMPROVEMENT||1905|
12/31/2021|54|2830598000000|2.4|2.59|YEAR_LAST_IMPROVEMENT||1905|
12/31/2021|54|2830598000000|0|2.13|YEAR_LAST_IMPROVEMENT||1905|
12/31/2021|54|28204600000EB|14.72|15.15|YEAR_LAST_IMPROVEMENT||1905|
12/31/2021|54|28204600000EB|13.48|14.72|YEAR_LAST_IMPROVEMENT||1905|
12/31/2021|54|28204600000EB|4.29|5.38|YEAR_LAST_IMPROVEMENT||1905|
12/31/2021|54|28204600000EB|2.9|3.09|YEAR_LAST_IMPROVEMENT||1905|
12/31/2021|54|28204600000EB|1.33|2.9|YEAR_LAST_IMPROVEMENT||1905|
12/31/2021|54|28204600000EB|0.029|1.06|YEAR_LAST_IMPROVEMENT||1905|
12/31/2021|54|28100770000NB|5.12|8.189|YEAR_LAST_IMPROVEMENT||1905|
12/31/2021|54|28100770000NB|2.56|5.12|YEAR_LAST_IMPROVEMENT||1905|
12/31/2021|54|28100770000NB|0.69|2.56|YEAR_LAST_IMPROVEMENT||1905|
12/31/2021|54|28200520004NB|0|0.22|YEAR_LAST_IMPROVEMENT||1905|
12/31/2021|54|28200520000EB|6.96|7.76|YEAR_LAST_IMPROVEMENT||1905|
12/31/2021|54|28200520000EB|4.12|5.2|YEAR_LAST_IMPROVEMENT||1905|
12/31/2021|54|2840027000000|2.12|2.59|YEAR_LAST_IMPROVEMENT||1905|
12/31/2021|54|2840027000000|0|1.57|YEAR_LAST_IMPROVEMENT||1905|
12/31/2021|54|2840025000000|0.57|1.53|YEAR_LAST_IMPROVEMENT||1905|
12/31/2021|54|2840025000000|0|0.57|YEAR_LAST_IMPROVEMENT||1905|
12/31/2021|54|2840024000000|0.3|2.789|YEAR_LAST_IMPROVEMENT||1905|
12/31/2021|54|2840024000000|0|0.3|YEAR_LAST_IMPROVEMENT||1905|
12/31/2021|54|2840021010000|0|0.89|YEAR_LAST_IMPROVEMENT||1905|
12/31/2021|54|2830020000000|12.05|12.78|YEAR_LAST_IMPROVEMENT||1905|
12/31/2021|54|2830020000000|10.32|11.4|YEAR_LAST_IMPROVEMENT||1905|
12/31/2021|54|2830020000000|4.23|5.2|YEAR_LAST_IMPROVEMENT||1905|
12/31/2021|54|2840019290000|2.54|3.32|YEAR_LAST_IMPROVEMENT||1905|
12/31/2021|54|28200190000NB|10.76|11.7|YEAR_LAST_IMPROVEMENT||1905|
12/31/2021|54|28200190000NB|6.01|7.44|YEAR_LAST_IMPROVEMENT||1905|
12/31/2021|54|28200190000NB|5.34|6.01|YEAR_LAST_IMPROVEMENT||1905|
12/31/2021|54|28200190000NB|2.88|3.87|YEAR_LAST_IMPROVEMENT||1905|
12/31/2021|54|2840016100000|0|0.66|YEAR_LAST_IMPROVEMENT||1905|
12/31/2021|54|2840016010000|0.59|0.74|YEAR_LAST_IMPROVEMENT||1905|
12/31/2021|54|2840016000000|2.5|2.614|YEAR_LAST_IMPROVEMENT||1905|
12/31/2021|54|2840016000000|1.7|2.5|YEAR_LAST_IMPROVEMENT||1905|
12/31/2021|54|2840014000000|0|0.63|YEAR_LAST_IMPROVEMENT||1905|
12/31/2021|54|2840011000000|0.08|0.58|YEAR_LAST_IMPROVEMENT||1905|
12/31/2021|54|28100770000NB|8.189|8.98|YEAR_LAST_IMPROVEMENT||1905|
12/31/2021|54|2840007050000|1.836|2.1|YEAR_LAST_IMPROVEMENT||1905|
12/31/2021|54|2840007050000|1.11|1.83|YEAR_LAST_IMPROVEMENT||1905|
12/31/2021|54|2840052200000|0.001|0.82|YEAR_LAST_IMPROVEMENT||1905|
12/31/2021|54|28200520000EB|13.44|13.67|YEAR_LAST_IMPROVEMENT||1905|
12/31/2021|54|28200520000EB|12.97|13.39|YEAR_LAST_IMPROVEMENT||1905|
12/31/2021|54|4130210000000|1.2|1.89|YEAR_LAST_IMPROVEMENT||1905|
12/31/2021|54|2430083000000|14.092|17.6|YEAR_LAST_IMPROVEMENT||1905|
12/31/2021|54|2430083000000|17.6|18.01|YEAR_LAST_IMPROVEMENT||1905|
12/31/2021|54|2430083000000|7.94|8.06|YEAR_LAST_IMPROVEMENT||1905|
12/31/2021|54|2430083000000|6.42|7.46|YEAR_LAST_IMPROVEMENT||1905|
12/31/2021|54|2430083000000|0|6.42|YEAR_LAST_IMPROVEMENT||1905|
12/31/2021|54|24200520000EB|24.59|26.77|YEAR_LAST_IMPROVEMENT||1905|
12/31/2021|54|24200520000EB|9.59|12.82|YEAR_LAST_IMPROVEMENT||1905|
12/31/2021|54|24200520000EB|6.4|7.91|YEAR_LAST_IMPROVEMENT||1905|
12/31/2021|54|24200520000EB|5.19|6.4|YEAR_LAST_IMPROVEMENT||1905|
12/31/2021|54|24200520000EB|2.54|3.72|YEAR_LAST_IMPROVEMENT||1905|
12/31/2021|54|24200520000EB|0|1.09|YEAR_LAST_IMPROVEMENT||1905|
12/31/2021|54|2430016000000|32.7|35.38|YEAR_LAST_IMPROVEMENT||1905|
12/31/2021|54|2430016000000|29.19|29.41|YEAR_LAST_IMPROVEMENT||1905|
12/31/2021|54|2430016000000|23.76|24.86|YEAR_LAST_IMPROVEMENT||1905|
12/31/2021|54|2430016000000|22.05|23.76|YEAR_LAST_IMPROVEMENT||1905|
12/31/2021|54|2430016000000|20.79|22.05|YEAR_LAST_IMPROVEMENT||1905|
12/31/2021|54|2430016000000|19.56|20.79|YEAR_LAST_IMPROVEMENT||1905|
12/31/2021|54|2430016000000|16.06|19.56|YEAR_LAST_IMPROVEMENT||1905|
12/31/2021|54|2430016000000|13.75|14.05|YEAR_LAST_IMPROVEMENT||1905|
12/31/2021|54|2430016000000|9.47|10.14|YEAR_LAST_IMPROVEMENT||1905|
12/31/2021|54|2430016000000|4.05|6.18|YEAR_LAST_IMPROVEMENT||1905|
12/31/2021|54|2430016000000|0.06|1.73|YEAR_LAST_IMPROVEMENT||1905|
12/31/2021|54|2440009000000|7.87|9.2|YEAR_LAST_IMPROVEMENT||1905|
12/31/2021|54|1030006000000|0|0.12|YEAR_LAST_IMPROVEMENT||1905|
12/31/2021|54|1030061000000|8.74|9.33|YEAR_LAST_IMPROVEMENT||1905|
12/31/2021|54|1030061000000|22.53|25.56|YEAR_LAST_IMPROVEMENT||1905|
12/31/2021|54|1030061000000|0|1.12|YEAR_LAST_IMPROVEMENT||1905|
12/31/2021|54|1040005000000|0.06|0.62|YEAR_LAST_IMPROVEMENT||1905|
12/31/2021|54|1040008000000|3.28|6.25|YEAR_LAST_IMPROVEMENT||1905|
12/31/2021|54|1040008000000|1.3|2|YEAR_LAST_IMPROVEMENT||1905|
12/31/2021|54|1040008000000|2.47|2.82|YEAR_LAST_IMPROVEMENT||1905|
12/31/2021|54|10200190000NB|6.66|8.23|YEAR_LAST_IMPROVEMENT||1905|
12/31/2021|54|10200190000NB|0|1.02|YEAR_LAST_IMPROVEMENT||1905|
12/31/2021|54|10200190000NB|6.16|6.66|YEAR_LAST_IMPROVEMENT||1905|
12/31/2021|54|10200600000EB|0.34|1.01|YEAR_LAST_IMPROVEMENT||1905|
12/31/2021|54|1374103001900|0|0.31|YEAR_LAST_IMPROVEMENT||1905|
12/31/2021|54|13100640000EB|182.02|184.02|YEAR_LAST_IMPROVEMENT||1905|
12/31/2021|54|13100640000EB|156.18|161.46|YEAR_LAST_IMPROVEMENT||1905|
12/31/2021|54|13100640000EB|181.12|182.02|YEAR_LAST_IMPROVEMENT||1905|
12/31/2021|54|13100640000EB|178.43|181.12|YEAR_LAST_IMPROVEMENT||1905|
12/31/2021|54|13100640000EB|174.1|175.31|YEAR_LAST_IMPROVEMENT||1905|
12/31/2021|54|13100640000EB|161.46|165.95|YEAR_LAST_IMPROVEMENT||1905|
12/31/2021|54|13100640000EB|176.16|178.43|YEAR_LAST_IMPROVEMENT||1905|
12/31/2021|54|13100640000EB|170.09|170.23|YEAR_LAST_IMPROVEMENT||1905|
12/31/2021|54|13100640000EB|175.31|176.16|YEAR_LAST_IMPROVEMENT||1905|
12/31/2021|54|13100640000EB|168.96|170.09|YEAR_LAST_IMPROVEMENT||1905|
12/31/2021|54|13100640000EB|165.95|168.89|YEAR_LAST_IMPROVEMENT||1905|
12/31/2021|54|13100640000EB|172.62|174.1|YEAR_LAST_IMPROVEMENT||1905|
12/31/2021|54|13202190000NB|14.16|14.34|YEAR_LAST_IMPROVEMENT||1905|
12/31/2021|54|13202190000NB|14.34|14.45|YEAR_LAST_IMPROVEMENT||1905|
12/31/2021|54|13202190005SB|0|0.33|YEAR_LAST_IMPROVEMENT||1905|
12/31/2021|54|13202190005SB|0.33|1.64|YEAR_LAST_IMPROVEMENT||1905|
12/31/2021|54|32202190000NB|19.66|23|YEAR_LAST_IMPROVEMENT||1905|
12/31/2021|54|32202190000NB|1.92|7.87|YEAR_LAST_IMPROVEMENT||1905|
12/31/2021|54|34200190000NB|1.38|3.4|YEAR_LAST_IMPROVEMENT||1905|
12/31/2021|54|34200190000NB|11.03|11.47|YEAR_LAST_IMPROVEMENT||1905|
12/31/2021|54|34200190000NB|31.65|31.85|YEAR_LAST_IMPROVEMENT||1905|
12/31/2021|54|4530020000000|25.32|32.14|YEAR_LAST_IMPROVEMENT||1905|
12/31/2021|54|5440021020000|0|0.39|YEAR_LAST_IMPROVEMENT||1905|
12/31/2021|54|5430068000000|0|0.35|YEAR_LAST_IMPROVEMENT||1905|
12/31/2021|54|5430095000000|6.44|6.58|YEAR_LAST_IMPROVEMENT||1905|
12/31/2021|54|5430095000000|3.77|3.99|YEAR_LAST_IMPROVEMENT||1905|
12/31/2021|54|54100770000NB|186.72|187.21|YEAR_LAST_IMPROVEMENT||1905|
12/31/2021|54|54100770000NB|185.64|186.72|YEAR_LAST_IMPROVEMENT||1905|
12/31/2021|54|54100770000NB|176.46|176.76|YEAR_LAST_IMPROVEMENT||1905|
12/31/2021|54|54100770000NB|173.94|176.46|YEAR_LAST_IMPROVEMENT||1905|
12/31/2021|54|54100770000NB|168.37|172.29|YEAR_LAST_IMPROVEMENT||1905|
12/31/2021|54|54100770000NB|162.73|168.205|YEAR_LAST_IMPROVEMENT||1905|
12/31/2021|54|54100770000NB|161.66|162.73|YEAR_LAST_IMPROVEMENT||1905|
12/31/2021|54|54100770000NB|160.38|161.66|YEAR_LAST_IMPROVEMENT||1905|
12/31/2021|54|54100770000NB|158.69|160.38|YEAR_LAST_IMPROVEMENT||1905|
12/31/2021|54|54100770000NB|156.99|158.69|YEAR_LAST_IMPROVEMENT||1905|
12/31/2021|54|54200500000EB|8.94|10.02|YEAR_LAST_IMPROVEMENT||1905|
12/31/2021|54|5440047040000|0|0.23|YEAR_LAST_IMPROVEMENT||1905|
12/31/2021|54|5430047000000|0.45|0.56|YEAR_LAST_IMPROVEMENT||1905|
12/31/2021|54|5430014000100|0|0.63|YEAR_LAST_IMPROVEMENT||1905|
12/31/2021|54|5440014160000|2.89|3.83|YEAR_LAST_IMPROVEMENT||1905|
12/31/2021|54|5440014160000|0.86|1.23|YEAR_LAST_IMPROVEMENT||1905|
12/31/2021|54|5440014160000|0.18|0.86|YEAR_LAST_IMPROVEMENT||1905|
12/31/2021|54|5440014140000|0|0.66|YEAR_LAST_IMPROVEMENT||1905|
12/31/2021|54|5430014000000|16.1|16.76|YEAR_LAST_IMPROVEMENT||1905|
12/31/2021|54|5430014000000|15.32|15.45|YEAR_LAST_IMPROVEMENT||1905|
12/31/2021|54|5430014000000|15.19|15.32|YEAR_LAST_IMPROVEMENT||1905|
12/31/2021|54|5430014000000|11.28|11.76|YEAR_LAST_IMPROVEMENT||1905|
12/31/2021|54|54100770000NB|168.205|168.37|YEAR_LAST_IMPROVEMENT||1905|
12/31/2021|54|5330014000000|19.34|20.71|YEAR_LAST_IMPROVEMENT||1905|
12/31/2021|54|44200330000EB|15.77|17.73|YEAR_LAST_IMPROVEMENT||1905|
12/31/2021|54|44200330000EB|6.75|9.1|YEAR_LAST_IMPROVEMENT||1905|
12/31/2021|54|44200330000EB|4.33|5.61|YEAR_LAST_IMPROVEMENT||1905|
12/31/2021|54|4330053000000|0|1.4|YEAR_LAST_IMPROVEMENT||1905|
12/31/2021|54|43200500000EB|13.57|14.78|YEAR_LAST_IMPROVEMENT||1905|
12/31/2021|54|3730016000000|7.41|8.23|YEAR_LAST_IMPROVEMENT||1905|
12/31/2021|54|3730002000000|14.95|17.49|YEAR_LAST_IMPROVEMENT||1905|
12/31/2021|54|3730002000000|5.72|6.86|YEAR_LAST_IMPROVEMENT||1905|
12/31/2021|54|3730002000000|3.71|4.75|YEAR_LAST_IMPROVEMENT||1905|
12/31/2021|54|18100770000NB|156.01|156.99|YEAR_LAST_IMPROVEMENT||1905|
12/31/2021|54|18100770000NB|154.41|156.01|YEAR_LAST_IMPROVEMENT||1905|
12/31/2021|54|18100770000NB|153.79|154.41|YEAR_LAST_IMPROVEMENT||1905|
12/31/2021|54|18100770000NB|145.99|150.45|YEAR_LAST_IMPROVEMENT||1905|
12/31/2021|54|18100770000NB|138.83|145.99|YEAR_LAST_IMPROVEMENT||1905|
12/31/2021|54|18100770000NB|137.74|138.83|YEAR_LAST_IMPROVEMENT||1905|
12/31/2021|54|18100770000NB|132.44|137.74|YEAR_LAST_IMPROVEMENT||1905|
12/31/2021|54|18200330000EB|21.43|24.76|YEAR_LAST_IMPROVEMENT||1905|
12/31/2021|54|18200330000EB|11.09|11.48|YEAR_LAST_IMPROVEMENT||1905|
12/31/2021|54|1840021000000|28.32|29.88|YEAR_LAST_IMPROVEMENT||1905|
12/31/2021|54|1840021000000|19.64|20.96|YEAR_LAST_IMPROVEMENT||1905|
12/31/2021|54|1830002000000|11.14|11.28|YEAR_LAST_IMPROVEMENT||1905|
12/31/2021|54|1830002000000|10.86|11|YEAR_LAST_IMPROVEMENT||1905|
12/31/2021|54|1830002000000|0|2.72|YEAR_LAST_IMPROVEMENT||1905|
12/31/2021|54|07200330000EB|6.62|8.3|YEAR_LAST_IMPROVEMENT||1905|
12/31/2021|54|07200330000EB|3.68|5.03|YEAR_LAST_IMPROVEMENT||1905|
12/31/2021|54|07200330000EB|0.09|2.33|YEAR_LAST_IMPROVEMENT||1905|
12/31/2021|54|0730005000000|12.09|12.62|YEAR_LAST_IMPROVEMENT||1905|
