BeginDate|StateID|RouteID|BeginPoint|EndPoint|ValueNumeric|DataItem|Comment|ValueText|ValueDate
01/01/2025|54|02100810000NB|0.0|26.0|1.0|NHFN|||
01/01/2025|54|06100640000EB|5.87|31.77|1.0|NHFN|||
01/01/2025|54|10100770016NB|52.58|67.21|1.0|NHFN|||
01/01/2025|54|18100770000NB|117.5|156.99|1.0|NHFN|||
01/01/2025|54|20100640000EB|45.39|58.78|1.0|NHFN|||
01/01/2025|54|20100770000NB|95.34|117.5|1.0|NHFN|||
01/01/2025|54|20100770016NB|67.21|95.34|1.0|NHFN|||
01/01/2025|54|28100770000NB|0.0|8.98|1.0|NHFN|||
01/01/2025|54|28100770016NB|8.98|27.26|1.0|NHFN|||
01/01/2025|54|35100700000EB|0.0|14.45|1.0|NHFN|||
01/01/2025|54|40100640000EB|31.77|45.39|1.0|NHFN|||
01/01/2025|54|41100770016NB|27.26|52.58|1.0|NHFN|||
01/01/2025|54|50100640000EB|0.0|5.87|1.0|NHFN|||
01/01/2025|54|54100770000NB|156.99|187.21|1.0|NHFN|||
01/01/2025|54|06200600007WB|0.15|2.26|1.0|NHFN|||
01/01/2025|54|0630010000000|18.41|18.58|1.0|NHFN|||
01/01/2025|54|06200600000EB|6.019|9.363|1.0|NHFN|||
01/01/2025|54|0630002000000|0.0|5.61|1.0|NHFN|||
01/01/2025|54|06200600000EB|3.93|6.019|1.0|NHFN|||
01/01/2025|54|06200600007WB|0.005|0.15|1.0|NHFN|||
01/01/2025|54|0630527000000|0.0|0.6|1.0|NHFN|||
01/01/2025|54|0630527000100|0.278|0.51|1.0|NHFN|||
01/01/2025|54|06200600000EB|2.88|3.93|1.0|NHFN|||
01/01/2025|54|0230009000000|10.55|20.18|2.0|NHFN|||
01/01/2025|54|05200220000EB|0.0|5.89|2.0|NHFN|||
01/01/2025|54|0530002000000|15.61|16.81|2.0|NHFN|||
01/01/2025|54|0530002000000|0.0|5.72|2.0|NHFN|||
01/01/2025|54|0630002000000|5.63|17.99|2.0|NHFN|||
01/01/2025|54|09200500000EB|0.0|18.87|2.0|NHFN|||
01/01/2025|54|13202190000NB|6.72|12.82|2.0|NHFN|||
01/01/2025|54|1530002000000|0.0|21.37|2.0|NHFN|||
01/01/2025|54|16200480024EB|31.11|37.94|2.0|NHFN|||
01/01/2025|54|17200500000EB|0.0|18.35|2.0|NHFN|||
01/01/2025|54|18200330000EB|0.0|3.32|2.0|NHFN|||
01/01/2025|54|1830002000000|0.0|13.62|2.0|NHFN|||
01/01/2025|54|19203400000NB|0.0|16.03|2.0|NHFN|||
01/01/2025|54|1930009000000|0.0|8.94|2.0|NHFN|||
01/01/2025|54|2630002000000|0.0|27.73|2.0|NHFN|||
01/01/2025|54|27200350000NB|0.0|18.46|2.0|NHFN|||
01/01/2025|54|2730002000000|0.0|36.98|2.0|NHFN|||
01/01/2025|54|2430121002400|23.81|28.128|2.0|NHFN|||
01/01/2025|54|2430121002400|21.49|23.81|2.0|NHFN|||
01/01/2025|54|2430121002400|8.19|21.49|2.0|NHFN|||
01/01/2025|54|2430121002400|0.0|7.0|2.0|NHFN|||
01/01/2025|54|24200520024EB|22.22|23.644|2.0|NHFN|||
01/01/2025|54|24200520024EB|36.152|38.813|2.0|NHFN|||
01/01/2025|54|24200520024EB|6.35|22.22|2.0|NHFN|||
01/01/2025|54|28200520000EB|16.54|18.49|2.0|NHFN|||
01/01/2025|54|28200520024EB|0.0|5.09|2.0|NHFN|||
01/01/2025|54|28200520024EB|0.0|0.0|2.0|NHFN|||
01/01/2025|54|28301080000SB|0.0|1.1|2.0|NHFN|||
01/01/2025|54|2830108000000|1.1|2.43|2.0|NHFN|||
01/01/2025|54|28200520024EB|7.83|10.93|2.0|NHFN|||
01/01/2025|54|28200520024EB|5.08|7.83|2.0|NHFN|||
01/01/2025|54|30200520024EB|44.7|50.65|2.0|NHFN|||
01/01/2025|54|30200520024EB|39.759|44.74|2.0|NHFN|||
01/01/2025|54|30200520024EB|16.7|25.0|2.0|NHFN|||
01/01/2025|54|30200520024EB|25.0|30.3|2.0|NHFN|||
01/01/2025|54|30200520000EB|33.64|43.09|2.0|NHFN|||
01/01/2025|54|30200520024EB|1.06|3.39|2.0|NHFN|||
01/01/2025|54|30200520024EB|0.0|1.06|2.0|NHFN|||
01/01/2025|54|30200520024EB|3.39|6.2|2.0|NHFN|||
01/01/2025|54|33205220024NB|0.0|17.5|2.0|NHFN|||
01/01/2025|54|3530002000000|0.0|3.31|2.0|NHFN|||
01/01/2025|54|3530002000000|8.89|11.61|2.0|NHFN|||
01/01/2025|54|3730002000000|0.0|17.49|2.0|NHFN|||
01/01/2025|54|40200350000NB|0.0|16.78|2.0|NHFN|||
01/01/2025|54|4130121000000|6.46|10.86|2.0|NHFN|||
01/01/2025|54|4132033002400|0.0|4.0|2.0|NHFN|||
01/01/2025|54|4130121000000|11.91|15.61|2.0|NHFN|||
01/01/2025|54|4130121000000|0.0|6.46|2.0|NHFN|||
01/01/2025|54|42200480024EB|31.5|44.64|2.0|NHFN|||
01/01/2025|54|43200500000EB|0.0|20.95|2.0|NHFN|||
01/01/2025|54|47200480024EB|0.0|6.3|2.0|NHFN|||
01/01/2025|54|47200480024EB|6.3|20.74|2.0|NHFN|||
01/01/2025|54|4830002000000|0.0|13.93|2.0|NHFN|||
01/01/2025|54|50200520024EB|46.44|49.54|2.0|NHFN|||
01/01/2025|54|50200520024EB|49.54|50.526|2.0|NHFN|||
01/01/2025|54|50200520024EB|40.82|44.35|2.0|NHFN|||
01/01/2025|54|50200520024EB|26.59|30.04|2.0|NHFN|||
01/01/2025|54|50200520024EB|35.05|40.82|2.0|NHFN|||
01/01/2025|54|50200520024EB|20.604|22.55|2.0|NHFN|||
01/01/2025|54|50200520000EB|4.41|6.82|2.0|NHFN|||
01/01/2025|54|50200520024EB|44.35|46.44|2.0|NHFN|||
01/01/2025|54|50200520000EB|15.97|20.98|2.0|NHFN|||
01/01/2025|54|50200520024EB|30.04|35.05|2.0|NHFN|||
01/01/2025|54|50200520024EB|22.55|26.59|2.0|NHFN|||
01/01/2025|54|50200520024EB|6.8|15.574|2.0|NHFN|||
01/01/2025|54|5230002000000|0.0|12.12|2.0|NHFN|||
01/01/2025|54|54200500000EB|9.86|24.13|2.0|NHFN|||
01/01/2025|54|5430002000000|23.11|29.46|2.0|NHFN|||
01/01/2025|54|5530121002400|0.0|1.08|2.0|NHFN|||
01/01/2025|54|5530121002400|8.17|11.33|2.0|NHFN|||
01/01/2025|54|5530121002400|11.33|16.51|2.0|NHFN|||
01/01/2025|54|5530121002400|1.08|8.17|2.0|NHFN|||
01/01/2025|54|5530121000000|16.952|19.112|2.0|NHFN|||
01/01/2025|54|5530121002400|16.51|16.95|2.0|NHFN|||
01/01/2025|54|24200520024EB|0.0|6.35|2.0|NHFN|||
01/01/2025|54|55200520024EB|4.7|12.508|2.0|NHFN|||
01/01/2025|54|55200520024EB|0.0|4.7|2.0|NHFN|||
01/01/2025|54|0240001000000|0.0|0.425|3.0|NHFN|||
01/01/2025|54|0240001080000|0.0|0.85|3.0|NHFN|||
01/01/2025|54|0240011210000|0.0|0.33|3.0|NHFN|||
01/01/2025|54|0240011270000|0.0|1.15|3.0|NHFN|||
01/01/2025|54|0240011650000|0.86|1.01|3.0|NHFN|||
01/01/2025|54|0240032000000|1.32|2.57|3.0|NHFN|||
01/01/2025|54|0240009300000|0.0|0.23|3.0|NHFN|||
01/01/2025|54|02200110000NB|6.0|8.08|3.0|NHFN|||
01/01/2025|54|02200110000NB|8.31|9.62|3.0|NHFN|||
01/01/2025|54|02200110000NB|10.4|11.58|3.0|NHFN|||
01/01/2025|54|02200110000NB|16.41|16.96|3.0|NHFN|||
01/01/2025|54|02200110000NB|19.66|20.79|3.0|NHFN|||
01/01/2025|54|02200110000NB|22.41|23.57|3.0|NHFN|||
01/01/2025|54|0230045000000|14.3|16.21|3.0|NHFN|||
01/01/2025|54|0230051000000|4.54|5.23|3.0|NHFN|||
01/01/2025|54|0230009000000|10.434|11.75|3.0|NHFN|||
01/01/2025|54|0230901000000|5.12|5.65|3.0|NHFN|||
01/01/2025|54|0530002000000|5.72|15.61|3.0|NHFN|||
01/01/2025|54|0640060210000|0.0|0.51|3.0|NHFN|||
01/01/2025|54|0640013000000|0.0|0.44|3.0|NHFN|||
01/01/2025|54|06200520000EB|0.0|1.31|3.0|NHFN|||
01/01/2025|54|06200600000EB|1.12|2.88|3.0|NHFN|||
01/01/2025|54|06200600000EB|9.13|12.52|3.0|NHFN|||
01/01/2025|54|0630002000000|2.2|5.63|3.0|NHFN|||
01/01/2025|54|0630527000000|1.04|3.22|3.0|NHFN|||
01/01/2025|54|0630010000000|15.88|18.58|3.0|NHFN|||
01/01/2025|54|19203400000NB|12.03|12.5|3.0|NHFN|||
01/01/2025|54|19203400000NB|9.04|9.6|3.0|NHFN|||
01/01/2025|54|19203400000SB|7.93|8.98|3.0|NHFN|||
01/01/2025|54|1930009000000|7.11|8.89|3.0|NHFN|||
01/01/2025|54|2030094000000|1.507|6.962|3.0|NHFN|||
01/01/2025|54|20201190023NB|0.7|1.17|3.0|NHFN|||
01/01/2025|54|2030622000000|2.403|3.318|3.0|NHFN|||
01/01/2025|54|20201190000SB|13.927|14.908|3.0|NHFN|||
01/01/2025|54|20201190028EB|0.0|0.088|3.0|NHFN|||
01/01/2025|54|20201190003WB|0.0|0.3|3.0|NHFN|||
01/01/2025|54|20201190003EB|0.0|0.3|3.0|NHFN|||
01/01/2025|54|20201190000NB|15.424|17.03|3.0|NHFN|||
01/01/2025|54|20201190000SB|15.512|17.147|3.0|NHFN|||
01/01/2025|54|2030025000000|2.69|5.75|3.0|NHFN|||
01/01/2025|54|20201190000NB|14.006|14.995|3.0|NHFN|||
01/01/2025|54|2030025000000|0.0|0.59|3.0|NHFN|||
01/01/2025|54|26202500000NB|33.98|39.2|3.0|NHFN|||
01/01/2025|54|3140857000000|4.06|7.25|3.0|NHFN|||
01/01/2025|54|31200190000NB|0.0|0.0|3.0|NHFN|||
01/01/2025|54|31400192400SB|2.92|3.35|3.0|NHFN|||
01/01/2025|54|31200190000NB|11.24|14.74|3.0|NHFN|||
01/01/2025|54|31201190000NB|10.37|13.99|3.0|NHFN|||
01/01/2025|54|31200190000NB|9.22|11.23|3.0|NHFN|||
01/01/2025|54|3140019190000|0.0|1.25|3.0|NHFN|||
01/01/2025|54|3140857000000|0.0|3.47|3.0|NHFN|||
01/01/2025|54|3130007000000|34.94|36.13|3.0|NHFN|||
01/01/2025|54|3530002000000|3.31|8.89|3.0|NHFN|||
01/01/2025|54|3540065000000|0.32|1.09|3.0|NHFN|||
01/01/2025|54|35202500000NB|0.0|1.3|3.0|NHFN|||
01/01/2025|54|4040033000000|0.79|2.3|3.0|NHFN|||
01/01/2025|54|4030817000000|1.59|4.75|3.0|NHFN|||
01/01/2025|54|4030034000000|8.58|16.8|3.0|NHFN|||
01/01/2025|54|4030025000000|0.0|2.19|3.0|NHFN|||
01/01/2025|54|41200190000NB|8.75|12.191|3.0|NHFN|||
01/01/2025|54|41200190000SB|8.75|12.17|3.0|NHFN|||
01/01/2025|54|41200190000SB|16.321|18.927|3.0|NHFN|||
01/01/2025|54|41200190000NB|16.399|18.926|3.0|NHFN|||
01/01/2025|54|41200190024NB|0.0|0.0|3.0|NHFN|||
01/01/2025|54|41200190024NB|0.0|0.0|3.0|NHFN|||
01/01/2025|54|41200190024NB|2.7|4.067|3.0|NHFN|||
01/01/2025|54|41200190024SB|2.7|4.067|3.0|NHFN|||
01/01/2025|54|5040003010000|0.0|1.85|3.0|NHFN|||
01/01/2025|54|50200520000WB|5.43|11.133|3.0|NHFN|||
01/01/2025|54|5430002000000|23.09|29.46|3.0|NHFN|||
01/01/2025|54|54200500000EB|5.2|9.83|3.0|NHFN|||
01/01/2025|54|54200500000WB|5.2|9.83|3.0|NHFN|||
