RouteID,BMP,EMP,29_HPMS_SAMPLE_NO,29_HPMS_SAMPLE_NO_april11
2870515001900,0,0.95,280051500000,280051500000
0540507000000,0,0.25,055070000000,055070000000
0540507000000,0.25,0.34,055070000025,055070000025
0540507000000,0.62,1.2,055070000062,055070000062
13100640000EB,147.6,147.93,130640014760,130640014760
13100640000EB,147.93,149.84,130640014793,130640014793
13100640000EB,149.84,156.18,130640014984,130640014984
13100640000EB,156.18,161.46,130640015618,130640015618
13100640000EB,161.46,165.95,130640016146,130640016146
13100640000EB,165.95,168.89,130640016595,130640016595
13100640000EB,168.96,170.09,130640016896,130640016896
13100640000EB,170.09,170.23,130640017009,130640017009
13100640000EB,172.62,174.1,130640017262,130640017262
13100640000EB,174.1,175.31,130640017410,130640017410
13100640000EB,175.31,176.16,130640017531,130640017531
13100640000EB,176.16,178.43,130640017616,130640017616
13100640000EB,178.43,181.12,130640017843,130640017843
13100640000EB,181.12,182.02,130640018112,130640018112
13100640000EB,182.02,184.02,130640018202,130640018202
4140008030000,0,0.65,410080300000,410080300000
2675256001900,0.42,0.59,260525600042,260525600042
4140006030000,0.53,1.48,410060300050,410060300050
2040016000000,4.25,5.42,200160000425,200160000425
3940003000000,4.6,7.27,390030000460,390030000460
2040008000000,0.86,1.17,204000800000,204000800000
2040008000000,2.72,3.24,200080000272,200080000272
04100790000NB,44.6,46.22,040790004460,040790004460
04100790000NB,46.22,49.73,040790004622,040790004622
04100790000NB,49.73,50.35,040790004973,040790004973
04100790000NB,50.35,51.61,040790005035,040790005035
04100790000NB,51.61,52.61,040790005161,040790005161
04100790000NB,52.61,53.27,040790005261,040790005261
04100790000NB,53.27,54.18,040790005327,040790005327
04100790000NB,54.18,57.51,040790005418,040790005418
04100790000NB,57.51,59,040790005751,040790005751
04100790000NB,59,61.47,040790005900,040790005900
04100790000NB,61.47,62.04,040790006147,040790006147
04100790000NB,62.04,63.46,040790006204,040790006204
04100790000NB,63.46,64.83,040790006346,040790006346
04100790000NB,64.83,67.52,040790006483,040790006483
04100790000NB,67.52,69.32,040790006752,040790006752
04100790000NB,69.32,70.83,040790006932,040790006932
04100790000NB,70.83,78.41,040790007083,040790007083
04100790000NB,78.41,79.08,040790007841,040790007841
04100790000NB,79.08,83.15,040790007908,040790007908
2640001000000,0,0.44,260010000000,260010000000
2640001000000,0.49,0.6,260010000049,260010000049
2640001000000,0.6,1.209,260010000060,260010000060
5430068000000,0,0.35,54300680000,54300680000
5430068000000,17.19,18.29,540680001719,540680001719
1740019020000,0.23,0.65,170190200023,170190200023
01200330000EB,0,1.87,010330000000,010330000000
06200520000EB,0.01,0.33,060520000001,060520000001
06200520000EB,0.33,0.45,060520000033,060520000033
06200520000EB,0.75,1.01,060520000075,060520000075
2730062000000,19.72,20.33,270620001972,270620001972
2730062000000,20.33,20.53,270620002033,270620002033
2730062000000,20.55,21.94,270620002055,270620002055
2840024000000,0,0.3,280240000000,280240000000
2840024000000,0.3,2.789,280240000300,280240000300
4040031000000,0,0.3,400310000000,400310000000
3140019080000,0,0.23,310190800000,310190800000
4040046000000,0,2.29,400460000000,400460000000
4040046000000,2.55,3.42,400460000255,400460000255
2071020001900,0.06,0.46,200102000006,200102000006
3140069050000,0,1.77,310690500000,310690500000
3140069050000,1.77,2.02,310690500177,310690500177
3140069050000,2.02,2.1,310690500202,310690500202
44100790000NB,21.28,25.79,440790002128,440790002128
44100790000NB,25.79,33.99,440790002579,440790002579
44100790000NB,33.99,36,440790003399,440790003399
5240003010000,0,0.009,520030100000,520030100000
3540007000000,0,0.44,350070000000,350070000000
5040007000000,17.84,18.87,500070001784,500070001784
5040007000000,19.35,19.76,500070001935,500070001935
3578275001900,0,0.26,350827500000,350827500000
5030152000000,29.86,30.39,501520002986,501520002986
5030152000000,40.4,43.98,501520004040,501520004040
5030152000000,43.98,44.59,501520004398,501520004398
1740707000000,0,0.57,177070000000,177070000000
1740707000000,0.57,0.907,177070000057,177070000057
3540013000000,0,0.99,350130000000,350130000000
4140041210000,0,1.63,410412100000,410412100000
2340119900000,0,0.5,231199000000,231199000000
25100790000NB,129.22,129.52,250790012922,250790012922
25100790000NB,129.52,130.48,250790012952,250790012952
25100790000NB,130.53,133.37,250790013053,250790013053
25100790000NB,133.37,134.97,250790013337,250790013337
25100790000NB,134.97,135.66,250790013497,250790013497
25100790000NB,135.66,136.64,250790013566,250790013566
25100790000NB,136.64,139.1,250790013664,250790013664
25100790000NB,139.1,139.82,250790013910,250790013910
25100790000NB,139.82,140.352,250790013982,250790013982
4170014001900,0.12,0.29,410001400120,410001400120
4130061000000,2.604,3.29,410610002604,410610002604
5230002000000,4.21,4.442,520020000421,520020000421
5230002000000,5.29,5.69,520020000529,520020000529
5230002000000,5.69,6.08,520020000569,520020000569
5230002000000,6.08,6.5,520020000608,520020000608
5230002000000,6.95,7.09,520020000695,520020000695
5230002000000,7.29,7.84,520020000729,520020000729
5230002000000,8.35,8.6,520020000835,520020000835
5230002000000,8.6,9.24,520020000860,520020000860
5230002000000,11.75,12.12,520020011750,520020011750
1771759001900,0,0.19,170175900000,170175900000
0540007000000,1.29,2.449,050070000129,050070000129
4940016000000,8.09,8.32,490160000809,490160000809
4940016000000,9.05,9.51,490160000904,490160000904
4640119300000,0,0.6,461193000000,461193000000
0830036000000,2.48,4.2,080360000248,080360000248
0640039000000,2.08,2.62,060390000208,060390000208
4940020310000,0,0.22,490203100000,490203100000
0240005000000,5.9,7.94,020050000590,020050000590
38202500000NB,0,5,382500000000,382500000000
38202500000NB,5.01,7,382500000501,382500000501
4040050000000,13.38,14.06,400500001338,400500001338
24200520000EB,0,1.09,240520000000,240520000000
24200520000EB,2.54,3.72,240520000254,240520000254
24200520000EB,5.19,6.4,240520000519,240520000519
24200520000EB,6.4,7.91,240520000640,240520000640
24200520000EB,9.59,12.82,240520000959,240520000959
24200520000EB,24.59,26.77,240520002459,240520002459
1040015000000,0,1.58,100150000000,100150000000
4170052001900,0.31,0.57,410005200031,410005200031
4170052001900,0.85,0.95,410005200085,410005200085
1040019430000,0.09,0.34,100194300009,100194300009
1740024060000,0.29,0.6,170240600029,170240600029
2030025000000,2.46,2.68,200250000246,200250000246
2030025000000,3.89,5.11,200250000389,200250000389
2030025000000,9.42,10.42,200250000942,200250000942
2030062000000,0.87,1.66,200620000087,200620000087
2030062000000,7.93,8.26,200620000793,200620000793
2040009030000,0.97,2.86,200090300969,200090300969
0830016000000,19.19,20.35,080160001919,080160001919
4272253001900,0,0.16,420225300000,420225300000
4272253001900,0.16,0.25,420225300016,420225300016
40200350000NB,0.29,0.65,400350000029,400350000029
40200350000NB,1.36,1.6,400350000136,400350000136
40200350000NB,1.64,2.06,400350000164,400350000164
40200350000NB,2.1,2.532,400350000210,400350000210
13202190000NB,2.57,4.79,132190000257,132190000257
13202190000NB,5.37,5.69,132190000537,132190000537
13202190000NB,5.69,6.03,132190000569,132190000569
13202190000NB,6.03,6.04,132190000603,132190000603
13202190000NB,6.04,6.39,132190000604,132190000604
13202190000NB,6.39,6.69,132190000639,132190000639
13202190000NB,6.69,7.11,132190000669,132190000669
13202190000NB,7.43,8.59,132190000743,132190000743
13202190000NB,8.59,9.06,132190000859,132190000859
13202190000NB,9.06,9.9,132190000906,132190000906
13202190000NB,10.01,10.85,132190001001,132190001001
13202190000NB,10.85,11.06,132190001085,132190001085
13202190000NB,11.06,11.26,132190001106,132190001106
13202190000NB,14.154,14.34,132190001416,132190001416
13202190000NB,14.34,14.45,132190001434,132190001434
13202190000NB,15.74,16.37,132190001574,132190001574
13202190000NB,21.34,21.86,132190002134,132190002134
13202190000NB,25.9,26.76,132190002590,132190002590
13202190000NB,26.76,26.97,132190002676,132190002676
13202190000NB,26.97,27.33,132190002697,132190002697
13202190000NB,27.33,29.72,132190002733,132190002733
13202190000NB,29.72,31.56,132190002972,132190002972
13202190000NB,31.56,34.22,132190003156,132190003156
1040061280000,0,0.59,100612800000,100612800000
31201190000NB,7.81,9.82,311190000781,311190000781
31201190000NB,11.9,12.06,311190001190,311190001190
31201190000NB,13.78,13.99,311190001378,311190001378
31201190000NB,13.99,14.1,311190001399,311190001399
31201190000NB,14.1,14.22,310119000141,310119000141
31201190000NB,14.42,14.62,311190001442,311190001442
31201190000NB,14.85,15.15,311190001485,311190001485
31201190000NB,15.72,16,311190001572,311190001572
31201190000NB,16.82,17.35,311190001682,311190001682
31201190000NB,17.44,18.2,311190001744,311190001744
31201190000NB,18.2,19.66,311190001820,311190001820
31201190000NB,19.66,20,310119001966,310119001966
31201190000NB,20,20.47,310119000020,310119000020
08100790000NB,36,39.91,080790003600,080790003600
08100790000NB,39.91,41.43,080790003991,080790003991
08100790000NB,41.43,44.6,080790004143,080790004143
30200520000EB,9.95,11.65,300520000995,300520000995
30200520000EB,20.68,20.78,300520002068,300520002068
30200520000EB,20.78,20.91,300520002078,300520002078
30200520000EB,21.06,21.95,300520002106,300520002106
30200520000EB,21.97,22.28,300052002197,300052002197
30200520000EB,26.08,26.53,300520002608,300520002608
30200520000EB,43.29,44.74,300520004329,300520004329
1540009000000,0,0.79,150090000000,150090000000
1730058000000,2.43,2.82,170580002430,170580002430
30200520004NB,0.096,0.39,30052N000096,30052N000096
0240001000000,8.14,9.32,020010000814,020010000814
1640010000000,4.6,5.8,160100000046,160100000046
1530002000000,0,0.1,150020000000,150020000000
1530002000000,0.1,0.28,150020000010,150020000010
1530002000000,0.28,0.56,150020000028,150020000028
1530002000000,1.49,2.3,150020000149,150020000149
1530002000000,2.3,2.66,150020000230,150020000230
1530002000000,2.66,3.03,150020000266,150020000266
1530002000000,3.91,4.68,150020000391,150020000391
1530002000000,4.69,6.69,150020000469,150020000469
1530002000000,10.33,10.56,150020001033,150020001033
1530002000000,10.8,11.14,150020001080,150020001080
1530002000000,11.14,11.45,150020001114,150020001114
1530002000000,12.89,13.84,150020001289,150020001289
1530002000000,16.52,17.44,150020001652,150020001652
1530002000000,17.55,18.12,150020001755,150020001755
1530002000000,19.71,20.25,150020001971,150020001971
5330014000000,19.34,20.71,530140001934,530140001934
2930972000000,0,1.48,299720000000,299720000000
2930972000000,1.48,2.19,299720000148,299720000148
46201190000NB,6.05,6.54,461190000605,461190000605
46201190000NB,8.59,9.32,461190000859,461190000859
2030214000000,8,8.12,202140000800,202140000800
2040025470000,0.1,0.36,200254700010,200254700010
2040025470000,0.36,0.57,200254700036,200254700036
1940009020000,0.2,0.35,190090200020,190090200020
2540054000000,0,0.183,250540000000,250540000000
4640044000000,0.24,0.73,460440000240,460440000240
4640044000000,0.76,1.76,460440000076,460440000076
4640044000000,1.92,2.03,460440001920,460440001920
09200500000EB,0,3.98,090500000000,090500000000
09200500000EB,3.98,5.61,090500000398,090500000398
09200500000EB,5.63,6.54,090500000563,090500000563
09200500000EB,8.26,8.8,090500000826,090500000826
09200500000EB,8.8,9.75,090500000880,090500000880
09200500000EB,9.75,11.01,090500000975,090500000975
09200500000EB,11.43,12.1,090500011430,090500011430
09200500000EB,12.1,12.96,090500012100,090500012100
09200500000EB,17.75,18.87,090500001775,090500001775
50100640000EB,0,1.25,500640000000,500640000000
50100640000EB,1.25,1.29,500640000125,500640000125
50100640000EB,1.29,1.66,500640000129,500640000129
50100640000EB,1.66,2.17,500640000166,500640000166
50100640000EB,2.17,2.75,500640000217,500640000217
50100640000EB,2.75,4.22,500640000275,500640000275
50100640000EB,4.22,5.29,500640000422,500640000422
50100640000EB,5.29,5.87,500640000529,500640000529
3140061040000,0,0.25,310061040000,310061040000
3140061040000,0.45,0.91,310610400045,310610400045
1930051000000,8.13,8.66,190510000813,190510000813
1930051000000,8.66,8.78,190510008660,190510008660
2740001040000,1.647,1.65,270010401647,270010401647
3174770001900,0,0.4,310477000000,310477000000
3174770001900,0.4,0.44,317700000040,317700000040
1630055000000,35.57,36.3,160550003557,160550003557
1540005000000,1.86,3.674,150050000185,150050000185
4030025000000,0,0.63,400250000000,400250000000
5440004000000,0.57,0.93,540040000059,540040000059
35202500010SB,0,0.64,35250SB00000,35250SB00000
4140018000000,2.99,3,410180002990,410180002990
4140018000000,3,3.51,410180003000,410180003000
4140018000000,3.51,4.41,410180003510,410180003510
28100770016NB,8.98,9.19,280770000898,280770000898
28100770016NB,9.19,9.5,280770000919,280770000919
28100770016NB,9.5,9.79,280770000950,280770000950
28100770016NB,9.79,11.25,280770000979,280770000979
28100770016NB,11.44,12.16,280770001144,280770001144
28100770016NB,12.16,13.43,280770001216,280770001216
28100770016NB,13.74,14.006,280770001374,280770001374
28100770016NB,14.77,15.54,280077T01477,280077T01477
28100770016NB,20.09,27.17,280770002009,280770002009
0640060050000,0,0.88,060600500000,060600500000
0640060050000,0.88,1.68,060600500088,060600500088
0640060050000,1.68,1.97,060600500168,060600500168
0673263001900,0,0.26,060326300000,060326300000
0673263001900,0.26,0.48,060326300026,060326300026
2776503001900,0,0.23,270650300000,270650300000
5430047000000,0.45,0.56,540470000045,540470000045
15200300000EB,1.543,2.38,150300001543,150300001543
2870514001900,0,0.6,280051400000,280051400000
2870514001900,0.6,1.41,280051400060,280051400060
2870514001900,1.41,1.52,280051400141,280051400141
4170016001900,0.72,0.9,410001600072,410001600072
5275502001900,0.11,0.3,520550200110,520550200110
2240012000000,4.91,5.18,220120000491,220120000491
5475762001900,1.16,1.47,540576200116,540576200116
5275515001900,0,0.22,520551500000,520551500000
0540008000000,0,0.75,050080000000,050080000000
0140046010000,0,1.62,010460100000,010460100000
2840021010000,0,0.89,280210100000,280210100000
1730020002300,0,0.13,17020C000000,17020C000000
5475769001900,0,0.34,540576900000,540576900000
2040012000000,0,2.55,200120000000,200120000000
2040012000000,3.6,4.14,200120000360,200120000360
2040012000000,4.55,5.1,200120000457,200120000457
1030061000000,0,1.12,100610000000,100610000000
1030061000000,8.74,9.33,100610000874,100610000874
1030061000000,22.53,25.56,100610002253,100610002253
0240011190000,0,0.31,020111900000,020111900000
2040160070000,0,0.27,201600700000,201600700000
2040160070000,0.27,0.51,201600700027,201600700027
4970753001900,0.26,0.44,490075300026,490075300026
12202200000NB,4.41,5.14,122200000441,122200000441
5240002090000,0,0.19,520020900000,520020900000
20300610006EB,0,0.19,20061E000000,20061E000000
4130054000000,2.48,4.86,410540000248,410540000248
4130054000000,4.86,5.72,410540000486,410540000486
4130054000000,6.35,6.54,410540000635,410540000635
4130054000000,6.54,7.1,410540000654,410540000654
4130054000000,7.1,7.41,410540000710,410540000710
4130054000000,7.41,8.84,410540000741,410540000741
4130054000000,10.14,10.33,410540010140,410540010140
50200600000EB,0,0.24,500600000000,500600000000
50200600000EB,0.49,0.72,500600000049,500600000049
50200600000EB,1.13,1.83,500600000113,500600000113
50200600000EB,3.79,4.04,500600000379,500600000379
50200600000EB,4.04,4.39,500600000404,500600000404
1740012000000,0.14,0.9,170120000015,170120000015
2040006150000,0,0.04,200061500000,200061500000
2040006150000,0.12,0.17,200061500012,200061500012
1740024000000,4.78,5.67,170240004780,170240004780
1730020000000,7.22,7.414,170200000722,170200000722
3540018030000,0,0.61,350180300000,350180300000
3540018030000,0.61,1.15,350180300061,350180300061
3540018030000,1.75,2.03,350180300175,350180300175
5040060050000,0,0.18,500600500000,500600500000
0540007010000,0,0.84,050070100000,050070100000
0540007010000,0.84,1.99,050070100084,050070100084
0274252001900,0,0.64,020425200000,020425200000
5240003000000,0.15,0.28,520030000015,520030000015
4940007000000,0.22,0.423,490070000022,490070000022
0230045000000,14.39,14.52,020450001439,020450001439
0230045000000,14.52,14.85,020450001452,020450001452
0230045000000,14.85,15.31,020450001485,020450001485
0230045000000,17.53,18.23,020450001753,020450001753
0230045000000,19.08,19.61,020450001908,020450001908
10100770016NB,52.58,53.06,100770005258,100770005258
10100770016NB,53.06,54.13,100770005306,100770005306
10100770016NB,54.13,55.02,100770005413,100770005413
10100770016NB,55.02,58.32,100770005502,100770005502
10100770016NB,58.32,59.62,100770005832,100770005832
10100770016NB,59.62,61.6,100770005962,100770005962
10100770016NB,62.73,66.15,100770006273,100770006273
10100770016NB,66.15,67.21,100770006615,100770006615
0540001080000,0.81,0.95,050010800081,050010800081
0540001080000,0.95,1.45,050010800095,050010800095
0540001080000,1.9,2.41,050010800190,050010800190
0673295001900,0,1.08,060329500000,060329500000
5440014160000,0.18,0.86,540141600019,540141600019
5440014160000,0.86,1.23,540141600086,540141600086
5440014160000,2.89,3.83,540141600289,540141600289
2140007000000,3.84,4.17,210070000384,210070000384
41200190023EB,0,0.033,41019C000000,41019C000000
41200190023EB,0.033,0.034,41019C000003,41019C000003
41200190023EB,0.034,1.1,410190000034,410190000034
41200190023EB,1.1,1.36,410190001100,410190001100
4940151000000,0,0.24,491510000000,491510000000
4940151000000,0.34,0.64,491510000034,491510000034
4940151000000,1.13,1.6,491510000113,491510000113
3578281001900,0.21,0.34,350828100021,350828100021
3540018010000,0,0.06,350180100000,350180100000
2840019290000,2.54,3.32,280192900254,280192900254
3174807001900,0,0.4,310480700000,310480700000
4240025030000,0,0.005,420250300000,420250300000
5475760001900,0,0.21,540576000000,540576000000
5475760001900,0.21,0.24,540576000021,540576000021
02200110000NB,5.24,6.05,020110000524,020110000524
02200110000NB,13.65,13.78,020011001365,020011001365
02200110000NB,14.51,14.64,020110001451,020110001451
02200110000NB,16.48,17.51,020110001648,020110001648
02200110000NB,24.71,24.97,020110002471,020110002471
5475756001900,0,0.25,540575600000,540575600000
10200190000NB,0,1.02,100190000000,100190000000
10200190000NB,2.85,3.82,100190000285,100190000285
10200190000NB,3.89,6.16,100190000389,100190000389
10200190000NB,6.16,6.66,100190000616,100190000616
10200190000NB,6.66,8.23,100190000666,100190000666
10200190000NB,14.64,15.627,100190001464,100190001464
2040038000000,0,2.43,200380000000,200380000000
0130020000000,0,2.15,010200000000,010200000000
1330063000000,6.06,7.63,130630000606,130630000606
5040001000000,2.16,2.29,500010000216,500010000216
35100700000EB,0.08,0.49,350700000008,350700000008
35100700000EB,0.49,0.85,350700000049,350700000049
35100700000EB,0.85,1.23,350700000085,350700000085
35100700000EB,1.44,1.92,350700000144,350700000144
35100700000EB,1.92,2.19,350700000192,350700000192
35100700000EB,2.43,4.7,350700000243,350700000243
35100700000EB,4.7,5.37,350700000470,350700000470
35100700000EB,5.37,5.93,350700000537,350700000537
35100700000EB,5.93,6.9,350700000593,350700000593
35100700000EB,6.9,8.07,350700000690,350700000690
35100700000EB,8.07,10.75,350700000807,350700000807
35100700000EB,10.75,11.06,350700001075,350700001075
35100700000EB,11.06,11.761,350700001106,350700001106
35100700000EB,11.761,14.45,350070011761,350070011761
1130005000000,10.83,12.51,110050001083,110050001083
1130005000000,14.58,14.89,110050001458,110050001458
0530027000000,1.58,2.26,050270000158,050270000158
41200190000NB,0,2.17,410190000000,410190000000
41200190000NB,2.17,6.47,410190000217,410190000217
41200190000NB,16.669,16.925,410190016669,410190016669
41200190000NB,17.18,17.95,410190001718,410190001718
41200190000NB,18.31,18.41,410190001831,410190001831
41200190000NB,18.41,18.64,410190001841,410190001841
41200190000NB,18.64,19.33,410190001864,410190001864
41200190000NB,19.8,21.61,410190001980,410190001980
41200190000NB,23.31,24.09,410190002331,410190002331
5440047040000,0,0.23,540470400000,540470400000
5440047040000,0.23,0.93,540470400230,540470400230
5440047040000,0.93,2.86,540470400930,540470400930
2340210250000,6.078,6.546,230100014782,230100014782
2340210250000,8.08,8.09,230100001677,
2340210250000,8.09,8.78,230100001677,230100001677
2340210250000,8.78,9.08,230100001746,230100001746
2340210250000,9.08,9.53,230100001776,230100001776
2340210250000,10.07,10.72,230100001876,230100001876
1040009000000,4.52,4.528,100090000452,100090000452
5140003000000,8.08,10.38,510030000801,510030000801
1040018230000,0,0.44,100182300000,100182300000
3174813001900,0,1.24,310481300000,310481300000
0440032000000,6.27,6.5,040320000627,040320000627
4240219420000,0,0.21,422194200000,422194200000
5440016000000,0,0.5,540160000000,540160000000
5440016000000,0.5,0.9,540160000050,540160000050
5440016000000,0.9,1.12,540160000090,540160000090
5440016000000,1.21,1.47,54400160000,54400160000
5475780001900,0,0.12,540578000000,540578000000
1771761001900,0,0.26,170176100000,170176100000
1771761001900,0.31,0.61,170176100031,170176100031
5530010000000,24.14,24.38,550100002414,550100002414
0330085000000,10.67,13.13,030850001067,030850001067
0330085000000,34.05,34.35,030850003405,030850003405
1340037120000,0,0.14,130371200000,130371200000
3630028000000,24.07,25.57,360280002407,360280002407
2540250320000,2.05,2.49,252503200205,252503200205
3540040010000,0.85,1.08,350400100085,350400100085
35300020005SB,0.49,0.81,35002S000049,35002S000049
2870513001900,0,0.37,280051300000,280051300000
2940008000000,0,0.24,290080000000,290080000000
1530105000000,0.38,1.14,151050000038,151050000038
1530105000000,1.14,3.27,151050000114,151050000114
1530105000000,3.27,4.14,151050000327,151050000327
1530105000000,4.14,4.26,150105000414,150105000414
1530105000000,4.26,4.58,151050000426,151050000426
1530105000000,4.58,4.82,151050000458,151050000458
4140006000000,0,0.14,410060000000,410060000000
4140006000000,0.91,1.13,410060000091,410060000091
2030114000000,0.5,1.44,201140000050,201140000050
3930072000000,18.42,20.44,390720001842,390720001842
44200330000EB,4.33,5.61,440330000433,440330000433
44200330000EB,6.75,9.1,440330000675,440330000675
44200330000EB,15.77,17.73,440330001577,440330001577
0240051070000,2.28,3.56,020510702280,020510702280
2930028000100,0,0.54,29028A000000,29028A000000
2930028000100,0.54,1.03,29028A000054,29028A000054
2930028000100,1.03,2.05,29028A000103,29028A000103
2930028000100,2.05,2.31,29028A000205,29028A000205
2930028000100,2.42,2.63,29028A000242,29028A000242
2930028000100,2.63,2.97,29028A000263,29028A000263
1040019020000,0,0.82,100190200000,100190200000
1730131000000,4.33,5.47,171310000433,171310000433
3530088000000,0,1.06,350880000000,350880000000
3530088000000,7.12,7.47,350880000712,350880000712
3530088000000,7.77,8.5,350880000777,350880000777
3530088000000,8.57,8.89,350880000857,350880000857
3530088000000,8.89,10.06,350880000889,350880000889
3530088000000,10.06,10.16,350880001006,350880001006
0540027040000,0,0.13,050270400000,050270400000
0540027040000,0.44,0.84,050270400440,050270400440
20100790000NB,0,0.81,200790000000,200790000000
20100790000NB,0.81,1.95,200790000081,200790000081
20100790000NB,1.95,2.24,200790000195,200790000195
20100790000NB,2.24,3.51,200079000224,200079000224
20100790000NB,3.51,4.51,200079000351,200079000351
20100790000NB,4.51,5.42,200790000451,200790000451
20100790000NB,5.42,5.56,200790000542,200790000542
20100790000NB,5.56,6.12,200790000556,200790000556
20100790000NB,6.82,7.19,200790000682,200790000682
20100790000NB,7.19,7.476,200790000719,200790000719
20100790000NB,9.97,10.64,200790000997,200790000997
20100790000NB,10.64,16.04,200790001064,200790001064
20100790000NB,16.04,19.22,200790001604,200790001604
20100790000NB,19.22,20.62,200790001922,200790001922
20100790000NB,20.62,21.28,200790002062,200790002062
5475759001900,0,0.48,540575900000,540575900000
4240011000000,2.48,2.491,420110000248,420110000248
0240045050000,0.55,1.25,020450500055,020450500055
1030061000100,0,0.16,10061A000000,10061A000000
2540064020000,0,0.24,250640200000,250640200000
29202200000NB,12.61,13.26,292200001261,292200001261
29202200000NB,13.78,13.96,292200001378,292200001378
2030622000000,1.96,2.13,206220000196,206220000196
2030622000000,2.13,2.23,206220002130,206220002130
2030622000000,2.32,2.72,206220000232,206220000232
2030622000000,2.72,3.79,206220000272,206220000272
2030622000000,4.23,5.57,206220000423,206220000423
2030622000000,13.94,16.86,206220001394,206220001394
0673288001900,0.78,0.89,060328800078,060328800078
1230093000000,2.36,2.98,120930000236,120930000236
1230093000000,3.77,4.05,120930000377,120930000377
1230093000000,9.6,9.71,120930000960,120930000960
1230093000000,9.71,13.45,120930000971,120930000971
1230093000000,13.45,15.85,120930001345,120930001345
1230093000000,15.85,18.046,120930001585,120930001585
0640060700000,0,0.18,060607000000,060607000000
0640060700000,0.18,0.56,060607000018,060607000018
0640060700000,0.56,0.76,060607000056,060607000056
47300320005SB,0.04,0.19,47032S000004,47032S000004
2776504001900,0,0.14,270650400000,270650400000
0240036010000,1.6,1.98,020360100160,020360100160
1577269001900,0.65,0.97,150726900065,150726900065
2040114010000,0,1.07,201140100000,201140100000
4130016000000,8.47,9.485,410160000847,410160000847
4130016000000,9.485,9.8,410160009485,410160009485
4130016000000,12,14.12,410160001200,410160001200
4130016000000,14.42,14.72,410160001442,410160001442
4130016000000,14.72,15.08,410160001472,410160001472
4130016000000,15.08,15.61,410160015080,410160015080
4130016000000,15.65,15.81,410160001565,410160001565
4130016000000,18.53,18.82,410160001853,410160001853
4130016000000,18.82,18.96,410160001882,410160001882
4130016000000,18.96,19.79,410160001896,410160001896
1577271001900,0.4,1.18,150727100040,150727100040
2572520001900,1.04,1.81,250252000104,250252000104
2572520001900,1.88,2,250252000188,250252000188
0240013000000,0.43,1.03,020130000043,020130000043
0240013000000,1.03,1.5,020130000103,020130000103
0240013000000,2.75,3.716,020130000275,020130000275
4240031000000,0,1.81,420310000181,420310000181
0140024000000,1.64,2.79,010240000164,010240000164
0140024000000,2.79,4.74,010240000279,010240000279
2040060280000,0,0.55,200602800000,200602800000
1930009000000,0,1.45,190090000000,190090000000
1930009000000,1.45,3.94,190090000145,190090000145
1930009000000,4.97,6.35,190090000497,190090000497
1930009000000,10.91,11.418,190090001091,190090001091
1930009000000,14.435,14.96,190090014435,190090014435
3140073730000,0,0.58,310737300000,310737300000
5475767001900,0,0.24,540576700000,540576700000
5475767001900,0.88,1.08,540576700088,540576700088
5475767001900,1.25,1.46,540576700125,540576700125
5475757001900,0.33,0.47,540575700330,540575700330
0673289001900,1.72,2.02,060328900172,060328900172
0740004000000,0,0.67,070040000000,070040000000
5475772001900,0.44,1.25,540577200044,540577200044
0640017000000,0,1.577,060170000000,060170000000
0640017000000,4.05,4.17,060170000405,060170000405
0640017000000,4.3,4.41,060170000430,060170000430
0640017000000,4.47,5.02,060170000447,060170000447
5040008000000,0,0.45,500080000000,500080000000
1640010030000,0,0.21,160100000021,160100000021
55200520000EB,0,1.4,550520000000,550520000000
55200520000EB,4.78,7.65,550520000478,550520000478
55200520000EB,7.65,8.34,550520000765,550520000765
2140015000000,2.36,4.01,210150000236,210150000236
3430020000000,28.29,29.07,340200028290,340200028290
21100790000NB,83.55,87.45,210790008355,210790008355
21100790000NB,87.45,90.82,210790008745,210790008745
21100790000NB,90.82,96.17,210790009082,210790009082
21100790000NB,96.17,97.13,210790009617,210790009617
21100790000NB,97.13,98.287,210790009713,210790009713
21100790000NB,98.4,98.63,210790009840,210790009840
21100790000NB,98.63,98.925,210790009863,210790009863
21100790000NB,100.39,101.69,210790010039,210790010039
21100790000NB,101.69,104.15,210790010169,210790010169
21100790000NB,104.15,104.69,210790010415,210790010415
21100790000NB,104.69,106.42,210790010469,210790010469
2540072020000,0,0.5,250720200000,250720200000
2540072020000,0.5,0.72,250720200050,250720200050
2540072020000,0.72,1.17,250720200072,250720200072
2540072020000,1.17,1.71,250720200117,250720200117
2540072020000,1.76,1.93,250720200176,250720200176
0540028000000,0,0.198,050280000000,050280000000
3140068070000,0.25,0.75,310680700025,310680700025
3140068070000,0.75,1.32,310680700075,310680700075
3140068070000,1.61,2.15,310680700161,310680700161
2330044000000,16.02,17.07,230440001602,230440001602
5430095000000,3.77,3.99,540950000377,540950000377
5430095000000,4.2,6.12,540950000420,540950000420
5430095000000,6.12,6.29,540950000612,540950000612
5430095000000,6.44,6.58,540950000644,540950000644
5440050380000,0,2.13,540503800000,540503800000
5040003020000,0,0.64,500030200000,500030200000
5040003020000,0.64,1.25,500030200064,500030200064
2430016000000,0.06,1.73,240160000006,240160000006
2430016000000,4.05,6.18,240160000405,240160000405
2430016000000,9.47,10.14,240160000947,240160000947
2430016000000,13.75,14.05,240160001375,240160001375
2430016000000,16.06,19.56,240160001606,240160001606
2430016000000,19.56,20.79,240160001956,240160001956
2430016000000,20.79,22.05,240160002079,240160002079
2430016000000,22.05,23.76,240160002205,240160002205
2430016000000,23.76,24.86,240160002376,240160002376
2430016000000,29.19,29.41,240160002919,240160002919
2430016000000,32.7,35.38,240160003270,240160003270
2540060000000,2.11,2.61,250600002110,250600002110
2540060000000,4.38,4.86,250600000438,250600000438
4940013000000,0,0.86,490130000000,490130000000
3830092000000,0,5.83,380920000000,380920000000
4140011000000,0,1.26,410110000000,410110000000
52202500000NB,1.18,1.89,522500000118,522500000118
52202500000NB,5.54,6.88,522500000554,522500000554
52202500000NB,7.02,7.97,522500000702,522500000702
52202500000NB,8.1,8.64,522500000810,522500000810
52202500000NB,8.68,9.05,522500000868,522500000868
52202500000NB,9.05,9.2,522500000905,522500000905
52202500000NB,9.2,9.63,522500000920,522500000920
52202500000NB,9.63,11.07,522500000963,522500000963
10200600000EB,0.34,1.01,100600000034,100600000034
0240012000000,0,1.29,020120000000,020120000000
1540003060000,2.171,2.32,150030602171,150030602171
4170054001900,0,0.44,410005400009,410005400009
1140007000000,6.97,8.67,110070000697,110070000697
0240009050000,1.67,3.26,020090500167,020090500167
0530067000000,0.17,0.62,050670000017,050670000017
0530067000000,6.14,6.71,050670000614,050670000614
49201190000NB,5.38,5.6,491190000538,491190000538
0240011370000,0,0.23,020113700000,020113700000
07200330000EB,0.09,2.33,070330000009,070330000009
07200330000EB,3.68,5.03,070330000368,070330000368
07200330000EB,5.59,6.2,070330000559,070330000559
07200330000EB,6.2,6.6,070330000620,070330000620
07200330000EB,6.62,8.3,070330000662,070330000662
07200330000EB,10.13,14.3,070330001013,070330001013
07200330000EB,14.3,14.86,070330001430,070330001430
28200520004NB,0,0.22,28052N000000,28052N000000
5440021010000,0.01,0.53,544002100010,544002100010
5440021010000,1.2,1.71,540210100120,540210100120
5440012000000,0,0.33,540120000000,540120000000
5440012000000,0.4,1.15,540120000040,540120000040
2877019001900,0,0.13,280701900000,280701900000
5430014000000,11.28,11.76,540140001128,540140001128
5430014000000,12.38,12.45,540140001238,540140001238
5430014000000,12.45,12.71,54300141245,54300141245
5430014000000,12.71,12.88,540140001271,540140001271
5430014000000,12.88,13,540140001288,540140001288
5430014000000,13.22,13.39,540140001322,540140001322
5430014000000,15.19,15.32,540140001519,540140001519
5430014000000,15.32,15.45,540140001532,540140001532
5430014000000,16.1,16.76,540140001610,540140001610
5430014000000,20.12,20.56,540140002012,540140002012
5040003010000,0.09,0.65,500030100009,500030100009
5040003010000,0.65,0.68,500030100065,500030100065
33205220000NB,0,6.35,335220000000,335220000000
33205220000NB,6.35,7.81,335220000635,335220000635
33205220000NB,12.67,13.11,335220001267,335220001267
33205220000NB,14.68,15.97,335220001468,335220001468
11200330000EB,0,0.59,110330000000,110330000000
11200330000EB,1.12,1.39,110330000112,110330000112
11200330000EB,1.39,1.96,110330000139,110330000139
11200330000EB,2.2,6.44,110330000220,110330000220
11200330000EB,17.3,17.82,110330001730,110330001730
11200330000EB,18.2,19.62,110330001820,110330001820
11200330000EB,19.62,22.18,110330001962,110330001962
11200330000EB,22.28,25.09,110330002228,110330002228
11200330000EB,25.09,26.73,110330002509,110330002509
1340045010000,0,0.539,130450100000,130450100000
1540011030000,0.06,0.352,150110300060,150110300060
1740024270000,0,0.41,170242700000,170242700000
2540250310000,0,0.55,252503100000,252503100000
2840052200000,0.001,0.82,280052200001,280052200001
52300070007WB,0,0.23,52007W000000,52007W000000
52300070007WB,0.23,0.33,52007W000023,52007W000023
3330009000000,26.67,29.17,330090002667,330090002667
3330009000000,31.29,33.3,330090003129,330090003129
1740024020000,0,0.75,170240200000,170240200000
1740024020000,0.75,0.87,170240200075,170240200075
1740024020000,0.87,1.09,170240200087,170240200087
1740024020000,1.09,1.86,170240200109,170240200109
1740024020000,1.86,2.95,170240200186,170240200186
0130038000000,0.43,2.43,010380000043,010380000043
0130038000000,5.53,6.31,010380000553,010380000553
1940031000000,0,0.029,190310000000,190310000000
0673285001900,0,0.32,060328500000,060328500000
20201190000NB,11.64,12.9,201190001134,201190001134
20201190000NB,12.9,14.04,201190001290,201190001290
20201190000NB,14.22,16.28,201190014220,201190014220
20201190000NB,16.28,17.16,201190001628,201190001628
28200520000EB,0,0.58,280520000000,280520000000
28200520000EB,4.12,5.2,280520000412,280520000412
28200520000EB,6.96,7.76,280520006960,280520006960
28200520000EB,12.97,13.39,280052001297,280052001297
28200520000EB,13.44,13.67,280052001344,280052001344
28200520000EB,14.91,15.37,280520001491,280520001491
4272254001900,0,0.3,420225400000,420225400000
15200220000EB,0,0.39,150220000000,150220000000
2840016010000,0.59,0.74,280160100590,280160100590
2040046010000,0,0.43,200460100000,200460100000
2040025260000,0,0.31,200252600000,200252600000
2040025260000,0.4,0.71,200252600040,200252600040
1040005000000,0.06,0.62,100050000006,100050000006
4530107000000,0.29,0.76,451070000029,451070000029
32202190000NB,1.92,7.87,322190000192,322190000192
32202190000NB,14.38,16.18,322190001438,322190001438
32202190000NB,16.18,19.24,322190001618,322190001618
32202190000NB,19.24,19.66,322190001924,322190001924
32202190000NB,19.66,23,322190001966,322190001966
32202190000NB,24.92,26.24,322190002492,322190002492
32202190000NB,26.24,28.68,322190002624,322190002624
3140070000000,0,0.38,310700000000,310700000000
3140070000000,0.387,1.47,310700000387,310700000387
4170045001900,0,0.26,410004500000,410004500000
0640013000000,0.02,0.42,060130000002,060130000002
1040021200000,0,0.98,100212000000,100212000000
0673313001900,0,0.17,060331300000,060331300000
4140004030000,0,0.47,410040300000,410040300000
2640054000000,7.086,7.71,260540007086,260540007086
2071058001900,0.09,1.81,200105800009,200105800009
2071011001900,0.06,0.42,200101100006,200101100006
1740009000000,0.05,0.52,170090000005,170090000005
4170038001900,0,0.15,410003800000,410003800000
4170038001900,0.33,0.49,410003800033,410003800033
0230051000000,1.87,2.841,020510001870,020510001870
0230051000000,2.841,4.13,020510002841,020510002841
0230051000000,4.13,4.54,020510004130,020510004130
0230051000000,4.54,4.58,020510004540,020510004540
0230051000000,4.58,4.62,020510004580,020510004580
0230051000000,4.62,5.18,020510000462,020510000462
0230051000000,5.4,8.591,020510000540,020510000540
1940003000000,1.403,1.82,190030001403,190030001403
1940003000000,1.82,2.02,190030001820,190030001820
1940003000000,2.02,2.36,190030002020,190030002020
3140019240000,2.77,3.08,310192400277,310192400277
3140064030000,0,0.29,310640300000,310640300000
1740025120000,0.27,0.64,170251200027,170251200027
1940017040000,0.63,0.92,190170400630,190170400630
0140010000000,7.41,8.63,010100000741,010100000741
3140067000000,6.22,7.97,310670000622,310670000622
3140067000000,7.97,8.36,310670000797,310670000797
3140067000000,8.36,8.55,310670000836,310670000836
0140006000000,0.11,3.13,010060000011,010060000011
2030006000000,0,0.1,200060000000,200060000000
2030006000000,0.1,0.19,200060000010,200060000010
2940014000000,4.19,4.6,290140000419,290140000419
2040060630000,0.06,0.354,200606300006,200606300006
2940220010000,0.11,1.09,292200100110,292200100110
20100770023NB,0,1.02,20077C000000,20077C000000
38202190000NB,0,3.69,382190000000,382190000000
38202190000NB,3.69,4.37,382190000369,382190000369
38202190000NB,4.37,6.01,382190000437,382190000437
38202190000NB,6.01,7.15,382190000601,382190000601
38202190000NB,7.77,9.82,382190000777,382190000777
38202190000NB,14.15,14.67,382190001415,382190001415
38202190000NB,19.58,21.84,382190001958,382190001958
38202190000NB,25.34,26.37,382190002534,382190002534
38202190000NB,26.37,29.12,382190002637,382190002637
38202190000NB,34.47,34.78,382190003447,382190003447
38202190000NB,34.79,37.89,382190003479,382190003479
1577259001900,0.58,0.62,150725900058,150725900058
1577259001900,0.62,1.16,150725900062,150725900062
1040012000000,0.18,1.9,100120000180,100120000180
1040012000000,1.9,3.28,100120001900,100120001900
5040003000000,3.75,3.85,500030000375,500030000375
5040003000000,3.94,4.06,500030000394,500030000394
1540011000000,0,2.31,150110000000,150110000000
1540011000000,2.31,2.9,150110000231,150110000231
1540011000000,4.91,5.16,150110000491,150110000491
1540011000000,5.16,5.35,150110000516,150110000516
1540011000000,5.35,5.59,150110000535,150110000535
1540011000000,5.59,5.61,150110000559,150110000559
22201190000NB,3.37,5.4,221190000337,221190000337
22201190000NB,5.4,6.408,221190000540,221190000540
04200190000NB,26.57,27.64,040190002657,040190002657
0630002001300,0,0.17,06002T000000,06002T000000
0630002001300,0.17,0.39,06002T000017,06002T000017
3730016000000,7.41,8.23,370160000741,370160000741
21200330000EB,16,16.23,210330001600,210330001600
21200330000EB,17.59,17.967,210330001759,210330001759
21200330000EB,19.84,20.19,210330001984,210330001984
21200330000EB,20.19,21.03,210330002019,210330002019
21200330000EB,21.25,22.25,210330002125,210330002125
21200330000EB,22.25,22.84,210330002225,210330002225
2540072040000,0,0.13,250720400000,250720400000
3130705000000,0,0.51,317050000000,317050000000
3130705000000,0.68,1.23,317050000068,317050000068
3130705000000,1.23,1.64,317050000123,317050000123
3130705000000,1.64,1.81,317050000163,317050000163
40100640000EB,31.77,32.57,400640003177,400640003177
40100640000EB,32.57,33.45,400640003257,400640003257
40100640000EB,33.45,34.45,400640003345,400640003345
40100640000EB,34.45,36.27,400640003445,400640003445
40100640000EB,36.27,38.54,400640003627,400640003627
40100640000EB,38.54,38.68,400640003854,400640003854
40100640000EB,40.46,40.568,400640004046,400640004046
40100640000EB,40.568,41.546,400640040568,400640040568
40100640000EB,41.546,41.646,400064041546,400064041546
40100640000EB,41.66,41.86,400640004166,400640004166
40100640000EB,41.86,42.78,400640004186,400640004186
40100640000EB,42.79,43.77,400640004279,400640004279
40100640000EB,43.77,44.47,400640004377,400640004377
40100640000EB,44.47,44.78,400640004447,400640004447
40100640000EB,44.78,45.39,400640004478,400640004478
0274257001900,0,0.11,020425700000,020425700000
0274257001900,0.11,0.42,020425700011,020425700011
0240009270000,0,0.31,020092700000,020092700000
2940028010000,0,0.1,290280100000,290280100000
2940028010000,0.1,1.09,290280100010,290280100010
2940028010000,1.19,2.14,290280100119,290280100119
2940028010000,2.31,2.45,290280100231,290280100231
2940028010000,2.45,2.85,290280100245,290280100245
2340005000000,0.45,2.789,230050000045,230050000045
1771783001900,0,0.64,170178300000,170178300000
1340045000000,0.66,1.04,130450000066,130450000066
4140006090000,0.6,1.37,410060900060,410060900060
0240011240000,0,0.85,020112400000,020112400000
3174764001900,0.81,1.02,310476400081,310476400081
4140008000000,0,0.11,410080000000,410080000000
4140008000000,0.19,0.75,410080000190,410080000190
3540015000000,1.91,2.26,350150000191,350150000191
2640010000000,0,0.423,260100000000,260100000000
1940029000000,0,1.26,190290000000,190290000000
1940029000000,1.26,2.19,190290000126,190290000126
05300020005SB,0,0.34,05002S000000,05002S000000
2540250550000,0.045,0.29,252505500045,252505500045
2774501001900,0,0.15,270450100000,270450100000
2870516001900,0,0.41,280051600000,280051600000
3140061000000,0,0.94,310610000000,310610000000
0630101000000,0.16,0.36,061010000016,061010000016
4030817000000,2.06,8.81,408170000206,408170000206
4030817000000,8.81,10.62,408170000881,408170000881
0240010010000,0,0.69,020100100000,020100100000
3140072000000,3.772,3.78,310720003772,310720003772
4940012010000,0,0.02,490120100000,490120100000
0240011330000,0,0.26,020113300000,020113300000
20100770016NB,67.21,74.17,200770006721,200770006721
20100770016NB,74.36,75,200770007436,200770007436
20100770016NB,75,77.46,200770007500,200770007500
20100770016NB,77.51,77.83,200770007751,200770007751
20100770016NB,83.45,84.42,200770008345,200770008345
20100770016NB,84.42,84.94,200770008442,200770008442
20100770016NB,84.94,86.68,200770008494,200770008494
20100770016NB,86.68,88.52,200770008668,200770008668
20100770016NB,88.52,89.18,200770008852,200770008852
20100770016NB,89.18,89.5,200770008918,200770008918
20100770016NB,89.5,93.31,200770008950,200770008950
20100770016NB,93.31,93.93,200770009331,200770009331
20100770016NB,93.93,94.43,200770009393,200770009393
20100770016NB,94.43,94.69,200770009443,200770009443
20100770016NB,94.69,94.96,200770009469,200770009469
20100770016NB,94.96,95.34,200770009496,200770009496
29200500000EB,8,10.56,290500000800,290500000800
3578261001900,0,0.39,350826100000,350826100000
2071056001900,0,0.38,200105600000,200105600000
2630086000000,0.2,0.51,260860000020,260860000020
3140065000000,0,0.263,310650000000,310650000000
2740035110000,0,0.37,270351100000,270351100000
2940220020000,0,0.84,292200200000,292200200000
5275503001900,0,0.45,520550300000,520550300000
03201190000NB,0,2.93,031190000000,031190000000
03201190000NB,9.44,11.49,031190000944,031190000944
03201190000NB,11.49,12.83,031190001149,031190001149
03201190000NB,12.83,13.54,031190001283,031190001283
03201190000NB,16.97,17.83,031190001697,031190001697
35104700000EB,0,0.98,354700000000,354700000000
35104700000EB,0.98,2.25,354700000098,354700000098
35104700000EB,2.25,3.94,354700000225,354700000225
41100770016NB,28.97,30.804,410770002897,410770002897
41100770016NB,35.21,35.75,410077003521,410077003521
41100770016NB,35.75,37.82,410770003575,410770003575
41100770016NB,40.6,41.68,410770004060,410770004060
41100770016NB,41.68,42.31,410770004168,410770004168
41100770016NB,42.31,43.13,410770004231,410770004231
41100770016NB,43.13,44.54,410770004313,410770004313
41100770016NB,44.54,45.63,410770004454,410770004454
41100770016NB,46.89,48.05,410770004689,410770004689
41100770016NB,48.05,48.34,410770004805,410770004805
0577279001900,0,0.16,050727900000,050727900000
0830004000000,15.75,19.01,080040001575,080040001575
0830004000000,21.98,22.98,080040002198,080040002198
0130076000000,1.75,6.62,010760000175,010760000175
2071069001900,0,0.22,200106900000,200106900000
2030601000000,0,0.95,206010000000,206010000000
5440021020000,0,0.39,54400210200,54400210200
5440021020000,0.5,1.98,540210200050,540210200050
3830039000000,27.78,28.08,380390002778,380390002778
3830039000000,35.01,35.23,380390003501,380390003501
02100810000NB,0,1.39,020810000000,020810000000
02100810000NB,1.39,6.27,020810000139,020810000139
02100810000NB,6.27,11.63,020810000627,020810000627
02100810000NB,11.63,13.54,020810001163,020810001163
02100810000NB,13.54,14.26,020810001354,020810001354
02100810000NB,14.26,15.22,020810001426,020810001426
02100810000NB,15.22,15.62,020810001522,020810001522
02100810000NB,15.62,15.95,020810001562,020810001562
02100810000NB,15.95,16.23,020810001595,020810001595
02100810000NB,16.23,17.3,020810001623,020810001623
02100810000NB,17.3,18.13,020810001730,020810001730
02100810000NB,18.13,20.37,020810001813,020810001813
02100810000NB,20.37,23,020810002037,020810002037
02100810000NB,23,23.46,020810002300,020810002300
02100810000NB,23.46,24.53,020810002346,020810002346
02100810000NB,24.53,26,020810002453,020810002453
0240019000000,1.55,3.438,020190000155,020190000155
0240019000000,3.438,4.04,020190003438,020190003438
2840016100000,0,0.66,280161000000,280161000000
0230901000000,4.86,5.44,029010000486,029010000486
4940009010000,0,0.97,490090100000,490090100000
0240011130000,0.28,0.41,020111300028,020111300028
0240011130000,0.41,0.55,020111300041,020111300041
2540019310000,0.4,0.89,250193100040,250193100040
3140060020000,0,0.26,310600200000,310600200000
35200400000EB,0.007,0.12,350400000007,350400000007
35200400000EB,1.99,2.102,350400000199,350400000199
35200400000EB,2.102,2.71,350400002102,350400002102
35200400000EB,2.81,2.83,350040000281,350040000281
35200400000EB,2.83,3.24,350400000283,350400000283
35200400000EB,3.44,3.91,350400000344,350400000344
35200400000EB,4.32,5.42,350400000432,350400000432
35200400000EB,5.42,5.93,350400000542,350400000542
35200400000EB,7.1,7.44,350400000710,350400000710
35200400000EB,8.06,8.26,350400008060,350400008060
35200400000EB,8.5,8.88,350400000850,350400000850
35200400000EB,9.27,9.64,350400000927,350400000927
35200400000EB,10.02,10.26,350400001002,350400001002
3130007000000,0,3.42,310070000000,310070000000
3130007000000,4.42,4.54,310070000442,310070000442
3130007000000,13.21,13.45,310070001321,310070001321
3130007000000,22.54,24,310070002254,310070002254
3130007000000,25.15,25.85,310070002515,310070002515
3130007000000,25.85,26.01,310070002585,310070002585
3130007000000,26.01,27.03,310070002601,310070002601
3130007000000,27.03,27.265,310070002703,310070002703
3130007000000,33.83,34.1,310070003383,310070003383
3130007000000,34.71,35.76,310070003471,310070003471
3130007000000,35.76,36.13,310070003576,310070003576
3130007000000,36.13,36.55,310070003613,310070003613
3130007000000,36.55,38.29,310070003655,310070003655
3130007000000,38.29,38.65,310070003829,310070003829
3540015010000,2.48,2.77,350150100248,350150100248
0540003010000,0.48,0.61,050030100046,050030100046
0540003010000,0.61,1.65,050030100061,050030100061
0540003010000,1.65,1.94,050030100165,050030100165
2040022000000,0.86,1.19,200220000086,200220000086
2040022000000,1.19,2.47,200220000119,200220000119
3174772001900,0,0.1,310477200000,310477200000
3174772001900,0.1,0.27,310477200010,310477200010
3174772001900,0.27,0.42,310477200027,310477200027
2830598000000,0,2.13,285980000000,285980000000
2830598000000,2.4,2.59,285980000240,285980000240
2830598000000,2.59,2.98,285980000259,285980000259
3540003000000,0,1.17,350030000000,350030000000
3578271001900,0,1.04,350827100000,350827100000
3578271001900,1.04,1.59,350827100104,350827100104
0673287001900,0,0.28,060328700000,060328700000
0673287001900,0.51,0.86,060328700510,060328700510
0673287001900,1.03,1.14,060328700103,060328700103
4140016390000,0,0.64,410163900000,410163900000
0130092000000,8.64,10.73,010920000864,010920000864
4970764001900,0,0.39,490076400000,490076400000
0274273001900,0,0.11,020427300000,020427300000
5130015000000,6.3,8.48,510150000630,510150000630
06200520004NB,0,0.32,060052N00000,060052N00000
06200520004NB,0.321,0.46,060052N00321,060052N00321
0640001000000,2.1,2.224,060001000021,060001000021
0640001000000,2.477,2.619,060001002477,060001002477
0274265001900,0,0.57,020426500000,020426500000
2040013080000,0,0.77,200130800000,200130800000
1740006000000,0,0.808,170006000000,170006000000
5275511001900,0,0.12,520551100000,520551100000
5275511001900,0.57,0.84,520551100057,520551100057
1740050400000,0,0.67,170504000000,170504000000
2640017000000,0,0.12,260170000000,260170000000
1940016000000,0,0.417,190160000000,190160000000
1740031000000,0.5,1.45,170310000050,170310000050
31100680006EB,0,0.89,31068E000000,31068E000000
0330003000000,8.17,11.14,030030000817,030030000817
2830020000000,4.23,5.2,280200000423,280200000423
2830020000000,10.32,11.4,280200001032,280200001032
2830020000000,12.05,12.78,280200001205,280200001205
1540013000000,0,0.2,150130000000,150130000000
1540013000000,0.2,0.5,150130000020,150130000020
4170046001900,0,0.1,410004600000,410004600000
3578277001900,0,0.13,350827700000,350827700000
4240025000000,1.36,1.73,420250000136,420250000136
4240025000000,1.73,2.55,420250001730,420250001730
18100770000NB,117.5,119.26,180770011750,180770011750
18100770000NB,119.26,119.91,180770011926,180770011926
18100770000NB,119.91,120.71,180770011991,180770011991
18100770000NB,120.71,122.73,180770012071,180770012071
18100770000NB,122.73,124.92,180770012273,180770012273
18100770000NB,124.92,126.39,180770012492,180770012492
18100770000NB,126.39,128.33,180770012639,180770012639
18100770000NB,128.33,132.44,180770012833,180770012833
18100770000NB,132.44,137.74,180770013244,180770013244
18100770000NB,137.74,138.83,180770013774,180770013774
18100770000NB,138.83,145.99,180770013883,180770013883
18100770000NB,145.99,150.45,180770014599,180770014599
18100770000NB,150.45,153.79,180770015045,180770015045
18100770000NB,153.79,154.41,180770015379,180770015379
18100770000NB,154.41,156.01,180770015441,180770015441
18100770000NB,156.01,156.99,180770015601,180770015601
3730002000000,3.71,4.75,370020000371,370020000371
3730002000000,5.72,6.86,370020000572,370020000572
3730002000000,10.51,10.84,370020001051,370020001051
3730002000000,14.95,17.49,370020001495,370020001495
19203400000NB,6.9,8.56,193400000690,193400000690
19203400000NB,8.56,9.13,193400000856,193400000856
19203400000NB,9.13,9.55,193400000913,193400000913
19203400000NB,9.55,10.41,193400000955,193400000955
19203400000NB,10.41,11.86,193400001041,193400001041
19203400000NB,11.9,12.047,193400001190,193400001190
19203400000NB,12.047,12.88,193400001205,193400001205
19203400000NB,12.88,13.26,193400001288,193400001288
19203400000NB,13.26,13.82,193400001326,193400001326
19203400000NB,14.66,14.86,193400001466,193400001466
19203400000NB,14.86,15.31,193400001486,193400001486
5475791001900,0,0.37,540579100000,540579100000
0740011000000,6.9,7.85,070110000690,070110000690
1740050340000,0,0.69,170503400000,170503400000
4240033070000,0,0.43,420330700000,420330700000
47202190000NB,5.57,7.37,472190000557,472190000557
47202190000NB,13.1,17.49,472190001310,472190001310
47202190000NB,17.49,18,472190001749,472190001749
47202190000NB,22.16,25.83,472190002216,472190002216
47202190000NB,25.83,26.1,472190002583,472190002583
47202190000NB,26.1,27.76,472190002610,472190002610
2030061000000,20.18,20.38,200610002018,200610002018
2030061000000,20.73,21.2,200610002073,200610002073
2030061000000,23.75,25.8,200610002375,200610002375
25200190000NB,3.003,4.64,250190000300,250190000300
25200190000NB,7.16,7.97,250190000716,250190000716
25200190000NB,7.97,8.47,250190000797,250190000797
4140030000000,4.27,4.52,410300000427,410300000427
0330094000000,0,3.01,030940000000,030940000000
4140019210000,3.73,5.14,410192100373,410192100373
5430014000100,0,0.63,54014A000000,54014A000000
5430014000100,0.92,1.31,54014A000092,54014A000092
5430014000100,1.72,1.98,54014A000172,54014A000172
3130043000000,0,2.65,310430000000,310430000000
3130043000000,2.65,3.582,310430000265,310430000265
3130043000000,3.582,4.03,310043003582,310043003582
1540015000000,0,1.44,150150000000,150150000000
1540015000000,1.44,1.95,150150000144,150150000144
1740025060000,2.98,5.26,170250600298,170250600298
5440014140000,0,0.66,540141400000,540141400000
2071013001900,0,1.48,200101300000,200101300000
4030034000000,14.57,14.97,400340001457,400340001457
4030034000000,15.27,15.39,400340001527,400340001527
4030034000000,15.39,15.68,400340001539,400340001539
4030034000000,15.68,17.018,400340001568,400340001568
4030034000000,17.018,17.081,400340001702,400340001702
4030034000000,17.081,18.41,400034017081,400034017081
4030034000000,18.41,19.87,400340001841,400340001841
4170012001900,0,0.46,410001200000,410001200000
1740023090000,6.77,7.36,170230900675,170230900675
1740023090000,7.77,8.94,170230900777,170230900777
16202200000NB,10,10.53,162200001000,162200001000
16202200000NB,10.53,10.69,160220001053,160220001053
16202200000NB,10.7,11.7,162200001070,162200001070
16202200000NB,11.8,12.96,162200001180,162200001180
1040008000000,1.3,2,100080000130,100080000130
1040008000000,2.47,2.82,100080000247,100080000247
1040008000000,3.28,6.25,100080000380,100080000380
3140064000000,0,0.38,310640000000,310640000000
2540072000000,1.02,1.79,250720000102,250720000102
2540072000000,2.07,2.67,250720000207,250720000207
2230003000000,5.71,6.1,220030000571,220030000571
2330073000000,0.31,2.15,230730000031,230730000031
28200190000NB,2.88,3.87,280190000288,280190000288
28200190000NB,5.34,6.01,280190000534,280190000534
28200190000NB,6.01,7.44,280190000601,280190000601
28200190000NB,10.69,11.63,280190001076,280190001076
3140019190000,0.47,1.29,310191900047,310191900047
3140019190000,1.29,1.7,310191900129,310191900129
4840007020000,0,1.01,480070200000,480070200000
5275509001900,0.07,0.23,520550900070,520550900070
0630527000000,0.89,0.98,065270000088,065270000088
5475763001900,0,0.9,540576300000,540576300000
1040014020000,0.2,0.35,100140200020,100140200020
3578259001900,0,0.12,350825900000,350825900000
3578259001900,0.33,0.49,350825900033,350825900033
4130210000000,1.2,1.89,412100000120,412100000120
4130210000000,1.89,2.79,412100000189,412100000189
3230012000000,0.78,5.93,320120000078,320120000078
3230012000000,5.93,6.11,320120000593,320120000593
3230012000000,9.33,11.31,320120000933,320120000933
4140001000000,1.95,3.4,410010001950,410010001950
4140001000000,3.4,4.14,410010003400,410010003400
2040006010000,0.46,1.89,200060100046,200060100046
0274256001900,0,0.66,020425600000,020425600000
3174786001900,0.04,0.15,310478600004,310478600004
05200220000EB,3.17,3.35,050220000317,050220000317
05200220000EB,3.35,3.45,050220000335,050220000335
05200220000EB,3.45,4.73,050220000345,050220000345
05200220000EB,4.73,5.19,050220000473,050220000473
05200220000EB,5.19,5.89,050220000519,050220000519
2877013001900,0.42,0.52,280701300042,280701300042
0730005000000,12.09,12.62,070050001209,070050001209
54100770000NB,156.99,158.69,540770015699,540770015699
54100770000NB,158.69,160.38,540770015869,540770015869
54100770000NB,160.38,161.66,540770016038,540770016038
54100770000NB,161.66,162.73,540770016166,540770016166
54100770000NB,162.73,168.205,540770016273,540770016273
54100770000NB,168.205,168.37,540077168205,540077168205
54100770000NB,168.37,172.29,540770016837,540770016837
54100770000NB,172.29,173.21,540770017229,540770017229
54100770000NB,173.21,173.94,540770017321,540770017321
54100770000NB,173.94,176.46,540770017394,540770017394
54100770000NB,176.46,176.76,540770017646,540770017646
54100770000NB,176.76,177.928,540770017676,540770017676
54100770000NB,178,180.18,540770017800,540770017800
54100770000NB,180.18,181.674,540770018018,540770018018
54100770000NB,181.674,185.34,540770018167,540770018167
54100770000NB,185.34,185.64,540770018534,540770018534
54100770000NB,185.64,186.72,540770018564,540770018564
54100770000NB,186.72,187.21,540770018672,540770018672
2870502001900,0,1.01,280050200000,280050200000
2870502001900,1.01,1.36,280502M0101,280502M0101
2870502001900,1.36,1.6,280050200136,280050200136
2870502001900,1.6,1.78,280050200160,280050200160
2870502001900,1.78,1.91,280050200178,280050200178
4640044080000,0,0.33,460440800000,460440800000
4640044080000,0.33,0.45,460440800033,460440800033
4640044080000,0.45,0.69,460044080045,460044080045
4640044080000,0.69,0.72,460440800069,460440800069
3140100010000,0,0.501,311000100000,311000100000
0630527000100,0,0.19,06527A000000,06527A000000
0630527000100,0.19,0.39,06527A000019,06527A000019
3140082000000,0,1.88,310820000000,310820000000
3140067010000,0,0.65,310670100000,310670100000
14200500000EB,7.48,7.98,140500000748,140500000748
14200500000EB,8.26,8.44,140500000826,140500000826
14200500000EB,8.56,8.92,140500000856,140500000856
14200500000EB,13.37,14.67,140500001337,140500001337
14200500000EB,15.88,16.97,140500001588,140500001588
14200500000EB,29.25,30.33,140500002925,140500002925
0340006000000,2.99,5.53,030060000299,030060000299
2440009000000,7.87,9.2,240090000787,240090000787
2040022010000,0,0.004,200220100000,200220100000
0140030070000,0,0.92,010300700000,010300700000
0140030070000,0.92,2,010300700092,010300700092
31100680005SB,0.65,1.14,31068S000065,31068S000065
0240015000000,0.939,0.94,020150000939,020150000939
0240015000000,2.78,3.06,020150000278,020150000278
1430028000000,16.47,22.27,140280001647,140280001647
4140016100000,0.53,0.9,410161000530,410161000530
36200330000EB,5.49,5.92,360330000549,360330000549
36200330000EB,33.184,33.783,360330003321,360330003321
0630152000000,0.76,0.99,061520000076,061520000076
0640052030000,0,0.22,060520300000,060520300000
2940046040000,4.532,4.93,290460404532,290460404532
1740019290000,0,0.57,170192900000,170192900000
2230010000000,17.81,19.07,220100001781,220100001781
2930093000000,0,3.42,290930000000,290930000000
0630002000000,0.1,0.21,060020000010,060020000010
0630002000000,9.98,10.08,060020000998,060020000998
0630002000000,14.38,17.99,060020001438,060020001438
2974002001900,0,0.39,290400200000,290400200000
2640003000000,0,1.31,260030000000,260030000000
5440011000000,7.679,8.3,540110007679,540110007679
4330053000000,0,1.4,430530000000,430530000000
5040060040000,1.24,2.4,500600400124,500600400124
0673272001900,0.35,1.04,060327200035,060327200035
0673272001900,1.08,1.44,060327200108,060327200108
1640012000000,14.85,15.91,160120001485,160120001485
0630010000100,1.94,2.56,06010A000194,06010A000194
30201190000NB,11.73,12.8,301190001173,301190001173
30201190000NB,12.88,14.28,301190001288,301190001288
2870517001900,0.19,0.38,280051700190,280051700190
3540017000000,0.27,0.95,350170000027,350170000027
2572506001900,0.5,0.62,250250600050,250250600050
2572506001900,0.62,0.72,250250600062,250250600062
13200600000EB,16.48,17.43,130600001648,130600001648
13200600000EB,28.53,29.61,130600002853,130600002853
13200600000EB,35.19,37.65,130600003519,130600003519
2071308001900,0.77,1.62,200130800077,200130800077
2040026000000,4.62,4.96,200260000462,200260000462
1374103001900,0,0.31,130410300000,130410300000
2840011000000,0.08,0.58,280110000008,280110000008
0540014000000,2.43,3.45,050140000243,050140000243
5040060070000,0.24,0.87,500600700024,500600700024
5040060070000,0.87,1.44,500600700087,500600700087
54200500000EB,0,0.61,54200500000,54200500000
54200500000EB,2.53,3.15,54200500253,54200500253
54200500000EB,8.94,10.02,540500000894,540500000894
0630010000000,15.69,15.798,060100001569,060100001569
0630010000000,15.798,15.82,060100001569,
0630010000000,15.82,16.27,060100001582,060100001582
0630010000000,17.21,17.37,060100001721,060100001721
0630010000000,17.46,18.41,060100001746,060100001746
1771765001900,0,0.22,17017650M00,17017650M00
20100640000EB,45.39,47.44,200640004539,200640004539
20100640000EB,47.44,48.4,200640004744,200640004744
20100640000EB,48.4,49.75,200640004840,200640004840
20100640000EB,49.75,50.11,200640004975,200640004975
20100640000EB,50.11,51.56,200640005011,200640005011
20100640000EB,51.56,52.38,200640005156,200640005156
20100640000EB,52.38,52.73,200640005238,200640005238
20100640000EB,52.73,53.75,200640005273,200640005273
20100640000EB,53.75,54.37,200640005375,200640005375
20100640000EB,54.37,54.8,200640005437,200640005437
20100640000EB,54.8,55.21,200640005480,200640005480
20100640000EB,55.21,56.33,200640005521,200640005521
20100640000EB,56.33,57.02,200640005633,200640005633
20100640000EB,57.02,57.48,200640005702,200640005702
20100640000EB,57.48,57.92,200640005748,200640005748
20100640000EB,57.92,58.3,200640005792,200640005792
2540031010000,1.72,2.03,250310100172,250310100172
4630310000000,0,0.2,463100000000,463100000000
3740001000000,3.02,4.05,370010000302,370010000302
5430892000000,2.81,4.73,540892000281,540892000281
5430892000000,7.02,8.55,540892000702,540892000702
5430892000000,8.55,9.9,548920000855,548920000855
06200600001EB,0,0.39,06060A000000,06060A000000
3140061010000,0,0.37,310610100000,310610100000
3140061010000,0.41,0.52,310610100041,310610100041
1577261001900,0,0.73,150726100000,150726100000
2540073000000,2.45,3.55,250730000245,250730000245
4040025020000,0.28,0.38,400250200028,400250200028
4040025020000,0.38,0.52,400250200038,400250200038
1140009000000,0,3.41,110090000000,110090000000
27200350000NB,9.534,10.26,270350009644,270350009644
27200350000NB,11.422,11.76,270350011532,270350011532
27200350000NB,16.293,16.47,270350016410,270350016410
27200350000NB,16.507,17.102,270350001664,270350001664
27200350000NB,17.226,17.39,270350017413,270350017413
27200350000NB,17.632,17.753,270350001785,270350001785
27200350000NB,17.753,18.071,270350001798,270350001798
27200350000NB,18.097,18.46,270350001835,270350001835
35202500009NB,0,0.68,35250NB00000,35250NB00000
2040060640000,0,0.35,200606400000,200606400000
2530310000000,7.16,7.808,253100007160,253100007160
2530310000000,8.35,8.45,253100000835,253100000835
2530310000000,9.67,10.1,253100000967,253100000967
2330010000000,10.58,10.76,230001001058,230001001058
2330010000000,12.79,12.95,230100001279,230100001279
2330010000000,26.308,27.71,230100002714,230100002714
46202500000NB,6.95,7.082,460250000695,460250000695
46202500000NB,16.38,16.52,462500001638,462500001638
31200190000NB,8.29,8.806,310190000829,310190000829
31200190000NB,8.99,9.16,310190000899,310190000899
31200190000NB,9.54,9.94,310190000954,310190000954
31200190000NB,10.59,11.08,310190001059,310190001059
31200190000NB,11.51,12.33,310190001151,310190001151
31200190000NB,13.74,14.19,310190001374,310190001374
31200190000NB,14.25,14.35,310190001425,310190001425
31200190000NB,14.44,14.8,310190001444,310190001444
31200190000NB,14.8,14.98,310190001480,310190001480
31200190000NB,15.62,16.49,310190001562,310190001562
31200190000NB,16.49,17.021,310190001649,310190001649
3578280001900,0,0.4,350828000000,350828000000
2040060020000,2.13,3,200600200213,200600200213
41100640007WB,0,0.45,41064W000000,41064W000000
1771758001900,0,0.47,170175800000,170175800000
1771758001900,0.47,0.69,170175800047,170175800047
2430083000000,0,6.42,240830000000,240830000000
2430083000000,6.42,7.46,240830000642,240830000642
2430083000000,7.94,8.06,240830000794,240830000794
2430083000000,14.092,17.6,240830014092,240830014092
2430083000000,17.6,18.01,240830001760,240830001760
2640034000000,1.15,1.61,260340000115,260340000115
2640034000000,4.38,5.18,260340004380,260340004380
2640034000000,5.18,5.23,260340005180,260340005180
3130100000000,0,0.97,311000000000,311000000000
3130100000000,0.97,1.34,311000000097,311000000097
3130100000000,1.34,1.64,311000000134,311000000134
3130100000000,2.54,2.9,311000000254,311000000254
3130100000000,2.9,3.08,311000000290,311000000290
4530003000000,9.56,10.91,450030000956,450030000956
3140055000000,0,0.45,310550000000,310550000000
3040065050000,5.74,7.12,300650500574,300650500574
3540091010000,0,0.2,350910100000,350910100000
12200480000EB,0,5.82,120480000000,120480000000
2040027000000,5.07,7.24,200270000507,200270000507
0640031060000,0,0.38,060310600000,060310600000
0640031060000,0.38,0.41,060310600038,060310600038
0640031060000,0.41,0.48,060310600041,060310600041
1030006000000,0,0.12,100060000000,100060000000
1030006000000,0.12,0.33,100060000120,100060000120
23200520000EB,0,0.43,230520000000,230520000000
1940340180000,0.64,1.24,193401800064,193401800064
0540018000000,0,0.55,050180000000,050180000000
3540018020000,0,0.23,350180200000,350180200000
5040009000000,0.65,1.92,500090000650,500090000650
5040009000000,1.92,3.59,500090000192,500090000192
20201190023NB,0,0.51,200119C00000,200119C00000
20201190023NB,0.7,1.17,201190000070,201190000070
2040028000000,4.95,5.91,200280000495,200280000495
2040028000000,5.91,7.37,200280000591,200280000591
3140857010000,0,0.19,318570100000,318570100000
4330016000000,1.45,3.62,430160000145,430160000145
4330016000000,19.02,21.98,430160001902,430160001902
3140857000000,0.5,1.41,318570000050,318570000050
3140857000000,5.11,5.59,318570000511,318570000511
3140857000000,10.85,11.35,318570001085,318570001085
50200520000EB,5.8,6.51,500520000580,500520000580
50200520000EB,29.12,31.4,500520002912,500520002912
13202190005SB,0,0.33,13219S000000,13219S000000
13202190005SB,0.33,1.64,13219S000033,13219S000033
0274268001900,0,0.48,020426800000,020426800000
4674200001900,0,1.05,460420000000,460420000000
17200190000NB,18.61,20.62,170190018610,170190018610
2040073000000,0,1.18,200730000000,200730000000
3030065000000,10.03,11.05,300650001003,300650001003
3540004000000,0.19,0.37,350040000019,350040000019
3540004000000,1.92,2.19,350040000192,350040000192
39202190000NB,0,0.8,392190000000,392190000000
39202190000NB,0.8,3.01,392190000080,392190000080
39202190000NB,3.01,3.31,392190000301,392190000301
39202190000NB,3.31,4.76,392190000331,392190000331
0673281001900,0.19,0.48,060328100019,060328100019
0673281001900,0.6,0.96,060328100060,060328100060
26202500000NB,0,3.56,262500000000,262500000000
26202500000NB,3.56,4.01,262500000356,262500000356
26202500000NB,4.01,4.62,262500000401,262500000401
26202500000NB,4.65,7.1,262500000465,262500000465
26202500000NB,7.1,8.07,262500000710,262500000710
26202500000NB,8.07,9.79,262500000807,262500000807
26202500000NB,9.79,10.67,262500000979,262500000979
26202500000NB,11.65,12.35,262500001165,262500001165
26202500000NB,12.47,13.37,262500001247,262500001247
26202500000NB,13.4,15.31,262500001340,262500001340
26202500000NB,23.89,24.64,262500002389,262500002389
26202500000NB,28.49,29.07,262500002849,262500002849
26202500000NB,29.07,29.71,262500002907,262500002907
26202500000NB,29.71,30.09,262500002971,262500002971
26202500000NB,30.09,30.92,262500003009,262500003009
26202500000NB,31.63,31.73,262500003163,262500003163
26202500000NB,36.47,36.69,260250003647,260250003647
26202500000NB,38.92,39.2,262500003892,262500003892
4240009000000,0,0.18,420090000000,420090000000
4240009000000,0.18,0.32,420090000020,420090000020
1540011020000,0,0.57,150110200000,150110200000
1540011020000,0.57,2.75,150110200570,150110200570
1540011020000,2.75,2.78,150011020275,150011020275
1540016000000,1.05,1.126,150160001050,150160001050
1771771001900,0.43,0.62,170177100430,170177100430
18200330000EB,0.19,0.62,180330000000,180330000000
18200330000EB,0.86,1.08,180330000086,180330000086
18200330000EB,3.32,3.46,180330000332,180330000332
18200330000EB,11.09,11.48,180330001109,180330001109
18200330000EB,21.43,24.76,180330002143,180330002143
1640007000000,5.61,6,160070000553,160070000553
1640007000000,19.2,20.5,160070000192,160070000192
4640009000000,0.82,1.16,460090000082,460090000082
4640009000000,1.16,1.59,460090000116,460090000116
2870507001900,0,0.66,280050700000,280050700000
2870507001900,0.66,1.54,280050700066,280050700066
0540507020000,0,1.22,055070200000,055070200000
3140081000000,7.25,8.03,310810000725,310810000725
34200190000NB,1.38,3.4,340190000138,340190000138
34200190000NB,11.03,11.47,340190001103,340190001103
34200190000NB,31.65,31.85,340190003165,340190003165
2840025000000,0,0.57,280250000000,280250000000
2840025000000,0.57,1.53,280250000057,280250000057
3030080000000,4.6,5.6,300800000460,300800000460
3030080000000,7.05,9.46,300800000705,300800000705
39100680000EB,14.66,18.12,390680001466,390680001466
39100680000EB,18.12,23.34,390680001812,390680001812
39100680000EB,26.75,28.64,390680002675,390680002675
39100680000EB,28.64,29.23,390680002864,390680002864
39100680000EB,29.23,31.24,390680002923,390680002923
39100680000EB,31.24,31.42,390680003124,390680003124
39100680000EB,31.42,32.06,390680003142,390680003142
3174784001900,0,0.41,310478400000,310478400000
3174784001900,0.41,0.58,310478400041,310478400041
23201190000NB,0,0.85,231190000000,231190000000
23201190000NB,1.44,2.2,231190000144,231190000144
23201190000NB,2.2,2.54,231190000220,231190000220
23201190000NB,2.54,2.67,231190000254,231190000254
23201190000NB,2.67,3.59,231190000267,231190000267
23201190000NB,3.59,5.27,231190000359,231190000359
23201190000NB,11.87,12.283,231190001187,231190001187
3140060000000,0,0.85,310600000000,310600000000
3140060000000,0.85,1.75,310600000085,310600000085
1930115000000,0,0.22,191150000000,191150000000
1930115000000,0.64,1.15,191150000064,191150000064
1930115000000,1.59,4.09,191150000159,191150000159
5440030000000,0,0.98,540300000000,540300000000
2040012010000,0,0.6,200120100000,200120100000
25202500000NB,2.87,3,252500000287,252500000287
25202500000NB,3.785,4.16,252500003420,252500003420
4130307000000,4.55,5.59,413070000455,413070000455
4130307000000,7.42,8.45,413070000742,413070000742
0640035000000,7.83,8.63,060350000783,060350000783
1030016000000,1.75,2.38,100160000175,100160000175
1030016000000,14.616,14.746,100160001484,100160001484
1030016000000,15.526,16.666,100160001575,100160001575
1030016000000,23.176,23.516,100160002340,100160002340
3174771001900,0.3,0.65,310477100030,310477100030
54300140005SB,0,0.16,54014S000000,54014S000000
54300140005SB,0.16,0.32,54300140005,54300140005
5040012000000,3.176,4.65,500120003176,500120003176
4730093000000,0,0.15,470930000000,470930000000
4730093000000,0.15,0.91,470930000015,470930000015
4730093000000,2.34,7.42,470930000234,470930000234
0540001000000,0,0.12,050010000000,050010000000
0540001000000,0.12,0.5,050010000012,050010000012
0540001000000,1.07,1.34,050010000107,050010000107
0540001000000,3.26,4.01,050010000326,050010000326
0540001000000,4.01,4.8,050010000401,050010000401
1740019570000,0,0.49,170195700000,170195700000
4730032000000,0,3.26,470320000000,470320000000
4730032000000,3.26,4.88,470320000326,470320000326
4730032000000,14.79,16.09,470320001479,470320001479
4730032000000,16.09,16.45,470320001609,470320001609
1740020750000,0.46,0.93,170207500046,170207500046
1740020750000,1.26,1.48,170207500126,170207500126
0274259001900,0,0.17,020425900000,020425900000
0274259001900,0.17,0.61,022590000017,022590000017
1040009010000,0,1.93,100090100000,100090100000
2840007050000,0,0.324,280007050000,280007050000
2840007050000,0.343,1.11,280007050343,280007050343
2840007050000,1.11,1.83,280070500111,280070500111
2840007050000,1.836,2.1,280070501836,280070501836
0640031000000,0.16,0.5,060310000016,060310000016
4830002000000,0,2.27,480020000000,480020000000
4830002000000,2.27,2.84,480020000227,480020000227
4830002000000,2.84,4.64,480020000284,480020000284
4830002000000,4.9,6.65,480020000490,480020000490
4830002000000,9.93,10.25,480020000993,480020000993
4830002000000,10.25,12.02,480020001025,480020001025
4830002000000,12.02,13.02,480020001202,480020001202
2840016000000,1.7,2.5,280160000170,280160000170
2840016000000,2.5,2.614,280160002500,280160002500
3540088020000,0,0.57,350880200000,350880200000
2840014000000,0,0.63,280140000000,280140000000
2630002000000,10.22,11.92,260020001022,260020001022
2630002000000,13.46,13.89,260020001346,260020001346
2630002000000,17.94,18.08,260020001794,260020001794
2630002000000,18.24,18.76,260020001824,260020001824
2630002000000,19.53,19.8,260020001953,260020001953
1740050760000,0,0.31,170507600000,170507600000
1740050760000,0.31,1.34,170507600031,170507600031
3540039000000,0.01,0.42,350390000001,350390000001
3540039000000,0.42,1.56,350390000042,350390000042
3540039000000,1.56,2.05,350390000156,350390000156
28200520018EB,0,0.02,28052O000000,28052O000000
5230020000000,19.48,20.04,520200001948,520200001948
3430041000000,0.03,2.59,340410000003,340410000003
4140048000000,0,1.9,410480000000,410480000000
0940011000000,11.45,12.55,090110001145,090110001145
2630002000300,0,0.43,260020000000,260020000000
5530097000000,21.56,22.26,550970002156,550970002156
5530097000000,22.83,23.2,550970002283,550970002283
5530097000000,28.09,32.88,550970002809,550970002809
41100640017WB,0,0.47,41064R000000,41064R000000
41100640017WB,0.47,0.594,410064R00047,410064R00047
41100640017WB,0.594,0.82,41064R000059,41064R000059
2071062001900,0,1.38,200106200000,200106200000
20200600007WB,7.93,8.1,20060W007930,20060W007930
3540021000000,0,0.65,350210000000,350210000000
3540021000000,0.65,0.73,350210000065,350210000065
2040023000000,2.48,2.67,200230000248,200230000248
2040023000000,2.67,3.6,200230002670,200230002670
3140059020000,0,0.44,310590200000,310590200000
2830104000000,1.65,2.65,281040000165,281040000165
1540208000000,3.21,3.55,152080000321,152080000321
3140049000000,0.66,1.25,310490000066,310490000066
1730098000000,0.42,1.96,170980000042,170980000042
3540024000000,0,0.4,350240000000,350240000000
4140009090000,0,1.81,410090900000,410090900000
3540005000000,0,1.47,350050000000,350050000000
1230028000000,3.35,4.76,120280000335,120280000335
1230028000000,8.23,12.58,120280000823,120280000823
1230028000000,12.58,12.95,120280001258,120280001258
1230028000000,13.03,13.38,120280001303,120280001303
1771754001900,0.18,0.47,170175400018,170175400018
1771754001900,0.47,0.57,170175400047,170175400047
0577278001900,0,0.16,050727800000,050727800000
4140006020000,1.57,1.69,410060201570,410060201570
42202500000NB,9.71,12.45,422500000971,422500000971
5275501001900,0.07,0.22,520550100007,520550100007
5275501001900,0.93,1.07,520550100093,520550100093
1830002000000,0,2.72,180020000000,180020000000
1830002000000,2.76,3.88,180020000276,180020000276
1830002000000,10.86,11,180020001086,180020001086
1830002000000,11.14,11.28,180020001114,180020001114
2040006060000,0,0.47,200060600000,200060600000
2040006060000,0.8,1.16,200060600080,200060600080
2040006060000,1.16,2.24,200060600116,200060600116
2040006060000,2.24,3.11,200060600224,200060600224
2040006060000,3.7,5.75,200060600370,200060600370
4970755001900,0.1,0.64,490075500010,490075500010
4970755001900,0.64,1.05,490075500064,490075500064
0540002010000,0,0.13,050020100000,050020100000
0540002010000,0.13,1.03,050020100013,050020100013
1740050160000,0.12,0.54,170501600012,170501600012
4140003180000,2.77,3.51,410031802770,410031802770
01201190000NB,6.95,9.29,011190000695,011190000695
01201190000NB,10.66,11.5,011190001066,011190001066
52300070006EB,0,0.1,52007E000000,52007E000000
52300070006EB,0.1,0.27,52007E000010,52007E000010
4140025000000,3.7,5.9,410250003700,410250003700
31100680004NB,0,0.84,31068N000000,31068N000000
0530002000000,3.33,3.88,050020003330,050020003330
0530002000000,3.88,6.35,050020000388,050020000388
0530002000000,6.8,7.06,050020000680,050020000680
0530002000000,7.06,7.47,050020000706,050020000706
0530002000000,7.59,8.67,050020000759,050020000759
0530002000000,10.14,10.72,050020001014,050020001014
0530002000000,12.63,13.08,050020001263,050020001263
0530002000000,14.5,14.83,050002000145,050002000145
0530002000000,14.83,15.05,050020001483,050020001483
0530002000000,15.05,15.08,050020001505,050020001505
0530002000000,15.08,15.4,050020001508,050020001508
0530002000000,15.75,16.16,050020001575,050020001575
2930046000000,15.38,16.59,290460001538,290460001538
2930046000000,19.82,19.94,290460001982,290460001982
28204600000EB,0.029,1.06,284600000029,284600000029
28204600000EB,1.33,2.9,284600000133,284600000133
28204600000EB,2.9,3.09,284600000290,284600000290
28204600000EB,4.29,5.38,284600000429,284600000429
28204600000EB,13.48,14.72,284600001348,284600001348
28204600000EB,14.72,15.15,284600001472,284600001472
3140019220000,0.12,0.68,310019220012,310019220012
3140019220000,0.68,1.07,310192200068,310192200068
0330099000000,0,1.84,030990000000,030990000000
5040060030000,1.37,1.47,500600300137,500600300137
0673292001900,0,0.69,060329200000,060329200000
0240034030000,0,1.01,020340300000,020340300000
0640060760000,0,0.16,060607600000,060607600000
49200330000EB,0,0.64,490330000000,490330000000
49200330000EB,1.22,2.51,490330000122,490330000122
49200330000EB,2.51,4,490330000251,490330000251
49200330000EB,4,4.35,490330000400,490330000400
49200330000EB,5.37,7.192,490330000537,490330000537
49200330000EB,8.31,10.87,490330000831,490330000831
17100790000NB,106.42,107.57,170790010642,170790010642
17100790000NB,107.57,107.94,170790010757,170790010757
17100790000NB,107.94,109.77,170790010794,170790010794
17100790000NB,109.77,110.29,170790010977,170790010977
17100790000NB,110.29,111.13,170790011029,170790011029
17100790000NB,111.13,111.91,170790011113,170790011113
17100790000NB,111.91,114.132,170790011191,170790011191
17100790000NB,114.9,115.33,170790011490,170790011490
17100790000NB,115.33,117.17,170790011533,170790011533
17100790000NB,117.17,117.74,170790011717,170790011717
17100790000NB,117.74,119.53,170790011774,170790011774
17100790000NB,119.53,120.72,170790011953,170790011953
17100790000NB,120.72,122.43,170790012072,170790012072
17100790000NB,122.43,122.9,170790012243,170790012243
17100790000NB,122.9,123.988,170790012290,170790012290
17100790000NB,123.988,125.38,170079123988,170079123988
17100790000NB,125.38,125.8,170790012538,170790012538
17100790000NB,125.8,129.217,170790012580,170790012580
2572529001900,0,0.15,250252900000,250252900000
41100640000EB,118.92,120.1,410640011892,410640011892
41100640000EB,120.69,122.62,410640012069,410640012069
41100640000EB,122.71,123.18,410640012271,410640012271
41100640000EB,123.63,124.47,410640012363,410640012363
41100640000EB,126.65,127.58,410640012665,410640012665
41100640000EB,128.91,129.49,410064012891,410064012891
41100640000EB,129.49,132,410064012949,410064012949
41100640000EB,132,132.53,410640013200,410640013200
41100640000EB,132.84,137.48,410640013284,410640013284
41100640000EB,137.48,138.01,410640013748,410640013748
41200190014NB,0,2.7,41019BP00000,41019BP00000
2140013000000,0,0.4,210130000000,210130000000
0630193000000,0.46,3.55,061930000046,061930000046
4272252001900,0,0.39,420225200000,420225200000
4240219220000,0,0.16,422192200000,422192200000
5073253001900,0,0.13,500325300000,500325300000
5073253001900,0.13,0.26,500325300130,500325300130
0240009130000,0.4,1.92,020091300040,020091300040
0640021000000,0.537,0.9,060021000537,060021000537
0640021000000,0.9,1.51,060210000090,060210000090
0640021000000,1.51,2.939,060210000151,060210000151
0640021000000,2.947,2.98,060210002947,060210002947
17200500000EB,0,1.53,170500000000,170500000000
17200500000EB,1.53,3.37,170500000153,170500000153
17200500000EB,3.42,3.8,170500000342,170500000342
17200500000EB,6.11,7.16,170500000611,170500000611
17200500000EB,11.38,12.29,170500001138,170500001138
17200500000EB,12.29,12.88,170500001229,170500001229
17200500000EB,13.25,13.78,170500001325,170500001325
17200500000EB,13.78,14.03,170500013780,170500013780
17200500000EB,14.03,14.25,170500014030,170500014030
17200500000EB,14.324,14.64,170500014324,170500014324
17200500000EB,14.96,15.31,170500001496,170500001496
17200500000EB,15.465,15.57,170500015465,170500015465
17200500000EB,15.68,16.24,170500001568,170500001568
17200500000EB,16.27,17.79,170500001627,170500001627
17200500000EB,17.79,18,170500001779,170500001779
17200500000EB,18,18.32,170500000018,170500000018
17200500000EB,18.32,18.45,170500001832,170500001832
17200500000EB,18.45,18.52,170500001845,170500001845
17200500000EB,18.52,18.8,170500001852,170500001852
17200500000EB,18.85,19.21,170500001885,170500001885
54300680005SB,1.69,1.92,54068S000169,54068S000169
1577270001900,0,0.5,150727000000,150727000000
2340110580000,0.51,1.04,231105800044,231105800044
3174810001900,0,0.76,310481000000,310481000000
0530027000100,0.4,0.96,05027A000040,05027A000040
0530027000100,0.96,3.35,05027A000096,05027A000096
2540250180000,0.08,0.85,252501800008,252501800008
2040060750000,0,0.09,200607500000,200607500000
4140008010000,1.02,1.6,410080100102,410080100102
4930020000000,22.87,23.54,490200002287,490200002287
42202190000NB,0,3.24,422190000000,422190000000
42202190000NB,8.55,8.74,422190000855,422190000855
42202190000NB,8.74,9.68,422190000874,422190000874
42202190000NB,12.59,15.89,422190001259,422190001259
42202190000NB,15.89,17.4,422190001589,422190001589
42202190000NB,17.4,19.15,422190001740,422190001740
42202190000NB,19.15,21.44,422190001915,422190001915
42202190000NB,21.48,21.67,422190002148,422190002148
42202190000NB,27.85,30.16,422190002785,422190002785
42202190000NB,36.33,37.87,422190003633,422190003633
42202190000NB,42.36,42.373,422190004236,422190004236
5440004100000,0,0.4,540041000000,540041000000
3140055070000,0,0.26,310550700000,310550700000
2840027000000,0,1.57,280270000000,280270000000
2840027000000,2.12,2.59,280270000212,280270000212
0274266001900,0,0.44,020426600000,020426600000
2330017000000,1.394,2.174,230170000032,230170000032
41100770004NB,0,0.43,41077N000000,41077N000000
2540073730000,2.11,2.33,250737300211,250737300211
2540073730000,2.62,2.673,250737300262,250737300262
2540073730000,2.673,3.34,250737302673,250737302673
3430039000000,24.6,24.96,340390024600,340390024600
3140057000000,1.21,1.33,310570000121,310570000121
20200600000EB,2.44,2.86,200600000244,200600000244
20200600000EB,6.2,6.92,200600000620,200600000620
20200600000EB,9.19,10.9,200600000919,200600000919
20200600000EB,14.84,16,200600001484,200600001484
20200600000EB,16.07,16.48,200600001607,200600001607
20200600000EB,18.64,20.08,200600001864,200600001864
20200600000EB,23.08,23.52,200600002308,200600002308
20200600000EB,28.43,29.18,200600002843,200600002843
0140011000000,3.05,3.78,010110000307,010110000307
2774502001900,0,0.17,270450200000,270450200000
5230007000000,0.2,0.36,520070000020,520070000020
5230007000000,2,2.55,520070000200,520070000200
5230007000000,35.64,36.52,520070003564,520070003564
06100640000EB,5.87,6.47,060640000587,060640000587
06100640000EB,6.47,6.74,060640000647,060640000647
06100640000EB,6.74,7.26,060640000674,060640000674
06100640000EB,7.26,7.72,060640000726,060640000726
06100640000EB,7.72,8.19,060640000772,060640000772
06100640000EB,8.19,9.22,060640000819,060640000819
06100640000EB,9.22,9.52,060640000922,060640000922
06100640000EB,11.02,11.37,060640001102,060640001102
06100640000EB,11.37,14.53,060640001137,060640001137
06100640000EB,14.57,17.68,060640001457,060640001457
06100640000EB,17.68,18.08,060640001768,060640001768
06100640000EB,18.08,18.49,060640001808,060640001808
06100640000EB,18.49,19.32,060640001849,060640001849
06100640000EB,19.32,19.71,060640001932,060640001932
06100640000EB,19.71,20.19,060640001971,060640001971
06100640000EB,20.19,21.04,060640002019,060640002019
06100640000EB,21.04,21.16,060640002104,060640002104
06100640000EB,21.16,21.75,060640002116,060640002116
06100640000EB,21.75,22.39,060640002175,060640002175
06100640000EB,22.39,27.11,060640002239,060640002239
06100640000EB,27.11,27.55,060640002711,060640002711
06100640000EB,27.55,28.67,060640002755,060640002755
06100640000EB,28.67,29.44,060640002867,060640002867
06100640000EB,29.44,31.77,060640002944,060640002944
4530020000000,24.37,24.94,450200002437,450200002437
4530020000000,24.94,25.32,450200002494,450200002494
4530020000000,25.32,32.14,450200002532,450200002532
21200190000NB,22.37,22.58,210190022370,210190022370
21200190000NB,22.72,23.48,210190002272,210190002272
2040046000000,0,0.41,200460000000,200460000000
1340060140000,6.25,6.39,130601400625,130601400625
5530016000000,1.73,3.33,550160000173,550160000173
5530016000000,6.42,8.95,550160000642,550160000642
5530016000000,10.99,11.4,550160001099,550160001099
1740025000000,12.11,12.26,170250001211,170250001211
1740025000000,12.26,12.62,170250001226,170250001226
3140007210000,0,1.11,310072100000,310072100000
2640088120000,0.37,0.52,260881200037,260881200037
2040025250000,0,0.15,200252500000,200252500000
2040025250000,0.15,2.17,200252500015,200252500015
1230042000000,16.97,21.26,120420001697,120420001697
1230042000000,21.78,22.74,120420002178,120420002178
2930028000000,7.69,9.22,290280000769,290280000769
2930028000000,11.868,11.93,290028011868,290028011868
2930028000000,11.93,12.86,290280001193,290280001193
2930028000000,12.86,13.545,290280001286,290280001286
2071026001900,0,0.33,200102600000,200102600000
2870504001900,0,0.47,280050400000,280050400000
2870504001900,0.47,0.71,280050400047,280050400047
3174817001900,0,0.24,310481700000,310481700000
4940005090000,0,0.28,490050900000,490050900000
1840021000000,0,0.36,180210000000,180210000000
1840021000000,19.64,20.96,180210001964,180210001964
1840021000000,28.32,29.88,180210002832,180210002832
28100770000NB,0.69,2.56,280770000069,280770000069
28100770000NB,2.56,5.12,280770000256,280770000256
28100770000NB,5.12,8.189,280770000512,280770000512
28100770000NB,8.189,8.98,280077008189,280077008189
2040049000000,0.68,1.17,200490000068,200490000068
0140030000000,6.14,6.83,010300000614,010300000614
5440034000000,0,0.76,540340000000,540340000000
5440034000000,1.45,1.76,540340001450,540340001450
1577264001900,0,0.35,150726400000,150726400000
3140069060000,0,0.32,310690600000,310690600000
3140069060000,0.32,0.38,310690600032,310690600032
4130041000000,0,0.71,410410000000,410410000000
4130041000000,1.85,1.99,410410000185,410410000185
4130041000000,1.99,2.19,410410000199,410410000199
1040061100000,0.08,0.45,100611000008,100611000008
2330080000000,0.86,1.57,230800000086,230800000086
3530002000000,1.9,2.13,350020000190,350020000190
3530002000000,2.36,2.84,350020000236,350020000236
3530002000000,5.81,7.04,350020000581,350020000581
3530002000000,7.35,7.57,350020000735,350020000735
3530002000000,7.57,8.08,350020000757,350020000757
3530002000000,8.22,8.5,350020000822,350020000822
0340005000000,5.42,6.96,030050000542,030050000542
0340005000000,15.1,17.57,030050001510,030050001510
4140009000000,5.28,5.54,410090000528,410090000528
0230009000000,0.35,2.2,020090000035,020090000035
0230009000000,4.81,6.17,020090000481,020090000481
0230009000000,6.17,6.27,020090000617,020090000617
0230009000000,6.381,6.47,020090006381,020090006381
0230009000000,6.47,7.58,020090000647,020090000647
0230009000000,7.584,9.95,020090007584,020090007584
0230009000000,10.12,10.37,020090001012,020090001012
0230009000000,10.532,10.893,020090001052,020090001052
0230009000000,10.893,11.243,020090001084,020090001084
0230009000000,14,14.2,020090001400,020090001400
0230009000000,14.55,14.9,020090001455,020090001455
0230009000000,15.57,15.79,020090001557,020090001557
0230009000000,15.79,16.09,020090001579,020090001579
0230009000000,17.07,17.48,020090001707,020090001707
0230009000000,18.18,20.16,020090001818,020090001818
4170034001900,0.17,0.38,410003400017,410003400017
20100770000NB,95.34,95.87,200770009534,200770009534
20100770000NB,95.87,96.15,200770009587,200770009587
20100770000NB,97.22,98.17,200770009722,200770009722
20100770000NB,98.28,99.12,200770009828,200770009828
20100770000NB,99.12,100.07,200770009912,200770009912
20100770000NB,100.07,100.28,200770010007,200770010007
20100770000NB,100.28,100.78,200770010028,200770010028
20100770000NB,100.78,101.08,200770010078,200770010078
20100770000NB,101.65,102.16,200770010165,200770010165
20100770000NB,102.16,102.66,200770010216,200770010216
20100770000NB,102.66,103.69,200770010266,200770010266
20100770000NB,103.69,104.81,200770010369,200770010369
20100770000NB,104.81,105.002,200770010481,200770010481
20100770000NB,106.17,107.6,200770010617,200770010617
20100770000NB,107.6,110.13,200770010760,200770010760
20100770000NB,110.13,110.78,200770011013,200770011013
20100770000NB,110.78,111.16,200770011078,200770011078
20100770000NB,111.16,112.52,200770011116,200770011116
20100770000NB,112.52,113.47,200770011252,200770011252
20100770000NB,113.47,114.59,200770011347,200770011347
20100770000NB,114.59,116.05,200770011459,200770011459
20100770000NB,116.05,116.66,200770011605,200770011605
20100770000NB,116.66,117.5,200770011666,200770011666
0640009000000,1.688,1.803,060090001688,060090001688
2040011000000,0.899,0.95,200110000899,200110000899
5475766001900,0,0.46,540576600000,540576600000
5475770001900,0.43,1.04,540577000043,540577000043
0940003000000,4.14,5.77,090030000414,090030000414
35202500005SB,0,0.36,35250S000000,35250S000000
19203400005SB,0,0.17,19340S000000,19340S000000
19203400005SB,0.17,0.37,190340S00017,190340S00017
19203400005SB,0.371,0.6,190340S00371,190340S00371
20300610005SB,0,0.05,20061S000000,20061S000000
2040043000000,0.427,1.27,200430000427,200430000427
4040012000000,4.71,8.19,400120000471,400120000471
4040012000000,8.19,10.77,400120000819,400120000819
4040012000000,10.77,12.37,400120001077,400120001077
2040015000000,0,0.1,200150000000,200150000000
06200600000EB,2.97,3.07,060600000297,060600000297
06200600000EB,3.17,3.27,060600000317,060600000317
06200600000EB,5.76,5.96,060600000576,060600000576
06200600000EB,6.97,7.51,060600000697,060600000697
06200600000EB,7.59,7.96,060600000759,060600000759
06200600000EB,7.96,8.43,060600000796,060600000796
06200600000EB,8.43,8.82,060600000843,060600000843
06200600000EB,8.82,9.5,060600000882,060600000882
06200600000EB,9.56,9.92,060600000956,060600000956
06200600000EB,9.92,10.27,060600000992,060600000992
06200600000EB,10.76,10.929,060600001076,060600001076
06200600000EB,10.929,10.944,060600001076,060600001076
06200600000EB,10.944,11.25,060600001076,060600001076
06200600000EB,11.51,12.23,060600001151,060600001151
06200600000EB,15.59,17.29,060600001559,060600001559
45100640000EB,138.01,138.38,450640013801,450640013801
45100640000EB,138.38,143.2,450640013838,450640013838
45100640000EB,143.2,143.75,450640014320,450640014320
45100640000EB,143.75,147.6,450640014375,450640014375
20100640006EB,0,0.3,200064E00000,200064E00000
4130003000000,35.98,36.18,410030035980,410030035980
4130003000000,36.23,36.49,410030036230,410030036230
4130003000000,37.1,37.73,410030003710,410030003710
4140016160000,0,0.42,410161600000,410161600000
2730002000000,1.39,3.15,270020000139,270020000139
2730002000000,13.72,15.93,270020001372,270020001372
2730002000000,15.93,18.05,270020001593,270020001593
2730002000000,18.91,19.89,270020001891,270020001891
2730002000000,20.07,20.36,270020002007,270020002007
2730002000000,20.57,20.72,270020002057,270020002057
2730002000000,20.72,20.88,270020002072,270020002072
2730002000000,21,21.29,270020002100,270020002100
2730002000000,21.29,22.2,270020002129,270020002129
2730002000000,24.16,24.79,270020002416,270020002416
2730002000000,29.27,35.98,270002002927,270002002927
11100790000NB,83.15,83.55,110790008315,110790008315
0640060090000,0,0.35,060600900000,060600900000
3140059000000,0,0.33,310590000000,310590000000
3140059000000,0.33,0.85,310590000033,310590000033
0673274001900,1.46,1.56,060327400146,060327400146
2040039000000,7.15,8.83,200390000715,200390000715
20100770005SB,0,0.67,20077S000000,20077S000000
35202500000NB,0,0.94,352500000000,352500000000
35202500000NB,0.94,1.9,352500000094,352500000094
35202500000NB,1.9,2.93,352500000190,352500000190
35202500000NB,2.93,3.26,352500000293,352500000293
1740011000000,0,1.14,170110000000,170110000000
1740011000000,1.14,2.3,170110001140,170110001140
1740011000000,4.24,4.7,170110000424,170110000424
1740011000000,4.7,5.24,170110004700,170110004700
0540013000000,0,0.14,050130000000,050130000000
31100680000EB,0,0.32,310680000000,310680000000
31100680000EB,1.15,2.67,310680000115,310680000115
31100680000EB,2.67,4.13,310680000267,310680000267
31100680000EB,4.13,4.56,310680000413,310680000413
31100680000EB,4.56,4.96,310680000456,310680000456
31100680000EB,4.96,5.79,310680000496,310680000496
31100680000EB,5.79,6.18,310680000579,310680000579
31100680000EB,6.18,6.77,310680000618,310680000618
31100680000EB,6.77,7.2,310680000677,310680000677
31100680000EB,7.2,7.54,310680000720,310680000720
31100680000EB,7.54,8.89,310680000754,310680000754
31100680000EB,8.89,9.4,310680000889,310680000889
31100680000EB,10.28,10.32,310680001028,310680001028
31100680000EB,10.32,10.79,310680001032,310680001032
31100680000EB,10.79,13.149,310680001079,310680001079
0240030000000,4.175,4.37,020300004175,020300004175
0673317001900,0,0.24,060331700000,060331700000
46200500000EB,12.99,13.65,460500001299,460500001299
2770100001900,5.61,5.81,270010000561,270010000561
42200330000EB,4.522,7.76,420330000452,420330000452
42200330000EB,7.76,8.05,420330000776,420330000776
42200330000EB,8.05,9.5,420330000805,420330000805
42200330000EB,9.5,9.74,420330000950,420330000950
42200330000EB,10.26,10.99,420330001026,420330001026
1540507000000,0.43,0.92,155070000043,155070000043
1540507000000,0.92,1.16,155070000092,155070000092
1540507000000,1.51,3.33,155070000151,155070000151
3540018000000,0,0.72,350180000000,350180000000
4940012000000,0.85,1.53,490120000850,490120000850
4940012000000,1.53,2.57,490120001530,490120001530
4940012000000,2.57,4.26,490120000257,490120000257
4940012000000,5.08,5.29,490120000508,490120000508
2071068001900,0,0.48,200106800000,200106800000
4940001000000,2.28,3.17,490010000228,490010000228
5440001000000,6.32,6.67,54400010000,54400010000
5440001000000,6.67,7.17,540010000667,540010000667
4140019030000,0.387,0.5,410190300039,410190300039
4140019030000,0.5,0.98,410190300050,410190300050
31100790000NB,142.37,143.81,310790014237,310790014237
31100790000NB,143.81,145.2,310790014381,310790014381
31100790000NB,145.2,145.65,310790014520,310790014520
31100790000NB,145.65,147.85,310790014565,310790014565
31100790000NB,147.85,148.022,310790014785,310790014785
31100790000NB,148.29,148.47,310790014829,310790014829
31100790000NB,148.47,148.66,310790014847,310790014847
31100790000NB,148.66,149.05,310790014866,310790014866
31100790000NB,149.05,149.38,310790014905,310790014905
31100790000NB,149.38,149.68,310790014938,310790014938
31100790000NB,149.68,150.74,310790014968,310790014968
31100790000NB,150.74,151.07,310790015074,310790015074
31100790000NB,151.07,152.32,310790015107,310790015107
31100790000NB,152.32,152.501,310790015232,310790015232
31100790000NB,152.92,156.983,310790015292,310790015292
31100790000NB,157,160.52,310790015700,310790015700
43200500000EB,0,2.86,430500000000,430500000000
43200500000EB,8.02,9.99,430500000802,430500000802
43200500000EB,10.83,11.79,430500001083,430500001083
43200500000EB,12.54,12.85,430500001254,430500001254
43200500000EB,13.57,14.78,430500001357,430500001357
