RouteID,BMP,EMP,29_HPMS_SAMPLE_NO
"5275502001900",0.110000,0.300000,520550200110
"2840021010000",0.000000,0.890000,280210100000
"2940046040000",4.532000,4.930000,290460404532
"2630086000000",0.200000,0.510000,260860000020
"2730062000000",19.720000,20.330000,270620001972
"2730062000000",20.330000,20.530000,270620002033
"2730062000000",20.550000,21.940000,270620002055
"2572520001900",1.040000,1.810000,250252000104
"2572520001900",1.880000,2.000000,250252000188
"4130307000000",4.550000,5.590000,413070000455
"4130307000000",7.420000,8.450000,413070000742
"1930051000000",8.130000,8.660000,190510000813
"1930051000000",8.660000,8.780000,190510008660
"36200330000EB",5.490000,5.920000,360330000549
"36200330000EB",33.184000,33.783000,360330003321
"1740050760000",0.000000,0.310000,170507600000
"1740050760000",0.310000,1.340000,170507600031
"4840007020000",0.000000,1.010000,480070200000
"1540011030000",0.060000,0.352000,150110300060
"3174770001900",0.000000,0.400000,310477000000
"3174770001900",0.400000,0.440000,317700000040
"0640031000000",0.160000,0.500000,060310000016
"4170052001900",0.310000,0.570000,410005200031
"4170052001900",0.850000,0.950000,410005200085
"10200600000EB",0.340000,1.010000,100600000034
"06200520000EB",0.010000,0.330000,060520000001
"06200520000EB",0.330000,0.450000,060520000033
"06200520000EB",0.750000,1.010000,060520000075
"35100700000EB",0.080000,0.490000,350700000008
"35100700000EB",0.490000,0.850000,350700000049
"35100700000EB",0.850000,1.230000,350700000085
"35100700000EB",1.440000,1.920000,350700000144
"35100700000EB",1.920000,2.190000,350700000192
"35100700000EB",2.430000,4.700000,350700000243
"35100700000EB",4.700000,5.370000,350700000470
"35100700000EB",5.370000,5.930000,350700000537
"35100700000EB",5.930000,6.900000,350700000593
"35100700000EB",6.900000,8.070000,350700000690
"35100700000EB",8.070000,10.750000,350700000807
"35100700000EB",10.750000,11.060000,350700001075
"35100700000EB",11.060000,11.761000,350700001106
"35100700000EB",11.761000,14.450000,350070011761
"2040038000000",0.000000,2.430000,200380000000
"35202500009NB",0.000000,0.680000,35250NB00000
"2675256001900",0.420000,0.590000,260525600042
"5440004100000",0.000000,0.400000,540041000000
"20100770000NB",95.340000,95.870000,200770009534
"20100770000NB",95.870000,96.150000,200770009587
"20100770000NB",97.220000,98.170000,200770009722
"20100770000NB",98.280000,99.120000,200770009828
"20100770000NB",99.120000,100.070000,200770009912
"20100770000NB",100.070000,100.280000,200770010007
"20100770000NB",100.280000,100.780000,200770010028
"20100770000NB",100.780000,101.080000,200770010078
"20100770000NB",101.650000,102.160000,200770010165
"20100770000NB",102.160000,102.660000,200770010216
"20100770000NB",102.660000,103.690000,200770010266
"20100770000NB",103.690000,104.810000,200770010369
"20100770000NB",104.810000,105.002000,200770010481
"20100770000NB",106.170000,107.600000,200770010617
"20100770000NB",107.600000,110.130000,200770010760
"20100770000NB",110.130000,110.780000,200770011013
"20100770000NB",110.780000,111.160000,200770011078
"20100770000NB",111.160000,112.520000,200770011116
"20100770000NB",112.520000,113.470000,200770011252
"20100770000NB",113.470000,114.590000,200770011347
"20100770000NB",114.590000,116.050000,200770011459
"20100770000NB",116.050000,116.660000,200770011605
"20100770000NB",116.660000,117.500000,200770011666
"2040060280000",0.000000,0.550000,200602800000
"2330010000000",10.580000,10.760000,230001001058
"2330010000000",12.790000,12.950000,230100001279
"2330010000000",26.308000,27.710000,230100002714
"01200330000EB",0.000000,1.870000,010330000000
"3540018030000",0.000000,0.610000,350180300000
"3540018030000",0.610000,1.150000,350180300061
"3540018030000",1.750000,2.030000,350180300175
"3930072000000",18.420000,20.440000,390720001842
"43200500000EB",0.000000,2.860000,430500000000
"43200500000EB",8.020000,9.990000,430500000802
"43200500000EB",10.830000,11.790000,430500001083
"43200500000EB",12.540000,12.850000,430500001254
"43200500000EB",13.570000,14.780000,430500001357
"5430068000000",0.000000,0.350000,54300680000
"5430068000000",17.190000,18.290000,540680001719
"5140003000000",8.080000,10.380000,510030000801
"2030025000000",2.460000,2.680000,200250000246
"2030025000000",3.890000,5.110000,200250000389
"2030025000000",9.420000,10.420000,200250000942
"1771759001900",0.000000,0.190000,170175900000
"1577264001900",0.000000,0.350000,150726400000
"11100790000NB",83.150000,83.550000,110790008315
"2830020000000",4.230000,5.200000,280200000423
"2830020000000",10.320000,11.400000,280200001032
"2830020000000",12.050000,12.780000,280200001205
"2071308001900",0.770000,1.620000,200130800077
"4630310000000",0.000000,0.200000,463100000000
"4240009000000",0.000000,0.180000,420090000000
"4240009000000",0.180000,0.320000,420090000020
"1530002000000",0.000000,0.100000,150020000000
"1530002000000",0.100000,0.280000,150020000010
"1530002000000",0.280000,0.560000,150020000028
"1530002000000",1.490000,2.300000,150020000149
"1530002000000",2.300000,2.660000,150020000230
"1530002000000",2.660000,3.030000,150020000266
"1530002000000",3.910000,4.680000,150020000391
"1530002000000",4.690000,6.690000,150020000469
"1530002000000",10.330000,10.560000,150020001033
"1530002000000",10.800000,11.140000,150020001080
"1530002000000",11.140000,11.450000,150020001114
"1530002000000",12.890000,13.840000,150020001289
"1530002000000",16.520000,17.440000,150020001652
"1530002000000",17.550000,18.120000,150020001755
"1530002000000",19.710000,20.250000,150020001971
"1740024270000",0.000000,0.410000,170242700000
"4272254001900",0.000000,0.300000,420225400000
"15200220000EB",0.000000,0.390000,150220000000
"42202190000NB",0.000000,3.240000,422190000000
"42202190000NB",8.550000,8.740000,422190000855
"42202190000NB",8.740000,9.680000,422190000874
"42202190000NB",12.590000,15.890000,422190001259
"42202190000NB",15.890000,17.400000,422190001589
"42202190000NB",17.400000,19.150000,422190001740
"42202190000NB",19.150000,21.440000,422190001915
"42202190000NB",21.480000,21.670000,422190002148
"42202190000NB",27.850000,30.160000,422190002785
"42202190000NB",36.330000,37.870000,422190003633
"42202190000NB",42.360000,42.373000,422190004236
"1340060140000",6.250000,6.390000,130601400625
"3540007000000",0.000000,0.440000,350070000000
"5530016000000",1.730000,3.330000,550160000173
"5530016000000",6.420000,8.950000,550160000642
"5530016000000",10.990000,11.400000,550160001099
"5275515001900",0.000000,0.220000,520551500000
"31100680006EB",0.000000,0.890000,31068E000000
"1830002000000",0.000000,2.720000,180020000000
"1830002000000",2.760000,3.880000,180020000276
"1830002000000",10.860000,11.000000,180020001086
"1830002000000",11.140000,11.280000,180020001114
"0673274001900",1.460000,1.560000,060327400146
"3740001000000",3.020000,4.050000,370010000302
"40200350000NB",0.290000,0.650000,400350000029
"40200350000NB",1.360000,1.600000,400350000136
"40200350000NB",1.640000,2.060000,400350000164
"40200350000NB",2.100000,2.532000,400350000210
"20100770016NB",67.210000,74.170000,200770006721
"20100770016NB",74.360000,75.000000,200770007436
"20100770016NB",75.000000,77.460000,200770007500
"20100770016NB",77.510000,77.830000,200770007751
"20100770016NB",83.450000,84.420000,200770008345
"20100770016NB",84.420000,84.940000,200770008442
"20100770016NB",84.940000,86.680000,200770008494
"20100770016NB",86.680000,88.520000,200770008668
"20100770016NB",88.520000,89.180000,200770008852
"20100770016NB",89.180000,89.500000,200770008918
"20100770016NB",89.500000,93.310000,200770008950
"20100770016NB",93.310000,93.930000,200770009331
"20100770016NB",93.930000,94.430000,200770009393
"20100770016NB",94.430000,94.690000,200770009443
"20100770016NB",94.690000,94.960000,200770009469
"20100770016NB",94.960000,95.340000,200770009496
"0540507000000",0.000000,0.250000,055070000000
"0540507000000",0.250000,0.340000,055070000025
"0540507000000",0.620000,1.200000,055070000062
"5430095000000",3.770000,3.990000,540950000377
"5430095000000",4.200000,6.120000,540950000420
"5430095000000",6.120000,6.290000,540950000612
"5430095000000",6.440000,6.580000,540950000644
"16202200000NB",10.000000,10.530000,162200001000
"16202200000NB",10.530000,10.690000,160220001053
"16202200000NB",10.700000,11.700000,162200001070
"16202200000NB",11.800000,12.960000,162200001180
"31100790000NB",142.370000,143.810000,310790014237
"31100790000NB",143.810000,145.200000,310790014381
"31100790000NB",145.200000,145.650000,310790014520
"31100790000NB",145.650000,147.850000,310790014565
"31100790000NB",147.850000,148.022000,310790014785
"31100790000NB",148.290000,148.470000,310790014829
"31100790000NB",148.470000,148.660000,310790014847
"31100790000NB",148.660000,149.050000,310790014866
"31100790000NB",149.050000,149.380000,310790014905
"31100790000NB",149.380000,149.680000,310790014938
"31100790000NB",149.680000,150.740000,310790014968
"31100790000NB",150.740000,151.070000,310790015074
"31100790000NB",151.070000,152.320000,310790015107
"31100790000NB",152.320000,152.501000,310790015232
"31100790000NB",152.920000,156.983000,310790015292
"31100790000NB",157.000000,160.520000,310790015700
"0540007000000",1.290000,2.449000,050070000129
"0577278001900",0.000000,0.160000,050727800000
"0630101000000",0.160000,0.360000,061010000016
"0230051000000",1.870000,2.841000,020510001870
"0230051000000",2.841000,4.130000,020510002841
"0230051000000",4.130000,4.540000,020510004130
"0230051000000",4.540000,4.580000,020510004540
"0230051000000",4.580000,4.620000,020510004580
"0230051000000",4.620000,5.180000,020510000462
"0230051000000",5.400000,8.591000,020510000540
"2030114000000",0.500000,1.440000,201140000050
"1540507000000",0.430000,0.920000,155070000043
"1540507000000",0.920000,1.160000,155070000092
"1540507000000",1.510000,3.330000,155070000151
"3540003000000",0.000000,1.170000,350030000000
"2640003000000",0.000000,1.310000,260030000000
"5440012000000",0.000000,0.330000,540120000000
"5440012000000",0.400000,1.150000,540120000040
"0140030000000",6.140000,6.830000,010300000614
"0240036010000",1.600000,1.980000,020360100160
"4240025030000",0.000000,0.005000,420250300000
"2140007000000",3.840000,4.170000,210070000384
"2930046000000",15.380000,16.590000,290460001538
"2930046000000",19.820000,19.940000,290460001982
"2340210250000",6.078000,6.546000,230100014782
"2340210250000",8.080000,8.780000,230100001677
"2340210250000",8.780000,9.080000,230100001746
"2340210250000",9.080000,9.530000,230100001776
"2340210250000",10.070000,10.720000,230100001876
"2030061000000",20.180000,20.380000,200610002018
"2030061000000",20.730000,21.200000,200610002073
"2030061000000",23.750000,25.800000,200610002375
"4940001000000",2.280000,3.170000,490010000228
"52300070007WB",0.000000,0.230000,52007W000000
"52300070007WB",0.230000,0.330000,52007W000023
"3040065050000",5.740000,7.120000,300650500574
"1740023090000",6.770000,7.360000,170230900675
"1740023090000",7.770000,8.940000,170230900777
"1940017040000",0.630000,0.920000,190170400630
"1630055000000",35.570000,36.300000,160550003557
"20100640000EB",45.390000,47.440000,200640004539
"20100640000EB",47.440000,48.400000,200640004744
"20100640000EB",48.400000,49.750000,200640004840
"20100640000EB",49.750000,50.110000,200640004975
"20100640000EB",50.110000,51.560000,200640005011
"20100640000EB",51.560000,52.380000,200640005156
"20100640000EB",52.380000,52.730000,200640005238
"20100640000EB",52.730000,53.750000,200640005273
"20100640000EB",53.750000,54.370000,200640005375
"20100640000EB",54.370000,54.800000,200640005437
"20100640000EB",54.800000,55.210000,200640005480
"20100640000EB",55.210000,56.330000,200640005521
"20100640000EB",56.330000,57.020000,200640005633
"20100640000EB",57.020000,57.480000,200640005702
"20100640000EB",57.480000,57.920000,200640005748
"20100640000EB",57.920000,58.300000,200640005792
"2572529001900",0.000000,0.150000,250252900000
"2640088120000",0.370000,0.520000,260881200037
"4970764001900",0.000000,0.390000,490076400000
"5240002090000",0.000000,0.190000,520020900000
"0340005000000",5.420000,6.960000,030050000542
"0340005000000",15.100000,17.570000,030050001510
"5030152000000",29.860000,30.390000,501520002986
"5030152000000",40.400000,43.980000,501520004040
"5030152000000",43.980000,44.590000,501520004398
"5230020000000",19.480000,20.040000,520200001948
"18200330000EB",0.190000,0.620000,180330000000
"18200330000EB",0.860000,1.080000,180330000086
"18200330000EB",3.320000,3.460000,180330000332
"18200330000EB",11.090000,11.480000,180330001109
"18200330000EB",21.430000,24.760000,180330002143
"25100790000NB",129.220000,129.520000,250790012922
"25100790000NB",129.520000,130.480000,250790012952
"25100790000NB",130.530000,133.370000,250790013053
"25100790000NB",133.370000,134.970000,250790013337
"25100790000NB",134.970000,135.660000,250790013497
"25100790000NB",135.660000,136.640000,250790013566
"25100790000NB",136.640000,139.100000,250790013664
"25100790000NB",139.100000,139.820000,250790013910
"25100790000NB",139.820000,140.352000,250790013982
"3140068070000",0.250000,0.750000,310680700025
"3140068070000",0.750000,1.320000,310680700075
"3140068070000",1.610000,2.150000,310680700161
"3174810001900",0.000000,0.760000,310481000000
"4640044080000",0.000000,0.330000,460440800000
"4640044080000",0.330000,0.450000,460440800033
"4640044080000",0.450000,0.690000,460044080045
"4640044080000",0.690000,0.720000,460440800069
"42202500000NB",9.710000,12.450000,422500000971
"5440014140000",0.000000,0.660000,540141400000
"4970753001900",0.260000,0.440000,490075300026
"0830016000000",19.190000,20.350000,080160001919
"28200520004NB",0.000000,0.220000,28052N000000
"3130007000000",0.000000,3.420000,310070000000
"3130007000000",4.420000,4.540000,310070000442
"3130007000000",13.210000,13.450000,310070001321
"3130007000000",22.540000,24.000000,310070002254
"3130007000000",25.150000,25.850000,310070002515
"3130007000000",25.850000,26.010000,310070002585
"3130007000000",26.010000,27.030000,310070002601
"3130007000000",27.030000,27.265000,310070002703
"3130007000000",33.830000,34.100000,310070003383
"3130007000000",34.710000,35.760000,310070003471
"3130007000000",35.760000,36.130000,310070003576
"3130007000000",36.130000,36.550000,310070003613
"3130007000000",36.550000,38.290000,310070003655
"3130007000000",38.290000,38.650000,310070003829
"0230901000000",4.860000,5.440000,029010000486
"0540013000000",0.000000,0.140000,050130000000
"5040008000000",0.000000,0.450000,500080000000
"2540250180000",0.080000,0.850000,252501800008
"3140082000000",0.000000,1.880000,310820000000
"0274259001900",0.000000,0.170000,020425900000
"0274259001900",0.170000,0.610000,022590000017
"2870504001900",0.000000,0.470000,280050400000
"2870504001900",0.470000,0.710000,280050400047
"0240013000000",0.430000,1.030000,020130000043
"0240013000000",1.030000,1.500000,020130000103
"0240013000000",2.750000,3.716000,020130000275
"0274266001900",0.000000,0.440000,020426600000
"2040025260000",0.000000,0.310000,200252600000
"2040025260000",0.400000,0.710000,200252600040
"5440004000000",0.570000,0.930000,540040000059
"0330085000000",10.670000,13.130000,030850001067
"0330085000000",34.050000,34.350000,030850003405
"0640035000000",7.830000,8.630000,060350000783
"2540064020000",0.000000,0.240000,250640200000
"5475757001900",0.330000,0.470000,540575700330
"2840019290000",2.540000,3.320000,280192900254
"0540014000000",2.430000,3.450000,050140000243
"0240005000000",5.900000,7.940000,020050000590
"4040050000000",13.380000,14.060000,400500001338
"3430041000000",0.030000,2.590000,340410000003
"1740012000000",0.140000,0.900000,170120000015
"5475763001900",0.000000,0.900000,540576300000
"2640054000000",7.086000,7.710000,260540007086
"2840014000000",0.000000,0.630000,280140000000
"2870507001900",0.000000,0.660000,280050700000
"2870507001900",0.660000,1.540000,280050700066
"4130061000000",2.604000,3.290000,410610002604
"3140100010000",0.000000,0.501000,311000100000
"18100770000NB",117.500000,119.260000,180770011750
"18100770000NB",119.260000,119.910000,180770011926
"18100770000NB",119.910000,120.710000,180770011991
"18100770000NB",120.710000,122.730000,180770012071
"18100770000NB",122.730000,124.920000,180770012273
"18100770000NB",124.920000,126.390000,180770012492
"18100770000NB",126.390000,128.330000,180770012639
"18100770000NB",128.330000,132.440000,180770012833
"18100770000NB",132.440000,137.740000,180770013244
"18100770000NB",137.740000,138.830000,180770013774
"18100770000NB",138.830000,145.990000,180770013883
"18100770000NB",145.990000,150.450000,180770014599
"18100770000NB",150.450000,153.790000,180770015045
"18100770000NB",153.790000,154.410000,180770015379
"18100770000NB",154.410000,156.010000,180770015441
"18100770000NB",156.010000,156.990000,180770015601
"4530003000000",9.560000,10.910000,450030000956
"3140055070000",0.000000,0.260000,310550700000
"3140857010000",0.000000,0.190000,318570100000
"39100680000EB",14.660000,18.120000,390680001466
"39100680000EB",18.120000,23.340000,390680001812
"39100680000EB",26.750000,28.640000,390680002675
"39100680000EB",28.640000,29.230000,390680002864
"39100680000EB",29.230000,31.240000,390680002923
"39100680000EB",31.240000,31.420000,390680003124
"39100680000EB",31.420000,32.060000,390680003142
"3174764001900",0.810000,1.020000,310476400081
"0274265001900",0.000000,0.570000,020426500000
"1040009010000",0.000000,1.930000,100090100000
"2840024000000",0.000000,0.300000,280240000000
"2840024000000",0.300000,2.789000,280240000300
"4240219220000",0.000000,0.160000,422192200000
"5040007000000",17.840000,18.870000,500070001784
"5040007000000",19.350000,19.760000,500070001935
"0130076000000",1.750000,6.620000,010760000175
"32202190000NB",1.920000,7.870000,322190000192
"32202190000NB",14.380000,16.180000,322190001438
"32202190000NB",16.180000,19.240000,322190001618
"32202190000NB",19.240000,19.660000,322190001924
"32202190000NB",19.660000,23.000000,322190001966
"32202190000NB",24.920000,26.240000,322190002492
"32202190000NB",26.240000,28.680000,322190002624
"0640060700000",0.000000,0.180000,060607000000
"0640060700000",0.180000,0.560000,060607000018
"0640060700000",0.560000,0.760000,060607000056
"3030065000000",10.030000,11.050000,300650001003
"28100770000NB",0.690000,2.560000,280770000069
"28100770000NB",2.560000,5.120000,280770000256
"28100770000NB",5.120000,8.189000,280770000512
"28100770000NB",8.189000,8.980000,280077008189
"5230007000000",0.200000,0.360000,520070000020
"5230007000000",2.000000,2.550000,520070000200
"5230007000000",35.640000,36.520000,520070003564
"0830004000000",15.750000,19.010000,080040001575
"0830004000000",21.980000,22.980000,080040002198
"0940003000000",4.140000,5.770000,090030000414
"20100770005SB",0.000000,0.670000,20077S000000
"1730020000000",7.220000,7.414000,170200000722
"4130003000000",35.980000,36.180000,410030035980
"4130003000000",36.230000,36.490000,410030036230
"4130003000000",37.100000,37.730000,410030003710
"4240011000000",2.480000,2.491000,420110000248
"4140008010000",1.020000,1.600000,410080100102
"3140061010000",0.000000,0.370000,310610100000
"3140061010000",0.410000,0.520000,310610100041
"1540011000000",0.000000,2.310000,150110000000
"1540011000000",2.310000,2.900000,150110000231
"1540011000000",4.910000,5.160000,150110000491
"1540011000000",5.160000,5.350000,150110000516
"1540011000000",5.350000,5.590000,150110000535
"1540011000000",5.590000,5.610000,150110000559
"0240009130000",0.400000,1.920000,020091300040
"0630002001300",0.000000,0.170000,06002T000000
"0630002001300",0.170000,0.390000,06002T000017
"2040006150000",0.000000,0.040000,200061500000
"2040006150000",0.120000,0.170000,200061500012
"0240019000000",1.550000,3.438000,020190000155
"0240019000000",3.438000,4.040000,020190003438
"2930093000000",0.000000,3.420000,290930000000
"5440021020000",0.000000,0.390000,54400210200
"5440021020000",0.500000,1.980000,540210200050
"02200110000NB",5.240000,6.050000,020110000524
"02200110000NB",13.650000,13.780000,020011001365
"02200110000NB",14.510000,14.640000,020110001451
"02200110000NB",16.480000,17.510000,020110001648
"02200110000NB",24.710000,24.970000,020110002471
"13202190000NB",2.570000,4.790000,132190000257
"13202190000NB",5.370000,5.690000,132190000537
"13202190000NB",5.690000,6.030000,132190000569
"13202190000NB",6.030000,6.040000,132190000603
"13202190000NB",6.040000,6.390000,132190000604
"13202190000NB",6.390000,6.690000,132190000639
"13202190000NB",6.690000,7.110000,132190000669
"13202190000NB",7.430000,8.590000,132190000743
"13202190000NB",8.590000,9.060000,132190000859
"13202190000NB",9.060000,9.900000,132190000906
"13202190000NB",10.010000,10.850000,132190001001
"13202190000NB",10.850000,11.060000,132190001085
"13202190000NB",11.060000,11.260000,132190001106
"13202190000NB",14.154000,14.340000,132190001416
"13202190000NB",14.340000,14.450000,132190001434
"13202190000NB",15.740000,16.370000,132190001574
"13202190000NB",21.340000,21.860000,132190002134
"13202190000NB",25.900000,26.760000,132190002590
"13202190000NB",26.760000,26.970000,132190002676
"13202190000NB",26.970000,27.330000,132190002697
"13202190000NB",27.330000,29.720000,132190002733
"13202190000NB",29.720000,31.560000,132190002972
"13202190000NB",31.560000,34.220000,132190003156
"2774502001900",0.000000,0.170000,270450200000
"5440047040000",0.000000,0.230000,540470400000
"5440047040000",0.230000,0.930000,540470400230
"5440047040000",0.930000,2.860000,540470400930
"0830036000000",2.480000,4.200000,080360000248
"3540088020000",0.000000,0.570000,350880200000
"5040001000000",2.160000,2.290000,500010000216
"2040027000000",5.070000,7.240000,200270000507
"0740011000000",6.900000,7.850000,070110000690
"35200400000EB",0.007000,0.120000,350400000007
"35200400000EB",1.990000,2.102000,350400000199
"35200400000EB",2.102000,2.710000,350400002102
"35200400000EB",2.810000,2.830000,350040000281
"35200400000EB",2.830000,3.240000,350400000283
"35200400000EB",3.440000,3.910000,350400000344
"35200400000EB",4.320000,5.420000,350400000432
"35200400000EB",5.420000,5.930000,350400000542
"35200400000EB",7.100000,7.440000,350400000710
"35200400000EB",8.060000,8.260000,350400008060
"35200400000EB",8.500000,8.880000,350400000850
"35200400000EB",9.270000,9.640000,350400000927
"35200400000EB",10.020000,10.260000,350400001002
"23201190000NB",0.000000,0.850000,231190000000
"23201190000NB",1.440000,2.200000,231190000144
"23201190000NB",2.200000,2.540000,231190000220
"23201190000NB",2.540000,2.670000,231190000254
"23201190000NB",2.670000,3.590000,231190000267
"23201190000NB",3.590000,5.270000,231190000359
"23201190000NB",11.870000,12.283000,231190001187
"1040061100000",0.080000,0.450000,100611000008
"31100680004NB",0.000000,0.840000,31068N000000
"4170038001900",0.000000,0.150000,410003800000
"4170038001900",0.330000,0.490000,410003800033
"49200330000EB",0.000000,0.640000,490330000000
"49200330000EB",1.220000,2.510000,490330000122
"49200330000EB",2.510000,4.000000,490330000251
"49200330000EB",4.000000,4.350000,490330000400
"49200330000EB",5.370000,7.192000,490330000537
"49200330000EB",8.310000,10.870000,490330000831
"5440030000000",0.000000,0.980000,540300000000
"4674200001900",0.000000,1.050000,460420000000
"2930028000000",7.690000,9.220000,290280000769
"2930028000000",11.868000,11.930000,290028011868
"2930028000000",11.930000,12.860000,290280001193
"2930028000000",12.860000,13.545000,290280001286
"2430016000000",0.060000,1.730000,240160000006
"2430016000000",4.050000,6.180000,240160000405
"2430016000000",9.470000,10.140000,240160000947
"2430016000000",13.750000,14.050000,240160001375
"2430016000000",16.060000,19.560000,240160001606
"2430016000000",19.560000,20.790000,240160001956
"2430016000000",20.790000,22.050000,240160002079
"2430016000000",22.050000,23.760000,240160002205
"2430016000000",23.760000,24.860000,240160002376
"2430016000000",29.190000,29.410000,240160002919
"2430016000000",32.700000,35.380000,240160003270
"4272252001900",0.000000,0.390000,420225200000
"0330099000000",0.000000,1.840000,030990000000
"0640021000000",0.537000,0.900000,060021000537
"0640021000000",0.900000,1.510000,060210000090
"0640021000000",1.510000,2.939000,060210000151
"0640021000000",2.947000,2.980000,060210002947
"2330073000000",0.310000,2.150000,230730000031
"1840021000000",0.000000,0.360000,180210000000
"1840021000000",19.640000,20.960000,180210001964
"1840021000000",28.320000,29.880000,180210002832
"3230012000000",0.780000,5.930000,320120000078
"3230012000000",5.930000,6.110000,320120000593
"3230012000000",9.330000,11.310000,320120000933
"54100770000NB",156.990000,158.690000,540770015699
"54100770000NB",158.690000,160.380000,540770015869
"54100770000NB",160.380000,161.660000,540770016038
"54100770000NB",161.660000,162.730000,540770016166
"54100770000NB",162.730000,168.205000,540770016273
"54100770000NB",168.205000,168.370000,540077168205
"54100770000NB",168.370000,172.290000,540770016837
"54100770000NB",172.290000,173.210000,540770017229
"54100770000NB",173.210000,173.940000,540770017321
"54100770000NB",173.940000,176.460000,540770017394
"54100770000NB",176.460000,176.760000,540770017646
"54100770000NB",176.760000,177.928000,540770017676
"54100770000NB",178.000000,180.180000,540770017800
"54100770000NB",180.180000,181.674000,540770018018
"54100770000NB",181.674000,185.340000,540770018167
"54100770000NB",185.340000,185.640000,540770018534
"54100770000NB",185.640000,186.720000,540770018564
"54100770000NB",186.720000,187.210000,540770018672
"1640010030000",0.000000,0.210000,160100000021
"1771754001900",0.180000,0.470000,170175400018
"1771754001900",0.470000,0.570000,170175400047
"2340005000000",0.450000,2.789000,230050000045
"1740020750000",0.460000,0.930000,170207500046
"1740020750000",1.260000,1.480000,170207500126
"5475772001900",0.440000,1.250000,540577200044
"41200190023EB",0.000000,0.033000,41019C000000
"41200190023EB",0.033000,0.034000,41019C000003
"41200190023EB",0.034000,1.100000,410190000034
"41200190023EB",1.100000,1.360000,410190001100
"24200520000EB",0.000000,1.090000,240520000000
"24200520000EB",2.540000,3.720000,240520000254
"24200520000EB",5.190000,6.400000,240520000519
"24200520000EB",6.400000,7.910000,240520000640
"24200520000EB",9.590000,12.820000,240520000959
"24200520000EB",24.590000,26.770000,240520002459
"2572506001900",0.500000,0.620000,250250600050
"2572506001900",0.620000,0.720000,250250600062
"5275509001900",0.070000,0.230000,520550900070
"5440021010000",0.010000,0.530000,544002100010
"5440021010000",1.200000,1.710000,540210100120
"0673289001900",1.720000,2.020000,060328900172
"0230045000000",14.390000,14.520000,020450001439
"0230045000000",14.520000,14.850000,020450001452
"0230045000000",14.850000,15.310000,020450001485
"0230045000000",17.530000,18.230000,020450001753
"0230045000000",19.080000,19.610000,020450001908
"0640031060000",0.000000,0.380000,060310600000
"0640031060000",0.380000,0.410000,060310600038
"0640031060000",0.410000,0.480000,060310600041
"3540039000000",0.010000,0.420000,350390000001
"3540039000000",0.420000,1.560000,350390000042
"3540039000000",1.560000,2.050000,350390000156
"0630152000000",0.760000,0.990000,061520000076
"40100640000EB",31.770000,32.570000,400640003177
"40100640000EB",32.570000,33.450000,400640003257
"40100640000EB",33.450000,34.450000,400640003345
"40100640000EB",34.450000,36.270000,400640003445
"40100640000EB",36.270000,38.540000,400640003627
"40100640000EB",38.540000,38.680000,400640003854
"40100640000EB",40.460000,40.568000,400640004046
"40100640000EB",40.568000,41.546000,400640040568
"40100640000EB",41.546000,41.646000,400064041546
"40100640000EB",41.660000,41.860000,400640004166
"40100640000EB",41.860000,42.780000,400640004186
"40100640000EB",42.790000,43.770000,400640004279
"40100640000EB",43.770000,44.470000,400640004377
"40100640000EB",44.470000,44.780000,400640004447
"40100640000EB",44.780000,45.390000,400640004478
"1740019570000",0.000000,0.490000,170195700000
"0940011000000",11.450000,12.550000,090110001145
"4240031000000",0.000000,1.810000,420310000181
"0640001000000",2.100000,2.224000,060001000021
"0640001000000",2.477000,2.619000,060001002477
"1540016000000",1.050000,1.126000,150160001050
"2071069001900",0.000000,0.220000,200106900000
"3540017000000",0.270000,0.950000,350170000027
"2540250310000",0.000000,0.550000,252503100000
"4170034001900",0.170000,0.380000,410003400017
"2640034000000",1.150000,1.610000,260340000115
"2640034000000",4.380000,5.180000,260340004380
"2640034000000",5.180000,5.230000,260340005180
"2640010000000",0.000000,0.423000,260100000000
"4170046001900",0.000000,0.100000,410004600000
"29202200000NB",12.610000,13.260000,292200001261
"29202200000NB",13.780000,13.960000,292200001378
"2030006000000",0.000000,0.100000,200060000000
"2030006000000",0.100000,0.190000,200060000010
"1430028000000",16.470000,22.270000,140280001647
"1940016000000",0.000000,0.417000,190160000000
"2940220010000",0.110000,1.090000,292200100110
"20300610005SB",0.000000,0.050000,20061S000000
"02100810000NB",0.000000,1.390000,020810000000
"02100810000NB",1.390000,6.270000,020810000139
"02100810000NB",6.270000,11.630000,020810000627
"02100810000NB",11.630000,13.540000,020810001163
"02100810000NB",13.540000,14.260000,020810001354
"02100810000NB",14.260000,15.220000,020810001426
"02100810000NB",15.220000,15.620000,020810001522
"02100810000NB",15.620000,15.950000,020810001562
"02100810000NB",15.950000,16.230000,020810001595
"02100810000NB",16.230000,17.300000,020810001623
"02100810000NB",17.300000,18.130000,020810001730
"02100810000NB",18.130000,20.370000,020810001813
"02100810000NB",20.370000,23.000000,020810002037
"02100810000NB",23.000000,23.460000,020810002300
"02100810000NB",23.460000,24.530000,020810002346
"02100810000NB",24.530000,26.000000,020810002453
"46202500000NB",6.950000,7.082000,460250000695
"46202500000NB",16.380000,16.520000,462500001638
"54300140005SB",0.000000,0.160000,54014S000000
"54300140005SB",0.160000,0.320000,54300140005
"17200190000NB",18.610000,20.620000,170190018610
"2040028000000",4.950000,5.910000,200280000495
"2040028000000",5.910000,7.370000,200280000591
"5440016000000",0.000000,0.500000,540160000000
"5440016000000",0.500000,0.900000,540160000050
"5440016000000",0.900000,1.120000,540160000090
"5440016000000",1.210000,1.470000,54400160000
"5475762001900",1.160000,1.470000,540576200116
"2040025470000",0.100000,0.360000,200254700010
"2040025470000",0.360000,0.570000,200254700036
"1740050340000",0.000000,0.690000,170503400000
"5430014000100",0.000000,0.630000,54014A000000
"5430014000100",0.920000,1.310000,54014A000092
"5430014000100",1.720000,1.980000,54014A000172
"5440001000000",6.320000,6.670000,54400010000
"5440001000000",6.670000,7.170000,540010000667
"1730020002300",0.000000,0.130000,17020C000000
"4040025020000",0.280000,0.380000,400250200028
"4040025020000",0.380000,0.520000,400250200038
"1540005000000",1.860000,3.674000,150050000185
"2840052200000",0.001000,0.820000,280052200001
"2540250320000",2.050000,2.490000,252503200205
"4140008000000",0.000000,0.110000,410080000000
"4140008000000",0.190000,0.750000,410080000190
"2040039000000",7.150000,8.830000,200390000715
"27200350000NB",9.534000,10.260000,270350009644
"27200350000NB",11.422000,11.760000,270350011532
"27200350000NB",16.293000,16.470000,270350016410
"27200350000NB",16.507000,17.102000,270350001664
"27200350000NB",17.226000,17.390000,270350017413
"27200350000NB",17.632000,17.753000,270350001785
"27200350000NB",17.753000,18.071000,270350001798
"27200350000NB",18.097000,18.460000,270350001835
"17100790000NB",106.420000,107.570000,170790010642
"17100790000NB",107.570000,107.940000,170790010757
"17100790000NB",107.940000,109.770000,170790010794
"17100790000NB",109.770000,110.290000,170790010977
"17100790000NB",110.290000,111.130000,170790011029
"17100790000NB",111.130000,111.910000,170790011113
"17100790000NB",111.910000,114.132000,170790011191
"17100790000NB",114.900000,115.330000,170790011490
"17100790000NB",115.330000,117.170000,170790011533
"17100790000NB",117.170000,117.740000,170790011717
"17100790000NB",117.740000,119.530000,170790011774
"17100790000NB",119.530000,120.720000,170790011953
"17100790000NB",120.720000,122.430000,170790012072
"17100790000NB",122.430000,122.900000,170790012243
"17100790000NB",122.900000,123.988000,170790012290
"17100790000NB",123.988000,125.380000,170079123988
"17100790000NB",125.380000,125.800000,170790012538
"17100790000NB",125.800000,129.217000,170790012580
"2870516001900",0.000000,0.410000,280051600000
"4140011000000",0.000000,1.260000,410110000000
"3540013000000",0.000000,0.990000,350130000000
"0540002010000",0.000000,0.130000,050020100000
"0540002010000",0.130000,1.030000,050020100013
"0673292001900",0.000000,0.690000,060329200000
"4140016100000",0.530000,0.900000,410161000530
"2040011000000",0.899000,0.950000,200110000899
"54300680005SB",1.690000,1.920000,54068S000169
"0130020000000",0.000000,2.150000,010200000000
"14200500000EB",7.480000,7.980000,140500000748
"14200500000EB",8.260000,8.440000,140500000826
"14200500000EB",8.560000,8.920000,140500000856
"14200500000EB",13.370000,14.670000,140500001337
"14200500000EB",15.880000,16.970000,140500001588
"14200500000EB",29.250000,30.330000,140500002925
"0640039000000",2.080000,2.620000,060390000208
"3140065000000",0.000000,0.263000,310650000000
"4240219420000",0.000000,0.210000,422194200000
"5530097000000",21.560000,22.260000,550970002156
"5530097000000",22.830000,23.200000,550970002283
"5530097000000",28.090000,32.880000,550970002809
"2730002000000",1.390000,3.150000,270020000139
"2730002000000",13.720000,15.930000,270020001372
"2730002000000",15.930000,18.050000,270020001593
"2730002000000",18.910000,19.890000,270020001891
"2730002000000",20.070000,20.360000,270020002007
"2730002000000",20.570000,20.720000,270020002057
"2730002000000",20.720000,20.880000,270020002072
"2730002000000",21.000000,21.290000,270020002100
"2730002000000",21.290000,22.200000,270020002129
"2730002000000",24.160000,24.790000,270020002416
"2730002000000",29.270000,35.980000,270002002927
"4140019210000",3.730000,5.140000,410192100373
"28200520000EB",0.000000,0.580000,280520000000
"28200520000EB",4.120000,5.200000,280520000412
"28200520000EB",6.960000,7.760000,280520006960
"28200520000EB",12.970000,13.390000,280052001297
"28200520000EB",13.440000,13.670000,280052001344
"28200520000EB",14.910000,15.370000,280520001491
"3578281001900",0.210000,0.340000,350828100021
"4140008030000",0.000000,0.650000,410080300000
"1540208000000",3.210000,3.550000,152080000321
"1740019020000",0.230000,0.650000,170190200023
"4140003180000",2.770000,3.510000,410031802770
"21100790000NB",83.550000,87.450000,210790008355
"21100790000NB",87.450000,90.820000,210790008745
"21100790000NB",90.820000,96.170000,210790009082
"21100790000NB",96.170000,97.130000,210790009617
"21100790000NB",97.130000,98.287000,210790009713
"21100790000NB",98.400000,98.630000,210790009840
"21100790000NB",98.630000,98.925000,210790009863
"21100790000NB",100.390000,101.690000,210790010039
"21100790000NB",101.690000,104.150000,210790010169
"21100790000NB",104.150000,104.690000,210790010415
"21100790000NB",104.690000,106.420000,210790010469
"3578275001900",0.000000,0.260000,350827500000
"3174784001900",0.000000,0.410000,310478400000
"3174784001900",0.410000,0.580000,310478400041
"1771765001900",0.000000,0.220000,17017650M00
"2630002000000",10.220000,11.920000,260020001022
"2630002000000",13.460000,13.890000,260020001346
"2630002000000",17.940000,18.080000,260020001794
"2630002000000",18.240000,18.760000,260020001824
"2630002000000",19.530000,19.800000,260020001953
"2840011000000",0.080000,0.580000,280110000008
"2040043000000",0.427000,1.270000,200430000427
"3130705000000",0.000000,0.510000,317050000000
"3130705000000",0.680000,1.230000,317050000068
"3130705000000",1.230000,1.640000,317050000123
"3130705000000",1.640000,1.810000,317050000163
"5530010000000",24.140000,24.380000,550100002414
"1930115000000",0.000000,0.220000,191150000000
"1930115000000",0.640000,1.150000,191150000064
"1930115000000",1.590000,4.090000,191150000159
"12200480000EB",0.000000,5.820000,120480000000
"0140046010000",0.000000,1.620000,010460100000
"2840016000000",1.700000,2.500000,280160000170
"2840016000000",2.500000,2.614000,280160002500
"54200500000EB",0.000000,0.610000,54200500000
"54200500000EB",2.530000,3.150000,54200500253
"54200500000EB",8.940000,10.020000,540500000894
"1040019430000",0.090000,0.340000,100194300009
"0240001000000",8.140000,9.320000,020010000814
"4240033070000",0.000000,0.430000,420330700000
"2071026001900",0.000000,0.330000,200102600000
"0274268001900",0.000000,0.480000,020426800000
"4170012001900",0.000000,0.460000,410001200000
"0673281001900",0.190000,0.480000,060328100019
"0673281001900",0.600000,0.960000,060328100060
"0530002000000",3.330000,3.880000,050020003330
"0530002000000",3.880000,6.350000,050020000388
"0530002000000",6.800000,7.060000,050020000680
"0530002000000",7.060000,7.470000,050020000706
"0530002000000",7.590000,8.670000,050020000759
"0530002000000",10.140000,10.720000,050020001014
"0530002000000",12.630000,13.080000,050020001263
"0530002000000",14.500000,14.830000,050002000145
"0530002000000",14.830000,14.900000,050020001483
"0530002000000",14.900000,15.050000,050020001483
"0530002000000",15.050000,15.080000,050020001505
"0530002000000",15.080000,15.400000,050020001508
"0530002000000",15.750000,16.160000,050020001575
"0340006000000",2.990000,5.530000,030060000299
"3140059020000",0.000000,0.440000,310590200000
"1040018230000",0.000000,0.440000,100182300000
"2030062000000",0.870000,1.660000,200620000087
"2030062000000",7.930000,8.260000,200620000793
"3140061000000",0.000000,0.940000,310610000000
"20201190023NB",0.000000,0.510000,200119C00000
"20201190023NB",0.700000,1.170000,201190000070
"4140016160000",0.000000,0.420000,410161600000
"2040008000000",0.860000,1.170000,204000800000
"2040008000000",2.720000,3.240000,200080000272
"4330053000000",0.000000,1.400000,430530000000
"30200520000EB",9.950000,11.650000,300520000995
"30200520000EB",20.680000,20.780000,300520002068
"30200520000EB",20.780000,20.910000,300520002078
"30200520000EB",21.060000,21.950000,300520002106
"30200520000EB",21.970000,22.280000,300052002197
"30200520000EB",26.080000,26.530000,300520002608
"30200520000EB",43.290000,44.740000,300520004329
"2330017000000",1.394000,2.174000,230170000032
"4170014001900",0.120000,0.290000,410001400120
"50100640000EB",0.000000,1.250000,500640000000
"50100640000EB",1.250000,1.290000,500640000125
"50100640000EB",1.290000,1.660000,500640000129
"50100640000EB",1.660000,2.170000,500640000166
"50100640000EB",2.170000,2.750000,500640000217
"50100640000EB",2.750000,4.220000,500640000275
"50100640000EB",4.220000,5.290000,500640000422
"50100640000EB",5.290000,5.870000,500640000529
"1577271001900",0.400000,1.180000,150727100040
"1040014020000",0.200000,0.350000,100140200020
"0673287001900",0.000000,0.280000,060328700000
"0673287001900",0.510000,0.860000,060328700510
"0673287001900",1.030000,1.140000,060328700103
"3140059000000",0.000000,0.330000,310590000000
"3140059000000",0.330000,0.850000,310590000033
"5330014000000",19.340000,20.710000,530140001934
"3140019220000",0.120000,0.680000,310019220012
"3140019220000",0.680000,1.070000,310192200068
"0240012000000",0.000000,1.290000,020120000000
"13202190005SB",0.000000,0.330000,13219S000000
"13202190005SB",0.330000,1.640000,13219S000033
"1730058000000",2.430000,2.820000,170580002430
"4040012000000",4.710000,8.190000,400120000471
"4040012000000",8.190000,10.770000,400120000819
"4040012000000",10.770000,12.370000,400120001077
"29200500000EB",8.000000,10.560000,290500000800
"3430039000000",24.600000,24.960000,340390024600
"45100640000EB",138.010000,138.380000,450640013801
"45100640000EB",138.380000,143.200000,450640013838
"45100640000EB",143.200000,143.750000,450640014320
"45100640000EB",143.750000,147.600000,450640014375
"4130054000000",2.480000,4.860000,410540000248
"4130054000000",4.860000,5.720000,410540000486
"4130054000000",6.350000,6.540000,410540000635
"4130054000000",6.540000,7.100000,410540000654
"4130054000000",7.100000,7.410000,410540000710
"4130054000000",7.410000,8.840000,410540000741
"4130054000000",10.140000,10.330000,410540010140
"2877013001900",0.420000,0.520000,280701300042
"1030006000000",0.000000,0.120000,100060000000
"1030006000000",0.120000,0.330000,100060000120
"3830039000000",27.780000,28.080000,380390002778
"3830039000000",35.010000,35.230000,380390003501
"1740024060000",0.290000,0.600000,170240600029
"2540073730000",2.110000,2.330000,250737300211
"2540073730000",2.620000,2.673000,250737300262
"2540073730000",2.673000,3.340000,250737302673
"3578280001900",0.000000,0.400000,350828000000
"1230028000000",3.350000,4.760000,120280000335
"1230028000000",8.230000,12.580000,120280000823
"1230028000000",12.580000,12.950000,120280001258
"1230028000000",13.030000,13.380000,120280001303
"09200500000EB",0.000000,3.980000,090500000000
"09200500000EB",3.980000,5.610000,090500000398
"09200500000EB",5.630000,6.540000,090500000563
"09200500000EB",8.260000,8.800000,090500000826
"09200500000EB",8.800000,9.750000,090500000880
"09200500000EB",9.750000,11.010000,090500000975
"09200500000EB",11.430000,12.100000,090500011430
"09200500000EB",12.100000,12.960000,090500012100
"09200500000EB",17.750000,18.870000,090500001775
"2240012000000",4.910000,5.180000,220120000491
"13100640000EB",147.600000,147.930000,130640014760
"13100640000EB",147.930000,149.840000,130640014793
"13100640000EB",149.840000,156.180000,130640014984
"13100640000EB",156.180000,161.460000,130640015618
"13100640000EB",161.460000,165.950000,130640016146
"13100640000EB",165.950000,168.890000,130640016595
"13100640000EB",168.960000,170.090000,130640016896
"13100640000EB",170.090000,170.230000,130640017009
"13100640000EB",172.620000,174.100000,130640017262
"13100640000EB",174.100000,175.310000,130640017410
"13100640000EB",175.310000,176.160000,130640017531
"13100640000EB",176.160000,178.430000,130640017616
"13100640000EB",178.430000,181.120000,130640017843
"13100640000EB",181.120000,182.020000,130640018112
"13100640000EB",182.020000,184.020000,130640018202
"2776504001900",0.000000,0.140000,270650400000
"0540003010000",0.480000,0.610000,050030100046
"0540003010000",0.610000,1.650000,050030100061
"0540003010000",1.650000,1.940000,050030100165
"1940031000000",0.000000,0.029000,190310000000
"5475791001900",0.000000,0.370000,540579100000
"3174771001900",0.300000,0.650000,310477100030
"4530107000000",0.290000,0.760000,451070000029
"0140006000000",0.110000,3.130000,010060000011
"05300020005SB",0.000000,0.340000,05002S000000
"41100640000EB",118.920000,120.100000,410640011892
"41100640000EB",120.690000,122.620000,410640012069
"41100640000EB",122.710000,123.180000,410640012271
"41100640000EB",123.630000,124.470000,410640012363
"41100640000EB",126.650000,127.580000,410640012665
"41100640000EB",128.910000,129.490000,410064012891
"41100640000EB",129.490000,132.000000,410064012949
"41100640000EB",132.000000,132.530000,410640013200
"41100640000EB",132.840000,137.480000,410640013284
"41100640000EB",137.480000,138.010000,410640013748
"4140004030000",0.000000,0.470000,410040300000
"0673263001900",0.000000,0.260000,060326300000
"0673263001900",0.260000,0.480000,060326300026
"11200330000EB",0.000000,0.590000,110330000000
"11200330000EB",1.120000,1.390000,110330000112
"11200330000EB",1.390000,1.960000,110330000139
"11200330000EB",2.200000,6.440000,110330000220
"11200330000EB",17.300000,17.820000,110330001730
"11200330000EB",18.200000,19.620000,110330001820
"11200330000EB",19.620000,22.180000,110330001962
"11200330000EB",22.280000,25.090000,110330002228
"11200330000EB",25.090000,26.730000,110330002509
"46200500000EB",12.990000,13.650000,460500001299
"2071013001900",0.000000,1.480000,200101300000
"1771783001900",0.000000,0.640000,170178300000
"0540008000000",0.000000,0.750000,050080000000
"2877019001900",0.000000,0.130000,280701900000
"04100790000NB",44.600000,46.220000,040790004460
"04100790000NB",46.220000,49.730000,040790004622
"04100790000NB",49.730000,50.350000,040790004973
"04100790000NB",50.350000,51.610000,040790005035
"04100790000NB",51.610000,52.610000,040790005161
"04100790000NB",52.610000,53.270000,040790005261
"04100790000NB",53.270000,54.180000,040790005327
"04100790000NB",54.180000,57.510000,040790005418
"04100790000NB",57.510000,59.000000,040790005751
"04100790000NB",59.000000,61.470000,040790005900
"04100790000NB",61.470000,62.040000,040790006147
"04100790000NB",62.040000,63.460000,040790006204
"04100790000NB",63.460000,64.830000,040790006346
"04100790000NB",64.830000,67.520000,040790006483
"04100790000NB",67.520000,69.320000,040790006752
"04100790000NB",69.320000,70.830000,040790006932
"04100790000NB",70.830000,78.410000,040790007083
"04100790000NB",78.410000,79.080000,040790007841
"04100790000NB",79.080000,83.150000,040790007908
"25200190000NB",3.003000,4.640000,250190000300
"25200190000NB",7.160000,7.970000,250190000716
"25200190000NB",7.970000,8.470000,250190000797
"1530105000000",0.380000,1.140000,151050000038
"1530105000000",1.140000,3.270000,151050000114
"1530105000000",3.270000,4.140000,151050000327
"1530105000000",4.140000,4.260000,150105000414
"1530105000000",4.260000,4.580000,151050000426
"1530105000000",4.580000,4.820000,151050000458
"1140009000000",0.000000,3.410000,110090000000
"0240011190000",0.000000,0.310000,020111900000
"2540072020000",0.000000,0.500000,250720200000
"2540072020000",0.500000,0.720000,250720200050
"2540072020000",0.720000,1.170000,250720200072
"2540072020000",1.170000,1.710000,250720200117
"2540072020000",1.760000,1.930000,250720200176
"2776503001900",0.000000,0.230000,270650300000
"1340045000000",0.660000,1.040000,130450000066
"0240011130000",0.280000,0.410000,020111300028
"0240011130000",0.410000,0.550000,020111300041
"3540091010000",0.000000,0.200000,350910100000
"2071062001900",0.000000,1.380000,200106200000
"2870515001900",0.000000,0.950000,280051500000
"1540015000000",0.000000,1.440000,150150000000
"1540015000000",1.440000,1.950000,150150000144
"5040003020000",0.000000,0.640000,500030200000
"5040003020000",0.640000,1.250000,500030200064
"1540009000000",0.000000,0.790000,150090000000
"1640012000000",14.850000,15.910000,160120001485
"5440050380000",0.000000,2.130000,540503800000
"19203400005SB",0.000000,0.170000,19340S000000
"19203400005SB",0.170000,0.370000,190340S00017
"19203400005SB",0.371000,0.600000,190340S00371
"38202500000NB",0.000000,5.000000,382500000000
"38202500000NB",5.010000,7.000000,382500000501
"4830002000000",0.000000,2.270000,480020000000
"4830002000000",2.270000,2.840000,480020000227
"4830002000000",2.840000,4.640000,480020000284
"4830002000000",4.900000,6.650000,480020000490
"4830002000000",9.930000,10.250000,480020000993
"4830002000000",10.250000,12.020000,480020001025
"4830002000000",12.020000,13.020000,480020001202
"31100680005SB",0.650000,1.140000,31068S000065
"3540005000000",0.000000,1.470000,350050000000
"5430047000000",0.450000,0.560000,540470000045
"1040015000000",0.000000,1.580000,100150000000
"21200330000EB",16.000000,16.230000,210330001600
"21200330000EB",17.590000,17.967000,210330001759
"21200330000EB",19.840000,20.190000,210330001984
"21200330000EB",20.190000,21.030000,210330002019
"21200330000EB",21.250000,22.250000,210330002125
"21200330000EB",22.250000,22.840000,210330002225
"1740009000000",0.050000,0.520000,170090000005
"3030080000000",4.600000,5.600000,300800000460
"3030080000000",7.050000,9.460000,300800000705
"2040060750000",0.000000,0.090000,200607500000
"4140006090000",0.600000,1.370000,410060900060
"4140001000000",1.950000,3.400000,410010001950
"4140001000000",3.400000,4.140000,410010003400
"01201190000NB",6.950000,9.290000,011190000695
"01201190000NB",10.660000,11.500000,011190001066
"1740024000000",4.780000,5.670000,170240004780
"0673313001900",0.000000,0.170000,060331300000
"1577259001900",0.580000,0.620000,150725900058
"1577259001900",0.620000,1.160000,150725900062
"3540018000000",0.000000,0.720000,350180000000
"1030016000000",1.750000,2.380000,100160000175
"1030016000000",14.616000,14.746000,100160001484
"1030016000000",15.526000,16.666000,100160001575
"1030016000000",23.176000,23.516000,100160002340
"2740035110000",0.000000,0.370000,270351100000
"0540001000000",0.000000,0.120000,050010000000
"0540001000000",0.120000,0.500000,050010000012
"0540001000000",1.070000,1.340000,050010000107
"0540001000000",3.260000,4.010000,050010000326
"0540001000000",4.010000,4.800000,050010000401
"2040015000000",0.000000,0.100000,200150000000
"50200520000EB",5.800000,6.510000,500520000580
"50200520000EB",29.120000,31.400000,500520002912
"06200600001EB",0.000000,0.390000,06060A000000
"2340110580000",0.510000,1.040000,231105800044
"39202190000NB",0.000000,0.800000,392190000000
"39202190000NB",0.800000,3.010000,392190000080
"39202190000NB",3.010000,3.310000,392190000301
"39202190000NB",3.310000,4.760000,392190000331
"5475767001900",0.000000,0.240000,540576700000
"5475767001900",0.880000,1.080000,540576700088
"5475767001900",1.250000,1.460000,540576700125
"20200600000EB",2.440000,2.860000,200600000244
"20200600000EB",6.200000,6.920000,200600000620
"20200600000EB",9.190000,10.900000,200600000919
"20200600000EB",14.840000,16.000000,200600001484
"20200600000EB",16.070000,16.480000,200600001607
"20200600000EB",18.640000,20.080000,200600001864
"20200600000EB",23.080000,23.520000,200600002308
"20200600000EB",28.430000,29.180000,200600002843
"2040006060000",0.000000,0.470000,200060600000
"2040006060000",0.800000,1.160000,200060600080
"2040006060000",1.160000,2.240000,200060600116
"2040006060000",2.240000,3.110000,200060600224
"2040006060000",3.700000,5.750000,200060600370
"1540003060000",2.171000,2.320000,150030602171
"3140019190000",0.470000,1.290000,310191900047
"3140019190000",1.290000,1.700000,310191900129
"10200190000NB",0.000000,1.020000,100190000000
"10200190000NB",2.850000,3.820000,100190000285
"10200190000NB",3.890000,6.160000,100190000389
"10200190000NB",6.160000,6.660000,100190000616
"10200190000NB",6.660000,8.230000,100190000666
"10200190000NB",14.640000,15.627000,100190001464
"03201190000NB",0.000000,2.930000,031190000000
"03201190000NB",9.440000,11.490000,031190000944
"03201190000NB",11.490000,12.830000,031190001149
"03201190000NB",12.830000,13.540000,031190001283
"03201190000NB",16.970000,17.830000,031190001697
"5040060070000",0.240000,0.870000,500600700024
"5040060070000",0.870000,1.440000,500600700087
"0240009050000",1.670000,3.260000,020090500167
"0640060090000",0.000000,0.350000,060600900000
"35202500000NB",0.000000,0.940000,352500000000
"35202500000NB",0.940000,1.900000,352500000094
"35202500000NB",1.900000,2.930000,352500000190
"35202500000NB",2.930000,3.260000,352500000293
"49201190000NB",5.380000,5.600000,491190000538
"2770100001900",5.610000,5.810000,270010000561
"2840016100000",0.000000,0.660000,280161000000
"0130092000000",8.640000,10.730000,010920000864
"2840007050000",0.000000,0.324000,280007050000
"2840007050000",0.343000,1.110000,280007050343
"2840007050000",1.110000,1.830000,280070500111
"2840007050000",1.836000,2.100000,280070501836
"2040025250000",0.000000,0.150000,200252500000
"2040025250000",0.150000,2.170000,200252500015
"4940012000000",0.850000,1.530000,490120000850
"4940012000000",1.530000,2.570000,490120001530
"4940012000000",2.570000,4.260000,490120000257
"4940012000000",5.080000,5.290000,490120000508
"15200300000EB",1.543000,2.380000,150300001543
"3578259001900",0.000000,0.120000,350825900000
"3578259001900",0.330000,0.490000,350825900033
"20100770023NB",0.000000,1.020000,20077C000000
"0440032000000",6.270000,6.500000,040320000627
"4140025000000",3.700000,5.900000,410250003700
"1040012000000",0.180000,1.900000,100120000180
"1040012000000",1.900000,3.280000,100120001900
"1040021200000",0.000000,0.980000,100212000000
"1130005000000",10.830000,12.510000,110050001083
"1130005000000",14.580000,14.890000,110050001458
"28204600000EB",0.029000,1.060000,284600000029
"28204600000EB",1.330000,2.900000,284600000133
"28204600000EB",2.900000,3.090000,284600000290
"28204600000EB",4.290000,5.380000,284600000429
"28204600000EB",13.480000,14.720000,284600001348
"28204600000EB",14.720000,15.150000,284600001472
"4140016390000",0.000000,0.640000,410163900000
"0240034030000",0.000000,1.010000,020340300000
"1740025060000",2.980000,5.260000,170250600298
"1771758001900",0.000000,0.470000,170175800000
"1771758001900",0.470000,0.690000,170175800047
"1140007000000",6.970000,8.670000,110070000697
"52202500000NB",1.180000,1.890000,522500000118
"52202500000NB",5.540000,6.880000,522500000554
"52202500000NB",7.020000,7.970000,522500000702
"52202500000NB",8.100000,8.640000,522500000810
"52202500000NB",8.680000,9.050000,522500000868
"52202500000NB",9.050000,9.200000,522500000905
"52202500000NB",9.200000,9.630000,522500000920
"52202500000NB",9.630000,11.070000,522500000963
"0240010010000",0.000000,0.690000,020100100000
"2040009030000",0.970000,2.860000,200090300969
"4640044000000",0.240000,0.730000,460440000240
"4640044000000",0.760000,1.760000,460440000076
"4640044000000",1.920000,2.030000,460440001920
"2540072000000",1.020000,1.790000,250720000102
"2540072000000",2.070000,2.670000,250720000207
"1740050160000",0.120000,0.540000,170501600012
"5275503001900",0.000000,0.450000,520550300000
"25202500000NB",2.870000,3.000000,252500000287
"25202500000NB",3.785000,4.160000,252500003420
"04200190000NB",26.570000,27.640000,040190002657
"2740001040000",1.647000,1.650000,270010401647
"4140009000000",5.280000,5.540000,410090000528
"5040060030000",1.370000,1.470000,500600300137
"0640017000000",0.000000,1.577000,060170000000
"0640017000000",4.050000,4.170000,060170000405
"0640017000000",4.300000,4.410000,060170000430
"0640017000000",4.470000,5.020000,060170000447
"0140030070000",0.000000,0.920000,010300700000
"0140030070000",0.920000,2.000000,010300700092
"2340119900000",0.000000,0.500000,231199000000
"1040008000000",1.300000,2.000000,100080000130
"1040008000000",2.470000,2.820000,100080000247
"1040008000000",3.280000,6.250000,100080000380
"5475780001900",0.000000,0.120000,540578000000
"4030034000000",14.570000,14.970000,400340001457
"4030034000000",15.270000,15.390000,400340001527
"4030034000000",15.390000,15.680000,400340001539
"4030034000000",15.680000,17.018000,400340001568
"4030034000000",17.018000,17.081000,400340001702
"4030034000000",17.081000,18.410000,400034017081
"4030034000000",18.410000,19.870000,400340001841
"4730093000000",0.000000,0.150000,470930000000
"4730093000000",0.150000,0.910000,470930000015
"4730093000000",2.340000,7.420000,470930000234
"5130015000000",6.300000,8.480000,510150000630
"26202500000NB",0.000000,3.560000,262500000000
"26202500000NB",3.560000,4.010000,262500000356
"26202500000NB",4.010000,4.620000,262500000401
"26202500000NB",4.650000,7.100000,262500000465
"26202500000NB",7.100000,8.070000,262500000710
"26202500000NB",8.070000,9.790000,262500000807
"26202500000NB",9.790000,10.670000,262500000979
"26202500000NB",11.650000,12.350000,262500001165
"26202500000NB",12.470000,13.370000,262500001247
"26202500000NB",13.400000,15.310000,262500001340
"26202500000NB",23.890000,24.640000,262500002389
"26202500000NB",28.490000,29.070000,262500002849
"26202500000NB",29.070000,29.710000,262500002907
"26202500000NB",29.710000,30.090000,262500002971
"26202500000NB",30.090000,30.920000,262500003009
"26202500000NB",31.630000,31.730000,262500003163
"26202500000NB",36.470000,36.690000,260250003647
"26202500000NB",38.920000,39.200000,262500003892
"0640060050000",0.000000,0.880000,060600500000
"0640060050000",0.880000,1.680000,060600500088
"0640060050000",1.680000,1.970000,060600500168
"3540018010000",0.000000,0.060000,350180100000
"28200190000NB",2.880000,3.870000,280190000288
"28200190000NB",5.340000,6.010000,280190000534
"28200190000NB",6.010000,7.440000,280190000601
"28200190000NB",10.690000,11.630000,280190001076
"5475760001900",0.000000,0.210000,540576000000
"5475760001900",0.210000,0.240000,540576000021
"2040022000000",0.860000,1.190000,200220000086
"2040022000000",1.190000,2.470000,200220000119
"5475759001900",0.000000,0.480000,540575900000
"2071020001900",0.060000,0.460000,200102000006
"0240045050000",0.550000,1.250000,020450500055
"1740019290000",0.000000,0.570000,170192900000
"3140019080000",0.000000,0.230000,310190800000
"4940005090000",0.000000,0.280000,490050900000
"2040060640000",0.000000,0.350000,200606400000
"2071011001900",0.060000,0.420000,200101100006
"3140060020000",0.000000,0.260000,310600200000
"4640119300000",0.000000,0.600000,461193000000
"1740031000000",0.500000,1.450000,170310000050
"4040031000000",0.000000,0.300000,400310000000
"3174772001900",0.000000,0.100000,310477200000
"3174772001900",0.100000,0.270000,310477200010
"3174772001900",0.270000,0.420000,310477200027
"30201190000NB",11.730000,12.800000,301190001173
"30201190000NB",12.880000,14.280000,301190001288
"0630010000100",1.940000,2.560000,06010A000194
"5240003010000",0.000000,0.009000,520030100000
"4140048000000",0.000000,1.900000,410480000000
"2540072040000",0.000000,0.130000,250720400000
"0673317001900",0.000000,0.240000,060331700000
"4130041000000",0.000000,0.710000,410410000000
"4130041000000",1.850000,1.990000,410410000185
"4130041000000",1.990000,2.190000,410410000199
"2040012000000",0.000000,2.550000,200120000000
"2040012000000",3.600000,4.140000,200120000360
"2040012000000",4.550000,5.100000,200120000457
"2774501001900",0.000000,0.150000,270450100000
"4940016000000",8.090000,8.320000,490160000809
"4940016000000",9.050000,9.510000,490160000904
"3540015000000",1.910000,2.260000,350150000191
"5040012000000",3.176000,4.650000,500120003176
"20100640006EB",0.000000,0.300000,200064E00000
"4140019030000",0.387000,0.500000,410190300039
"4140019030000",0.500000,0.980000,410190300050
"4940013000000",0.000000,0.860000,490130000000
"2540054000000",0.000000,0.183000,250540000000
"5475770001900",0.430000,1.040000,540577000043
"1540011020000",0.000000,0.570000,150110200000
"1540011020000",0.570000,2.750000,150110200570
"1540011020000",2.750000,2.780000,150011020275
"22201190000NB",3.370000,5.400000,221190000337
"22201190000NB",5.400000,6.408000,221190000540
"3940003000000",4.600000,7.270000,390030000460
"2040046000000",0.000000,0.410000,200460000000
"1230093000000",2.360000,2.980000,120930000236
"1230093000000",3.770000,4.050000,120930000377
"1230093000000",9.600000,9.710000,120930000960
"1230093000000",9.710000,13.450000,120930000971
"1230093000000",13.450000,15.850000,120930001345
"1230093000000",15.850000,18.046000,120930001585
"50200600000EB",0.000000,0.240000,500600000000
"50200600000EB",0.490000,0.720000,500600000049
"50200600000EB",1.130000,1.830000,500600000113
"50200600000EB",3.790000,4.040000,500600000379
"50200600000EB",4.040000,4.390000,500600000404
"3174817001900",0.000000,0.240000,310481700000
"2830598000000",0.000000,2.130000,285980000000
"2830598000000",2.400000,2.590000,285980000240
"2830598000000",2.590000,2.980000,285980000259
"1040019020000",0.000000,0.820000,100190200000
"2230010000000",17.810000,19.070000,220100001781
"0330094000000",0.000000,3.010000,030940000000
"1930009000000",0.000000,1.450000,190090000000
"1930009000000",1.450000,3.940000,190090000145
"1930009000000",4.970000,6.350000,190090000497
"1930009000000",10.910000,11.418000,190090001091
"1930009000000",14.435000,14.960000,190090014435
"0140024000000",1.640000,2.790000,010240000164
"0140024000000",2.790000,4.740000,010240000279
"0630010000000",15.690000,15.820000,060100001569
"0630010000000",15.820000,16.270000,060100001582
"0630010000000",17.210000,17.370000,060100001721
"0630010000000",17.460000,18.410000,060100001746
"4330016000000",1.450000,3.620000,430160000145
"4330016000000",19.020000,21.980000,430160001902
"10100770016NB",52.580000,53.060000,100770005258
"10100770016NB",53.060000,54.130000,100770005306
"10100770016NB",54.130000,55.020000,100770005413
"10100770016NB",55.020000,58.320000,100770005502
"10100770016NB",58.320000,59.620000,100770005832
"10100770016NB",59.620000,61.600000,100770005962
"10100770016NB",62.730000,66.150000,100770006273
"10100770016NB",66.150000,67.210000,100770006615
"2330044000000",16.020000,17.070000,230440001602
"3578277001900",0.000000,0.130000,350827700000
"3730002000000",3.710000,4.750000,370020000371
"3730002000000",5.720000,6.860000,370020000572
"3730002000000",10.510000,10.840000,370020001051
"3730002000000",14.950000,17.490000,370020001495
"2870514001900",0.000000,0.600000,280051400000
"2870514001900",0.600000,1.410000,280051400060
"2870514001900",1.410000,1.520000,280051400141
"3140067000000",6.220000,7.970000,310670000622
"3140067000000",7.970000,8.360000,310670000797
"3140067000000",8.360000,8.550000,310670000836
"2330080000000",0.860000,1.570000,230800000086
"2040012010000",0.000000,0.600000,200120100000
"3630028000000",24.070000,25.570000,360280002407
"06100640000EB",5.870000,6.470000,060640000587
"06100640000EB",6.470000,6.740000,060640000647
"06100640000EB",6.740000,7.260000,060640000674
"06100640000EB",7.260000,7.720000,060640000726
"06100640000EB",7.720000,8.190000,060640000772
"06100640000EB",8.190000,9.220000,060640000819
"06100640000EB",9.220000,9.520000,060640000922
"06100640000EB",11.020000,11.370000,060640001102
"06100640000EB",11.370000,14.530000,060640001137
"06100640000EB",14.570000,17.680000,060640001457
"06100640000EB",17.680000,18.080000,060640001768
"06100640000EB",18.080000,18.490000,060640001808
"06100640000EB",18.490000,19.320000,060640001849
"06100640000EB",19.320000,19.710000,060640001932
"06100640000EB",19.710000,20.190000,060640001971
"06100640000EB",20.190000,21.040000,060640002019
"06100640000EB",21.040000,21.160000,060640002104
"06100640000EB",21.160000,21.750000,060640002116
"06100640000EB",21.750000,22.390000,060640002175
"06100640000EB",22.390000,27.110000,060640002239
"06100640000EB",27.110000,27.550000,060640002711
"06100640000EB",27.550000,28.670000,060640002755
"06100640000EB",28.670000,29.440000,060640002867
"06100640000EB",29.440000,31.770000,060640002944
"5275511001900",0.000000,0.120000,520551100000
"5275511001900",0.570000,0.840000,520551100057
"2640001000000",0.000000,0.440000,260010000000
"2640001000000",0.490000,0.600000,260010000049
"2640001000000",0.600000,1.209000,260010000060
"2870502001900",0.000000,1.010000,280050200000
"2870502001900",1.010000,1.360000,280502M0101
"2870502001900",1.360000,1.600000,280050200136
"2870502001900",1.600000,1.780000,280050200160
"2870502001900",1.780000,1.910000,280050200178
"2840025000000",0.000000,0.570000,280250000000
"2840025000000",0.570000,1.530000,280250000057
"3140064000000",0.000000,0.380000,310640000000
"44100790000NB",21.280000,25.790000,440790002128
"44100790000NB",25.790000,33.990000,440790002579
"44100790000NB",33.990000,36.000000,440790003399
"2974002001900",0.000000,0.390000,290400200000
"3140019240000",2.770000,3.080000,310192400277
"28100770016NB",8.980000,9.190000,280770000898
"28100770016NB",9.190000,9.500000,280770000919
"28100770016NB",9.500000,9.790000,280770000950
"28100770016NB",9.790000,11.250000,280770000979
"28100770016NB",11.440000,12.160000,280770001144
"28100770016NB",12.160000,13.430000,280770001216
"28100770016NB",13.740000,14.006000,280770001374
"28100770016NB",14.770000,15.540000,280077T01477
"28100770016NB",20.090000,27.170000,280770002009
"2840016010000",0.590000,0.740000,280160100590
"3430020000000",28.290000,29.070000,340200028290
"3140064030000",0.000000,0.290000,310640300000
"0640052030000",0.000000,0.220000,060520300000
"3174807001900",0.000000,0.400000,310480700000
"2140015000000",2.360000,4.010000,210150000236
"3140069050000",0.000000,1.770000,310690500000
"3140069050000",1.770000,2.020000,310690500177
"3140069050000",2.020000,2.100000,310690500202
"1577261001900",0.000000,0.730000,150726100000
"35104700000EB",0.000000,0.980000,354700000000
"35104700000EB",0.980000,2.250000,354700000098
"35104700000EB",2.250000,3.940000,354700000225
"4040046000000",0.000000,2.290000,400460000000
"4040046000000",2.550000,3.420000,400460000255
"0530027000100",0.400000,0.960000,05027A000040
"0530027000100",0.960000,3.350000,05027A000096
"2040023000000",2.480000,2.670000,200230000248
"2040023000000",2.670000,3.600000,200230002670
"4030025000000",0.000000,0.630000,400250000000
"3330009000000",26.670000,29.170000,330090002667
"3330009000000",31.290000,33.300000,330090003129
"06200600000EB",2.970000,3.070000,060600000297
"06200600000EB",3.170000,3.270000,060600000317
"06200600000EB",5.760000,5.960000,060600000576
"06200600000EB",6.970000,7.510000,060600000697
"06200600000EB",7.590000,7.960000,060600000759
"06200600000EB",7.960000,8.430000,060600000796
"06200600000EB",8.430000,8.820000,060600000843
"06200600000EB",8.820000,9.500000,060600000882
"06200600000EB",9.560000,9.920000,060600000956
"06200600000EB",9.920000,10.270000,060600000992
"06200600000EB",10.760000,11.250000,060600001076
"06200600000EB",11.510000,12.230000,060600001151
"06200600000EB",15.590000,17.290000,060600001559
"5275501001900",0.070000,0.220000,520550100007
"5275501001900",0.930000,1.070000,520550100093
"3140049000000",0.660000,1.250000,310490000066
"0540507020000",0.000000,1.220000,055070200000
"20300610006EB",0.000000,0.190000,20061E000000
"0274252001900",0.000000,0.640000,020425200000
"0240030000000",4.175000,4.370000,020300004175
"2940220020000",0.000000,0.840000,292200200000
"2071068001900",0.000000,0.480000,200106800000
"3540024000000",0.000000,0.400000,350240000000
"0640060760000",0.000000,0.160000,060607600000
"1940029000000",0.000000,1.260000,190290000000
"1940029000000",1.260000,2.190000,190290000126
"4140030000000",4.270000,4.520000,410300000427
"3140057000000",1.210000,1.330000,310570000121
"1340037120000",0.000000,0.140000,130371200000
"3140073730000",0.000000,0.580000,310737300000
"3140060000000",0.000000,0.850000,310600000000
"3140060000000",0.850000,1.750000,310600000085
"2230003000000",5.710000,6.100000,220030000571
"1374103001900",0.000000,0.310000,130410300000
"2830104000000",1.650000,2.650000,281040000165
"0540001080000",0.810000,0.950000,050010800081
"0540001080000",0.950000,1.450000,050010800095
"0540001080000",1.900000,2.410000,050010800190
"0630527000100",0.000000,0.190000,06527A000000
"0630527000100",0.190000,0.390000,06527A000019
"2540060000000",2.110000,2.610000,250600002110
"2540060000000",4.380000,4.860000,250600000438
"41200190000NB",0.000000,2.170000,410190000000
"41200190000NB",2.170000,6.470000,410190000217
"41200190000NB",16.669000,16.925000,410190016669
"41200190000NB",17.180000,17.950000,410190001718
"41200190000NB",18.310000,18.410000,410190001831
"41200190000NB",18.410000,18.640000,410190001841
"41200190000NB",18.640000,19.330000,410190001864
"41200190000NB",19.800000,21.610000,410190001980
"41200190000NB",23.310000,24.090000,410190002331
"2540019310000",0.400000,0.890000,250193100040
"0730005000000",12.090000,12.620000,070050001209
"2530310000000",7.160000,7.808000,253100007160
"2530310000000",8.350000,8.450000,253100000835
"2530310000000",9.670000,10.100000,253100000967
"1740006000000",0.000000,0.808000,170006000000
"3540015010000",2.480000,2.770000,350150100248
"41100770004NB",0.000000,0.430000,41077N000000
"1740050400000",0.000000,0.670000,170504000000
"46201190000NB",6.050000,6.540000,461190000605
"46201190000NB",8.590000,9.320000,461190000859
"0274256001900",0.000000,0.660000,020425600000
"1740024020000",0.000000,0.750000,170240200000
"1740024020000",0.750000,0.870000,170240200075
"1740024020000",0.870000,1.090000,170240200087
"1740024020000",1.090000,1.860000,170240200109
"1740024020000",1.860000,2.950000,170240200186
"20200600007WB",7.930000,8.100000,20060W007930
"4140018000000",2.990000,3.000000,410180002990
"4140018000000",3.000000,3.510000,410180003000
"4140018000000",3.510000,4.410000,410180003510
"1740707000000",0.000000,0.570000,177070000000
"1740707000000",0.570000,0.907000,177070000057
"2040022010000",0.000000,0.004000,200220100000
"3140061040000",0.000000,0.250000,310061040000
"3140061040000",0.450000,0.910000,310610400045
"41200190014NB",0.000000,2.700000,41019BP00000
"5073253001900",0.000000,0.130000,500325300000
"5073253001900",0.130000,0.260000,500325300130
"28200520018EB",0.000000,0.020000,28052O000000
"38202190000NB",0.000000,3.690000,382190000000
"38202190000NB",3.690000,4.370000,382190000369
"38202190000NB",4.370000,6.010000,382190000437
"38202190000NB",6.010000,7.150000,382190000601
"38202190000NB",7.770000,9.820000,382190000777
"38202190000NB",14.150000,14.670000,382190001415
"38202190000NB",19.580000,21.840000,382190001958
"38202190000NB",25.340000,26.370000,382190002534
"38202190000NB",26.370000,29.120000,382190002637
"38202190000NB",34.470000,34.780000,382190003447
"38202190000NB",34.790000,37.890000,382190003479
"2540031010000",1.720000,2.030000,250310100172
"07200330000EB",0.090000,2.330000,070330000009
"07200330000EB",3.680000,5.030000,070330000368
"07200330000EB",5.590000,6.200000,070330000559
"07200330000EB",6.200000,6.600000,070330000620
"07200330000EB",6.620000,8.300000,070330000662
"07200330000EB",10.130000,14.300000,070330001013
"07200330000EB",14.300000,14.860000,070330001430
"0330003000000",8.170000,11.140000,030030000817
"4170045001900",0.000000,0.260000,410004500000
"3140072000000",3.772000,3.780000,310720003772
"2640017000000",0.000000,0.120000,260170000000
"4970755001900",0.100000,0.640000,490075500010
"4970755001900",0.640000,1.050000,490075500064
"55200520000EB",0.000000,1.400000,550520000000
"55200520000EB",4.780000,7.650000,550520000478
"55200520000EB",7.650000,8.340000,550520000765
"1230042000000",16.970000,21.260000,120420001697
"1230042000000",21.780000,22.740000,120420002178
"0140011000000",3.050000,3.780000,010110000307
"1940340180000",0.640000,1.240000,193401800064
"2870517001900",0.190000,0.380000,280051700190
"31200190000NB",8.290000,8.806000,310190000829
"31200190000NB",8.990000,9.160000,310190000899
"31200190000NB",9.540000,9.940000,310190000954
"31200190000NB",10.590000,11.080000,310190001059
"31200190000NB",11.510000,12.330000,310190001151
"31200190000NB",13.740000,14.190000,310190001374
"31200190000NB",14.250000,14.350000,310190001425
"31200190000NB",14.440000,14.800000,310190001444
"31200190000NB",14.800000,14.980000,310190001480
"31200190000NB",15.620000,16.490000,310190001562
"31200190000NB",16.490000,17.021000,310190001649
"3530002000000",1.900000,2.130000,350020000190
"3530002000000",2.360000,2.840000,350020000236
"3530002000000",5.810000,7.040000,350020000581
"3530002000000",7.350000,7.570000,350020000735
"3530002000000",7.570000,8.080000,350020000757
"3530002000000",8.220000,8.500000,350020000822
"2040049000000",0.680000,1.170000,200490000068
"4140006030000",0.530000,1.480000,410060300050
"0540007010000",0.000000,0.840000,050070100000
"0540007010000",0.840000,1.990000,050070100084
"5040060040000",1.240000,2.400000,500600400124
"5475769001900",0.000000,0.340000,540576900000
"3578261001900",0.000000,0.390000,350826100000
"4130210000000",1.200000,1.890000,412100000120
"4130210000000",1.890000,2.790000,412100000189
"0240011330000",0.000000,0.260000,020113300000
"2540250550000",0.045000,0.290000,252505500045
"1577269001900",0.650000,0.970000,150726900065
"5040060050000",0.000000,0.180000,500600500000
"5440034000000",0.000000,0.760000,540340000000
"5440034000000",1.450000,1.760000,540340001450
"0240015000000",0.939000,0.940000,020150000939
"0240015000000",2.780000,3.060000,020150000278
"20201190000NB",11.640000,12.900000,201190001134
"20201190000NB",12.900000,14.040000,201190001290
"20201190000NB",14.220000,16.280000,201190014220
"20201190000NB",16.280000,17.160000,201190001628
"4140006000000",0.000000,0.140000,410060000000
"4140006000000",0.910000,1.130000,410060000091
"20100790000NB",0.000000,0.810000,200790000000
"20100790000NB",0.810000,1.950000,200790000081
"20100790000NB",1.950000,2.240000,200790000195
"20100790000NB",2.240000,3.510000,200079000224
"20100790000NB",3.510000,4.510000,200079000351
"20100790000NB",4.510000,5.420000,200790000451
"20100790000NB",5.420000,5.560000,200790000542
"20100790000NB",5.560000,6.120000,200790000556
"20100790000NB",6.820000,7.190000,200790000682
"20100790000NB",7.190000,7.476000,200790000719
"20100790000NB",9.970000,10.640000,200790000997
"20100790000NB",10.640000,16.040000,200790001064
"20100790000NB",16.040000,19.220000,200790001604
"20100790000NB",19.220000,20.620000,200790001922
"20100790000NB",20.620000,21.280000,200790002062
"1740025000000",12.110000,12.260000,170250001211
"1740025000000",12.260000,12.620000,170250001226
"47202190000NB",5.570000,7.370000,472190000557
"47202190000NB",13.100000,17.490000,472190001310
"47202190000NB",17.490000,18.000000,472190001749
"47202190000NB",22.160000,25.830000,472190002216
"47202190000NB",25.830000,26.100000,472190002583
"47202190000NB",26.100000,27.760000,472190002610
"2930028000100",0.000000,0.540000,29028A000000
"2930028000100",0.540000,1.030000,29028A000054
"2930028000100",1.030000,2.050000,29028A000103
"2930028000100",2.050000,2.310000,29028A000205
"2930028000100",2.420000,2.630000,29028A000242
"2930028000100",2.630000,2.970000,29028A000263
"3174786001900",0.040000,0.150000,310478600004
"19203400000NB",6.900000,8.560000,193400000690
"19203400000NB",8.560000,9.130000,193400000856
"19203400000NB",9.130000,9.550000,193400000913
"19203400000NB",9.550000,10.410000,193400000955
"19203400000NB",10.410000,11.860000,193400001041
"19203400000NB",11.900000,12.047000,193400001190
"19203400000NB",12.047000,12.880000,193400001205
"19203400000NB",12.880000,13.260000,193400001288
"19203400000NB",13.260000,13.820000,193400001326
"19203400000NB",14.660000,14.860000,193400001466
"19203400000NB",14.860000,15.310000,193400001486
"1730131000000",4.330000,5.470000,171310000433
"4140041210000",0.000000,1.630000,410412100000
"5475766001900",0.000000,0.460000,540576600000
"1730098000000",0.420000,1.960000,170980000042
"0530067000000",0.170000,0.620000,050670000017
"0530067000000",6.140000,6.710000,050670000614
"3730016000000",7.410000,8.230000,370160000741
"4930020000000",22.870000,23.540000,490200002287
"0240051070000",2.280000,3.560000,020510702280
"5240003000000",0.150000,0.280000,520030000015
"31100680000EB",0.000000,0.320000,310680000000
"31100680000EB",1.150000,2.670000,310680000115
"31100680000EB",2.670000,4.130000,310680000267
"31100680000EB",4.130000,4.560000,310680000413
"31100680000EB",4.560000,4.960000,310680000456
"31100680000EB",4.960000,5.790000,310680000496
"31100680000EB",5.790000,6.180000,310680000579
"31100680000EB",6.180000,6.770000,310680000618
"31100680000EB",6.770000,7.200000,310680000677
"31100680000EB",7.200000,7.540000,310680000720
"31100680000EB",7.540000,8.890000,310680000754
"31100680000EB",8.890000,9.400000,310680000889
"31100680000EB",10.280000,10.320000,310680001028
"31100680000EB",10.320000,10.790000,310680001032
"31100680000EB",10.790000,13.149000,310680001079
"1030061000000",0.000000,1.120000,100610000000
"1030061000000",8.740000,9.330000,100610000874
"1030061000000",22.530000,25.560000,100610002253
"2140013000000",0.000000,0.400000,210130000000
"2040006010000",0.460000,1.890000,200060100046
"2040060630000",0.060000,0.354000,200606300006
"5040009000000",0.650000,1.920000,500090000650
"5040009000000",1.920000,3.590000,500090000192
"4170054001900",0.000000,0.440000,410005400009
"4130016000000",8.470000,9.485000,410160000847
"4130016000000",9.485000,9.800000,410160009485
"4130016000000",12.000000,14.120000,410160001200
"4130016000000",14.420000,14.720000,410160001442
"4130016000000",14.720000,15.080000,410160001472
"4130016000000",15.080000,15.610000,410160015080
"4130016000000",15.650000,15.810000,410160001565
"4130016000000",18.530000,18.820000,410160001853
"4130016000000",18.820000,18.960000,410160001882
"4130016000000",18.960000,19.790000,410160001896
"3140857000000",0.500000,1.410000,318570000050
"3140857000000",5.110000,5.590000,318570000511
"3140857000000",10.850000,11.350000,318570001085
"5430014000000",11.280000,11.760000,540140001128
"5430014000000",12.380000,12.450000,540140001238
"5430014000000",12.450000,12.710000,54300141245
"5430014000000",12.710000,12.880000,540140001271
"5430014000000",12.880000,13.000000,540140001288
"5430014000000",13.220000,13.390000,540140001322
"5430014000000",15.190000,15.320000,540140001519
"5430014000000",15.320000,15.450000,540140001532
"5430014000000",16.100000,16.760000,540140001610
"5430014000000",20.120000,20.560000,540140002012
"4030817000000",2.060000,8.810000,408170000206
"4030817000000",8.810000,10.620000,408170000881
"2940028010000",0.000000,0.100000,290280100000
"2940028010000",0.100000,1.090000,290280100010
"2940028010000",1.190000,2.140000,290280100119
"2940028010000",2.310000,2.450000,290280100231
"2940028010000",2.450000,2.850000,290280100245
"1040061280000",0.000000,0.590000,100612800000
"3174813001900",0.000000,1.240000,310481300000
"1577270001900",0.000000,0.500000,150727000000
"4940012010000",0.000000,0.020000,490120100000
"0540018000000",0.000000,0.550000,050180000000
"1940003000000",1.403000,1.820000,190030001403
"1940003000000",1.820000,2.020000,190030001820
"1940003000000",2.020000,2.360000,190030002020
"2940008000000",0.000000,0.240000,290080000000
"42200330000EB",4.522000,7.760000,420330000452
"42200330000EB",7.760000,8.050000,420330000776
"42200330000EB",8.050000,9.500000,420330000805
"42200330000EB",9.500000,9.740000,420330000950
"42200330000EB",10.260000,10.990000,420330001026
"0640009000000",1.688000,1.803000,060090001688
"4940020310000",0.000000,0.220000,490203100000
"5440011000000",7.679000,8.300000,540110007679
"2040060020000",2.130000,3.000000,200600200213
"3130043000000",0.000000,2.650000,310430000000
"3130043000000",2.650000,3.582000,310430000265
"3130043000000",3.582000,4.030000,310043003582
"3140067010000",0.000000,0.650000,310670100000
"0540027040000",0.000000,0.130000,050270400000
"0540027040000",0.440000,0.840000,050270400440
"52300070006EB",0.000000,0.100000,52007E000000
"52300070006EB",0.100000,0.270000,52007E000010
"1030061000100",0.000000,0.160000,10061A000000
"0640013000000",0.020000,0.420000,060130000002
"3140055000000",0.000000,0.450000,310550000000
"3830092000000",0.000000,5.830000,380920000000
"2840027000000",0.000000,1.570000,280270000000
"2840027000000",2.120000,2.590000,280270000212
"2870513001900",0.000000,0.370000,280051300000
"0130038000000",0.430000,2.430000,010380000043
"0130038000000",5.530000,6.310000,010380000553
"21200190000NB",22.370000,22.580000,210190022370
"21200190000NB",22.720000,23.480000,210190002272
"3540040010000",0.850000,1.080000,350400100085
"0230009000000",0.350000,2.200000,020090000035
"0230009000000",4.810000,6.170000,020090000481
"0230009000000",6.170000,6.270000,020090000617
"0230009000000",6.381000,6.470000,020090006381
"0230009000000",6.470000,7.580000,020090000647
"0230009000000",7.584000,9.950000,020090007584
"0230009000000",10.120000,10.370000,020090001012
"0230009000000",10.532000,10.893000,020090001052
"0230009000000",10.893000,11.243000,020090001084
"0230009000000",14.000000,14.200000,020090001400
"0230009000000",14.550000,14.900000,020090001455
"0230009000000",15.570000,15.790000,020090001557
"0230009000000",15.790000,16.090000,020090001579
"0230009000000",17.070000,17.480000,020090001707
"0230009000000",18.180000,20.160000,020090001818
"4530020000000",24.370000,24.940000,450200002437
"4530020000000",24.940000,25.320000,450200002494
"4530020000000",25.320000,32.140000,450200002532
"33205220000NB",0.000000,6.350000,335220000000
"33205220000NB",6.350000,7.810000,335220000635
"33205220000NB",12.670000,13.110000,335220001267
"33205220000NB",14.680000,15.970000,335220001468
"5430892000000",2.810000,4.730000,540892000281
"5430892000000",7.020000,8.550000,540892000702
"5430892000000",8.550000,9.900000,548920000855
"1640010000000",4.600000,5.800000,160100000046
"2430083000000",0.000000,6.420000,240830000000
"2430083000000",6.420000,7.460000,240830000642
"2430083000000",7.940000,8.060000,240830000794
"2430083000000",14.092000,17.600000,240830014092
"2430083000000",17.600000,18.010000,240830001760
"0274257001900",0.000000,0.110000,020425700000
"0274257001900",0.110000,0.420000,020425700011
"0274273001900",0.000000,0.110000,020427300000
"2040013080000",0.000000,0.770000,200130800000
"4140009090000",0.000000,1.810000,410090900000
"3130100000000",0.000000,0.970000,311000000000
"3130100000000",0.970000,1.340000,311000000097
"3130100000000",1.340000,1.640000,311000000134
"3130100000000",2.540000,2.900000,311000000254
"3130100000000",2.900000,3.080000,311000000290
"06200520004NB",0.000000,0.320000,060052N00000
"06200520004NB",0.321000,0.460000,060052N00321
"5040003000000",3.750000,3.850000,500030000375
"5040003000000",3.940000,4.060000,500030000394
"30200520004NB",0.096000,0.390000,30052N000096
"4170016001900",0.720000,0.900000,410001600072
"3140070000000",0.000000,0.380000,310700000000
"3140070000000",0.387000,1.470000,310700000387
"08100790000NB",36.000000,39.910000,080790003600
"08100790000NB",39.910000,41.430000,080790003991
"08100790000NB",41.430000,44.600000,080790004143
"2940014000000",4.190000,4.600000,290140000419
"0673288001900",0.780000,0.890000,060328800078
"1040005000000",0.060000,0.620000,100050000006
"0140010000000",7.410000,8.630000,010100000741
"4730032000000",0.000000,3.260000,470320000000
"4730032000000",3.260000,4.880000,470320000326
"4730032000000",14.790000,16.090000,470320001479
"4730032000000",16.090000,16.450000,470320001609
"0577279001900",0.000000,0.160000,050727900000
"0673285001900",0.000000,0.320000,060328500000
"0240009270000",0.000000,0.310000,020092700000
"1540013000000",0.000000,0.200000,150130000000
"1540013000000",0.200000,0.500000,150130000020
"5475756001900",0.000000,0.250000,540575600000
"2030622000000",1.960000,2.130000,206220000196
"2030622000000",2.130000,2.230000,206220002130
"2030622000000",2.320000,2.720000,206220000232
"2030622000000",2.720000,3.790000,206220000272
"2030622000000",4.230000,5.570000,206220000423
"2030622000000",13.940000,16.860000,206220001394
"41100640007WB",0.000000,0.450000,41064W000000
"17200500000EB",0.000000,1.530000,170500000000
"17200500000EB",1.530000,3.370000,170500000153
"17200500000EB",3.420000,3.800000,170500000342
"17200500000EB",6.110000,7.160000,170500000611
"17200500000EB",11.380000,12.290000,170500001138
"17200500000EB",12.290000,12.880000,170500001229
"17200500000EB",13.250000,13.780000,170500001325
"17200500000EB",13.780000,14.030000,170500013780
"17200500000EB",14.030000,14.250000,170500014030
"17200500000EB",14.324000,14.640000,170500014324
"17200500000EB",14.960000,15.310000,170500001496
"17200500000EB",15.465000,15.570000,170500015465
"17200500000EB",15.680000,16.240000,170500001568
"17200500000EB",16.270000,17.790000,170500001627
"17200500000EB",17.790000,18.000000,170500001779
"17200500000EB",18.000000,18.320000,170500000018
"17200500000EB",18.320000,18.450000,170500001832
"17200500000EB",18.450000,18.520000,170500001845
"17200500000EB",18.520000,18.800000,170500001852
"17200500000EB",18.850000,19.210000,170500001885
"3530088000000",0.000000,1.060000,350880000000
"3530088000000",7.120000,7.470000,350880000712
"3530088000000",7.770000,8.500000,350880000777
"3530088000000",8.570000,8.890000,350880000857
"3530088000000",8.890000,10.060000,350880000889
"3530088000000",10.060000,10.160000,350880001006
"3540021000000",0.000000,0.650000,350210000000
"3540021000000",0.650000,0.730000,350210000065
"1040009000000",4.520000,4.528000,100090000452
"34200190000NB",1.380000,3.400000,340190000138
"34200190000NB",11.030000,11.470000,340190001103
"34200190000NB",31.650000,31.850000,340190003165
"4940007000000",0.220000,0.423000,490070000022
"0530027000000",1.580000,2.260000,050270000158
"2040046010000",0.000000,0.430000,200460100000
"44200330000EB",4.330000,5.610000,440330000433
"44200330000EB",6.750000,9.100000,440330000675
"44200330000EB",15.770000,17.730000,440330001577
"4140006020000",1.570000,1.690000,410060201570
"1330063000000",6.060000,7.630000,130630000606
"41100770016NB",28.970000,30.804000,410770002897
"41100770016NB",35.210000,35.750000,410077003521
"41100770016NB",35.750000,37.820000,410770003575
"41100770016NB",40.600000,41.680000,410770004060
"41100770016NB",41.680000,42.310000,410770004168
"41100770016NB",42.310000,43.130000,410770004231
"41100770016NB",43.130000,44.540000,410770004313
"41100770016NB",44.540000,45.630000,410770004454
"41100770016NB",46.890000,48.050000,410770004689
"41100770016NB",48.050000,48.340000,410770004805
"2030214000000",8.000000,8.120000,202140000800
"47300320005SB",0.040000,0.190000,47032S000004
"2040114010000",0.000000,1.070000,201140100000
"0740004000000",0.000000,0.670000,070040000000
"35202500010SB",0.000000,0.640000,35250SB00000
"3540004000000",0.190000,0.370000,350040000019
"3540004000000",1.920000,2.190000,350040000192
"0240011240000",0.000000,0.850000,020112400000
"2630002000300",0.000000,0.430000,260020000000
"31201190000NB",7.810000,9.820000,311190000781
"31201190000NB",11.900000,12.060000,311190001190
"31201190000NB",13.780000,13.990000,311190001378
"31201190000NB",13.990000,14.100000,311190001399
"31201190000NB",14.100000,14.220000,310119000141
"31201190000NB",14.420000,14.620000,311190001442
"31201190000NB",14.850000,15.150000,311190001485
"31201190000NB",15.720000,16.000000,311190001572
"31201190000NB",16.820000,17.350000,311190001682
"31201190000NB",17.440000,18.200000,311190001744
"31201190000NB",18.200000,19.660000,311190001820
"31201190000NB",19.660000,20.000000,310119001966
"31201190000NB",20.000000,20.470000,310119000020
"0630193000000",0.460000,3.550000,061930000046
"35300020005SB",0.490000,0.810000,35002S000049
"0673295001900",0.000000,1.080000,060329500000
"1771761001900",0.000000,0.260000,170176100000
"1771761001900",0.310000,0.610000,170176100031
"3140007210000",0.000000,1.110000,310072100000
"2040016000000",4.250000,5.420000,200160000425
"0240011370000",0.000000,0.230000,020113700000
"4240025000000",1.360000,1.730000,420250000136
"4240025000000",1.730000,2.550000,420250001730
"1740025120000",0.270000,0.640000,170251200027
"4940009010000",0.000000,0.970000,490090100000
"13200600000EB",16.480000,17.430000,130600001648
"13200600000EB",28.530000,29.610000,130600002853
"13200600000EB",35.190000,37.650000,130600003519
"1640007000000",5.610000,6.000000,160070000553
"1640007000000",19.200000,20.500000,160070000192
"3140069060000",0.000000,0.320000,310690600000
"3140069060000",0.320000,0.380000,310690600032
"2040026000000",4.620000,4.960000,200260000462
"2040160070000",0.000000,0.270000,201600700000
"2040160070000",0.270000,0.510000,201600700027
"12202200000NB",4.410000,5.140000,122200000441
"1740011000000",0.000000,1.140000,170110000000
"1740011000000",1.140000,2.300000,170110001140
"1740011000000",4.240000,4.700000,170110000424
"1740011000000",4.700000,5.240000,170110004700
"3140081000000",7.250000,8.030000,310810000725
"0540028000000",0.000000,0.198000,050280000000
"1771771001900",0.430000,0.620000,170177100430
"2030601000000",0.000000,0.950000,206010000000
"2071056001900",0.000000,0.380000,200105600000
"4940151000000",0.000000,0.240000,491510000000
"4940151000000",0.340000,0.640000,491510000034
"4940151000000",1.130000,1.600000,491510000113
"35202500005SB",0.000000,0.360000,35250S000000
"5440014160000",0.180000,0.860000,540141600019
"5440014160000",0.860000,1.230000,540141600086
"5440014160000",2.890000,3.830000,540141600289
"5230002000000",4.210000,4.442000,520020000421
"5230002000000",5.290000,5.690000,520020000529
"5230002000000",5.690000,6.080000,520020000569
"5230002000000",6.080000,6.500000,520020000608
"5230002000000",6.950000,7.090000,520020000695
"5230002000000",7.290000,7.840000,520020000729
"5230002000000",8.350000,8.600000,520020000835
"5230002000000",8.600000,9.240000,520020000860
"5230002000000",11.750000,12.120000,520020011750
"5040003010000",0.090000,0.650000,500030100009
"5040003010000",0.650000,0.680000,500030100065
"1940009020000",0.200000,0.350000,190090200020
"05200220000EB",3.170000,3.350000,050220000317
"05200220000EB",3.350000,3.450000,050220000335
"05200220000EB",3.450000,4.730000,050220000345
"05200220000EB",4.730000,5.190000,050220000473
"05200220000EB",5.190000,5.890000,050220000519
"23200520000EB",0.000000,0.430000,230520000000
"2040073000000",0.000000,1.180000,200730000000
"4640009000000",0.820000,1.160000,460090000082
"4640009000000",1.160000,1.590000,460090000116
"0630527000000",0.890000,0.980000,065270000088
"3578271001900",0.000000,1.040000,350827100000
"3578271001900",1.040000,1.590000,350827100104
"1340045010000",0.000000,0.539000,130450100000
"0630002000000",0.100000,0.210000,060020000010
"0630002000000",9.980000,10.080000,060020000998
"0630002000000",14.380000,17.990000,060020001438
"3540018020000",0.000000,0.230000,350180200000
"4272253001900",0.000000,0.160000,420225300000
"4272253001900",0.160000,0.250000,420225300016
"2440009000000",7.870000,9.200000,240090000787
"2930972000000",0.000000,1.480000,299720000000
"2930972000000",1.480000,2.190000,299720000148
"2071058001900",0.090000,1.810000,200105800009
"41100640017WB",0.000000,0.470000,41064R000000
"41100640017WB",0.470000,0.594000,410064R00047
"41100640017WB",0.594000,0.820000,41064R000059
"0673272001900",0.350000,1.040000,060327200035
"0673272001900",1.080000,1.440000,060327200108
"2540073000000",2.450000,3.550000,250730000245
