,RouteId,BeginPoint,EndPoint,ThicknessRigidVn,SampleId,SurfaceTypeVn
0,30200520000EB,44.2,44.3,,300520004329,3
1,30200520000EB,44.0,44.1,,300520004329,3
2,30200520000EB,44.1,44.2,,300520004329,3
3,30200520000EB,44.5,44.6,,300520004329,3
4,30200520000EB,44.3,44.4,,300520004329,3
5,30200520000EB,44.4,44.5,,300520004329,3
6,30200520000EB,43.3,43.4,,300520004329,3
7,30200520000EB,43.4,43.5,,300520004329,3
8,30200520000EB,43.5,43.6,,300520004329,3
9,30200520000EB,43.6,43.7,,300520004329,3
10,30200520000EB,43.9,44.0,,300520004329,3
11,30200520000EB,43.8,43.9,,300520004329,3
12,30200520000EB,43.29,43.3,,300520004329,3
13,2330010000000,12.8,12.9,,230100001279,3
14,2330010000000,12.79,12.8,,230100001279,3
16,2330073000000,2.1,2.15,,230730000031,3
20,2330073000000,1.4,1.451,,230730000031,3
21,2330073000000,1.451,1.5,,230730000031,3
25,2330010000000,10.7,10.76,,230001001058,3
26,2330010000000,10.6,10.7,,230001001058,3
27,2330010000000,10.58,10.6,,230001001058,3
28,50200600000EB,0.0,0.1,,500600000000,3
29,50100640000EB,0.0,0.0925,,500640000000,3
30,50100640000EB,2.0,2.0729,,500640000166,3
31,50100640000EB,2.2429,2.3,,500640000217,3
32,50100640000EB,2.1,2.17,,500640000166,3
33,50100640000EB,2.7147,2.75,,500640000217,3
34,50100640000EB,2.17,2.2,,500640000217,3
35,50200600000EB,0.1,0.16,,500600000000,3
36,50200600000EB,0.16,0.2,,500600000000,3
37,50200600000EB,0.2,0.24,,500600000000,3
38,50100640000EB,2.755,2.8,,500640000275,3
39,50100640000EB,2.0729,2.0884,,500640000166,3
40,50100640000EB,2.2,2.23,,500640000217,3
41,50100640000EB,2.7,2.7147,,500640000217,3
42,50100640000EB,2.23,2.2429,,500640000217,3
43,50100640000EB,0.0925,0.1,,500640000000,3
44,50100640000EB,2.0884,2.1,,500640000166,3
45,50100640000EB,2.75,2.755,,500640000275,3
46,06100640000EB,7.2,7.2464,,060640000674,3
47,50100640000EB,4.4,4.4442,,500640000422,3
48,06100640000EB,6.0213,6.0625,,060640000587,3
49,06100640000EB,6.0625,6.1,,060640000587,3
50,50100640000EB,4.4442,4.5,,500640000422,3
51,06100640000EB,6.0,6.0213,,060640000587,3
52,06100640000EB,7.26,7.289,,060640000726,3
53,50100640000EB,5.3245,5.376,,500640000529,3
54,50100640000EB,5.3,5.3245,,500640000529,3
55,50100640000EB,5.376,5.4,,500640000529,3
56,06100640000EB,7.2464,7.26,,060640000674,3
57,06100640000EB,7.289,7.3,,060640000726,3
58,06200520000EB,1.0,1.01,,060520000075,3
59,06200520000EB,0.01,0.1,,060520000001,3
60,06200520000EB,0.1,0.2,,060520000001,3
61,06200520000EB,0.2,0.3,,060520000001,3
62,0630002000000,0.1,0.191,,060020000010,3
63,0630002001300,0.1,0.164,,06002T000000,3
64,0630002001300,0.17,0.19,,06002T000017,3
65,0630002001300,0.19,0.1995,,06002T000017,3
66,0630002000000,0.191,0.2,,060020000010,3
67,0630002001300,0.164,0.17,,06002T000000,3
68,0630002001300,0.1995,0.2,,06002T000017,3
69,06100640000EB,17.5,17.6,,060640001457,3
70,06100640000EB,19.324,19.4,,060640001932,3
71,06100640000EB,17.64,17.68,,060640001457,3
72,06100640000EB,17.6,17.6393,,060640001457,3
73,06100640000EB,18.0,18.041,,060640001768,3
74,06100640000EB,19.3,19.32,,060640001849,3
75,06100640000EB,17.68,17.7,,060640001768,3
76,06100640000EB,18.041,18.0748,,060640001768,3
77,06100640000EB,18.0852,18.099,,060640001808,3
78,06100640000EB,18.0748,18.08,,060640001768,3
79,06100640000EB,18.08,18.0852,,060640001808,3
80,06100640000EB,19.32,19.324,,060640001932,3
81,06100640000EB,18.099,18.1,,060640001808,3
82,06100640000EB,17.6393,17.64,,060640001457,3
83,22201190000NB,3.37,3.4,,221190000337,3
84,20100770016NB,90.7425,90.8,,200770008950,3
85,20100770016NB,90.7,90.7425,,200770008950,3
86,20100770016NB,93.661,93.7,,200770009331,3
87,20100770016NB,94.5281,94.5629,,200770009443,3
88,20100770016NB,93.6,93.613,,200770009331,3
89,20100770016NB,93.613,93.6451,,200770009331,3
90,20100770016NB,94.519,94.5281,,200770009443,3
91,20100770016NB,94.5,94.5148,,200770009443,3
92,20100770016NB,93.6451,93.661,,200770009331,3
93,20100770016NB,94.5148,94.519,,200770009443,3
94,06100640000EB,22.4,22.462,,060640002239,3
95,06100640000EB,22.462,22.5,,060640002239,3
96,06100640000EB,20.2,20.259,,060640002019,3
97,06100640000EB,20.259,20.3,,060640002019,3
98,06100640000EB,25.208,25.294,,060640002239,3
99,06100640000EB,25.2,25.208,,060640002239,3
100,06100640000EB,25.294,25.3,,060640002239,3
101,40200350000NB,2.3,2.4,,400350000210,3
102,40200350000NB,2.4,2.5,,400350000210,3
103,40200350000NB,2.513,2.532,,400350000210,3
104,40200350000NB,2.5,2.5122,,400350000210,3
105,40200350000NB,2.5122,2.513,,400350000210,3
106,0630002000000,16.4,16.496,,060020001438,3
107,0630002000000,16.496,16.5,,060020001438,3
108,40100640000EB,44.0,44.1,,400640004377,3
109,40100640000EB,43.9,44.0,,400640004377,3
110,40100640000EB,43.8266,43.86,,400640004377,3
111,40100640000EB,43.86,43.9,,400640004377,3
112,40100640000EB,41.511,41.5358,,400640040568,3
113,40100640000EB,41.565,41.591,,400064041546,3
114,2030817000000,1.214,1.276,,200350000097,3
115,40100640000EB,43.8,43.8266,,400640004377,3
116,40100640000EB,41.546,41.565,,400064041546,3
117,2030817000000,1.276,1.3,,200350000097,3
118,40100640000EB,41.5358,41.546,,400640040568,3
119,40100640000EB,41.5,41.511,,400640040568,3
120,2030817000000,1.2,1.214,,200350000097,3
121,40100640000EB,41.591,41.6,,400064041546,3
122,20100640000EB,45.452,45.5,,200640004539,3
123,20100640000EB,45.4,45.437,,200640004539,3
124,20100640000EB,45.437,45.452,,200640004539,3
125,20201190000NB,15.0,15.1,,201190014220,3
126,20201190000NB,15.8,15.9,,201190014220,3
127,20100640000EB,53.3,53.4,,200640005273,3
128,20201190000NB,14.22,14.2871,,201190014220,3
129,20201190000NB,14.6,14.6647,,201190014220,3
130,20201190000NB,15.4,15.4748,,201190014220,3
131,20100640000EB,53.1,53.183,,200640005273,3
132,20100640000EB,53.224,53.3,,200640005273,3
133,20201190000NB,14.4192,14.5,,201190014220,3
134,20201190000NB,14.5,14.6,,201190014220,3
135,20201190000NB,15.1,15.2,,201190014220,3
136,20201190000NB,15.2306,15.3,,201190014220,3
137,20201190000NB,15.3,15.4,,201190014220,3
138,20201190000NB,15.5143,15.6,,201190014220,3
139,20201190000NB,16.1,16.2,,201190014220,3
140,20201190000NB,16.2,16.28,,201190014220,3
141,20201190000NB,14.3,14.4,,201190014220,3
142,20201190000NB,14.7,14.8,,201190014220,3
143,20201190000NB,14.8,14.9,,201190014220,3
144,20201190000NB,14.9,14.99,,201190014220,3
145,20201190000NB,15.6,15.7,,201190014220,3
146,20201190000NB,15.7,15.7773,,201190014220,3
147,20201190000NB,15.9,16.0,,201190014220,3
148,20100640000EB,53.4,53.5,,200640005273,3
149,20100640000EB,54.309,54.37,,200640005375,3
150,20100640000EB,53.5175,53.598,,200640005273,3
151,20100640000EB,53.6,53.6434,,200640005273,3
152,20100640000EB,53.6531,53.7,,200640005273,3
153,20201190000NB,15.4748,15.5,,201190014220,3
154,20201190000NB,16.0313,16.1,,201190014220,3
155,20201190000NB,16.0,16.0313,,201190014220,3
156,20100640000EB,54.37,54.4,,200640005437,3
157,20201190000NB,14.6647,14.7,,201190014220,3
158,20201190000NB,15.7773,15.8,,201190014220,3
159,20201190000NB,16.28,16.3,,201190001628,3
160,20201190000NB,14.4,14.4192,,201190014220,3
161,20201190000NB,15.2,15.2306,,201190014220,3
162,20100640000EB,53.5,53.5175,,200640005273,3
163,20100640000EB,53.183,53.2,,200640005273,3
164,20100640000EB,53.2,53.224,,200640005273,3
165,20201190000NB,14.0,14.022,,201190001290,3
166,20201190000NB,14.022,14.04,,201190001290,3
167,20100640000EB,53.6434,53.6531,,200640005273,3
168,20201190000NB,14.99,15.0,,201190014220,3
169,20201190000NB,15.5,15.5143,,201190014220,3
170,20201190000NB,14.2871,14.3,,201190014220,3
171,20100640000EB,54.3,54.309,,200640005375,3
172,20100640000EB,53.598,53.6,,200640005273,3
173,20201190000NB,16.28,16.28,,201190001628,3
174,20100770005SB,0.3,0.39,,20077S000000,3
175,20100770005SB,0.2,0.282,,20077S000000,3
176,2040060630000,0.2,0.3,,200606300006,3
177,20100770000NB,98.1,98.1289,,200770009722,3
178,2040060630000,0.1488,0.2,,200606300006,3
179,20100790000NB,0.81,0.848,,200790000081,3
180,20100790000NB,0.848,0.9,,200790000081,3
181,2040060630000,0.334,0.354,,200606300006,3
182,20100770005SB,0.282,0.3,,20077S000000,3
183,2040060630000,0.1,0.1192,,200606300006,3
184,2040060630000,0.3,0.3333,,200606300006,3
185,20100770000NB,98.1289,98.159,,200770009722,3
186,2040060630000,0.066,0.1,,200606300006,3
187,2040060630000,0.1369,0.1488,,200606300006,3
188,20100770005SB,0.39,0.4,,20077S000000,3
189,20100790000NB,0.8,0.81,,200790000000,3
190,20100770000NB,98.159,98.17,,200770009722,3
191,2040060630000,0.06,0.066,,200606300006,3
192,2040060630000,0.1301,0.1369,,200606300006,3
193,2040060630000,0.1192,0.128,,200606300006,3
194,2040060630000,0.128,0.1301,,200606300006,3
195,2040060630000,0.3333,0.334,,200606300006,3
196,20100770000NB,112.4,112.4232,,200770011116,3
197,20100770000NB,112.464,112.5,,200770011116,3
198,20100770000NB,112.4232,112.464,,200770011116,3
199,20100770000NB,117.21,117.2526,,200770011666,3
200,20100770000NB,117.26,117.3,,200770011666,3
201,20100770000NB,117.2,117.21,,200770011666,3
202,20100770000NB,117.2526,117.26,,200770011666,3
205,2730002000000,20.6,20.7,,270020002057,3
206,2730002000000,20.72,20.8,,270020002072,3
210,2730002000000,20.8,20.867,,270020002072,3
212,2730002000000,20.57,20.6,,270020002057,3
213,2730002000000,20.7,20.72,,270020002057,3
216,2730002000000,20.867,20.88,,270020002072,3
221,27200350000NB,10.0,10.1,,270350009644,3
222,27200350000NB,9.7,9.8,,270350009644,3
223,27200350000NB,9.8,9.9,,270350009644,3
224,27200350000NB,9.9,10.0,,270350009644,3
225,27200350000NB,10.1,10.2,,270350009644,3
226,27200350000NB,10.26,10.3,,270350009644,3
227,27200350000NB,11.6,11.7,,270350011532,3
228,27200350000NB,9.644,9.7,,270350009644,3
229,27200350000NB,10.3,10.36,,270350009644,3
230,27200350000NB,11.7,11.76,,270350011532,3
231,27200350000NB,11.76,11.8,,270350011532,3
232,27200350000NB,11.8,11.87,,270350011532,3
233,27200350000NB,11.532,11.6,,270350011532,3
235,27200350000NB,10.2,10.246,,270350009644,3
236,27200350000NB,10.36,10.37,,270350009644,3
237,27200350000NB,10.25,10.26,,270350009644,3
238,27200350000NB,10.246,10.25,,270350009644,3
239,1830002000000,3.827,3.88,,180020000276,3
240,1830002000000,2.7,2.719,,180020000000,3
241,1830002000000,2.769,2.8,,180020000276,3
242,1830002000000,3.8,3.827,,180020000276,3
243,1830002000000,2.76,2.769,,180020000276,3
244,1830002000000,2.719,2.72,,180020000000,3
245,18200330000EB,0.19,0.2,,180330000000,3
246,54200500000EB,0.3,0.4,,54200500000,3
247,54200500000EB,0.4,0.5,,54200500000,3
248,54200500000EB,0.5,0.6,,54200500000,3
249,54200500000EB,0.0,0.1,,54200500000,3
250,54200500000EB,0.1,0.2,,54200500000,3
251,54200500000EB,0.2,0.3,,54200500000,3
252,54300680005SB,1.8,1.845,,54068S000169,3
253,54300680005SB,1.8647,1.9,,54068S000169,3
254,54300680005SB,1.845,1.8647,,54068S000169,3
255,54300680005SB,1.9,1.915,,54068S000169,3
256,54200500000EB,0.6,0.61,,54200500000,3
257,54300680005SB,1.915,1.92,,54068S000169,3
258,28200190000NB,5.4519,5.5,,280190000534,3
259,28200190000NB,5.407,5.4519,,280190000534,3
260,28200190000NB,5.4,5.407,,280190000534,3
261,28100770000NB,6.9,6.9557,,280770000512,3
262,28100770000NB,6.97,7.0,,280770000512,3
263,28100770000NB,6.959,6.97,,280770000512,3
264,28100770000NB,6.9557,6.959,,280770000512,3
265,4130016000000,15.54,15.5828,,410160015080,3
266,4130016000000,15.4,15.46,,410160015080,3
267,41100770016NB,43.5,43.5453,,410770004313,3
268,4130016000000,15.5,15.54,,410160015080,3
269,4130016000000,15.6611,15.7,,410160001565,3
270,41100770016NB,41.9463,41.975,,410770004168,3
271,4130016000000,15.4664,15.4936,,410160015080,3
272,4130016000000,15.5828,15.6,,410160015080,3
273,4130016000000,15.7,15.727,,410160001565,3
274,41100770016NB,43.5453,43.568,,410770004313,3
275,41100770016NB,43.568,43.6,,410770004313,3
276,41100770016NB,41.909,41.9271,,410770004168,3
277,41100770016NB,41.975,42.0,,410770004168,3
278,41100770016NB,41.9271,41.9364,,410770004168,3
279,4130016000000,15.65,15.6611,,410160001565,3
280,4130016000000,15.727,15.736,,410160001565,3
281,4130016000000,15.736,15.752,,410160001565,3
282,41100770016NB,41.9364,41.9463,,410770004168,3
283,4130016000000,15.46,15.4664,,410160015080,3
284,4130016000000,15.4936,15.5,,410160015080,3
285,4130016000000,15.6,15.6065,,410160015080,3
286,41100770016NB,41.9,41.909,,410770004168,3
287,4130016000000,15.6065,15.61,,410160015080,3
288,10100770016NB,56.1,56.2,,100770005502,3
289,10100770016NB,56.2,56.3,,100770005502,3
290,10100770016NB,56.3,56.4,,100770005502,3
291,10100770016NB,56.4,56.44,,100770005502,3
292,10100770016NB,56.44,56.5,,100770005502,3
293,41100770016NB,30.0,30.1,,410770002897,3
294,41100770016NB,30.1244,30.2,,410770002897,3
295,41100770016NB,30.1,30.1244,,410770002897,3
296,41100640000EB,119.4,119.5,,410640011892,3
297,41200190023EB,0.6,0.7,,410190000034,3
298,41200190023EB,0.1,0.2,,410190000034,3
299,41200190023EB,1.1,1.2,,410190001100,3
300,41100640007WB,0.1,0.2,,41064W000000,3
301,41100640007WB,0.2,0.3,,41064W000000,3
302,41100770004NB,0.2,0.3,,41077N000000,3
303,41100770004NB,0.3,0.3999,,41077N000000,3
304,41200190023EB,0.5,0.5845,,410190000034,3
305,41100640000EB,119.0,119.1,,410640011892,3
306,41100640000EB,119.1,119.2,,410640011892,3
307,41100640000EB,119.3,119.4,,410640011892,3
308,41100640000EB,119.5,119.6,,410640011892,3
309,41100640000EB,119.6,119.7,,410640011892,3
310,41100640000EB,119.7,119.8,,410640011892,3
311,41100640000EB,119.8156,119.9,,410640011892,3
312,41200190023EB,0.7,0.8,,410190000034,3
313,41200190023EB,0.9,1.0,,410190000034,3
314,41200190023EB,1.0,1.1,,410190000034,3
315,41200190014NB,2.0,2.1,,41019BP00000,3
316,41200190014NB,2.1,2.2,,41019BP00000,3
317,41200190023EB,0.2,0.3,,410190000034,3
318,41200190023EB,0.331,0.4,,410190000034,3
319,41200190023EB,0.4,0.5,,410190000034,3
320,41100770016NB,40.737,40.8,,410770004060,3
321,41100640000EB,119.9,119.952,,410640011892,3
322,41200190023EB,0.0,0.0326,,41019C000000,3
323,41100640000EB,118.92,119.0,,410640011892,3
324,41200190023EB,0.034,0.1,,410190000034,3
325,41100640000EB,119.2,119.3,,410640011892,3
326,41200190023EB,0.8,0.8413,,410190000034,3
327,41200190023EB,0.8581,0.9,,410190000034,3
328,41100770004NB,0.1,0.2,,41077N000000,3
329,41200190014NB,2.2,2.251,,41019BP00000,3
330,41100770016NB,40.7,40.737,,410770004060,3
331,41100640007WB,0.0,0.0437,,41064W000000,3
332,41100640000EB,120.0744,120.1,,410640011892,3
333,41100640007WB,0.0437,0.1,,41064W000000,3
334,41100770004NB,0.4,0.43,,41077N000000,3
335,41100640000EB,119.8,119.8156,,410640011892,3
336,41200190023EB,0.3,0.331,,410190000034,3
337,41100640000EB,119.952,119.976,,410640011892,3
338,41100640000EB,120.0,120.022,,410640011892,3
339,41100640000EB,120.022,120.049,,410640011892,3
340,4130016000000,15.7581,15.774,,410160001565,3
341,4130016000000,15.774,15.8,,410160001565,3
342,41200190023EB,0.8413,0.8524,,410190000034,3
343,41100640000EB,119.976,120.0,,410640011892,3
344,41200190023EB,0.5845,0.6,,410190000034,3
345,4130016000000,15.8,15.81,,410160001565,3
346,41100640000EB,120.066,120.0744,,410640011892,3
347,4130016000000,15.752,15.7581,,410160001565,3
348,41200190023EB,0.8524,0.8581,,410190000034,3
349,41100640000EB,120.049,120.054,,410640011892,3
350,41100640000EB,120.054,120.066,,410640011892,3
351,41200190023EB,0.033,0.034,,41019C000003,3
352,41200190023EB,0.0326,0.033,,41019C000000,3
353,41100770004NB,0.3999,0.4,,41077N000000,3
354,45100640000EB,139.2,139.3,,450640013838,3
355,45100640000EB,139.9,140.0,,450640013838,3
356,45100640000EB,140.2,140.3,,450640013838,3
357,45100640000EB,138.4,138.5,,450640013838,3
358,45100640000EB,138.9,139.0,,450640013838,3
359,45100640000EB,138.01,138.1,,450640013801,3
360,45100640000EB,138.5,138.6,,450640013838,3
361,45100640000EB,138.8,138.9,,450640013838,3
362,45100640000EB,139.3,139.4,,450640013838,3
363,45100640000EB,139.4,139.5,,450640013838,3
364,45100640000EB,139.5,139.6,,450640013838,3
365,45100640000EB,139.6,139.7,,450640013838,3
366,45100640000EB,139.7,139.8,,450640013838,3
367,45100640000EB,139.8,139.9,,450640013838,3
368,45100640000EB,140.0,140.1,,450640013838,3
369,45100640000EB,140.1,140.2,,450640013838,3
370,45100640000EB,139.0,139.1,,450640013838,3
371,45100640000EB,139.1,139.2,,450640013838,3
372,45100640000EB,138.3,138.3425,,450640013801,3
373,45100640000EB,138.7,138.7393,,450640013838,3
374,45100640000EB,138.7393,138.8,,450640013838,3
375,45100640000EB,138.3425,138.373,,450640013801,3
376,45100640000EB,138.6172,138.672,,450640013838,3
377,45100640000EB,138.38,138.4,,450640013838,3
378,45100640000EB,138.672,138.7,,450640013838,3
379,45100640000EB,138.6,138.6172,,450640013838,3
380,45100640000EB,138.373,138.38,,450640013801,3
381,41200190014NB,2.251,2.3,,41019BP00000,3
382,10200190000NB,3.8,3.82,,100190000285,3
383,10200190000NB,3.89,3.9,,100190000389,3
384,10200190000NB,1.001,1.02,,100190000000,3
385,10200190000NB,1.0,1.001,,100190000000,3
386,45100640000EB,140.5,140.6,,450640013838,3
387,45100640000EB,140.3,140.4,,450640013838,3
388,45100640000EB,140.4,140.5,,450640013838,3
389,45100640000EB,140.6,140.7,,450640013838,3
390,45100640000EB,141.0,141.1,,450640013838,3
391,45100640000EB,141.4,141.5,,450640013838,3
392,45100640000EB,141.9,142.0,,450640013838,3
393,45100640000EB,144.5,144.6,,450640014375,3
394,45100640000EB,145.3,145.4,,450640014375,3
395,45100640000EB,145.6,145.7,,450640014375,3
396,45100640000EB,145.9,146.0,,450640014375,3
397,45100640000EB,146.2,146.3,,450640014375,3
398,45100640000EB,142.3,142.4,,450640013838,3
399,45100640000EB,146.6,146.7,,450640014375,3
400,45100640000EB,142.7,142.7438,,450640013838,3
401,45100640000EB,140.7,140.8,,450640013838,3
402,45100640000EB,140.8,140.8477,,450640013838,3
403,45100640000EB,143.0,143.1,,450640013838,3
404,45100640000EB,143.2,143.3,,450640014320,3
405,45100640000EB,143.3,143.4,,450640014320,3
406,45100640000EB,143.4,143.5,,450640014320,3
407,45100640000EB,143.5,143.5799,,450640014320,3
408,45100640000EB,143.6,143.7,,450640014320,3
409,45100640000EB,143.8,143.9,,450640014375,3
410,45100640000EB,143.9,144.0,,450640014375,3
411,45100640000EB,144.0,144.1,,450640014375,3
412,45100640000EB,144.1,144.2,,450640014375,3
413,45100640000EB,144.2,144.3,,450640014375,3
414,45100640000EB,144.3,144.4,,450640014375,3
415,45100640000EB,144.6,144.7,,450640014375,3
416,45100640000EB,144.7,144.8,,450640014375,3
417,45100640000EB,144.8,144.9,,450640014375,3
418,45100640000EB,144.9,145.0,,450640014375,3
419,45100640000EB,145.0,145.1,,450640014375,3
420,45100640000EB,145.1,145.2,,450640014375,3
421,45100640000EB,145.2,145.3,,450640014375,3
422,45100640000EB,145.4,145.5,,450640014375,3
423,45100640000EB,145.5,145.6,,450640014375,3
424,45100640000EB,145.7,145.8,,450640014375,3
425,45100640000EB,145.8,145.9,,450640014375,3
426,45100640000EB,146.0,146.1,,450640014375,3
427,45100640000EB,146.1,146.2,,450640014375,3
428,45100640000EB,146.4,146.4491,,450640014375,3
429,45100640000EB,146.5,146.6,,450640014375,3
430,45100640000EB,140.9,141.0,,450640013838,3
431,45100640000EB,141.1,141.2,,450640013838,3
432,45100640000EB,141.2,141.3,,450640013838,3
433,45100640000EB,141.3,141.4,,450640013838,3
434,45100640000EB,141.5,141.6,,450640013838,3
435,45100640000EB,141.6,141.7,,450640013838,3
436,45100640000EB,142.2,142.3,,450640013838,3
437,45100640000EB,142.4,142.5,,450640013838,3
438,45100640000EB,142.5,142.6,,450640013838,3
439,45100640000EB,142.6,142.7,,450640013838,3
440,45100640000EB,142.8441,142.9,,450640013838,3
441,45100640000EB,141.7,141.8,,450640013838,3
442,45100640000EB,141.8,141.9,,450640013838,3
443,45100640000EB,142.0,142.1,,450640013838,3
444,45100640000EB,142.1,142.2,,450640013838,3
445,45100640000EB,142.7438,142.8,,450640013838,3
446,45100640000EB,142.8,142.8441,,450640013838,3
447,45100640000EB,146.3,146.36,,450640014375,3
448,45100640000EB,143.7,143.75,,450640014320,3
449,45100640000EB,144.4,144.5,,450640014375,3
450,45100640000EB,146.36,146.4,,450640014375,3
451,45100640000EB,146.4491,146.5,,450640014375,3
452,45100640000EB,140.8477,140.9,,450640013838,3
453,45100640000EB,143.1,143.168,,450640013838,3
454,45100640000EB,143.75,143.7828,,450640014375,3
455,45100640000EB,143.5799,143.6,,450640014320,3
456,45100640000EB,143.7828,143.8,,450640014375,3
457,45100640000EB,143.168,143.1873,,450640013838,3
458,45100640000EB,143.1873,143.198,,450640013838,3
459,45100640000EB,143.198,143.2,,450640013838,3
460,13100640000EB,148.5,148.6,,130640014793,3
461,13100640000EB,150.9,151.0,,130640014984,3
462,13100640000EB,151.3,151.4,,130640014984,3
463,45100640000EB,147.2,147.3,,450640014375,3
464,45100640000EB,147.5,147.6,,450640014375,3
465,13100640000EB,148.2,148.3,,130640014793,3
466,13100640000EB,148.9,149.0,,130640014793,3
467,13100640000EB,147.93,148.0,,130640014793,3
468,13100640000EB,148.3,148.4,,130640014793,3
469,13100640000EB,148.4,148.5,,130640014793,3
470,13100640000EB,148.6,148.7,,130640014793,3
471,13100640000EB,148.7,148.8,,130640014793,3
472,13100640000EB,148.8,148.9,,130640014793,3
473,13100640000EB,149.0,149.1,,130640014793,3
474,13100640000EB,149.1,149.2,,130640014793,3
475,13100640000EB,149.2,149.3,,130640014793,3
476,13100640000EB,149.3,149.378,,130640014793,3
477,13100640000EB,150.5,150.6,,130640014984,3
478,13100640000EB,150.7,150.8,,130640014984,3
479,13100640000EB,150.8,150.9,,130640014984,3
480,13100640000EB,151.0,151.1,,130640014984,3
481,13100640000EB,151.1,151.2,,130640014984,3
482,13100640000EB,151.2,151.3,,130640014984,3
483,13100640000EB,151.4223,151.5,,130640014984,3
484,13100640000EB,151.5,151.6,,130640014984,3
485,13100640000EB,151.6,151.7,,130640014984,3
486,13100640000EB,151.7,151.8,,130640014984,3
487,13100640000EB,151.8,151.9,,130640014984,3
488,13100640000EB,151.9,152.0,,130640014984,3
489,13100640000EB,152.0,152.1,,130640014984,3
490,13100640000EB,152.1,152.2,,130640014984,3
491,13100640000EB,152.2,152.3,,130640014984,3
492,13100640000EB,152.3,152.4,,130640014984,3
493,13100640000EB,152.4,152.4769,,130640014984,3
494,13100640000EB,152.5,152.6,,130640014984,3
495,13100640000EB,152.6,152.7,,130640014984,3
496,13100640000EB,147.6,147.7,,130640014760,3
497,13100640000EB,147.75,147.8,,130640014760,3
498,13100640000EB,147.8,147.9,,130640014760,3
499,13100640000EB,148.0,148.1,,130640014793,3
500,13100640000EB,148.1,148.2,,130640014793,3
501,13100640000EB,149.6,149.7,,130640014793,3
502,13100640000EB,149.9,150.0,,130640014984,3
503,45100640000EB,146.7,146.8,,450640014375,3
504,45100640000EB,146.8,146.9,,450640014375,3
505,45100640000EB,146.9,147.0,,450640014375,3
506,45100640000EB,147.0,147.1,,450640014375,3
507,45100640000EB,147.1,147.2,,450640014375,3
508,45100640000EB,147.3,147.4,,450640014375,3
509,45100640000EB,147.4,147.5,,450640014375,3
510,13100640000EB,150.0,150.1,,130640014984,3
511,13100640000EB,147.9,147.93,,130640014760,3
512,13100640000EB,150.3135,150.4,,130640014984,3
513,13100640000EB,150.6,150.7,,130640014984,3
514,13100640000EB,147.7,147.75,,130640014760,3
515,13100640000EB,149.531,149.6,,130640014793,3
516,13100640000EB,149.7,149.8,,130640014793,3
517,13100640000EB,149.84,149.9,,130640014984,3
518,13100640000EB,150.4,150.456,,130640014984,3
519,13100640000EB,150.232,150.3,,130640014984,3
520,13100640000EB,150.1,150.145,,130640014984,3
521,13100640000EB,149.4,149.472,,130640014793,3
522,13100640000EB,151.4,151.4223,,130640014984,3
523,13100640000EB,149.5,149.531,,130640014793,3
524,13100640000EB,149.8,149.83,,130640014793,3
525,13100640000EB,150.1573,150.2,,130640014984,3
526,13100640000EB,150.456,150.496,,130640014984,3
527,13100640000EB,149.476,149.5,,130640014793,3
528,13100640000EB,152.4769,152.49,,130640014984,3
529,13100640000EB,149.83,149.84,,130640014793,3
530,13100640000EB,149.378,149.4,,130640014793,3
531,13100640000EB,150.3,150.3135,,130640014984,3
532,13100640000EB,150.2,150.214,,130640014984,3
533,13100640000EB,150.2154,150.232,,130640014984,3
534,13100640000EB,152.49,152.5,,130640014984,3
535,13100640000EB,150.145,150.153,,130640014984,3
536,13100640000EB,150.496,150.5,,130640014984,3
537,13100640000EB,150.153,150.1573,,130640014984,3
538,13100640000EB,149.472,149.476,,130640014793,3
539,13100640000EB,150.214,150.2154,,130640014984,3
540,13100640000EB,152.7,152.8,,130640014984,3
541,13100640000EB,152.8,152.9,,130640014984,3
542,13100640000EB,153.8,153.9,,130640014984,3
543,13100640000EB,155.1,155.2,,130640014984,3
544,13100640000EB,153.0,153.06,,130640014984,3
545,13100640000EB,155.4,155.5,,130640014984,3
546,13100640000EB,155.2,155.3,,130640014984,3
547,13100640000EB,155.3,155.4,,130640014984,3
548,13100640000EB,154.91,155.0,,130640014984,3
549,13100640000EB,154.8,154.9,,130640014984,3
550,13100640000EB,154.7,154.8,,130640014984,3
551,13100640000EB,154.6,154.7,,130640014984,3
552,13100640000EB,154.5,154.6,,130640014984,3
553,13100640000EB,154.4,154.5,,130640014984,3
554,13100640000EB,154.3,154.4,,130640014984,3
555,13100640000EB,154.2,154.3,,130640014984,3
556,13100640000EB,154.1,154.2,,130640014984,3
557,13100640000EB,153.9,154.0,,130640014984,3
558,13100640000EB,154.0,154.1,,130640014984,3
559,13100640000EB,153.7,153.8,,130640014984,3
560,13100640000EB,153.6,153.7,,130640014984,3
561,13100640000EB,153.5,153.6,,130640014984,3
562,13100640000EB,153.4,153.5,,130640014984,3
563,13100640000EB,153.3,153.4,,130640014984,3
564,13100640000EB,153.1,153.2,,130640014984,3
565,13100640000EB,153.2,153.3,,130640014984,3
566,13100640000EB,152.9,153.0,,130640014984,3
567,13100640000EB,153.06,153.1,,130640014984,3
568,13100640000EB,155.0284,155.1,,130640014984,3
569,13100640000EB,155.0,155.0284,,130640014984,3
570,13100640000EB,154.9,154.91,,130640014984,3
571,13202190000NB,6.5469,6.6,,132190000639,3
572,13202190000NB,6.413,6.493,,132190000639,3
573,13202190000NB,6.52,6.5469,,132190000639,3
574,13202190000NB,6.6368,6.67,,132190000639,3
575,13202190000NB,6.67,6.69,,132190000639,3
576,13202190000NB,6.6,6.6368,,132190000639,3
577,13202190000NB,6.5048,6.52,,132190000639,3
578,13202190000NB,6.4,6.413,,132190000639,3
579,13202190000NB,6.69,6.7,,132190000669,3
580,13202190000NB,6.493,6.5,,132190000639,3
581,13202190000NB,6.5,6.5048,,132190000639,3
582,13100640000EB,172.817,172.9,,130640017262,3
583,13100640000EB,176.044,176.094,,130640017531,3
584,13100640000EB,176.0,176.044,,130640017531,3
585,13100640000EB,172.8,172.817,,130640017262,3
586,13100640000EB,176.094,176.1,,130640017531,3
587,13100640000EB,179.3,179.3503,,130640017843,3
588,13100640000EB,179.3503,179.386,,130640017843,3
589,13100640000EB,179.386,179.4,,130640017843,3
590,13100640000EB,180.2502,180.3,,130640017843,3
591,13100640000EB,180.2,180.244,,130640017843,3
592,13100640000EB,180.244,180.2502,,130640017843,3
593,10100770016NB,62.9,62.9753,,100770006273,3
594,10100770016NB,63.5,63.6,,100770006273,3
595,10100770016NB,65.4024,65.5,,100770006273,3
596,10100770016NB,63.2,63.2436,,100770006273,3
597,10100770016NB,63.2436,63.3,,100770006273,3
598,10100770016NB,63.7,63.755,,100770006273,3
599,10100770016NB,63.755,63.7923,,100770006273,3
600,10100770016NB,62.976,63.0,,100770006273,3
601,10100770016NB,63.7923,63.8,,100770006273,3
602,10100770016NB,65.4,65.4024,,100770006273,3
603,10100770016NB,62.9753,62.976,,100770006273,3
604,20100770016NB,83.45,83.5,,200770008345,3
605,20100770016NB,94.72,94.8,,200770009469,3
606,20100770016NB,94.6,94.69,,200770009443,3
607,20100770000NB,95.8191,95.87,,200770009534,3
608,20100770000NB,95.8,95.8191,,200770009534,3
609,20100770016NB,94.8,94.844,,200770009469,3
610,20100770016NB,94.8503,94.8805,,200770009469,3
611,20100770000NB,95.8761,95.9,,200770009587,3
612,20100770016NB,94.7,94.72,,200770009469,3
613,20100770016NB,94.8805,94.9,,200770009469,3
614,20100770016NB,94.5677,94.6,,200770009443,3
615,20100770016NB,94.69,94.7,,200770009469,3
616,20100770016NB,94.5629,94.5677,,200770009443,3
617,20100770000NB,95.87,95.8761,,200770009587,3
618,20100770016NB,94.844,94.849,,200770009469,3
619,20100770016NB,94.849,94.8503,,200770009469,3
620,10200190000NB,15.4,15.4751,,100190001464,3
621,10200190000NB,15.5,15.6,,100190001464,3
622,10200190000NB,15.4751,15.5,,100190001464,3
623,10200190000NB,15.6,15.627,,100190001464,3
624,20100790000NB,16.122,16.1722,,200790001604,3
625,20100790000NB,15.614,15.6671,,200790001064,3
626,20100790000NB,15.6671,15.698,,200790001064,3
627,20100790000NB,16.1722,16.192,,200790001604,3
628,20100790000NB,16.1,16.122,,200790001604,3
629,20100790000NB,15.6,15.614,,200790001064,3
630,20100790000NB,16.192,16.2,,200790001604,3
631,20100790000NB,15.698,15.7,,200790001064,3
632,20100790000NB,20.627,20.7,,200790002062,3
633,20100790000NB,20.611,20.62,,200790001922,3
634,20100790000NB,20.6,20.6099,,200790001922,3
635,20100790000NB,20.62,20.627,,200790002062,3
636,20100790000NB,20.6099,20.611,,200790001922,3
637,44100790000NB,26.0,26.05,,440790002579,3
638,44100790000NB,26.05,26.1,,440790002579,3
639,44100790000NB,29.2,29.23,,440790002579,3
640,44100790000NB,29.2551,29.3,,440790002579,3
641,44100790000NB,29.23,29.2551,,440790002579,3
642,44100790000NB,34.1432,34.183,,440790003399,3
643,44100790000NB,34.1,34.125,,440790003399,3
644,44100790000NB,34.125,34.1432,,440790003399,3
645,44100790000NB,34.1856,34.2,,440790003399,3
646,44100790000NB,34.183,34.1856,,440790003399,3
647,08100790000NB,40.0,40.031,,080790003991,3
648,08100790000NB,40.031,40.0811,,080790003991,3
649,08100790000NB,40.0811,40.093,,080790003991,3
650,08100790000NB,40.093,40.1,,080790003991,3
651,04100790000NB,51.61,51.6874,,040790005161,3
652,04100790000NB,51.6874,51.6963,,040790005161,3
653,04100790000NB,51.6039,51.6089,,040790005035,3
654,04100790000NB,51.6,51.6039,,040790005035,3
655,04100790000NB,51.6963,51.7,,040790005161,3
656,04100790000NB,51.6089,51.61,,040790005035,3
657,04100790000NB,60.9,60.958,,040790005900,3
658,04100790000NB,60.958,61.0,,040790005900,3
659,04100790000NB,61.0202,61.076,,040790005900,3
660,04100790000NB,61.4258,61.47,,040790005900,3
661,04100790000NB,61.4,61.4258,,040790005900,3
662,04100790000NB,61.47,61.49,,040790006147,3
663,04100790000NB,61.076,61.1,,040790005900,3
664,04100790000NB,61.0,61.0202,,040790005900,3
665,04100790000NB,61.49,61.5,,040790006147,3
666,54100770000NB,173.7,173.7896,,540770017321,3
667,54200500000EB,9.269,9.3,,540500000894,3
668,5430014000000,12.957,13.0,,540140001288,3
669,5430014000000,12.9,12.957,,540140001288,3
670,54200500000EB,9.2,9.267,,540500000894,3
671,5430014000000,12.88,12.9,,540140001288,3
672,54100770000NB,173.7896,173.8,,540770017321,3
673,54200500000EB,9.267,9.269,,540500000894,3
674,54100770000NB,177.912,177.928,,540770017676,3
675,54100770000NB,177.9,177.912,,540770017676,3
676,04100790000NB,75.651,75.7,,040790007083,3
677,04100790000NB,75.6,75.6229,,040790007083,3
678,04100790000NB,75.6229,75.651,,040790007083,3
679,04200190000NB,27.5,27.553,,040190002657,3
680,04200190000NB,27.56,27.6,,040190002657,3
681,04200190000NB,27.553,27.56,,040190002657,3
682,04100790000NB,79.2,79.2928,,040790007908,3
683,04100790000NB,78.21,78.272,,040790007083,3
684,04100790000NB,79.6,79.6386,,040790007908,3
685,04100790000NB,79.643,79.7,,040790007908,3
686,04100790000NB,79.178,79.2,,040790007908,3
687,04100790000NB,78.272,78.3,,040790007083,3
688,04100790000NB,79.114,79.152,,040790007908,3
689,04100790000NB,79.158,79.178,,040790007908,3
690,04100790000NB,78.2,78.21,,040790007083,3
691,04100790000NB,79.1,79.114,,040790007908,3
692,04100790000NB,79.152,79.158,,040790007908,3
693,04100790000NB,79.2928,79.2978,,040790007908,3
694,04100790000NB,79.2978,79.3,,040790007908,3
695,04100790000NB,79.6386,79.643,,040790007908,3
696,49200330000EB,8.4,8.5,,490330000831,3
697,49200330000EB,8.8,8.9,,490330000831,3
698,49200330000EB,9.1,9.2,,490330000831,3
699,49200330000EB,6.9,7.0,,490330000537,3
700,49200330000EB,8.31,8.4,,490330000831,3
701,49200330000EB,9.5408,9.6,,490330000831,3
702,49200330000EB,6.6,6.7,,490330000537,3
703,49200330000EB,6.7,6.8,,490330000537,3
704,49200330000EB,6.8,6.9,,490330000537,3
705,49200330000EB,7.0,7.1,,490330000537,3
706,49200330000EB,7.1,7.192,,490330000537,3
707,49200330000EB,8.5,8.6,,490330000831,3
708,49200330000EB,8.6,8.7,,490330000831,3
709,49200330000EB,8.7,8.8,,490330000831,3
710,49200330000EB,8.9,9.0,,490330000831,3
711,49200330000EB,9.0,9.1,,490330000831,3
712,49200330000EB,9.2,9.3,,490330000831,3
713,49200330000EB,9.3,9.4,,490330000831,3
714,49200330000EB,9.6,9.7,,490330000831,3
715,49200330000EB,9.4,9.43,,490330000831,3
716,49200330000EB,9.43,9.476,,490330000831,3
717,49200330000EB,9.5,9.536,,490330000831,3
718,49200330000EB,9.476,9.5,,490330000831,3
719,49200330000EB,9.536,9.5408,,490330000831,3
720,49200330000EB,8.6,8.6,,490330000831,3
721,21100790000NB,101.319,101.3688,,210790010039,3
722,21100790000NB,101.3,101.319,,210790010039,3
723,21100790000NB,101.377,101.4,,210790010039,3
724,21100790000NB,101.3688,101.377,,210790010039,3
725,21100790000NB,106.3,106.37,,210790010469,3
726,21100790000NB,106.3816,106.4,,210790010469,3
727,21100790000NB,106.37,106.3816,,210790010469,3
728,17200500000EB,15.465,15.5,,170500015465,3
729,17200500000EB,14.6,14.636,,170500014324,3
730,17200500000EB,15.306,15.31,,170500001496,3
731,17200500000EB,15.3,15.306,,170500001496,3
732,17200500000EB,14.636,14.64,,170500014324,3
733,17200500000EB,14.2,14.25,,170500014030,3
734,17200500000EB,15.5,15.57,,170500015465,3
735,17100790000NB,115.8,115.8604,,170790011533,3
736,17200500000EB,18.161,18.2,,170500000018,3
737,17100790000NB,115.866,115.9,,170790011533,3
738,17200500000EB,18.1123,18.134,,170500000018,3
739,17200500000EB,18.1,18.1123,,170500000018,3
740,17200500000EB,15.68,15.7,,170500001568,3
741,17200500000EB,18.1417,18.161,,170500000018,3
742,17200500000EB,18.134,18.1417,,170500000018,3
743,17100790000NB,115.8604,115.866,,170790011533,3
744,17100790000NB,119.9,119.9473,,170790011953,3
745,17100790000NB,119.9473,119.9728,,170790011953,3
746,17100790000NB,119.9728,120.0,,170790011953,3
747,49200330000EB,10.2,10.3,,490330000831,3
748,49200330000EB,9.8,9.9,,490330000831,3
749,49200330000EB,9.9,10.0,,490330000831,3
750,49200330000EB,10.0,10.06,,490330000831,3
751,49200330000EB,10.1,10.2,,490330000831,3
752,49200330000EB,10.3,10.4,,490330000831,3
753,49200330000EB,10.4,10.5,,490330000831,3
754,49200330000EB,10.6,10.7,,490330000831,3
755,49200330000EB,10.7,10.8,,490330000831,3
756,49200330000EB,9.7,9.8,,490330000831,3
757,49200330000EB,10.06,10.1,,490330000831,3
758,49200330000EB,10.518,10.6,,490330000831,3
759,49200330000EB,10.8,10.87,,490330000831,3
760,49200330000EB,10.5,10.518,,490330000831,3
761,42200330000EB,4.6,4.7,,420330000452,3
762,42200330000EB,4.9,5.0,,420330000452,3
763,42200330000EB,5.2,5.3,,420330000452,3
764,42200330000EB,5.5,5.6,,420330000452,3
765,42200330000EB,4.522,4.6,,420330000452,3
766,42200330000EB,4.7,4.8,,420330000452,3
767,42200330000EB,4.8,4.9,,420330000452,3
768,42200330000EB,5.0,5.1,,420330000452,3
769,42200330000EB,5.1,5.2,,420330000452,3
770,42200330000EB,5.3,5.4,,420330000452,3
771,42200330000EB,5.6,5.7,,420330000452,3
772,42200330000EB,5.8,5.9,,420330000452,3
773,42200330000EB,5.9,6.0,,420330000452,3
774,42200330000EB,5.4463,5.5,,420330000452,3
775,42200330000EB,5.4,5.4463,,420330000452,3
776,42200330000EB,5.7,5.76,,420330000452,3
777,42200330000EB,5.76,5.8,,420330000452,3
778,42200330000EB,7.5,7.6,,420330000452,3
779,42200330000EB,6.5,6.6,,420330000452,3
780,42200330000EB,7.2,7.26,,420330000452,3
781,42200330000EB,6.1,6.2,,420330000452,3
782,42200330000EB,6.2,6.3,,420330000452,3
783,42200330000EB,6.3,6.4,,420330000452,3
784,42200330000EB,6.4,6.5,,420330000452,3
785,42200330000EB,6.6,6.7,,420330000452,3
786,42200330000EB,6.9,7.0,,420330000452,3
787,42200330000EB,7.0,7.1,,420330000452,3
788,42200330000EB,7.1,7.2,,420330000452,3
789,42200330000EB,7.3,7.4,,420330000452,3
790,42200330000EB,7.4,7.5,,420330000452,3
791,42200330000EB,7.6,7.7,,420330000452,3
792,42200330000EB,8.05,8.09,,420330000805,3
793,42200330000EB,6.8,6.8528,,420330000452,3
794,42200330000EB,6.0,6.0669,,420330000452,3
795,42200330000EB,7.7,7.76,,420330000452,3
796,42200330000EB,6.874,6.9,,420330000452,3
797,42200330000EB,7.26,7.278,,420330000452,3
798,42200330000EB,7.278,7.3,,420330000452,3
799,42200330000EB,6.0669,6.1,,420330000452,3
800,42200330000EB,6.8528,6.874,,420330000452,3
801,42200330000EB,8.09,8.1,,420330000805,3
802,4730093000000,0.9,0.91,,470930000015,3
803,36200330000EB,5.9,5.92,,360330000549,3
804,4730093000000,4.2,4.3,,470930000234,3
805,4730093000000,6.4,6.5,,470930000234,3
806,4730093000000,6.7,6.8,,470930000234,3
807,4730093000000,7.1,7.2,,470930000234,3
808,4730093000000,3.8083,3.9,,470930000234,3
809,4730093000000,2.4,2.5,,470930000234,3
810,4730093000000,2.6,2.7,,470930000234,3
811,4730093000000,3.1,3.2,,470930000234,3
812,4730093000000,3.3,3.4,,470930000234,3
813,4730093000000,3.4,3.5,,470930000234,3
814,4730093000000,3.513,3.6,,470930000234,3
815,4730093000000,3.6,3.7,,470930000234,3
816,4730093000000,3.7,3.7749,,470930000234,3
817,4730093000000,4.0,4.1,,470930000234,3
818,4730093000000,4.1,4.1883,,470930000234,3
819,4730093000000,4.3,4.4,,470930000234,3
820,4730093000000,4.4,4.5,,470930000234,3
821,4730093000000,4.6,4.7,,470930000234,3
822,4730093000000,4.7136,4.8,,470930000234,3
823,4730093000000,4.8,4.9,,470930000234,3
824,4730093000000,4.9,5.0,,470930000234,3
825,4730093000000,5.0,5.1,,470930000234,3
826,4730093000000,5.5,5.6,,470930000234,3
827,4730093000000,5.6,5.7,,470930000234,3
828,4730093000000,6.1,6.1916,,470930000234,3
829,4730093000000,6.2,6.3,,470930000234,3
830,4730093000000,6.6,6.7,,470930000234,3
831,4730093000000,2.7,2.8,,470930000234,3
832,4730093000000,2.8,2.9,,470930000234,3
833,4730093000000,2.9,3.0,,470930000234,3
834,4730093000000,3.0,3.1,,470930000234,3
835,4730093000000,5.3,5.4,,470930000234,3
836,4730093000000,5.4,5.5,,470930000234,3
837,4730093000000,7.0,7.1,,470930000234,3
838,4730093000000,7.2,7.3,,470930000234,3
839,4730093000000,7.3,7.4,,470930000234,3
840,4730093000000,5.1,5.2,,470930000234,3
841,4730093000000,5.2,5.3,,470930000234,3
842,4730093000000,6.5426,6.5822,,470930000234,3
843,4730093000000,3.9,3.9715,,470930000234,3
844,4730093000000,6.3597,6.4,,470930000234,3
845,4730093000000,6.5,6.5265,,470930000234,3
846,4730093000000,2.34,2.4,,470930000234,3
847,4730093000000,2.5268,2.6,,470930000234,3
848,4730093000000,3.2,3.282,,470930000234,3
849,4730093000000,3.9715,4.0,,470930000234,3
850,4730093000000,4.5,4.6,,470930000234,3
851,4730093000000,6.3,6.3597,,470930000234,3
852,4730093000000,6.5265,6.5426,,470930000234,3
853,4730093000000,3.7749,3.8,,470930000234,3
854,4730093000000,2.5,2.5268,,470930000234,3
855,4730093000000,4.7,4.7136,,470930000234,3
856,4730093000000,6.5822,6.6,,470930000234,3
857,4730093000000,7.4,7.4151,,470930000234,3
858,4730093000000,4.1883,4.2,,470930000234,3
859,4730093000000,3.282,3.3,,470930000234,3
860,4730093000000,3.5,3.513,,470930000234,3
861,4730093000000,6.1916,6.2,,470930000234,3
862,4730093000000,7.4151,7.42,,470930000234,3
863,4730093000000,3.8,3.8083,,470930000234,3
864,14200500000EB,7.48,7.5,,140500000748,3
865,54100770000NB,187.0,187.1,,540770018672,3
866,54100770000NB,187.1,187.2,,540770018672,3
867,54100770000NB,186.8,186.859,,540770018672,3
868,54100770000NB,186.859,186.9,,540770018672,3
869,54100770000NB,186.9,187.0,,540770018672,3
870,54100770000NB,187.2,187.21,,540770018672,3
871,3730002000000,10.51,10.6,,370020001051,3
872,3730002000000,10.7126,10.7926,,370020001051,3
873,3730002000000,10.6,10.6422,,370020001051,3
874,3730002000000,10.6422,10.7,,370020001051,3
875,3730002000000,10.8,10.84,,370020001051,3
876,3730002000000,10.7,10.7126,,370020001051,3
877,3730002000000,10.7926,10.8,,370020001051,3
878,5230002000000,5.29,5.3,,520020000529,3
879,52202500000NB,9.13,9.2,,522500000905,3
880,52202500000NB,9.1,9.13,,522500000905,3
881,25100790000NB,132.841,132.9,,250790013053,3
882,25100790000NB,132.9,133.0,,250790013053,3
883,25100790000NB,132.8254,132.8407,,250790013053,3
884,25100790000NB,132.8,132.8254,,250790013053,3
885,25100790000NB,129.8,129.839,,250790012952,3
886,25100790000NB,129.8585,129.893,,250790012952,3
887,25100790000NB,129.839,129.8585,,250790012952,3
888,25100790000NB,129.893,129.9,,250790012952,3
889,25100790000NB,132.8407,132.841,,250790013053,3
890,26202500000NB,4.65,4.7,,262500000465,3
891,26202500000NB,4.6,4.62,,262500000401,3
892,2630002000300,0.0,0.1,,260020000000,3
893,2630002000300,0.32,0.4,,260020000000,3
894,2630002000300,0.1,0.2,,260020000000,3
895,2630002000300,0.2374,0.2665,,260020000000,3
896,2630002000300,0.4,0.43,,260020000000,3
897,2630002000300,0.2163,0.2374,,260020000000,3
898,2630002000300,0.2665,0.3,,260020000000,3
899,2630002000300,0.3063,0.32,,260020000000,3
900,2630002000300,0.2,0.2163,,260020000000,3
901,2630002000300,0.3,0.3063,,260020000000,3
902,35202500009NB,0.1,0.2,,35250NB00000,3
903,35202500009NB,0.5,0.6,,35250NB00000,3
904,35202500010SB,0.0,0.1,,35250SB00000,3
905,35104700000EB,0.34,0.3942,,354700000000,3
906,35100700000EB,0.2209,0.3,,350700000008,3
907,35100700000EB,0.3,0.3926,,350700000008,3
908,35104700000EB,0.7067,0.79,,354700000000,3
909,35104700000EB,0.218,0.2872,,354700000000,3
910,35100700000EB,1.514,1.5746,,350700000144,3
911,35100700000EB,0.4,0.49,,350700000008,3
912,35100700000EB,1.44,1.5,,350700000144,3
913,35100700000EB,1.7,1.78,,350700000144,3
914,35104700000EB,0.603,0.7,,354700000000,3
915,35202500009NB,0.0,0.1,,35250NB00000,3
916,35202500009NB,0.6,0.68,,35250NB00000,3
917,35200400000EB,0.007,0.098,,350400000007,3
918,35202500000NB,1.03,1.1,,352500000094,3
919,35202500000NB,1.1,1.2,,352500000094,3
920,35202500000NB,1.2,1.3,,352500000094,3
921,35104700000EB,0.0,0.1,,354700000000,3
922,35104700000EB,0.1,0.1915,,354700000000,3
923,35100700000EB,1.6,1.7,,350700000144,3
924,35100700000EB,0.5,0.6,,350700000049,3
925,35100700000EB,0.6,0.69,,350700000049,3
926,35202500010SB,0.5,0.6,,35250SB00000,3
927,35202500010SB,0.1,0.2,,35250SB00000,3
928,35202500009NB,0.4,0.479,,35250NB00000,3
929,35202500005SB,0.2,0.3,,35250S000000,3
930,35202500000NB,3.0,3.1,,352500000293,3
931,35202500000NB,2.8,2.9,,352500000190,3
932,35202500000NB,2.7,2.8,,352500000190,3
933,35202500000NB,2.5201,2.6,,352500000190,3
934,35202500000NB,2.6,2.6915,,352500000190,3
935,35202500000NB,1.7,1.8,,352500000094,3
936,35202500005SB,0.0,0.056,,35250S000000,3
937,35202500000NB,1.404,1.5,,352500000094,3
938,35202500000NB,1.613,1.7,,352500000094,3
939,35202500009NB,0.3314,0.3792,,35250NB00000,3
940,35202500010SB,0.2171,0.2495,,35250SB00000,3
941,35202500010SB,0.434,0.4951,,35250SB00000,3
942,35100700000EB,0.1032,0.1624,,350700000008,3
943,35202500000NB,3.2153,3.2475,,352500000293,3
944,35202500000NB,1.0,1.03,,352500000094,3
945,35202500000NB,1.834,1.9,,352500000094,3
946,35202500000NB,2.93,2.989,,352500000293,3
947,35100700000EB,1.2,1.23,,350700000085,3
948,35100700000EB,0.1624,0.2,,350700000008,3
949,35104700000EB,0.3,0.34,,354700000000,3
950,35104700000EB,0.447,0.5,,354700000000,3
951,35104700000EB,0.5,0.52,,354700000000,3
952,35104700000EB,0.55,0.6,,354700000000,3
953,35202500009NB,0.2,0.2602,,35250NB00000,3
954,35202500005SB,0.0715,0.1,,35250S000000,3
955,35104700000EB,0.4,0.447,,354700000000,3
956,35100700000EB,0.08,0.1,,350700000008,3
957,35202500010SB,0.6,0.64,,35250SB00000,3
958,35202500005SB,0.3,0.36,,35250S000000,3
959,35202500000NB,3.1,3.152,,352500000293,3
960,35202500000NB,1.9301,2.0,,352500000190,3
961,35202500000NB,3.152,3.2,,352500000293,3
962,35100700000EB,1.92,1.949,,350700000192,3
963,35202500005SB,0.1207,0.166,,35250S000000,3
964,35100700000EB,0.715,0.75,,350700000049,3
965,35100700000EB,0.75,0.777,,350700000049,3
966,3530002000000,1.929,1.962,,350020000190,3
967,35202500000NB,1.328,1.3801,,352500000094,3
968,35202500010SB,0.3166,0.366,,35250SB00000,3
969,35202500010SB,0.366,0.3992,,35250SB00000,3
970,35202500000NB,1.5,1.567,,352500000094,3
971,35202500009NB,0.2602,0.2873,,35250NB00000,3
972,35202500010SB,0.2495,0.27,,35250SB00000,3
973,3530002000000,1.9,1.929,,350020000190,3
974,35202500000NB,1.9,1.9301,,352500000190,3
975,35202500009NB,0.479,0.495,,35250NB00000,3
976,35100700000EB,1.5746,1.597,,350700000144,3
977,35202500000NB,1.8087,1.834,,352500000094,3
978,35202500010SB,0.3,0.3166,,35250SB00000,3
979,35100700000EB,0.2,0.2209,,350700000008,3
980,35100700000EB,1.5,1.514,,350700000144,3
981,35100700000EB,1.78,1.8,,350700000144,3
982,35104700000EB,0.2,0.218,,354700000000,3
983,35104700000EB,0.79,0.8,,354700000000,3
984,35202500005SB,0.1,0.1207,,35250S000000,3
985,35100700000EB,1.9666,2.0,,350700000192,3
986,35100700000EB,1.9,1.92,,350700000144,3
987,35202500010SB,0.2,0.2171,,35250SB00000,3
988,35202500009NB,0.3792,0.4,,35250NB00000,3
989,35202500009NB,0.2873,0.3,,35250NB00000,3
990,35202500005SB,0.1763,0.2,,35250S000000,3
991,35202500000NB,2.9,2.9203,,352500000190,3
992,35202500000NB,2.5,2.5201,,352500000190,3
993,35100700000EB,1.949,1.9666,,350700000192,3
994,35100700000EB,0.7,0.715,,350700000049,3
995,35100700000EB,0.777,0.8,,350700000049,3
996,3530002000000,1.962,2.0,,350020000190,3
997,35202500000NB,1.3,1.328,,352500000094,3
998,35202500010SB,0.4,0.414,,35250SB00000,3
999,35202500009NB,0.319,0.3314,,35250NB00000,3
1000,35104700000EB,0.53,0.54,,354700000000,3
1001,35104700000EB,0.52,0.53,,354700000000,3
1002,35202500010SB,0.27,0.2756,,35250SB00000,3
1003,35104700000EB,0.54,0.5467,,354700000000,3
1004,35202500000NB,2.9203,2.93,,352500000190,3
1005,35202500010SB,0.292,0.3,,35250SB00000,3
1006,35100700000EB,0.3926,0.4,,350700000008,3
1007,35100700000EB,0.49,0.5,,350700000049,3
1008,35104700000EB,0.2872,0.3,,354700000000,3
1009,35104700000EB,0.7,0.7067,,354700000000,3
1010,35202500000NB,1.3872,1.4,,352500000094,3
1011,35100700000EB,0.69,0.7,,350700000049,3
1012,35202500010SB,0.4951,0.5,,35250SB00000,3
1013,35202500000NB,2.6915,2.7,,352500000190,3
1014,35202500000NB,1.8,1.8087,,352500000094,3
1015,35202500000NB,1.5868,1.6,,352500000094,3
1016,35202500005SB,0.056,0.0715,,35250S000000,3
1017,35202500000NB,3.2,3.21,,352500000293,3
1018,35202500000NB,3.248,3.255,,352500000293,3
1019,35202500010SB,0.414,0.4292,,35250SB00000,3
1020,35202500000NB,1.567,1.5812,,352500000094,3
1021,35202500000NB,1.6,1.613,,352500000094,3
1022,35202500010SB,0.2771,0.286,,35250SB00000,3
1023,35202500009NB,0.3098,0.3159,,35250NB00000,3
1024,35104700000EB,0.5467,0.55,,354700000000,3
1025,35202500000NB,1.5812,1.5868,,352500000094,3
1026,35202500010SB,0.4292,0.434,,35250SB00000,3
1027,35202500000NB,3.255,3.26,,352500000293,3
1028,35104700000EB,0.1915,0.2,,354700000000,3
1029,35202500009NB,0.495,0.5,,35250NB00000,3
1030,35104700000EB,0.3942,0.4,,354700000000,3
1031,35100700000EB,0.1,0.1032,,350700000008,3
1032,35202500000NB,2.99,3.0,,352500000293,3
1033,35202500005SB,0.166,0.171,,35250S000000,3
1034,35202500000NB,3.21,3.2153,,352500000293,3
1035,35202500010SB,0.286,0.292,,35250SB00000,3
1036,35202500009NB,0.303,0.3087,,35250NB00000,3
1037,35202500010SB,0.2756,0.2771,,35250SB00000,3
1038,35202500000NB,1.3801,1.3831,,352500000094,3
1039,35202500000NB,1.3831,1.3872,,352500000094,3
1040,35202500005SB,0.171,0.1763,,35250S000000,3
1041,35104700000EB,0.6,0.603,,354700000000,3
1042,35100700000EB,1.597,1.6,,350700000144,3
1043,35202500000NB,1.4,1.404,,352500000094,3
1044,35202500009NB,0.3,0.303,,35250NB00000,3
1045,35202500009NB,0.3159,0.319,,35250NB00000,3
1046,35202500009NB,0.3087,0.3098,,35250NB00000,3
1047,35202500010SB,0.3992,0.4,,35250SB00000,3
1048,35200400000EB,0.098,0.1,,350400000007,3
1049,35202500000NB,2.989,2.99,,352500000293,3
1050,35202500000NB,3.2475,3.248,,352500000293,3
1051,35100700000EB,4.7,4.7864,,350700000470,3
1052,35104700000EB,3.7402,3.7825,,354700000225,3
1053,35100700000EB,4.82,4.8772,,350700000470,3
1054,35104700000EB,3.62,3.671,,354700000225,3
1055,35104700000EB,3.7,3.7402,,354700000225,3
1056,35100700000EB,6.8252,6.85,,350700000593,3
1057,35100700000EB,6.85,6.9,,350700000593,3
1058,35100700000EB,5.32,5.37,,350700000470,3
1059,35100700000EB,4.8772,4.9,,350700000470,3
1060,35104700000EB,3.6,3.62,,354700000225,3
1061,35104700000EB,3.671,3.7,,354700000225,3
1062,35100700000EB,6.8,6.8252,,350700000593,3
1063,35104700000EB,3.7825,3.7967,,354700000225,3
1064,35100700000EB,5.3792,5.3893,,350700000537,3
1065,35100700000EB,5.3,5.316,,350700000470,3
1066,35100700000EB,5.3893,5.4,,350700000537,3
1067,35100700000EB,4.7864,4.8,,350700000470,3
1068,35100700000EB,4.8,4.8115,,350700000470,3
1069,35100700000EB,5.37,5.3792,,350700000537,3
1070,35100700000EB,4.8115,4.816,,350700000470,3
1071,35104700000EB,3.7967,3.8,,354700000225,3
1072,35100700000EB,4.816,4.82,,350700000470,3
1073,35100700000EB,5.316,5.32,,350700000470,3
1074,0530002000000,15.9,16.0,,050020001575,3
1075,0530002000000,15.1,15.1948,,050020001508,3
1076,0530002000000,15.2,15.29,,050020001508,3
1077,0530002000000,15.3,15.4,,050020001508,3
1078,0530002000000,15.8,15.9,,050020001575,3
1079,05300020005SB,0.227,0.3,,05002S000000,3
1080,0530002000000,15.0,15.05,,050020001483,3
1081,0530002000000,15.75,15.8,,050020001575,3
1082,05300020005SB,0.3,0.34,,05002S000000,3
1083,0530002000000,15.05,15.08,,050020001505,3
1084,05300020005SB,0.2,0.227,,05002S000000,3
1085,0530002000000,15.08,15.1,,050020001508,3
1086,0530002000000,15.29,15.3,,050020001508,3
1087,0530002000000,15.1948,15.2,,050020001508,3
1088,05200220000EB,3.5149,3.6,,050220000345,3
1089,05200220000EB,5.1,5.1868,,050220000473,3
1090,05200220000EB,5.3,5.4,,050220000519,3
1091,05200220000EB,5.6,5.7,,050220000519,3
1092,15200220000EB,0.2,0.3,,150220000000,3
1093,05200220000EB,4.5,4.6,,050220000345,3
1094,05200220000EB,4.8,4.9,,050220000473,3
1095,05200220000EB,4.3072,4.4,,050220000345,3
1096,05200220000EB,5.2,5.3,,050220000519,3
1097,05200220000EB,5.4,5.4899,,050220000519,3
1098,15200220000EB,0.3,0.39,,150220000000,3
1099,05200220000EB,4.4,4.5,,050220000345,3
1100,05200220000EB,4.6,4.6764,,050220000345,3
1101,05200220000EB,4.73,4.8,,050220000473,3
1102,05200220000EB,3.2,3.3,,050220000317,3
1103,05200220000EB,3.4,3.45,,050220000335,3
1104,05200220000EB,3.6,3.7,,050220000345,3
1105,05200220000EB,3.7,3.8,,050220000345,3
1106,05200220000EB,3.9,4.0,,050220000345,3
1107,05200220000EB,4.0,4.1,,050220000345,3
1108,05200220000EB,4.1,4.2,,050220000345,3
1109,05200220000EB,4.2,4.2835,,050220000345,3
1110,05200220000EB,4.9,5.0,,050220000473,3
1111,05200220000EB,5.0,5.1,,050220000473,3
1112,05200220000EB,5.5,5.6,,050220000519,3
1113,05200220000EB,5.7,5.8,,050220000519,3
1114,15200220000EB,0.0,0.1,,150220000000,3
1115,15200220000EB,0.1,0.2,,150220000000,3
1116,05200220000EB,5.8483,5.89,,050220000519,3
1117,0530002000000,16.0606,16.093,,050020001575,3
1118,0530002000000,16.1038,16.1533,,050020001575,3
1119,05200220000EB,3.45,3.5,,050220000345,3
1120,05200220000EB,3.3,3.35,,050220000317,3
1121,05200220000EB,3.35,3.4,,050220000335,3
1122,05200220000EB,3.8,3.84,,050220000345,3
1123,05200220000EB,3.84,3.9,,050220000345,3
1124,05200220000EB,4.7,4.73,,050220000345,3
1125,05200220000EB,5.8,5.8483,,050220000519,3
1126,0530002000000,16.0,16.041,,050020001575,3
1127,05200220000EB,3.5,3.5149,,050220000345,3
1128,05200220000EB,4.2835,4.3,,050220000345,3
1129,05200220000EB,3.17,3.2,,050220000317,3
1130,05200220000EB,4.6764,4.7,,050220000345,3
1131,0530002000000,16.041,16.0606,,050020001575,3
1132,0530002000000,16.1533,16.16,,050020001575,3
1133,05200220000EB,4.3,4.3072,,050220000345,3
1134,05200220000EB,5.19,5.2,,050220000519,3
1135,0530002000000,16.093,16.1,,050020001575,3
1136,05200220000EB,5.4899,5.5,,050220000519,3
1137,05200220000EB,5.1868,5.19,,050220000473,3
1138,0530002000000,16.1,16.1038,,050020001575,3
1139,1530002000000,3.0,3.021,,150020000266,3
1140,1530002000000,3.021,3.03,,150020000266,3
1141,31100790000NB,142.3791,142.4,,310790014237,3
1142,31100790000NB,142.37,142.3791,,310790014237,3
1143,3140019240000,2.9,2.9928,,310192400277,3
1144,3140019240000,2.8044,2.8551,,310192400277,3
1145,31200190000NB,14.44,14.5,,310190001444,3
1146,31200190000NB,14.3,14.35,,310190001425,3
1147,3140019240000,2.8672,2.9,,310192400277,3
1148,3140019240000,2.8551,2.8672,,310192400277,3
1149,3140019240000,2.77,2.7853,,310192400277,3
1150,31100790000NB,160.5,160.52,,310790015700,3
1151,3140019240000,2.9928,3.0,,310192400277,3
1152,3140019240000,2.7889,2.8,,310192400277,3
1153,3140019240000,2.8,2.8044,,310192400277,3
1154,3140019240000,2.7853,2.7889,,310192400277,3
1155,31100680000EB,4.31,4.3626,,310680000413,3
1156,31100680000EB,4.3626,4.3733,,310680000413,3
1157,31201190000NB,13.78,13.8,,311190001378,3
1158,31100680000EB,4.3,4.31,,310680000413,3
1159,31100680000EB,4.3733,4.396,,310680000413,3
1160,31100680000EB,4.396,4.4,,310680000413,3
1161,3130043000000,3.8,3.898,,310043003582,3
1162,3130043000000,3.9,4.0,,310043003582,3
1163,3130043000000,3.7,3.756,,310043003582,3
1164,3130043000000,2.763,2.8,,310430000265,3
1165,3130043000000,2.65,2.7,,310430000265,3
1166,3130043000000,2.7,2.763,,310430000265,3
1167,3130043000000,3.756,3.8,,310043003582,3
1168,3130043000000,2.6296,2.65,,310430000000,3
1169,3130043000000,0.412,0.4445,,310430000000,3
1170,3130043000000,0.4445,0.468,,310430000000,3
1171,3130043000000,0.468,0.5,,310430000000,3
1172,3130043000000,2.6143,2.6296,,310430000000,3
1173,3130043000000,2.6,2.6143,,310430000000,3
1174,3130043000000,0.4,0.412,,310430000000,3
1175,3130043000000,3.898,3.9,,310043003582,3
1176,19203400000NB,14.7,14.8,,193400001466,3
1177,19203400000NB,14.8,14.86,,193400001466,3
1178,19203400000NB,14.86,14.9,,193400001486,3
1196,0230009000000,4.827,4.879,,020090000481,3
1197,0230009000000,4.879,4.9,,020090000481,3
1198,0230009000000,4.81,4.827,,020090000481,3
1199,02100810000NB,23.4,23.437,,020810002300,3
1200,02100810000NB,23.477,23.5,,020810002346,3
1201,02100810000NB,23.4483,23.46,,020810002300,3
1202,02100810000NB,23.46,23.477,,020810002346,3
1203,02100810000NB,23.4439,23.4483,,020810002300,3
1204,02100810000NB,23.437,23.4439,,020810002300,3
1205,02100810000NB,25.9,26.0,,020810002453,3
