RouteID|BMP|EMP|ValueNumeric|Comments|ValueDate|StateID|BeginDate|ValueText|DataItem
01200330000EB|0.0|1.87|10|||54|01/01/2024||BASE_THICKNESS
01201190000NB|6.95|7.19|12|||54|01/01/2024||BASE_THICKNESS
01201190000NB|7.19|9.29|12|||54|01/01/2024||BASE_THICKNESS
01201190000NB|10.66|11.5|12|||54|01/01/2024||BASE_THICKNESS
0130038000000|0.43|2.43|9|||54|01/01/2024||BASE_THICKNESS
0130038000000|5.53|6.31|9|||54|01/01/2024||BASE_THICKNESS
0130076000000|1.75|6.62|9|||54|01/01/2024||BASE_THICKNESS
0130092000000|8.64|9.265|8|||54|01/01/2024||BASE_THICKNESS
0130092000000|9.265|10.73|8|||54|01/01/2024||BASE_THICKNESS
04100790000NB|44.6|46.18|9|||54|01/01/2024||BASE_THICKNESS
04100790000NB|46.18|46.22|9|||54|01/01/2024||BASE_THICKNESS
04100790000NB|46.22|49.73|9|||54|01/01/2024||BASE_THICKNESS
04100790000NB|49.73|50.35|9|||54|01/01/2024||BASE_THICKNESS
04100790000NB|50.35|51.61|9|||54|01/01/2024||BASE_THICKNESS
04100790000NB|51.61|52.61|9|||54|01/01/2024||BASE_THICKNESS
04100790000NB|52.61|53.27|9|||54|01/01/2024||BASE_THICKNESS
04100790000NB|53.27|54.18|9|||54|01/01/2024||BASE_THICKNESS
04100790000NB|54.18|57.51|9|||54|01/01/2024||BASE_THICKNESS
04100790000NB|57.51|59.0|9|||54|01/01/2024||BASE_THICKNESS
04100790000NB|59.0|61.47|9|||54|01/01/2024||BASE_THICKNESS
04100790000NB|61.47|62.04|9|||54|01/01/2024||BASE_THICKNESS
04100790000NB|62.04|63.46|9|||54|01/01/2024||BASE_THICKNESS
04100790000NB|63.46|64.83|9|||54|01/01/2024||BASE_THICKNESS
04100790000NB|64.83|67.52|9|||54|01/01/2024||BASE_THICKNESS
04100790000NB|67.52|69.32|9|||54|01/01/2024||BASE_THICKNESS
04100790000NB|69.32|70.83|9|||54|01/01/2024||BASE_THICKNESS
04100790000NB|70.83|78.41|9|||54|01/01/2024||BASE_THICKNESS
04100790000NB|78.41|79.08|9|||54|01/01/2024||BASE_THICKNESS
04100790000NB|79.08|83.15|9|||54|01/01/2024||BASE_THICKNESS
04200190000NB|26.57|27.56|11|||54|01/01/2024||BASE_THICKNESS
04200190000NB|27.56|27.64|11|||54|01/01/2024||BASE_THICKNESS
11200330000EB|0.0|0.59|12|||54|01/01/2024||BASE_THICKNESS
11200330000EB|1.12|1.18|12|||54|01/01/2024||BASE_THICKNESS
11200330000EB|1.18|1.39|12|||54|01/01/2024||BASE_THICKNESS
11200330000EB|1.39|1.96|12|||54|01/01/2024||BASE_THICKNESS
11200330000EB|2.2|5.05|12|||54|01/01/2024||BASE_THICKNESS
11200330000EB|5.05|6.44|12|||54|01/01/2024||BASE_THICKNESS
11200330000EB|17.3|17.82|12|||54|01/01/2024||BASE_THICKNESS
11200330000EB|18.2|19.62|12|||54|01/01/2024||BASE_THICKNESS
11200330000EB|19.62|22.18|12|||54|01/01/2024||BASE_THICKNESS
11200330000EB|22.28|25.09|12|||54|01/01/2024||BASE_THICKNESS
11200330000EB|25.09|26.73|12|||54|01/01/2024||BASE_THICKNESS
1130005000000|10.83|12.51|8|||54|01/01/2024||BASE_THICKNESS
1130005000000|14.58|14.89|12|||54|01/01/2024||BASE_THICKNESS
1140007000000|6.97|8.45|8|||54|01/01/2024||BASE_THICKNESS
1140007000000|8.45|8.67|8|||54|01/01/2024||BASE_THICKNESS
21100790000NB|83.55|87.45|9|||54|01/01/2024||BASE_THICKNESS
21100790000NB|87.45|90.77|9|||54|01/01/2024||BASE_THICKNESS
21100790000NB|90.77|90.82|9|||54|01/01/2024||BASE_THICKNESS
21100790000NB|90.82|90.92|9|||54|01/01/2024||BASE_THICKNESS
21100790000NB|90.92|95.73|9|||54|01/01/2024||BASE_THICKNESS
21100790000NB|95.73|95.82|9|||54|01/01/2024||BASE_THICKNESS
21100790000NB|95.82|96.17|9|||54|01/01/2024||BASE_THICKNESS
21100790000NB|96.17|97.13|9|||54|01/01/2024||BASE_THICKNESS
21100790000NB|97.13|98.287|9|||54|01/01/2024||BASE_THICKNESS
21100790000NB|98.4|98.63|9|||54|01/01/2024||BASE_THICKNESS
21100790000NB|98.63|98.925|9|||54|01/01/2024||BASE_THICKNESS
21100790000NB|100.39|101.69|9|||54|01/01/2024||BASE_THICKNESS
21100790000NB|101.69|104.15|5|||54|01/01/2024||BASE_THICKNESS
21100790000NB|104.15|104.69|5|||54|01/01/2024||BASE_THICKNESS
21100790000NB|104.69|106.42|5|||54|01/01/2024||BASE_THICKNESS
21200190000NB|22.37|22.58|6|||54|01/01/2024||BASE_THICKNESS
21200190000NB|22.72|23.48|6|||54|01/01/2024||BASE_THICKNESS
21200330000EB|16.0|16.23|12|||54|01/01/2024||BASE_THICKNESS
21200330000EB|17.59|17.967|12|||54|01/01/2024||BASE_THICKNESS
21200330000EB|19.84|20.19|12|||54|01/01/2024||BASE_THICKNESS
21200330000EB|20.19|21.03|12|||54|01/01/2024||BASE_THICKNESS
21200330000EB|21.25|22.25|12|||54|01/01/2024||BASE_THICKNESS
21200330000EB|22.25|22.84|12|||54|01/01/2024||BASE_THICKNESS
2140007000000|3.84|4.17|5|||54|01/01/2024||BASE_THICKNESS
2140013000000|0.0|0.4|8|||54|01/01/2024||BASE_THICKNESS
49200330000EB|0.0|0.64|10|||54|01/01/2024||BASE_THICKNESS
49200330000EB|1.22|2.51|10|||54|01/01/2024||BASE_THICKNESS
49200330000EB|2.51|4.0|10|||54|01/01/2024||BASE_THICKNESS
49200330000EB|4.0|4.35|10|||54|01/01/2024||BASE_THICKNESS
49200330000EB|5.37|7.192|9|||54|01/01/2024||BASE_THICKNESS
49200330000EB|8.31|10.87|9|||54|01/01/2024||BASE_THICKNESS
4930020000000|22.87|23.54|6|||54|01/01/2024||BASE_THICKNESS
4940001000000|2.28|3.09|8|||54|01/01/2024||BASE_THICKNESS
4940001000000|3.09|3.14|8|||54|01/01/2024||BASE_THICKNESS
4940001000000|3.14|3.17|8|||54|01/01/2024||BASE_THICKNESS
5130015000000|6.3|8.48|8|||54|01/01/2024||BASE_THICKNESS
06100640000EB|5.87|6.47|3|||54|01/01/2024||BASE_THICKNESS
06100640000EB|6.47|6.74|3|||54|01/01/2024||BASE_THICKNESS
06100640000EB|6.74|7.26|3|||54|01/01/2024||BASE_THICKNESS
06100640000EB|7.26|7.72|3|||54|01/01/2024||BASE_THICKNESS
06100640000EB|7.72|8.19|3|||54|01/01/2024||BASE_THICKNESS
06100640000EB|27.55|28.67|8|||54|01/01/2024||BASE_THICKNESS
06100640000EB|28.67|29.44|8|||54|01/01/2024||BASE_THICKNESS
06100640000EB|29.44|31.77|8|||54|01/01/2024||BASE_THICKNESS
2440009000000|7.87|9.2|8|||54|01/01/2024||BASE_THICKNESS
2430016000000|0.06|1.73|9|||54|01/01/2024||BASE_THICKNESS
2430016000000|4.05|6.18|9|||54|01/01/2024||BASE_THICKNESS
2430016000000|9.47|10.14|9|||54|01/01/2024||BASE_THICKNESS
2430016000000|13.75|14.05|9|||54|01/01/2024||BASE_THICKNESS
2430016000000|16.06|19.56|9|||54|01/01/2024||BASE_THICKNESS
2430016000000|19.56|20.79|9|||54|01/01/2024||BASE_THICKNESS
2430016000000|20.79|22.05|9|||54|01/01/2024||BASE_THICKNESS
2430016000000|22.05|23.76|9|||54|01/01/2024||BASE_THICKNESS
2430016000000|23.76|24.86|9|||54|01/01/2024||BASE_THICKNESS
2430016000000|29.19|29.41|9|||54|01/01/2024||BASE_THICKNESS
2430016000000|32.7|35.38|9|||54|01/01/2024||BASE_THICKNESS
24200520000EB|2.54|3.72|9|||54|01/01/2024||BASE_THICKNESS
24200520000EB|5.19|6.4|9|||54|01/01/2024||BASE_THICKNESS
24200520000EB|6.4|7.91|9|||54|01/01/2024||BASE_THICKNESS
24200520000EB|9.59|12.82|9|||54|01/01/2024||BASE_THICKNESS
24200520000EB|24.59|26.77|9|||54|01/01/2024||BASE_THICKNESS
2430083000000|0.0|6.42|9|||54|01/01/2024||BASE_THICKNESS
2430083000000|6.42|7.46|9|||54|01/01/2024||BASE_THICKNESS
2430083000000|7.94|8.06|9|||54|01/01/2024||BASE_THICKNESS
2430083000000|17.6|18.01|9|||54|01/01/2024||BASE_THICKNESS
2430083000000|14.092|17.6|9|||54|01/01/2024||BASE_THICKNESS
28200520000EB|12.97|13.39|9|||54|01/01/2024||BASE_THICKNESS
28200520000EB|13.44|13.67|9|||54|01/01/2024||BASE_THICKNESS
2840052200000|0.001|0.82|9|||54|01/01/2024||BASE_THICKNESS
2840007050000|1.11|1.83|8|||54|01/01/2024||BASE_THICKNESS
2840007050000|0.324|0.343|8|||54|01/01/2024||BASE_THICKNESS
2840007050000|1.836|2.1|8|||54|01/01/2024||BASE_THICKNESS
2840011000000|0.08|0.58|8|||54|01/01/2024||BASE_THICKNESS
2840014000000|0.0|0.63|8|||54|01/01/2024||BASE_THICKNESS
2840016000000|1.7|2.5|8|||54|01/01/2024||BASE_THICKNESS
2840016000000|2.5|2.614|8|||54|01/01/2024||BASE_THICKNESS
2840016010000|0.59|0.74|8|||54|01/01/2024||BASE_THICKNESS
2840016100000|0.0|0.66|8|||54|01/01/2024||BASE_THICKNESS
28200190000NB|2.88|3.87|9|||54|01/01/2024||BASE_THICKNESS
28200190000NB|6.01|7.44|9|||54|01/01/2024||BASE_THICKNESS
28200190000NB|10.69|10.73|9|||54|01/01/2024||BASE_THICKNESS
28200190000NB|10.73|11.63|9|||54|01/01/2024||BASE_THICKNESS
2840019290000|0.0|2.54|8|||54|01/01/2024||BASE_THICKNESS
2840019290000|2.54|3.32|8|||54|01/01/2024||BASE_THICKNESS
2830020000000|4.23|5.2|9|||54|01/01/2024||BASE_THICKNESS
2830020000000|10.32|11.4|9|||54|01/01/2024||BASE_THICKNESS
2830020000000|12.05|12.78|9|||54|01/01/2024||BASE_THICKNESS
2840021010000|0.0|0.89|8|||54|01/01/2024||BASE_THICKNESS
2840024000000|0.0|0.3|8|||54|01/01/2024||BASE_THICKNESS
2840024000000|0.3|2.789|8|||54|01/01/2024||BASE_THICKNESS
2840025000000|0.0|0.57|8|||54|01/01/2024||BASE_THICKNESS
2840025000000|0.57|1.53|8|||54|01/01/2024||BASE_THICKNESS
2840027000000|0.0|1.57|8|||54|01/01/2024||BASE_THICKNESS
2840027000000|2.12|2.59|8|||54|01/01/2024||BASE_THICKNESS
28200520000EB|14.91|15.37|9|||54|01/01/2024||BASE_THICKNESS
28200520000EB|6.96|7.76|9|||54|01/01/2024||BASE_THICKNESS
28200520004NB|0.0|0.22|9|||54|01/01/2024||BASE_THICKNESS
28200520018EB|0.0|0.02|9|||54|01/01/2024||BASE_THICKNESS
28100770000NB|0.69|2.56|11|||54|01/01/2024||BASE_THICKNESS
2830104000000|1.65|1.93|9|||54|01/01/2024||BASE_THICKNESS
2830104000000|1.93|1.95|9|||54|01/01/2024||BASE_THICKNESS
2830104000000|1.95|2.65|9|||54|01/01/2024||BASE_THICKNESS
28204600000EB|0.029|1.06|9|||54|01/01/2024||BASE_THICKNESS
28204600000EB|1.33|2.9|9|||54|01/01/2024||BASE_THICKNESS
28204600000EB|2.9|3.09|9|||54|01/01/2024||BASE_THICKNESS
28204600000EB|4.29|5.38|9|||54|01/01/2024||BASE_THICKNESS
28204600000EB|13.48|14.72|9|||54|01/01/2024||BASE_THICKNESS
28204600000EB|14.72|15.15|9|||54|01/01/2024||BASE_THICKNESS
2830598000000|0.0|2.13|9|||54|01/01/2024||BASE_THICKNESS
2830598000000|2.4|2.59|9|||54|01/01/2024||BASE_THICKNESS
2830598000000|2.59|2.98|9|||54|01/01/2024||BASE_THICKNESS
4140001000000|1.95|3.4|9|||54|01/01/2024||BASE_THICKNESS
4140001000000|3.4|4.14|9|||54|01/01/2024||BASE_THICKNESS
4130003000000|37.1|37.73|8|||54|01/01/2024||BASE_THICKNESS
4130003000000|35.98|36.18|8|||54|01/01/2024||BASE_THICKNESS
4130003000000|36.23|36.49|8|||54|01/01/2024||BASE_THICKNESS
4140003180000|2.77|3.51|8|||54|01/01/2024||BASE_THICKNESS
4140004030000|0.0|0.47|8|||54|01/01/2024||BASE_THICKNESS
4140006000000|0.0|0.14|8|||54|01/01/2024||BASE_THICKNESS
4140006000000|0.91|1.13|8|||54|01/01/2024||BASE_THICKNESS
4140006020000|1.57|1.69|8|||54|01/01/2024||BASE_THICKNESS
4140006030000|0.53|1.48|8|||54|01/01/2024||BASE_THICKNESS
4140006090000|0.6|1.37|9|||54|01/01/2024||BASE_THICKNESS
41100640000EB|128.91|129.49|11|||54|01/01/2024||BASE_THICKNESS
41100640000EB|129.49|132.0|11|||54|01/01/2024||BASE_THICKNESS
4140008000000|0.0|0.11|8|||54|01/01/2024||BASE_THICKNESS
4140008000000|0.19|0.75|8|||54|01/01/2024||BASE_THICKNESS
4140008010000|1.02|1.6|8|||54|01/01/2024||BASE_THICKNESS
4140008030000|0.0|0.65|8|||54|01/01/2024||BASE_THICKNESS
4140009000000|5.28|5.54|8|||54|01/01/2024||BASE_THICKNESS
4140009090000|0.0|1.81|8|||54|01/01/2024||BASE_THICKNESS
4140011000000|0.0|1.26|8|||54|01/01/2024||BASE_THICKNESS
4130016000000|8.47|9.485|9|||54|01/01/2024||BASE_THICKNESS
4130016000000|12.0|14.12|9|||54|01/01/2024||BASE_THICKNESS
4130016000000|14.42|14.72|9|||54|01/01/2024||BASE_THICKNESS
4130016000000|14.72|15.08|9|||54|01/01/2024||BASE_THICKNESS
4130016000000|15.65|15.81|9|||54|01/01/2024||BASE_THICKNESS
4130016000000|18.53|18.82|9|||54|01/01/2024||BASE_THICKNESS
4130016000000|18.82|18.96|9|||54|01/01/2024||BASE_THICKNESS
4130016000000|18.96|19.79|9|||54|01/01/2024||BASE_THICKNESS
4130016000000|9.485|9.8|9|||54|01/01/2024||BASE_THICKNESS
4130016000000|15.08|15.61|9|||54|01/01/2024||BASE_THICKNESS
4140016100000|0.53|0.9|8|||54|01/01/2024||BASE_THICKNESS
4140016160000|0.0|0.42|8|||54|01/01/2024||BASE_THICKNESS
4140016390000|0.0|0.64|8|||54|01/01/2024||BASE_THICKNESS
4140018000000|2.99|3.0|8|||54|01/01/2024||BASE_THICKNESS
4140018000000|3.0|3.51|8|||54|01/01/2024||BASE_THICKNESS
4140018000000|3.51|4.41|8|||54|01/01/2024||BASE_THICKNESS
41200190000NB|0.0|2.17|9|||54|01/01/2024||BASE_THICKNESS
41200190000NB|2.17|6.47|9|||54|01/01/2024||BASE_THICKNESS
41200190023EB|1.1|1.36|9|||54|01/01/2024||BASE_THICKNESS
41200190000NB|17.18|17.95|9|||54|01/01/2024||BASE_THICKNESS
41200190000NB|18.31|18.408|9|||54|01/01/2024||BASE_THICKNESS
41200190000NB|18.408|18.635|9|||54|01/01/2024||BASE_THICKNESS
41200190000NB|18.635|19.329|9|||54|01/01/2024||BASE_THICKNESS
41200190000NB|19.8|21.61|9|||54|01/01/2024||BASE_THICKNESS
41200190000NB|16.669|16.925|9|||54|01/01/2024||BASE_THICKNESS
4140019030000|0.387|0.5|8|||54|01/01/2024||BASE_THICKNESS
4140019030000|0.5|0.98|8|||54|01/01/2024||BASE_THICKNESS
4140019210000|3.73|5.14|8|||54|01/01/2024||BASE_THICKNESS
41200190014NB|0.0|2.63|9|||54|01/01/2024||BASE_THICKNESS
41200190023EB|0.0|0.033|9|||54|01/01/2024||BASE_THICKNESS
41200190023EB|0.033|0.034|9|||54|01/01/2024||BASE_THICKNESS
4140025000000|3.7|5.9|9|||54|01/01/2024||BASE_THICKNESS
4140030000000|4.27|4.52|9|||54|01/01/2024||BASE_THICKNESS
4130041000000|0.0|0.71|8|||54|01/01/2024||BASE_THICKNESS
4130041000000|1.85|1.99|8|||54|01/01/2024||BASE_THICKNESS
4130041000000|1.99|2.19|8|||54|01/01/2024||BASE_THICKNESS
4140041210000|0.0|1.63|8|||54|01/01/2024||BASE_THICKNESS
4140048000000|0.0|1.9|8|||54|01/01/2024||BASE_THICKNESS
4130054000000|2.48|4.86|9|||54|01/01/2024||BASE_THICKNESS
4130054000000|4.86|5.72|9|||54|01/01/2024||BASE_THICKNESS
4130054000000|6.35|6.54|9|||54|01/01/2024||BASE_THICKNESS
4130054000000|6.54|7.1|9|||54|01/01/2024||BASE_THICKNESS
4130054000000|7.1|7.41|9|||54|01/01/2024||BASE_THICKNESS
4130054000000|7.41|8.84|9|||54|01/01/2024||BASE_THICKNESS
4130054000000|10.14|10.33|9|||54|01/01/2024||BASE_THICKNESS
4130061000000|2.604|3.29|9|||54|01/01/2024||BASE_THICKNESS
41100640000EB|120.1|120.5|11|||54|01/01/2024||BASE_THICKNESS
41100640000EB|120.69|122.62|11|||54|01/01/2024||BASE_THICKNESS
41100640000EB|122.62|122.71|11|||54|01/01/2024||BASE_THICKNESS
41100640000EB|122.71|123.18|11|||54|01/01/2024||BASE_THICKNESS
41100640000EB|123.18|123.3|11|||54|01/01/2024||BASE_THICKNESS
41100640000EB|124.9|125.65|11|||54|01/01/2024||BASE_THICKNESS
41100640000EB|125.65|126.6|11|||54|01/01/2024||BASE_THICKNESS
41100640000EB|126.65|127.0|11|||54|01/01/2024||BASE_THICKNESS
41100640000EB|127.0|127.58|11|||54|01/01/2024||BASE_THICKNESS
41100640000EB|132.0|132.53|11|||54|01/01/2024||BASE_THICKNESS
41100640000EB|132.84|137.48|11|||54|01/01/2024||BASE_THICKNESS
41100640000EB|137.48|138.01|11|||54|01/01/2024||BASE_THICKNESS
4130210000000|1.2|1.89|8|||54|01/01/2024||BASE_THICKNESS
4130210000000|1.89|2.79|9|||54|01/01/2024||BASE_THICKNESS
4130307000000|4.55|5.59|9|||54|01/01/2024||BASE_THICKNESS
4130307000000|7.42|8.45|11|||54|01/01/2024||BASE_THICKNESS
5530010000000|24.14|24.38|9|||54|01/01/2024||BASE_THICKNESS
5530016000000|1.73|3.33|9|||54|01/01/2024||BASE_THICKNESS
5530016000000|6.42|8.95|9|||54|01/01/2024||BASE_THICKNESS
5530016000000|10.99|11.4|9|||54|01/01/2024||BASE_THICKNESS
55200520000EB|0.0|1.4|9|||54|01/01/2024||BASE_THICKNESS
55200520000EB|4.78|7.65|9|||54|01/01/2024||BASE_THICKNESS
55200520000EB|7.65|8.34|9|||54|01/01/2024||BASE_THICKNESS
5530097000000|21.56|22.26|9|||54|01/01/2024||BASE_THICKNESS
5530097000000|22.83|23.2|9|||54|01/01/2024||BASE_THICKNESS
5530097000000|28.09|32.88|9|||54|01/01/2024||BASE_THICKNESS
0330085000000|10.67|13.13|9|||54|01/01/2024||BASE_THICKNESS
03201190000NB|0.0|2.93|6|||54|01/01/2024||BASE_THICKNESS
03201190000NB|9.44|11.49|9|||54|01/01/2024||BASE_THICKNESS
03201190000NB|11.49|12.36|9|||54|01/01/2024||BASE_THICKNESS
03201190000NB|12.83|13.54|6|||54|01/01/2024||BASE_THICKNESS
03201190000NB|16.97|17.83|6|||54|01/01/2024||BASE_THICKNESS
08100790000NB|39.91|41.43|7|||54|01/01/2024||BASE_THICKNESS
08100790000NB|41.43|44.6|7|||54|01/01/2024||BASE_THICKNESS
20100790000NB|0.0|0.81|9|||54|01/01/2024||BASE_THICKNESS
20100790000NB|0.81|1.95|9|||54|01/01/2024||BASE_THICKNESS
20100790000NB|1.95|2.24|9|||54|01/01/2024||BASE_THICKNESS
20100790000NB|4.51|5.42|9|||54|01/01/2024||BASE_THICKNESS
20100790000NB|5.42|5.56|9|||54|01/01/2024||BASE_THICKNESS
20100790000NB|9.97|10.64|9|||54|01/01/2024||BASE_THICKNESS
20100790000NB|10.64|16.04|9|||54|01/01/2024||BASE_THICKNESS
20100790000NB|16.04|19.22|7|||54|01/01/2024||BASE_THICKNESS
20100790000NB|19.22|20.62|9|||54|01/01/2024||BASE_THICKNESS
20100790000NB|20.62|21.28|9|||54|01/01/2024||BASE_THICKNESS
20100640000EB|45.39|47.44|9|||54|01/01/2024||BASE_THICKNESS
20100640000EB|47.44|48.4|9|||54|01/01/2024||BASE_THICKNESS
20100640000EB|48.4|49.75|9|||54|01/01/2024||BASE_THICKNESS
20100640000EB|49.75|50.11|9|||54|01/01/2024||BASE_THICKNESS
20100640000EB|50.11|51.56|9|||54|01/01/2024||BASE_THICKNESS
20100640000EB|51.56|52.38|9|||54|01/01/2024||BASE_THICKNESS
20100640000EB|52.73|53.75|6|||54|01/01/2024||BASE_THICKNESS
20100640000EB|53.75|54.37|6|||54|01/01/2024||BASE_THICKNESS
20100640000EB|54.37|54.8|9|||54|01/01/2024||BASE_THICKNESS
20100640000EB|54.8|55.21|9|||54|01/01/2024||BASE_THICKNESS
20100640000EB|55.21|56.33|9|||54|01/01/2024||BASE_THICKNESS
20100640000EB|56.33|57.02|8|||54|01/01/2024||BASE_THICKNESS
20100640000EB|57.02|57.48|8|||54|01/01/2024||BASE_THICKNESS
20100640000EB|57.92|58.3|6|||54|01/01/2024||BASE_THICKNESS
20100770000NB|99.12|100.07|9|||54|01/01/2024||BASE_THICKNESS
20100770000NB|100.07|100.28|8|||54|01/01/2024||BASE_THICKNESS
20100770000NB|101.65|102.16|8|||54|01/01/2024||BASE_THICKNESS
20100770000NB|102.66|103.69|8|||54|01/01/2024||BASE_THICKNESS
20100770000NB|103.69|104.81|8|||54|01/01/2024||BASE_THICKNESS
20100770000NB|104.81|105.002|8|||54|01/01/2024||BASE_THICKNESS
20100770000NB|106.17|107.6|8|||54|01/01/2024||BASE_THICKNESS
20100770000NB|112.52|113.47|9|||54|01/01/2024||BASE_THICKNESS
20100770000NB|113.47|114.59|10|||54|01/01/2024||BASE_THICKNESS
20100770000NB|114.59|116.05|10|||54|01/01/2024||BASE_THICKNESS
20100770000NB|116.05|116.66|10|||54|01/01/2024||BASE_THICKNESS
20200600007WB|7.93|8.1|9|||54|01/01/2024||BASE_THICKNESS
20100640006EB|0.0|0.3|6|||54|01/01/2024||BASE_THICKNESS
27200350000NB|9.534|10.26|11|||54|01/01/2024||BASE_THICKNESS
27200350000NB|11.422|11.76|11|||54|01/01/2024||BASE_THICKNESS
2730002000000|15.93|18.05|9|||54|01/01/2024||BASE_THICKNESS
2730002000000|18.91|19.89|9|||54|01/01/2024||BASE_THICKNESS
40100640000EB|31.77|32.57|7|||54|01/01/2024||BASE_THICKNESS
40100640000EB|32.57|33.45|7|||54|01/01/2024||BASE_THICKNESS
40100640000EB|33.45|34.45|7|||54|01/01/2024||BASE_THICKNESS
40100640000EB|34.45|36.27|7|||54|01/01/2024||BASE_THICKNESS
40100640000EB|40.46|40.568|7|||54|01/01/2024||BASE_THICKNESS
40100640000EB|41.66|41.86|9|||54|01/01/2024||BASE_THICKNESS
40100640000EB|41.86|41.89|10|||54|01/01/2024||BASE_THICKNESS
40100640000EB|42.79|43.77|10|||54|01/01/2024||BASE_THICKNESS
40100640000EB|43.77|44.47|9|||54|01/01/2024||BASE_THICKNESS
40100640000EB|44.47|44.78|9|||54|01/01/2024||BASE_THICKNESS
40200350000NB|0.29|0.65|11|||54|01/01/2024||BASE_THICKNESS
40200350000NB|1.36|1.6|11|||54|01/01/2024||BASE_THICKNESS
40200350000NB|1.64|2.06|11|||54|01/01/2024||BASE_THICKNESS
40200350000NB|2.1|2.532|11|||54|01/01/2024||BASE_THICKNESS
4030025000000|0.0|0.63|9|||54|01/01/2024||BASE_THICKNESS
18100770000NB|145.99|150.45|12|||54|01/01/2024||BASE_THICKNESS
18100770000NB|153.79|154.41|12|||54|01/01/2024||BASE_THICKNESS
18100770000NB|154.41|156.01|12|||54|01/01/2024||BASE_THICKNESS
18100770000NB|156.01|156.99|12|||54|01/01/2024||BASE_THICKNESS
44200330000EB|4.33|5.61|5|||54|01/01/2024||BASE_THICKNESS
5430014000000|15.19|15.32|6|||54|01/01/2024||BASE_THICKNESS
5430014000000|15.32|15.45|6|||54|01/01/2024||BASE_THICKNESS
5430014000000|16.1|16.76|6|||54|01/01/2024||BASE_THICKNESS
54100770000NB|162.73|165.16|10|||54|01/01/2024||BASE_THICKNESS
54100770000NB|165.16|168.205|10|||54|01/01/2024||BASE_THICKNESS
17100790000NB|114.132|114.9|6|||54|01/01/2024||BASE_THICKNESS
17100790000NB|115.33|117.17|6|||54|01/01/2024||BASE_THICKNESS
17100790000NB|118.5|118.7|6|||54|01/01/2024||BASE_THICKNESS
17200500000EB|11.38|12.29|6|||54|01/01/2024||BASE_THICKNESS
39100680000EB|18.12|23.34|6|||54|01/01/2024||BASE_THICKNESS
39100680000EB|26.75|28.64|6|||54|01/01/2024||BASE_THICKNESS
39100680000EB|28.64|29.23|6|||54|01/01/2024||BASE_THICKNESS
39100680000EB|31.24|31.42|6|||54|01/01/2024||BASE_THICKNESS
39100680000EB|31.42|32.06|6|||54|01/01/2024||BASE_THICKNESS
39202190000NB|0.0|0.8|6|||54|01/01/2024||BASE_THICKNESS
39202190000NB|0.8|3.01|6|||54|01/01/2024||BASE_THICKNESS
39202190000NB|3.01|3.31|6|||54|01/01/2024||BASE_THICKNESS
39202190000NB|3.31|4.76|6|||54|01/01/2024||BASE_THICKNESS
3930072000000|18.42|20.44|6|||54|01/01/2024||BASE_THICKNESS
3940003000000|4.6|7.27|6|||54|01/01/2024||BASE_THICKNESS
0230009000000|0.35|2.2|4|||54|01/01/2024||BASE_THICKNESS
0230009000000|4.81|6.17|4|||54|01/01/2024||BASE_THICKNESS
0230009000000|6.17|6.27|4|||54|01/01/2024||BASE_THICKNESS
0230009000000|6.381|6.47|4|||54|01/01/2024||BASE_THICKNESS
0230009000000|6.47|7.58|4|||54|01/01/2024||BASE_THICKNESS
0230009000000|7.584|9.95|4|||54|01/01/2024||BASE_THICKNESS
0230009000000|10.12|10.37|4|||54|01/01/2024||BASE_THICKNESS
0230009000000|10.532|10.59|4|||54|01/01/2024||BASE_THICKNESS
0230009000000|10.59|10.893|4|||54|01/01/2024||BASE_THICKNESS
0230009000000|10.893|11.243|4|||54|01/01/2024||BASE_THICKNESS
0230009000000|14.0|14.2|12|||54|01/01/2024||BASE_THICKNESS
0230009000000|14.55|14.9|12|||54|01/01/2024||BASE_THICKNESS
0230009000000|15.57|15.79|12|||54|01/01/2024||BASE_THICKNESS
0230009000000|15.79|16.09|12|||54|01/01/2024||BASE_THICKNESS
0230009000000|17.07|17.48|11|||54|01/01/2024||BASE_THICKNESS
0230009000000|18.18|20.16|11|||54|01/01/2024||BASE_THICKNESS
1930009000000|0.0|1.45|11|||54|01/01/2024||BASE_THICKNESS
1930009000000|1.45|3.94|11|||54|01/01/2024||BASE_THICKNESS
1930009000000|4.97|6.35|11|||54|01/01/2024||BASE_THICKNESS
1930009000000|10.91|11.418|11|||54|01/01/2024||BASE_THICKNESS
1930009000000|14.435|14.96|11|||54|01/01/2024||BASE_THICKNESS
19203400000NB|6.9|8.56|8|||54|01/01/2024||BASE_THICKNESS
19203400000NB|8.56|9.13|8|||54|01/01/2024||BASE_THICKNESS
19203400000NB|9.13|9.38|8|||54|01/01/2024||BASE_THICKNESS
19203400000NB|9.38|9.55|8|||54|01/01/2024||BASE_THICKNESS
19203400000NB|10.41|11.86|8|||54|01/01/2024||BASE_THICKNESS
19203400000NB|11.9|12.047|8|||54|01/01/2024||BASE_THICKNESS
19203400000NB|12.047|12.88|8|||54|01/01/2024||BASE_THICKNESS
19203400000NB|12.88|13.26|8|||54|01/01/2024||BASE_THICKNESS
19203400000NB|13.26|13.82|8|||54|01/01/2024||BASE_THICKNESS
19203400000NB|14.66|14.86|8|||54|01/01/2024||BASE_THICKNESS
19203400000NB|14.86|15.31|8|||54|01/01/2024||BASE_THICKNESS
1930051000000|8.66|8.78|8|||54|01/01/2024||BASE_THICKNESS
1230093000000|9.71|13.45|8|||54|01/01/2024||BASE_THICKNESS
12200480000EB|0.0|5.82|11|||54|01/01/2024||BASE_THICKNESS
19203400005SB|0.0|0.17|8|||54|01/01/2024||BASE_THICKNESS
19203400005SB|0.17|0.37|8|||54|01/01/2024||BASE_THICKNESS
19203400005SB|0.371|0.6|8|||54|01/01/2024||BASE_THICKNESS
02100810000NB|0.0|1.39|10|||54|01/01/2024||BASE_THICKNESS
02100810000NB|1.39|6.27|10|||54|01/01/2024||BASE_THICKNESS
02100810000NB|11.63|12.0|10|||54|01/01/2024||BASE_THICKNESS
02100810000NB|12.0|13.54|10|||54|01/01/2024||BASE_THICKNESS
02100810000NB|13.54|14.26|10|||54|01/01/2024||BASE_THICKNESS
02100810000NB|14.26|15.22|10|||54|01/01/2024||BASE_THICKNESS
02100810000NB|15.22|15.62|10|||54|01/01/2024||BASE_THICKNESS
02100810000NB|15.62|15.95|10|||54|01/01/2024||BASE_THICKNESS
02100810000NB|15.95|16.23|10|||54|01/01/2024||BASE_THICKNESS
02100810000NB|16.23|17.3|10|||54|01/01/2024||BASE_THICKNESS
02100810000NB|17.3|18.13|10|||54|01/01/2024||BASE_THICKNESS
02100810000NB|18.13|20.37|10|||54|01/01/2024||BASE_THICKNESS
02100810000NB|20.37|23.0|10|||54|01/01/2024||BASE_THICKNESS
02100810000NB|23.0|23.46|10|||54|01/01/2024||BASE_THICKNESS
02100810000NB|23.46|24.53|10|||54|01/01/2024||BASE_THICKNESS
02100810000NB|24.53|26.0|10|||54|01/01/2024||BASE_THICKNESS
0240005000000|5.9|7.94|10|||54|01/01/2024||BASE_THICKNESS
29202200000NB|12.61|13.26|6|||54|01/01/2024||BASE_THICKNESS
29202200000NB|13.78|13.96|6|||54|01/01/2024||BASE_THICKNESS
0230051000000|4.54|4.58|11|||54|01/01/2024||BASE_THICKNESS
0230051000000|4.58|4.62|11|||54|01/01/2024||BASE_THICKNESS
0230051000000|4.62|5.18|11|||54|01/01/2024||BASE_THICKNESS
4830002000000|2.84|4.64|2|||54|01/01/2024||BASE_THICKNESS
35202500010SB|0.0|0.64|2|||54|01/01/2024||BASE_THICKNESS
15200300000EB|0.53|0.61|9|||54|01/01/2024||BASE_THICKNESS
15200300000EB|1.543|2.38|1|||54|01/01/2024||BASE_THICKNESS
05200220000EB|3.17|3.35|12|||54|01/01/2024||BASE_THICKNESS
05200220000EB|3.35|3.45|12|||54|01/01/2024||BASE_THICKNESS
05200220000EB|3.45|4.73|12|||54|01/01/2024||BASE_THICKNESS
05200220000EB|4.73|5.19|12|||54|01/01/2024||BASE_THICKNESS
05200220000EB|5.19|5.89|12|||54|01/01/2024||BASE_THICKNESS
3530002000000|2.36|2.84|9|||54|01/01/2024||BASE_THICKNESS
1530002000000|0.28|0.56|2|||54|01/01/2024||BASE_THICKNESS
5230002000000|7.29|7.84|2|||54|01/01/2024||BASE_THICKNESS
5230002000000|8.35|8.6|2|||54|01/01/2024||BASE_THICKNESS
5230002000000|8.6|9.24|2|||54|01/01/2024||BASE_THICKNESS
0530002000000|3.88|6.35|2|||54|01/01/2024||BASE_THICKNESS
0530002000000|6.8|7.06|2|||54|01/01/2024||BASE_THICKNESS
0530002000000|7.06|7.47|2|||54|01/01/2024||BASE_THICKNESS
1540105010000|0.0|0.34|2|||54|01/01/2024||BASE_THICKNESS
38202190000NB|19.58|21.69|5|||54|01/01/2024||BASE_THICKNESS
38202190000NB|21.69|21.84|5|||54|01/01/2024||BASE_THICKNESS
38202190000NB|26.54|29.12|5|||54|01/01/2024||BASE_THICKNESS
38202190000NB|34.47|34.57|5|||54|01/01/2024||BASE_THICKNESS
38202190000NB|34.57|34.78|5|||54|01/01/2024||BASE_THICKNESS
38202190000NB|34.79|37.89|5|||54|01/01/2024||BASE_THICKNESS
36200330000EB|5.49|5.92|5|||54|01/01/2024||BASE_THICKNESS
47202190000NB|5.57|5.9|5|||54|01/01/2024||BASE_THICKNESS
47202190000NB|5.9|7.37|5|||54|01/01/2024||BASE_THICKNESS
47202190000NB|13.1|13.13|5|||54|01/01/2024||BASE_THICKNESS
47202190000NB|13.13|16.1|5|||54|01/01/2024||BASE_THICKNESS
47202190000NB|16.1|17.49|5|||54|01/01/2024||BASE_THICKNESS
47202190000NB|17.49|17.74|5|||54|01/01/2024||BASE_THICKNESS
47202190000NB|17.74|18.0|5|||54|01/01/2024||BASE_THICKNESS
42202500000NB|9.71|9.77|7|||54|01/01/2024||BASE_THICKNESS
42202500000NB|9.77|10.42|7|||54|01/01/2024||BASE_THICKNESS
42202500000NB|10.42|12.45|7|||54|01/01/2024||BASE_THICKNESS
4730032000000|0.0|0.19|5|||54|01/01/2024||BASE_THICKNESS
4730032000000|0.19|2.67|5|||54|01/01/2024||BASE_THICKNESS
4730032000000|2.67|3.26|5|||54|01/01/2024||BASE_THICKNESS
4730032000000|14.79|16.09|7|||54|01/01/2024||BASE_THICKNESS
4730032000000|16.09|16.45|7|||54|01/01/2024||BASE_THICKNESS
47300320005SB|0.04|0.19|5|||54|01/01/2024||BASE_THICKNESS
4730093000000|2.34|7.42|4|||54|01/01/2024||BASE_THICKNESS
3630028000000|24.07|24.33|5|||54|01/01/2024||BASE_THICKNESS
3630028000000|24.33|25.57|5|||54|01/01/2024||BASE_THICKNESS
42200330000EB|7.76|7.9|4|||54|01/01/2024||BASE_THICKNESS
42202190000NB|0.0|3.16|5|||54|01/01/2024||BASE_THICKNESS
42202190000NB|3.16|3.24|5|||54|01/01/2024||BASE_THICKNESS
42202190000NB|15.89|17.2|5|||54|01/01/2024||BASE_THICKNESS
42202190000NB|17.2|17.29|5|||54|01/01/2024||BASE_THICKNESS
42202190000NB|17.4|19.15|5|||54|01/01/2024||BASE_THICKNESS
42202190000NB|19.15|19.51|5|||54|01/01/2024||BASE_THICKNESS
42202190000NB|21.48|21.64|5|||54|01/01/2024||BASE_THICKNESS
42202190000NB|21.64|21.67|5|||54|01/01/2024||BASE_THICKNESS
42202190000NB|27.85|30.16|5|||54|01/01/2024||BASE_THICKNESS
42202190000NB|42.36|42.373|6|||54|01/01/2024||BASE_THICKNESS
4240011000000|2.48|2.491|10|||54|01/01/2024||BASE_THICKNESS
4530020000000|24.37|24.94|4|||54|01/01/2024||BASE_THICKNESS
4530020000000|32.0|32.14|4|||54|01/01/2024||BASE_THICKNESS
32202190000NB|1.92|7.87|4|||54|01/01/2024||BASE_THICKNESS
32202190000NB|16.18|19.24|4|||54|01/01/2024||BASE_THICKNESS
32202190000NB|19.24|19.66|4|||54|01/01/2024||BASE_THICKNESS
32202190000NB|19.66|21.45|4|||54|01/01/2024||BASE_THICKNESS
32202190000NB|21.45|23.0|4|||54|01/01/2024||BASE_THICKNESS
32202190000NB|24.92|25.93|4|||54|01/01/2024||BASE_THICKNESS
32202190000NB|25.93|26.24|4|||54|01/01/2024||BASE_THICKNESS
32202190000NB|26.24|27.59|4|||54|01/01/2024||BASE_THICKNESS
32202190000NB|28.1|28.68|4|||54|01/01/2024||BASE_THICKNESS
3430039000000|24.6|24.96|4|||54|01/01/2024||BASE_THICKNESS
3230012000000|0.78|5.93|2|||54|01/01/2024||BASE_THICKNESS
13202190000NB|2.57|4.79|4|||54|01/01/2024||BASE_THICKNESS
13202190000NB|5.364|5.37|4|||54|01/01/2024||BASE_THICKNESS
13202190000NB|5.37|5.69|4|||54|01/01/2024||BASE_THICKNESS
13202190000NB|5.69|6.03|4|||54|01/01/2024||BASE_THICKNESS
13202190000NB|6.03|6.04|4|||54|01/01/2024||BASE_THICKNESS
13202190000NB|6.04|6.39|4|||54|01/01/2024||BASE_THICKNESS
13202190000NB|6.39|6.52|4|||54|01/01/2024||BASE_THICKNESS
13202190000NB|6.52|6.69|4|||54|01/01/2024||BASE_THICKNESS
13202190000NB|6.69|7.11|4|||54|01/01/2024||BASE_THICKNESS
13202190000NB|15.74|16.37|4|||54|01/01/2024||BASE_THICKNESS
13202190000NB|21.34|21.86|4|||54|01/01/2024||BASE_THICKNESS
13202190000NB|25.9|26.76|4|||54|01/01/2024||BASE_THICKNESS
13202190000NB|26.76|26.97|4|||54|01/01/2024||BASE_THICKNESS
13202190000NB|26.97|27.33|4|||54|01/01/2024||BASE_THICKNESS
10200190000NB|3.89|6.16|2|||54|01/01/2024||BASE_THICKNESS
10200190000NB|6.16|6.66|2|||54|01/01/2024||BASE_THICKNESS
10200190000NB|6.66|8.23|2|||54|01/01/2024||BASE_THICKNESS
10200190000NB|14.64|15.627|2|||54|01/01/2024||BASE_THICKNESS
1330063000000|6.06|7.63|4|||54|01/01/2024||BASE_THICKNESS
34200190000NB|11.03|11.47|3|||54|01/01/2024||BASE_THICKNESS
13100640000EB|178.43|181.12|4|||54|01/01/2024||BASE_THICKNESS
13200600000EB|28.53|29.61|4|||54|01/01/2024||BASE_THICKNESS
1030016000000|15.526|16.666|4|||54|01/01/2024||BASE_THICKNESS
