RouteID|BMP|EMP|ValueDate|Comments|ValueNumeric|StateID|BeginDate|ValueText|DataItem
01200330000EB|0.0|1.87|2013|||54|01/01/2024||YEAR_LAST_IMPROVEMENT
01201190000NB|6.95|7.19|2018|||54|01/01/2024||YEAR_LAST_IMPROVEMENT
01201190000NB|7.19|9.29|2018|||54|01/01/2024||YEAR_LAST_IMPROVEMENT
01201190000NB|10.66|11.5|2015|||54|01/01/2024||YEAR_LAST_IMPROVEMENT
0130020000000|0.0|2.15|2017|||54|01/01/2024||YEAR_LAST_IMPROVEMENT
0130038000000|0.43|2.43|2019|||54|01/01/2024||YEAR_LAST_IMPROVEMENT
0130038000000|5.53|6.31|2019|||54|01/01/2024||YEAR_LAST_IMPROVEMENT
0130076000000|1.75|6.62|2021|||54|01/01/2024||YEAR_LAST_IMPROVEMENT
0130092000000|8.64|9.265|2020|||54|01/01/2024||YEAR_LAST_IMPROVEMENT
0130092000000|9.265|10.73|2020|||54|01/01/2024||YEAR_LAST_IMPROVEMENT
0140006000000|0.11|3.13|2021|||54|01/01/2024||YEAR_LAST_IMPROVEMENT
0140010000000|7.41|8.63|2016|||54|01/01/2024||YEAR_LAST_IMPROVEMENT
0140011000000|3.05|3.78|2024|||54|01/01/2024||YEAR_LAST_IMPROVEMENT
0140024000000|1.64|2.79|2017|||54|01/01/2024||YEAR_LAST_IMPROVEMENT
0140024000000|2.79|4.74|2017|||54|01/01/2024||YEAR_LAST_IMPROVEMENT
0140030000000|6.14|6.83|2015|||54|01/01/2024||YEAR_LAST_IMPROVEMENT
0140030070000|0.0|0.92|2020|||54|01/01/2024||YEAR_LAST_IMPROVEMENT
0140030070000|0.92|2.0|2020|||54|01/01/2024||YEAR_LAST_IMPROVEMENT
0140046010000|0.0|1.62|2018|||54|01/01/2024||YEAR_LAST_IMPROVEMENT
04100790000NB|44.6|46.18|2024|||54|01/01/2024||YEAR_LAST_IMPROVEMENT
04100790000NB|46.18|46.22|2024|||54|01/01/2024||YEAR_LAST_IMPROVEMENT
04100790000NB|46.22|49.73|2024|||54|01/01/2024||YEAR_LAST_IMPROVEMENT
04100790000NB|49.73|50.35|2018|||54|01/01/2024||YEAR_LAST_IMPROVEMENT
04100790000NB|50.35|51.61|2018|||54|01/01/2024||YEAR_LAST_IMPROVEMENT
04100790000NB|51.61|52.61|2018|||54|01/01/2024||YEAR_LAST_IMPROVEMENT
04100790000NB|52.61|53.27|2018|||54|01/01/2024||YEAR_LAST_IMPROVEMENT
04100790000NB|53.27|54.18|2018|||54|01/01/2024||YEAR_LAST_IMPROVEMENT
04100790000NB|54.18|57.51|2010|||54|01/01/2024||YEAR_LAST_IMPROVEMENT
04100790000NB|57.51|59.0|2018|||54|01/01/2024||YEAR_LAST_IMPROVEMENT
04100790000NB|59.0|61.47|2018|||54|01/01/2024||YEAR_LAST_IMPROVEMENT
04100790000NB|61.47|62.04|2022|||54|01/01/2024||YEAR_LAST_IMPROVEMENT
04100790000NB|62.04|63.46|2022|||54|01/01/2024||YEAR_LAST_IMPROVEMENT
04100790000NB|63.46|64.83|2022|||54|01/01/2024||YEAR_LAST_IMPROVEMENT
04100790000NB|64.83|67.52|2022|||54|01/01/2024||YEAR_LAST_IMPROVEMENT
04100790000NB|67.52|69.32|2018|||54|01/01/2024||YEAR_LAST_IMPROVEMENT
04100790000NB|69.32|70.83|2018|||54|01/01/2024||YEAR_LAST_IMPROVEMENT
04100790000NB|70.83|78.41|2019|||54|01/01/2024||YEAR_LAST_IMPROVEMENT
04100790000NB|78.41|79.08|2024|||54|01/01/2024||YEAR_LAST_IMPROVEMENT
04100790000NB|79.08|83.15|2024|||54|01/01/2024||YEAR_LAST_IMPROVEMENT
04200190000NB|26.57|27.56|2019|||54|01/01/2024||YEAR_LAST_IMPROVEMENT
04200190000NB|27.56|27.64|2019|||54|01/01/2024||YEAR_LAST_IMPROVEMENT
11100790000NB|83.15|83.55|2016|||54|01/01/2024||YEAR_LAST_IMPROVEMENT
11200330000EB|0.0|0.59|2011|||54|01/01/2024||YEAR_LAST_IMPROVEMENT
11200330000EB|1.12|1.18|2011|||54|01/01/2024||YEAR_LAST_IMPROVEMENT
11200330000EB|1.18|1.39|2020|||54|01/01/2024||YEAR_LAST_IMPROVEMENT
11200330000EB|1.39|1.96|2020|||54|01/01/2024||YEAR_LAST_IMPROVEMENT
11200330000EB|2.2|5.05|2020|||54|01/01/2024||YEAR_LAST_IMPROVEMENT
11200330000EB|5.05|6.44|2017|||54|01/01/2024||YEAR_LAST_IMPROVEMENT
11200330000EB|17.3|17.82|2021|||54|01/01/2024||YEAR_LAST_IMPROVEMENT
11200330000EB|18.2|19.62|2010|||54|01/01/2024||YEAR_LAST_IMPROVEMENT
11200330000EB|19.62|22.18|2018|||54|01/01/2024||YEAR_LAST_IMPROVEMENT
11200330000EB|22.28|25.09|2016|||54|01/01/2024||YEAR_LAST_IMPROVEMENT
11200330000EB|25.09|26.73|2015|||54|01/01/2024||YEAR_LAST_IMPROVEMENT
1130005000000|10.83|12.51|2019|||54|01/01/2024||YEAR_LAST_IMPROVEMENT
1130005000000|14.58|14.89|2021|||54|01/01/2024||YEAR_LAST_IMPROVEMENT
1140007000000|6.97|8.45|2012|||54|01/01/2024||YEAR_LAST_IMPROVEMENT
1140007000000|8.45|8.67|2012|||54|01/01/2024||YEAR_LAST_IMPROVEMENT
1140009000000|0.0|3.41|2012|||54|01/01/2024||YEAR_LAST_IMPROVEMENT
21100790000NB|83.55|87.45|2019|||54|01/01/2024||YEAR_LAST_IMPROVEMENT
21100790000NB|87.45|90.77|2022|||54|01/01/2024||YEAR_LAST_IMPROVEMENT
21100790000NB|90.77|90.82|2022|||54|01/01/2024||YEAR_LAST_IMPROVEMENT
21100790000NB|90.82|90.92|2006|||54|01/01/2024||YEAR_LAST_IMPROVEMENT
21100790000NB|90.92|95.73|2006|||54|01/01/2024||YEAR_LAST_IMPROVEMENT
21100790000NB|95.73|95.82|2006|||54|01/01/2024||YEAR_LAST_IMPROVEMENT
21100790000NB|95.82|96.17|2007|||54|01/01/2024||YEAR_LAST_IMPROVEMENT
21100790000NB|96.17|97.13|2007|||54|01/01/2024||YEAR_LAST_IMPROVEMENT
21100790000NB|97.13|98.287|2007|||54|01/01/2024||YEAR_LAST_IMPROVEMENT
21100790000NB|98.4|98.63|2007|||54|01/01/2024||YEAR_LAST_IMPROVEMENT
21100790000NB|98.63|98.925|2007|||54|01/01/2024||YEAR_LAST_IMPROVEMENT
21100790000NB|100.39|101.69|2010|||54|01/01/2024||YEAR_LAST_IMPROVEMENT
21100790000NB|101.69|104.15|2014|||54|01/01/2024||YEAR_LAST_IMPROVEMENT
21100790000NB|104.15|104.69|2014|||54|01/01/2024||YEAR_LAST_IMPROVEMENT
21100790000NB|104.69|106.42|2014|||54|01/01/2024||YEAR_LAST_IMPROVEMENT
21200190000NB|22.37|22.58|2023|||54|01/01/2024||YEAR_LAST_IMPROVEMENT
21200190000NB|22.72|23.48|2023|||54|01/01/2024||YEAR_LAST_IMPROVEMENT
21200330000EB|16.0|16.23|2023|||54|01/01/2024||YEAR_LAST_IMPROVEMENT
21200330000EB|17.59|17.967|2024|||54|01/01/2024||YEAR_LAST_IMPROVEMENT
21200330000EB|19.84|20.19|2024|||54|01/01/2024||YEAR_LAST_IMPROVEMENT
21200330000EB|20.19|21.03|2010|||54|01/01/2024||YEAR_LAST_IMPROVEMENT
21200330000EB|21.25|22.25|2010|||54|01/01/2024||YEAR_LAST_IMPROVEMENT
21200330000EB|22.25|22.84|2013|||54|01/01/2024||YEAR_LAST_IMPROVEMENT
2140007000000|3.84|4.17|2024|||54|01/01/2024||YEAR_LAST_IMPROVEMENT
2140013000000|0.0|0.4|2014|||54|01/01/2024||YEAR_LAST_IMPROVEMENT
2140015000000|2.36|2.45|2010|||54|01/01/2024||YEAR_LAST_IMPROVEMENT
2140015000000|2.45|2.74|2024|||54|01/01/2024||YEAR_LAST_IMPROVEMENT
2140015000000|2.74|4.01|2024|||54|01/01/2024||YEAR_LAST_IMPROVEMENT
49200330000EB|0.0|0.64|2013|||54|01/01/2024||YEAR_LAST_IMPROVEMENT
49200330000EB|1.22|2.51|2013|||54|01/01/2024||YEAR_LAST_IMPROVEMENT
49200330000EB|2.51|4.0|2013|||54|01/01/2024||YEAR_LAST_IMPROVEMENT
49200330000EB|4.0|4.35|2013|||54|01/01/2024||YEAR_LAST_IMPROVEMENT
49200330000EB|5.37|7.192|2023|||54|01/01/2024||YEAR_LAST_IMPROVEMENT
49200330000EB|8.31|10.87|2023|||54|01/01/2024||YEAR_LAST_IMPROVEMENT
49201190000NB|5.38|5.6|2011|||54|01/01/2024||YEAR_LAST_IMPROVEMENT
4930020000000|22.87|23.54|2023|||54|01/01/2024||YEAR_LAST_IMPROVEMENT
4940001000000|2.28|3.09|2019|||54|01/01/2024||YEAR_LAST_IMPROVEMENT
4940001000000|3.09|3.14|2019|||54|01/01/2024||YEAR_LAST_IMPROVEMENT
4940001000000|3.14|3.17|2019|||54|01/01/2024||YEAR_LAST_IMPROVEMENT
4940005090000|0.0|0.28|2023|||54|01/01/2024||YEAR_LAST_IMPROVEMENT
4940007000000|0.22|0.423|2021|||54|01/01/2024||YEAR_LAST_IMPROVEMENT
4940009010000|0.0|0.97|2021|||54|01/01/2024||YEAR_LAST_IMPROVEMENT
4940012000000|0.85|1.53|2020|||54|01/01/2024||YEAR_LAST_IMPROVEMENT
4940012000000|1.53|2.57|2024|||54|01/01/2024||YEAR_LAST_IMPROVEMENT
4940012000000|2.57|3.41|2014|||54|01/01/2024||YEAR_LAST_IMPROVEMENT
4940012000000|3.41|4.26|2014|||54|01/01/2024||YEAR_LAST_IMPROVEMENT
4940012000000|5.08|5.29|2014|||54|01/01/2024||YEAR_LAST_IMPROVEMENT
4940016000000|9.05|9.51|2015|||54|01/01/2024||YEAR_LAST_IMPROVEMENT
4940151000000|0.34|0.64|2023|||54|01/01/2024||YEAR_LAST_IMPROVEMENT
4940151000000|1.13|1.6|2023|||54|01/01/2024||YEAR_LAST_IMPROVEMENT
5130015000000|6.3|8.48|2019|||54|01/01/2024||YEAR_LAST_IMPROVEMENT
5140003000000|8.08|10.38|2018|||54|01/01/2024||YEAR_LAST_IMPROVEMENT
0640001000000|2.1|2.224|2022|||54|01/01/2024||YEAR_LAST_IMPROVEMENT
0640001000000|2.477|2.619|2022|||54|01/01/2024||YEAR_LAST_IMPROVEMENT
0630002000000|0.1|0.21|2007|||54|01/01/2024||YEAR_LAST_IMPROVEMENT
0630002000000|9.98|10.08|2016|||54|01/01/2024||YEAR_LAST_IMPROVEMENT
0630002000000|14.38|17.99|2023|||54|01/01/2024||YEAR_LAST_IMPROVEMENT
0640021000000|0.537|0.9|2016|||54|01/01/2024||YEAR_LAST_IMPROVEMENT
0630002001300|0.0|0.17|2007|||54|01/01/2024||YEAR_LAST_IMPROVEMENT
06200520004NB|0.0|0.32|2022|||54|01/01/2024||YEAR_LAST_IMPROVEMENT
06200520004NB|0.321|0.46|2022|||54|01/01/2024||YEAR_LAST_IMPROVEMENT
0640009000000|1.688|1.803|2024|||54|01/01/2024||YEAR_LAST_IMPROVEMENT
0630010000000|15.69|15.798|2021|||54|01/01/2024||YEAR_LAST_IMPROVEMENT
0630010000000|15.82|16.27|2021|||54|01/01/2024||YEAR_LAST_IMPROVEMENT
0630010000000|17.21|17.37|2024|||54|01/01/2024||YEAR_LAST_IMPROVEMENT
0630010000000|17.46|18.41|2024|||54|01/01/2024||YEAR_LAST_IMPROVEMENT
0630010000100|1.94|2.56|2020|||54|01/01/2024||YEAR_LAST_IMPROVEMENT
0640013000000|0.02|0.42|2018|||54|01/01/2024||YEAR_LAST_IMPROVEMENT
0640017000000|4.05|4.17|2020|||54|01/01/2024||YEAR_LAST_IMPROVEMENT
0640017000000|4.3|4.41|2020|||54|01/01/2024||YEAR_LAST_IMPROVEMENT
0640017000000|4.47|5.02|2020|||54|01/01/2024||YEAR_LAST_IMPROVEMENT
0640021000000|0.9|1.51|2016|||54|01/01/2024||YEAR_LAST_IMPROVEMENT
0640021000000|1.51|2.939|2016|||54|01/01/2024||YEAR_LAST_IMPROVEMENT
0640021000000|2.947|2.98|2016|||54|01/01/2024||YEAR_LAST_IMPROVEMENT
0640031000000|0.16|0.5|2013|||54|01/01/2024||YEAR_LAST_IMPROVEMENT
0640031060000|0.0|0.38|2019|||54|01/01/2024||YEAR_LAST_IMPROVEMENT
0640031060000|0.38|0.41|2018|||54|01/01/2024||YEAR_LAST_IMPROVEMENT
0640031060000|0.41|0.48|2019|||54|01/01/2024||YEAR_LAST_IMPROVEMENT
0673272001900|0.35|0.754|2013|||54|01/01/2024||YEAR_LAST_IMPROVEMENT
0673272001900|0.754|0.87|2013|||54|01/01/2024||YEAR_LAST_IMPROVEMENT
0673272001900|0.87|1.04|2013|||54|01/01/2024||YEAR_LAST_IMPROVEMENT
0673272001900|1.08|1.28|2013|||54|01/01/2024||YEAR_LAST_IMPROVEMENT
0673272001900|1.28|1.44|2013|||54|01/01/2024||YEAR_LAST_IMPROVEMENT
0673274001900|1.46|1.56|2013|||54|01/01/2024||YEAR_LAST_IMPROVEMENT
0673281001900|0.19|0.48|2015|||54|01/01/2024||YEAR_LAST_IMPROVEMENT
0673285001900|0.0|0.32|2009|||54|01/01/2024||YEAR_LAST_IMPROVEMENT
0673287001900|0.0|0.28|2011|||54|01/01/2024||YEAR_LAST_IMPROVEMENT
0673287001900|1.03|1.14|2011|||54|01/01/2024||YEAR_LAST_IMPROVEMENT
0673288001900|0.78|0.89|2009|||54|01/01/2024||YEAR_LAST_IMPROVEMENT
0673295001900|0.0|1.08|2023|||54|01/01/2024||YEAR_LAST_IMPROVEMENT
0673313001900|0.0|0.17|2019|||54|01/01/2024||YEAR_LAST_IMPROVEMENT
0673317001900|0.0|0.24|2009|||54|01/01/2024||YEAR_LAST_IMPROVEMENT
0640035000000|7.83|8.63|2015|||54|01/01/2024||YEAR_LAST_IMPROVEMENT
0640039000000|2.08|2.62|2020|||54|01/01/2024||YEAR_LAST_IMPROVEMENT
06200520000EB|0.33|0.45|2021|||54|01/01/2024||YEAR_LAST_IMPROVEMENT
06200520000EB|0.75|1.01|2021|||54|01/01/2024||YEAR_LAST_IMPROVEMENT
0640052030000|0.0|0.22|2019|||54|01/01/2024||YEAR_LAST_IMPROVEMENT
06200600000EB|2.97|3.07|2013|||54|01/01/2024||YEAR_LAST_IMPROVEMENT
06200600000EB|6.97|7.51|2019|||54|01/01/2024||YEAR_LAST_IMPROVEMENT
06200600000EB|7.59|7.96|2019|||54|01/01/2024||YEAR_LAST_IMPROVEMENT
06200600000EB|7.96|8.43|2019|||54|01/01/2024||YEAR_LAST_IMPROVEMENT
06200600000EB|8.43|8.78|2019|||54|01/01/2024||YEAR_LAST_IMPROVEMENT
06200600000EB|8.78|8.82|2019|||54|01/01/2024||YEAR_LAST_IMPROVEMENT
06200600000EB|8.82|9.5|2008|||54|01/01/2024||YEAR_LAST_IMPROVEMENT
06200600000EB|9.56|9.92|2008|||54|01/01/2024||YEAR_LAST_IMPROVEMENT
06200600000EB|9.92|10.27|2008|||54|01/01/2024||YEAR_LAST_IMPROVEMENT
06200600000EB|15.59|17.29|2023|||54|01/01/2024||YEAR_LAST_IMPROVEMENT
0640060050000|0.0|0.88|2014|||54|01/01/2024||YEAR_LAST_IMPROVEMENT
0640060050000|0.88|1.68|2014|||54|01/01/2024||YEAR_LAST_IMPROVEMENT
0640060050000|1.68|1.97|2014|||54|01/01/2024||YEAR_LAST_IMPROVEMENT
0640060700000|0.0|0.18|2019|||54|01/01/2024||YEAR_LAST_IMPROVEMENT
0640060700000|0.18|0.56|2019|||54|01/01/2024||YEAR_LAST_IMPROVEMENT
0640060700000|0.56|0.76|2019|||54|01/01/2024||YEAR_LAST_IMPROVEMENT
06200600001EB|0.0|0.39|2017|||54|01/01/2024||YEAR_LAST_IMPROVEMENT
06100640000EB|5.87|6.47|2023|||54|01/01/2024||YEAR_LAST_IMPROVEMENT
06100640000EB|6.47|6.74|2023|||54|01/01/2024||YEAR_LAST_IMPROVEMENT
06100640000EB|6.74|7.26|2023|||54|01/01/2024||YEAR_LAST_IMPROVEMENT
06100640000EB|7.26|7.72|2023|||54|01/01/2024||YEAR_LAST_IMPROVEMENT
06100640000EB|7.72|8.19|2023|||54|01/01/2024||YEAR_LAST_IMPROVEMENT
06100640000EB|8.19|9.22|2017|||54|01/01/2024||YEAR_LAST_IMPROVEMENT
06100640000EB|9.22|9.52|2017|||54|01/01/2024||YEAR_LAST_IMPROVEMENT
06100640000EB|17.68|18.08|2016|||54|01/01/2024||YEAR_LAST_IMPROVEMENT
06100640000EB|18.08|18.49|2015|||54|01/01/2024||YEAR_LAST_IMPROVEMENT
06100640000EB|18.49|19.32|2016|||54|01/01/2024||YEAR_LAST_IMPROVEMENT
06100640000EB|19.32|19.71|2016|||54|01/01/2024||YEAR_LAST_IMPROVEMENT
06100640000EB|19.71|20.19|2012|||54|01/01/2024||YEAR_LAST_IMPROVEMENT
06100640000EB|20.19|21.04|2012|||54|01/01/2024||YEAR_LAST_IMPROVEMENT
06100640000EB|21.04|21.16|2012|||54|01/01/2024||YEAR_LAST_IMPROVEMENT
06100640000EB|21.16|21.75|2012|||54|01/01/2024||YEAR_LAST_IMPROVEMENT
06100640000EB|21.75|22.39|2012|||54|01/01/2024||YEAR_LAST_IMPROVEMENT
06100640000EB|22.39|27.11|2017|||54|01/01/2024||YEAR_LAST_IMPROVEMENT
06100640000EB|27.11|27.55|2017|||54|01/01/2024||YEAR_LAST_IMPROVEMENT
06100640000EB|27.55|28.67|2018|||54|01/01/2024||YEAR_LAST_IMPROVEMENT
06100640000EB|28.67|29.44|2018|||54|01/01/2024||YEAR_LAST_IMPROVEMENT
06100640000EB|29.44|31.77|2018|||54|01/01/2024||YEAR_LAST_IMPROVEMENT
0630101000000|0.16|0.36|2023|||54|01/01/2024||YEAR_LAST_IMPROVEMENT
0630152000000|0.76|0.99|2016|||54|01/01/2024||YEAR_LAST_IMPROVEMENT
0630193000000|0.46|3.55|2020|||54|01/01/2024||YEAR_LAST_IMPROVEMENT
2230003000000|5.71|6.1|2007|||54|01/01/2024||YEAR_LAST_IMPROVEMENT
2230010000000|17.81|19.07|2021|||54|01/01/2024||YEAR_LAST_IMPROVEMENT
2340005000000|0.45|2.789|2023|||54|01/01/2024||YEAR_LAST_IMPROVEMENT
2330010000000|12.79|12.95|2022|||54|01/01/2024||YEAR_LAST_IMPROVEMENT
2340210250000|8.09|8.78|2008|||54|01/01/2024||YEAR_LAST_IMPROVEMENT
2340210250000|8.78|9.08|2008|||54|01/01/2024||YEAR_LAST_IMPROVEMENT
2340210250000|9.08|9.53|2008|||54|01/01/2024||YEAR_LAST_IMPROVEMENT
2340210250000|10.07|10.72|2008|||54|01/01/2024||YEAR_LAST_IMPROVEMENT
2330010000000|26.308|27.71|2021|||54|01/01/2024||YEAR_LAST_IMPROVEMENT
2330017000000|1.394|2.174|2007|||54|01/01/2024||YEAR_LAST_IMPROVEMENT
2330044000000|16.02|17.07|2008|||54|01/01/2024||YEAR_LAST_IMPROVEMENT
2330073000000|0.31|2.15|2016|||54|01/01/2024||YEAR_LAST_IMPROVEMENT
2330080000000|0.86|1.57|2017|||54|01/01/2024||YEAR_LAST_IMPROVEMENT
23201190000NB|0.0|0.85|2020|||54|01/01/2024||YEAR_LAST_IMPROVEMENT
23201190000NB|1.44|2.2|2020|||54|01/01/2024||YEAR_LAST_IMPROVEMENT
23201190000NB|2.2|2.54|2020|||54|01/01/2024||YEAR_LAST_IMPROVEMENT
23201190000NB|2.54|2.67|2020|||54|01/01/2024||YEAR_LAST_IMPROVEMENT
23201190000NB|2.67|3.59|2020|||54|01/01/2024||YEAR_LAST_IMPROVEMENT
23201190000NB|3.59|5.27|2020|||54|01/01/2024||YEAR_LAST_IMPROVEMENT
23201190000NB|11.87|12.283|2020|||54|01/01/2024||YEAR_LAST_IMPROVEMENT
23201190000NB|5.27|5.915|2020|||54|01/01/2024||YEAR_LAST_IMPROVEMENT
30200520000EB|21.97|22.28|2022|||54|01/01/2024||YEAR_LAST_IMPROVEMENT
30200520000EB|9.95|11.65|2014|||54|01/01/2024||YEAR_LAST_IMPROVEMENT
30200520000EB|21.06|21.95|2022|||54|01/01/2024||YEAR_LAST_IMPROVEMENT
30200520000EB|26.08|26.53|2016|||54|01/01/2024||YEAR_LAST_IMPROVEMENT
30200520004NB|0.096|0.39|2009|||54|01/01/2024||YEAR_LAST_IMPROVEMENT
3030080000000|4.6|5.6|2024|||54|01/01/2024||YEAR_LAST_IMPROVEMENT
3030080000000|7.05|9.46|2024|||54|01/01/2024||YEAR_LAST_IMPROVEMENT
30201190000NB|12.88|14.28|2015|||54|01/01/2024||YEAR_LAST_IMPROVEMENT
5040001000000|2.16|2.29|2020|||54|01/01/2024||YEAR_LAST_IMPROVEMENT
5040003000000|3.75|3.85|2019|||54|01/01/2024||YEAR_LAST_IMPROVEMENT
5040003000000|3.94|4.06|2019|||54|01/01/2024||YEAR_LAST_IMPROVEMENT
5040003010000|0.09|0.65|2019|||54|01/01/2024||YEAR_LAST_IMPROVEMENT
5040003010000|0.65|0.68|2019|||54|01/01/2024||YEAR_LAST_IMPROVEMENT
5040003020000|0.0|0.64|2019|||54|01/01/2024||YEAR_LAST_IMPROVEMENT
5040003020000|0.64|1.25|2019|||54|01/01/2024||YEAR_LAST_IMPROVEMENT
5040007000000|17.84|18.87|2016|||54|01/01/2024||YEAR_LAST_IMPROVEMENT
5040007000000|19.35|19.76|2016|||54|01/01/2024||YEAR_LAST_IMPROVEMENT
5040008000000|0.0|0.45|2016|||54|01/01/2024||YEAR_LAST_IMPROVEMENT
5040009000000|1.92|3.59|2023|||54|01/01/2024||YEAR_LAST_IMPROVEMENT
5040009000000|0.65|1.92|2023|||54|01/01/2024||YEAR_LAST_IMPROVEMENT
5040012000000|3.176|4.65|2016|||54|01/01/2024||YEAR_LAST_IMPROVEMENT
50200520000EB|5.8|6.51|2019|||54|01/01/2024||YEAR_LAST_IMPROVEMENT
50200520000EB|29.12|31.4|2008|||54|01/01/2024||YEAR_LAST_IMPROVEMENT
50200600000EB|0.0|0.16|2018|||54|01/01/2024||YEAR_LAST_IMPROVEMENT
50200600000EB|0.16|0.24|2018|||54|01/01/2024||YEAR_LAST_IMPROVEMENT
50200600000EB|0.49|0.72|2018|||54|01/01/2024||YEAR_LAST_IMPROVEMENT
50200600000EB|1.13|1.83|2018|||54|01/01/2024||YEAR_LAST_IMPROVEMENT
50200600000EB|3.79|4.04|2011|||54|01/01/2024||YEAR_LAST_IMPROVEMENT
50200600000EB|4.04|4.39|2011|||54|01/01/2024||YEAR_LAST_IMPROVEMENT
5040060030000|1.37|1.47|2019|||54|01/01/2024||YEAR_LAST_IMPROVEMENT
5040060040000|1.24|2.4|2012|||54|01/01/2024||YEAR_LAST_IMPROVEMENT
5040060070000|0.24|0.87|2018|||54|01/01/2024||YEAR_LAST_IMPROVEMENT
5040060070000|0.87|1.44|2018|||54|01/01/2024||YEAR_LAST_IMPROVEMENT
50100640000EB|0.0|0.11|2017|||54|01/01/2024||YEAR_LAST_IMPROVEMENT
50100640000EB|0.11|1.25|2017|||54|01/01/2024||YEAR_LAST_IMPROVEMENT
50100640000EB|1.29|1.66|2015|||54|01/01/2024||YEAR_LAST_IMPROVEMENT
50100640000EB|1.66|2.17|2015|||54|01/01/2024||YEAR_LAST_IMPROVEMENT
50100640000EB|2.17|2.75|2015|||54|01/01/2024||YEAR_LAST_IMPROVEMENT
50100640000EB|2.75|4.22|2015|||54|01/01/2024||YEAR_LAST_IMPROVEMENT
50100640000EB|4.22|5.29|2015|||54|01/01/2024||YEAR_LAST_IMPROVEMENT
50100640000EB|5.29|5.87|2015|||54|01/01/2024||YEAR_LAST_IMPROVEMENT
5030152000000|29.86|30.39|2008|||54|01/01/2024||YEAR_LAST_IMPROVEMENT
5030152000000|40.4|43.98|2020|||54|01/01/2024||YEAR_LAST_IMPROVEMENT
5030152000000|43.98|44.59|2020|||54|01/01/2024||YEAR_LAST_IMPROVEMENT
2440009000000|7.87|9.2|2013|||54|01/01/2024||YEAR_LAST_IMPROVEMENT
2430016000000|0.06|1.73|2023|||54|01/01/2024||YEAR_LAST_IMPROVEMENT
2430016000000|4.05|6.18|2023|||54|01/01/2024||YEAR_LAST_IMPROVEMENT
2430016000000|9.47|10.14|2015|||54|01/01/2024||YEAR_LAST_IMPROVEMENT
2430016000000|13.75|14.05|1992|||54|01/01/2024||YEAR_LAST_IMPROVEMENT
2430016000000|16.06|19.56|2006|||54|01/01/2024||YEAR_LAST_IMPROVEMENT
2430016000000|19.56|20.79|1994|||54|01/01/2024||YEAR_LAST_IMPROVEMENT
2430016000000|20.79|22.05|1995|||54|01/01/2024||YEAR_LAST_IMPROVEMENT
2430016000000|22.05|23.76|2016|||54|01/01/2024||YEAR_LAST_IMPROVEMENT
2430016000000|23.76|24.86|1993|||54|01/01/2024||YEAR_LAST_IMPROVEMENT
2430016000000|29.19|29.41|2024|||54|01/01/2024||YEAR_LAST_IMPROVEMENT
2430016000000|32.7|35.38|2021|||54|01/01/2024||YEAR_LAST_IMPROVEMENT
24200520000EB|2.54|3.72|2003|||54|01/01/2024||YEAR_LAST_IMPROVEMENT
24200520000EB|5.19|6.4|2018|||54|01/01/2024||YEAR_LAST_IMPROVEMENT
24200520000EB|6.4|7.91|2016|||54|01/01/2024||YEAR_LAST_IMPROVEMENT
24200520000EB|9.59|12.82|2016|||54|01/01/2024||YEAR_LAST_IMPROVEMENT
24200520000EB|24.59|26.77|2024|||54|01/01/2024||YEAR_LAST_IMPROVEMENT
2430083000000|0.0|6.42|2024|||54|01/01/2024||YEAR_LAST_IMPROVEMENT
2430083000000|6.42|7.46|2020|||54|01/01/2024||YEAR_LAST_IMPROVEMENT
2430083000000|7.94|8.06|2002|||54|01/01/2024||YEAR_LAST_IMPROVEMENT
2430083000000|17.6|18.01|2021|||54|01/01/2024||YEAR_LAST_IMPROVEMENT
2430083000000|14.092|17.6|2021|||54|01/01/2024||YEAR_LAST_IMPROVEMENT
28200520000EB|12.97|13.39|2019|||54|01/01/2024||YEAR_LAST_IMPROVEMENT
28200520000EB|13.44|13.67|2019|||54|01/01/2024||YEAR_LAST_IMPROVEMENT
2840052200000|0.001|0.82|2015|||54|01/01/2024||YEAR_LAST_IMPROVEMENT
2840007050000|1.11|1.83|2005|||54|01/01/2024||YEAR_LAST_IMPROVEMENT
2840007050000|1.836|2.1|2005|||54|01/01/2024||YEAR_LAST_IMPROVEMENT
2840011000000|0.08|0.58|2001|||54|01/01/2024||YEAR_LAST_IMPROVEMENT
2840014000000|0.0|0.63|2014|||54|01/01/2024||YEAR_LAST_IMPROVEMENT
2840016000000|1.7|2.5|2010|||54|01/01/2024||YEAR_LAST_IMPROVEMENT
2840016000000|2.5|2.614|2010|||54|01/01/2024||YEAR_LAST_IMPROVEMENT
2840016010000|0.59|0.74|2016|||54|01/01/2024||YEAR_LAST_IMPROVEMENT
2840016100000|0.0|0.66|2012|||54|01/01/2024||YEAR_LAST_IMPROVEMENT
28200190000NB|2.88|3.87|2020|||54|01/01/2024||YEAR_LAST_IMPROVEMENT
28200190000NB|6.01|7.44|2021|||54|01/01/2024||YEAR_LAST_IMPROVEMENT
28200190000NB|10.69|10.73|2007|||54|01/01/2024||YEAR_LAST_IMPROVEMENT
28200190000NB|10.73|11.63|2007|||54|01/01/2024||YEAR_LAST_IMPROVEMENT
2840019290000|0.0|2.54|2019|||54|01/01/2024||YEAR_LAST_IMPROVEMENT
2840019290000|2.54|3.32|2019|||54|01/01/2024||YEAR_LAST_IMPROVEMENT
2830020000000|4.23|5.2|2015|||54|01/01/2024||YEAR_LAST_IMPROVEMENT
2830020000000|10.32|11.4|2016|||54|01/01/2024||YEAR_LAST_IMPROVEMENT
2830020000000|12.05|12.78|2014|||54|01/01/2024||YEAR_LAST_IMPROVEMENT
2840021010000|0.0|0.89|2002|||54|01/01/2024||YEAR_LAST_IMPROVEMENT
2840024000000|0.0|0.3|2015|||54|01/01/2024||YEAR_LAST_IMPROVEMENT
2840024000000|0.3|2.789|2017|||54|01/01/2024||YEAR_LAST_IMPROVEMENT
2840025000000|0.0|0.57|2019|||54|01/01/2024||YEAR_LAST_IMPROVEMENT
2840025000000|0.57|1.53|2019|||54|01/01/2024||YEAR_LAST_IMPROVEMENT
2840027000000|0.0|1.57|2017|||54|01/01/2024||YEAR_LAST_IMPROVEMENT
2840027000000|2.12|2.59|2017|||54|01/01/2024||YEAR_LAST_IMPROVEMENT
28200520000EB|6.96|7.76|2002|||54|01/01/2024||YEAR_LAST_IMPROVEMENT
28200520004NB|0.0|0.22|2023|||54|01/01/2024||YEAR_LAST_IMPROVEMENT
28200520018EB|0.0|0.02|2023|||54|01/01/2024||YEAR_LAST_IMPROVEMENT
28100770000NB|0.69|2.56|2018|||54|01/01/2024||YEAR_LAST_IMPROVEMENT
2830104000000|1.93|1.95|2018|||54|01/01/2024||YEAR_LAST_IMPROVEMENT
2830104000000|1.95|2.65|2018|||54|01/01/2024||YEAR_LAST_IMPROVEMENT
28204600000EB|0.029|1.06|2019|||54|01/01/2024||YEAR_LAST_IMPROVEMENT
28204600000EB|1.33|2.9|2019|||54|01/01/2024||YEAR_LAST_IMPROVEMENT
28204600000EB|2.9|3.09|2015|||54|01/01/2024||YEAR_LAST_IMPROVEMENT
28204600000EB|4.29|5.38|2010|||54|01/01/2024||YEAR_LAST_IMPROVEMENT
28204600000EB|13.48|14.72|2006|||54|01/01/2024||YEAR_LAST_IMPROVEMENT
28204600000EB|14.72|15.15|2006|||54|01/01/2024||YEAR_LAST_IMPROVEMENT
2830598000000|0.0|2.13|1992|||54|01/01/2024||YEAR_LAST_IMPROVEMENT
2830598000000|2.4|2.59|1992|||54|01/01/2024||YEAR_LAST_IMPROVEMENT
2830598000000|2.59|2.98|2019|||54|01/01/2024||YEAR_LAST_IMPROVEMENT
4140001000000|1.95|3.4|1995|||54|01/01/2024||YEAR_LAST_IMPROVEMENT
4140001000000|3.4|4.14|1995|||54|01/01/2024||YEAR_LAST_IMPROVEMENT
4130003000000|37.1|37.73|2010|||54|01/01/2024||YEAR_LAST_IMPROVEMENT
4130003000000|35.98|36.18|2015|||54|01/01/2024||YEAR_LAST_IMPROVEMENT
4130003000000|36.23|36.49|2011|||54|01/01/2024||YEAR_LAST_IMPROVEMENT
4140003180000|2.77|3.51|2018|||54|01/01/2024||YEAR_LAST_IMPROVEMENT
4140004030000|0.0|0.47|2019|||54|01/01/2024||YEAR_LAST_IMPROVEMENT
4140006000000|0.0|0.14|2014|||54|01/01/2024||YEAR_LAST_IMPROVEMENT
4140006000000|0.91|1.13|2014|||54|01/01/2024||YEAR_LAST_IMPROVEMENT
4140006020000|1.57|1.69|2019|||54|01/01/2024||YEAR_LAST_IMPROVEMENT
4140006030000|0.53|1.48|2006|||54|01/01/2024||YEAR_LAST_IMPROVEMENT
41100640000EB|128.91|129.49|2022|||54|01/01/2024||YEAR_LAST_IMPROVEMENT
41100640000EB|129.49|132.0|2022|||54|01/01/2024||YEAR_LAST_IMPROVEMENT
4140008000000|0.0|0.11|2021|||54|01/01/2024||YEAR_LAST_IMPROVEMENT
4140008000000|0.19|0.75|2021|||54|01/01/2024||YEAR_LAST_IMPROVEMENT
4140008010000|1.02|1.6|2024|||54|01/01/2024||YEAR_LAST_IMPROVEMENT
4140008030000|0.0|0.65|2013|||54|01/01/2024||YEAR_LAST_IMPROVEMENT
4140011000000|0.0|1.26|2024|||54|01/01/2024||YEAR_LAST_IMPROVEMENT
4130016000000|14.42|14.72|2019|||54|01/01/2024||YEAR_LAST_IMPROVEMENT
4130016000000|14.72|15.08|2019|||54|01/01/2024||YEAR_LAST_IMPROVEMENT
4130016000000|15.65|15.81|2011|||54|01/01/2024||YEAR_LAST_IMPROVEMENT
4130016000000|9.485|9.8|2019|||54|01/01/2024||YEAR_LAST_IMPROVEMENT
4130016000000|15.08|15.61|2019|||54|01/01/2024||YEAR_LAST_IMPROVEMENT
4140016100000|0.53|0.9|2020|||54|01/01/2024||YEAR_LAST_IMPROVEMENT
4140018000000|2.99|3.0|2018|||54|01/01/2024||YEAR_LAST_IMPROVEMENT
4140018000000|3.0|3.51|2018|||54|01/01/2024||YEAR_LAST_IMPROVEMENT
4140018000000|3.51|4.41|2018|||54|01/01/2024||YEAR_LAST_IMPROVEMENT
41200190000NB|0.0|2.17|2021|||54|01/01/2024||YEAR_LAST_IMPROVEMENT
41200190000NB|17.18|17.95|2017|||54|01/01/2024||YEAR_LAST_IMPROVEMENT
41200190000NB|18.31|18.408|2017|||54|01/01/2024||YEAR_LAST_IMPROVEMENT
41200190000NB|18.635|19.329|2021|||54|01/01/2024||YEAR_LAST_IMPROVEMENT
41200190000NB|19.8|21.61|2009|||54|01/01/2024||YEAR_LAST_IMPROVEMENT
41200190000NB|16.669|16.925|2017|||54|01/01/2024||YEAR_LAST_IMPROVEMENT
4140019030000|0.387|0.5|2023|||54|01/01/2024||YEAR_LAST_IMPROVEMENT
4140019030000|0.5|0.98|2023|||54|01/01/2024||YEAR_LAST_IMPROVEMENT
41200190014NB|0.0|2.63|2019|||54|01/01/2024||YEAR_LAST_IMPROVEMENT
4140025000000|3.7|5.9|2023|||54|01/01/2024||YEAR_LAST_IMPROVEMENT
4130041000000|0.0|0.71|2000|||54|01/01/2024||YEAR_LAST_IMPROVEMENT
4130041000000|1.85|1.99|2005|||54|01/01/2024||YEAR_LAST_IMPROVEMENT
4130041000000|1.99|2.19|1997|||54|01/01/2024||YEAR_LAST_IMPROVEMENT
4140041210000|0.0|1.63|2019|||54|01/01/2024||YEAR_LAST_IMPROVEMENT
4140048000000|0.0|1.9|2023|||54|01/01/2024||YEAR_LAST_IMPROVEMENT
4130054000000|2.48|4.86|2003|||54|01/01/2024||YEAR_LAST_IMPROVEMENT
4130054000000|10.14|10.33|1999|||54|01/01/2024||YEAR_LAST_IMPROVEMENT
4130061000000|2.604|3.29|2005|||54|01/01/2024||YEAR_LAST_IMPROVEMENT
41100640000EB|120.1|120.5|2022|||54|01/01/2024||YEAR_LAST_IMPROVEMENT
41100640000EB|120.69|122.62|2022|||54|01/01/2024||YEAR_LAST_IMPROVEMENT
41100640000EB|122.62|122.71|2022|||54|01/01/2024||YEAR_LAST_IMPROVEMENT
41100640000EB|122.71|123.18|2022|||54|01/01/2024||YEAR_LAST_IMPROVEMENT
41100640000EB|123.18|123.3|2022|||54|01/01/2024||YEAR_LAST_IMPROVEMENT
41100640000EB|124.9|125.65|2022|||54|01/01/2024||YEAR_LAST_IMPROVEMENT
41100640000EB|125.65|126.6|2022|||54|01/01/2024||YEAR_LAST_IMPROVEMENT
41100640000EB|126.65|127.0|2022|||54|01/01/2024||YEAR_LAST_IMPROVEMENT
41100640000EB|127.0|127.58|2022|||54|01/01/2024||YEAR_LAST_IMPROVEMENT
41100640000EB|132.0|132.53|2012|||54|01/01/2024||YEAR_LAST_IMPROVEMENT
41100640000EB|132.84|137.48|2012|||54|01/01/2024||YEAR_LAST_IMPROVEMENT
41100640000EB|137.48|138.01|2011|||54|01/01/2024||YEAR_LAST_IMPROVEMENT
4130210000000|1.2|1.89|2020|||54|01/01/2024||YEAR_LAST_IMPROVEMENT
4130210000000|1.89|2.79|2020|||54|01/01/2024||YEAR_LAST_IMPROVEMENT
4130307000000|4.55|5.59|2021|||54|01/01/2024||YEAR_LAST_IMPROVEMENT
4130307000000|7.42|8.45|2020|||54|01/01/2024||YEAR_LAST_IMPROVEMENT
5530010000000|24.14|24.38|2021|||54|01/01/2024||YEAR_LAST_IMPROVEMENT
5530016000000|1.73|3.33|2018|||54|01/01/2024||YEAR_LAST_IMPROVEMENT
5530016000000|6.42|8.95|2009|||54|01/01/2024||YEAR_LAST_IMPROVEMENT
5530016000000|10.99|11.4|2023|||54|01/01/2024||YEAR_LAST_IMPROVEMENT
55200520000EB|0.0|1.4|2002|||54|01/01/2024||YEAR_LAST_IMPROVEMENT
55200520000EB|4.78|7.65|2023|||54|01/01/2024||YEAR_LAST_IMPROVEMENT
55200520000EB|7.65|8.34|2018|||54|01/01/2024||YEAR_LAST_IMPROVEMENT
5530097000000|21.56|22.26|1996|||54|01/01/2024||YEAR_LAST_IMPROVEMENT
5530097000000|22.83|23.2|1996|||54|01/01/2024||YEAR_LAST_IMPROVEMENT
5530097000000|28.09|32.88|2024|||54|01/01/2024||YEAR_LAST_IMPROVEMENT
0340005000000|15.1|17.57|2011|||54|01/01/2024||YEAR_LAST_IMPROVEMENT
0330085000000|10.67|13.13|2020|||54|01/01/2024||YEAR_LAST_IMPROVEMENT
0330094000000|0.0|3.01|2024|||54|01/01/2024||YEAR_LAST_IMPROVEMENT
0330003000000|8.17|11.14|2017|||54|01/01/2024||YEAR_LAST_IMPROVEMENT
03201190000NB|0.0|2.93|2015|||54|01/01/2024||YEAR_LAST_IMPROVEMENT
03201190000NB|9.44|11.49|2013|||54|01/01/2024||YEAR_LAST_IMPROVEMENT
03201190000NB|11.49|12.36|2013|||54|01/01/2024||YEAR_LAST_IMPROVEMENT
03201190000NB|12.83|13.54|1973|||54|01/01/2024||YEAR_LAST_IMPROVEMENT
03201190000NB|16.97|17.83|1973|||54|01/01/2024||YEAR_LAST_IMPROVEMENT
0830036000000|2.48|4.2|2010|||54|01/01/2024||YEAR_LAST_IMPROVEMENT
0830016000000|19.19|20.35|2024|||54|01/01/2024||YEAR_LAST_IMPROVEMENT
08100790000NB|36.0|39.91|2018|||54|01/01/2024||YEAR_LAST_IMPROVEMENT
08100790000NB|39.91|41.43|2016|||54|01/01/2024||YEAR_LAST_IMPROVEMENT
08100790000NB|41.43|44.6|2016|||54|01/01/2024||YEAR_LAST_IMPROVEMENT
0830004000000|21.98|22.98|2019|||54|01/01/2024||YEAR_LAST_IMPROVEMENT
20100790000NB|0.0|0.81|2017|||54|01/01/2024||YEAR_LAST_IMPROVEMENT
20100790000NB|0.81|1.95|2017|||54|01/01/2024||YEAR_LAST_IMPROVEMENT
20100790000NB|1.95|2.24|2017|||54|01/01/2024||YEAR_LAST_IMPROVEMENT
20100790000NB|4.51|5.42|2011|||54|01/01/2024||YEAR_LAST_IMPROVEMENT
20100790000NB|5.42|5.56|2017|||54|01/01/2024||YEAR_LAST_IMPROVEMENT
20100790000NB|5.56|6.12|2024|||54|01/01/2024||YEAR_LAST_IMPROVEMENT
20100790000NB|6.82|7.19|2024|||54|01/01/2024||YEAR_LAST_IMPROVEMENT
20100790000NB|9.97|10.64|2017|||54|01/01/2024||YEAR_LAST_IMPROVEMENT
20100790000NB|10.64|16.04|2014|||54|01/01/2024||YEAR_LAST_IMPROVEMENT
20100790000NB|16.04|19.22|2012|||54|01/01/2024||YEAR_LAST_IMPROVEMENT
20100790000NB|19.22|20.62|2014|||54|01/01/2024||YEAR_LAST_IMPROVEMENT
20100790000NB|20.62|21.28|2014|||54|01/01/2024||YEAR_LAST_IMPROVEMENT
20100640000EB|45.39|47.44|2018|||54|01/01/2024||YEAR_LAST_IMPROVEMENT
20100640000EB|47.44|48.4|2018|||54|01/01/2024||YEAR_LAST_IMPROVEMENT
20100640000EB|48.4|49.75|2018|||54|01/01/2024||YEAR_LAST_IMPROVEMENT
20100640000EB|49.75|50.11|2013|||54|01/01/2024||YEAR_LAST_IMPROVEMENT
20100640000EB|50.11|51.56|2013|||54|01/01/2024||YEAR_LAST_IMPROVEMENT
20100640000EB|51.56|52.38|2013|||54|01/01/2024||YEAR_LAST_IMPROVEMENT
20100640000EB|52.73|53.75|2010|||54|01/01/2024||YEAR_LAST_IMPROVEMENT
20100640000EB|53.75|54.37|2010|||54|01/01/2024||YEAR_LAST_IMPROVEMENT
20100640000EB|54.37|54.8|2009|||54|01/01/2024||YEAR_LAST_IMPROVEMENT
20100640000EB|54.8|55.21|2009|||54|01/01/2024||YEAR_LAST_IMPROVEMENT
20100640000EB|55.21|56.33|2009|||54|01/01/2024||YEAR_LAST_IMPROVEMENT
20100640000EB|56.33|57.02|2009|||54|01/01/2024||YEAR_LAST_IMPROVEMENT
20100640000EB|57.02|57.48|2009|||54|01/01/2024||YEAR_LAST_IMPROVEMENT
20200600000EB|2.44|2.86|2015|||54|01/01/2024||YEAR_LAST_IMPROVEMENT
20200600000EB|6.2|6.92|2012|||54|01/01/2024||YEAR_LAST_IMPROVEMENT
20200600000EB|9.19|10.9|2009|||54|01/01/2024||YEAR_LAST_IMPROVEMENT
20200600000EB|16.07|16.48|2015|||54|01/01/2024||YEAR_LAST_IMPROVEMENT
20200600000EB|23.08|23.52|2015|||54|01/01/2024||YEAR_LAST_IMPROVEMENT
20200600000EB|28.43|29.18|2015|||54|01/01/2024||YEAR_LAST_IMPROVEMENT
20100770000NB|99.12|100.07|2012|||54|01/01/2024||YEAR_LAST_IMPROVEMENT
20100770000NB|100.07|100.28|2012|||54|01/01/2024||YEAR_LAST_IMPROVEMENT
20100770000NB|101.65|102.16|2009|||54|01/01/2024||YEAR_LAST_IMPROVEMENT
20100770000NB|102.66|103.69|2009|||54|01/01/2024||YEAR_LAST_IMPROVEMENT
20100770000NB|103.69|104.81|2011|||54|01/01/2024||YEAR_LAST_IMPROVEMENT
20100770000NB|104.81|105.002|2011|||54|01/01/2024||YEAR_LAST_IMPROVEMENT
20100770000NB|106.17|107.6|2011|||54|01/01/2024||YEAR_LAST_IMPROVEMENT
20100770000NB|113.47|114.59|2010|||54|01/01/2024||YEAR_LAST_IMPROVEMENT
20100770000NB|114.59|116.05|2010|||54|01/01/2024||YEAR_LAST_IMPROVEMENT
20100770000NB|116.05|116.66|2010|||54|01/01/2024||YEAR_LAST_IMPROVEMENT
20100770000NB|116.66|117.5|2010|||54|01/01/2024||YEAR_LAST_IMPROVEMENT
2040025260000|0.0|0.31|2019|||54|01/01/2024||YEAR_LAST_IMPROVEMENT
2040025260000|0.4|0.71|2019|||54|01/01/2024||YEAR_LAST_IMPROVEMENT
2040114010000|0.0|1.07|2024|||54|01/01/2024||YEAR_LAST_IMPROVEMENT
20200600007WB|7.93|8.1|2015|||54|01/01/2024||YEAR_LAST_IMPROVEMENT
20201190000NB|14.22|16.28|2022|||54|01/01/2024||YEAR_LAST_IMPROVEMENT
20300610006EB|0.0|0.19|2024|||54|01/01/2024||YEAR_LAST_IMPROVEMENT
2040016000000|4.25|5.42|2023|||54|01/01/2024||YEAR_LAST_IMPROVEMENT
2040073000000|0.0|1.18|2015|||54|01/01/2024||YEAR_LAST_IMPROVEMENT
2040046000000|0.0|0.41|2012|||54|01/01/2024||YEAR_LAST_IMPROVEMENT
2030061000000|23.75|25.8|2023|||54|01/01/2024||YEAR_LAST_IMPROVEMENT
2030062000000|7.93|8.26|2024|||54|01/01/2024||YEAR_LAST_IMPROVEMENT
2040023000000|2.48|2.67|2024|||54|01/01/2024||YEAR_LAST_IMPROVEMENT
2040023000000|2.67|3.6|2024|||54|01/01/2024||YEAR_LAST_IMPROVEMENT
2030622000000|1.96|2.13|2024|||54|01/01/2024||YEAR_LAST_IMPROVEMENT
2030622000000|2.72|3.79|2019|||54|01/01/2024||YEAR_LAST_IMPROVEMENT
2040011000000|0.899|0.95|2024|||54|01/01/2024||YEAR_LAST_IMPROVEMENT
2040025250000|0.0|0.15|2015|||54|01/01/2024||YEAR_LAST_IMPROVEMENT
2040025250000|0.15|2.17|2015|||54|01/01/2024||YEAR_LAST_IMPROVEMENT
2040022000000|0.86|1.19|2019|||54|01/01/2024||YEAR_LAST_IMPROVEMENT
2040022000000|1.19|2.47|2019|||54|01/01/2024||YEAR_LAST_IMPROVEMENT
2040027000000|5.07|7.24|2024|||54|01/01/2024||YEAR_LAST_IMPROVEMENT
2040160070000|0.0|0.27|2019|||54|01/01/2024||YEAR_LAST_IMPROVEMENT
2040160070000|0.27|0.51|2019|||54|01/01/2024||YEAR_LAST_IMPROVEMENT
27200350000NB|9.534|10.26|2010|||54|01/01/2024||YEAR_LAST_IMPROVEMENT
27200350000NB|11.422|11.76|2010|||54|01/01/2024||YEAR_LAST_IMPROVEMENT
27200350000NB|16.293|16.47|2024|||54|01/01/2024||YEAR_LAST_IMPROVEMENT
27200350000NB|16.507|17.102|2024|||54|01/01/2024||YEAR_LAST_IMPROVEMENT
27200350000NB|17.226|17.39|2024|||54|01/01/2024||YEAR_LAST_IMPROVEMENT
27200350000NB|17.632|17.753|2024|||54|01/01/2024||YEAR_LAST_IMPROVEMENT
27200350000NB|17.753|18.071|2024|||54|01/01/2024||YEAR_LAST_IMPROVEMENT
27200350000NB|18.097|18.46|2024|||54|01/01/2024||YEAR_LAST_IMPROVEMENT
2740001040000|1.647|1.65|2024|||54|01/01/2024||YEAR_LAST_IMPROVEMENT
2730002000000|1.39|3.15|2012|||54|01/01/2024||YEAR_LAST_IMPROVEMENT
2730002000000|15.93|18.05|2017|||54|01/01/2024||YEAR_LAST_IMPROVEMENT
2730002000000|18.91|19.89|2018|||54|01/01/2024||YEAR_LAST_IMPROVEMENT
2730002000000|29.27|35.98|2015|||54|01/01/2024||YEAR_LAST_IMPROVEMENT
2730062000000|19.72|20.33|2012|||54|01/01/2024||YEAR_LAST_IMPROVEMENT
2730062000000|20.33|20.53|2012|||54|01/01/2024||YEAR_LAST_IMPROVEMENT
2730062000000|20.55|21.94|2012|||54|01/01/2024||YEAR_LAST_IMPROVEMENT
40100640000EB|31.77|32.57|2018|||54|01/01/2024||YEAR_LAST_IMPROVEMENT
40100640000EB|32.57|33.45|2018|||54|01/01/2024||YEAR_LAST_IMPROVEMENT
40100640000EB|33.45|34.45|2018|||54|01/01/2024||YEAR_LAST_IMPROVEMENT
40100640000EB|34.45|36.27|2018|||54|01/01/2024||YEAR_LAST_IMPROVEMENT
40100640000EB|40.46|40.568|2009|||54|01/01/2024||YEAR_LAST_IMPROVEMENT
40100640000EB|41.66|41.86|2009|||54|01/01/2024||YEAR_LAST_IMPROVEMENT
40100640000EB|41.86|41.89|2009|||54|01/01/2024||YEAR_LAST_IMPROVEMENT
40100640000EB|42.79|43.77|2009|||54|01/01/2024||YEAR_LAST_IMPROVEMENT
40100640000EB|43.77|44.47|2009|||54|01/01/2024||YEAR_LAST_IMPROVEMENT
40100640000EB|44.47|44.78|2018|||54|01/01/2024||YEAR_LAST_IMPROVEMENT
4040031000000|0.0|0.3|2024|||54|01/01/2024||YEAR_LAST_IMPROVEMENT
40200350000NB|0.29|0.65|2006|||54|01/01/2024||YEAR_LAST_IMPROVEMENT
40200350000NB|1.36|1.6|2006|||54|01/01/2024||YEAR_LAST_IMPROVEMENT
40200350000NB|1.64|2.06|2006|||54|01/01/2024||YEAR_LAST_IMPROVEMENT
40200350000NB|2.1|2.532|2006|||54|01/01/2024||YEAR_LAST_IMPROVEMENT
4040012000000|4.71|8.19|2024|||54|01/01/2024||YEAR_LAST_IMPROVEMENT
4040012000000|8.19|10.77|2024|||54|01/01/2024||YEAR_LAST_IMPROVEMENT
4040012000000|10.77|12.37|2024|||54|01/01/2024||YEAR_LAST_IMPROVEMENT
4040050000000|13.38|14.06|2012|||54|01/01/2024||YEAR_LAST_IMPROVEMENT
4040046000000|0.0|2.29|2010|||54|01/01/2024||YEAR_LAST_IMPROVEMENT
4030034000000|14.57|14.97|2024|||54|01/01/2024||YEAR_LAST_IMPROVEMENT
4030034000000|15.27|15.39|2024|||54|01/01/2024||YEAR_LAST_IMPROVEMENT
4030034000000|15.39|15.68|2024|||54|01/01/2024||YEAR_LAST_IMPROVEMENT
4030034000000|15.68|17.018|2024|||54|01/01/2024||YEAR_LAST_IMPROVEMENT
4030025000000|0.0|0.63|2020|||54|01/01/2024||YEAR_LAST_IMPROVEMENT
07200330000EB|0.09|2.33|2012|||54|01/01/2024||YEAR_LAST_IMPROVEMENT
07200330000EB|3.68|5.03|2013|||54|01/01/2024||YEAR_LAST_IMPROVEMENT
07200330000EB|6.62|8.3|2015|||54|01/01/2024||YEAR_LAST_IMPROVEMENT
0730005000000|12.09|12.62|2016|||54|01/01/2024||YEAR_LAST_IMPROVEMENT
1840021000000|19.64|20.96|2011|||54|01/01/2024||YEAR_LAST_IMPROVEMENT
1840021000000|28.32|29.88|2014|||54|01/01/2024||YEAR_LAST_IMPROVEMENT
18200330000EB|3.32|3.46|2023|||54|01/01/2024||YEAR_LAST_IMPROVEMENT
18200330000EB|11.09|11.48|2023|||54|01/01/2024||YEAR_LAST_IMPROVEMENT
18200330000EB|21.43|24.76|2024|||54|01/01/2024||YEAR_LAST_IMPROVEMENT
1830002000000|0.0|2.72|2023|||54|01/01/2024||YEAR_LAST_IMPROVEMENT
1830002000000|2.76|3.88|2023|||54|01/01/2024||YEAR_LAST_IMPROVEMENT
1830002000000|10.86|11.0|2015|||54|01/01/2024||YEAR_LAST_IMPROVEMENT
1830002000000|11.14|11.28|2015|||54|01/01/2024||YEAR_LAST_IMPROVEMENT
18100770000NB|132.44|137.74|2016|||54|01/01/2024||YEAR_LAST_IMPROVEMENT
18100770000NB|137.74|138.83|2013|||54|01/01/2024||YEAR_LAST_IMPROVEMENT
18100770000NB|138.83|145.99|2013|||54|01/01/2024||YEAR_LAST_IMPROVEMENT
18100770000NB|145.99|150.45|2021|||54|01/01/2024||YEAR_LAST_IMPROVEMENT
18100770000NB|153.79|154.41|2018|||54|01/01/2024||YEAR_LAST_IMPROVEMENT
18100770000NB|154.41|156.01|2018|||54|01/01/2024||YEAR_LAST_IMPROVEMENT
18100770000NB|156.01|156.99|2018|||54|01/01/2024||YEAR_LAST_IMPROVEMENT
3730002000000|3.71|4.75|2021|||54|01/01/2024||YEAR_LAST_IMPROVEMENT
3730002000000|5.72|6.86|2023|||54|01/01/2024||YEAR_LAST_IMPROVEMENT
3730002000000|14.95|17.49|2016|||54|01/01/2024||YEAR_LAST_IMPROVEMENT
3730016000000|7.411|8.235|2023|||54|01/01/2024||YEAR_LAST_IMPROVEMENT
43200500000EB|0.0|2.86|2024|||54|01/01/2024||YEAR_LAST_IMPROVEMENT
43200500000EB|13.57|14.78|2024|||54|01/01/2024||YEAR_LAST_IMPROVEMENT
4330053000000|0.0|1.4|2014|||54|01/01/2024||YEAR_LAST_IMPROVEMENT
44200330000EB|4.33|5.61|2017|||54|01/01/2024||YEAR_LAST_IMPROVEMENT
44200330000EB|6.75|9.1|2011|||54|01/01/2024||YEAR_LAST_IMPROVEMENT
44200330000EB|15.77|17.73|2011|||54|01/01/2024||YEAR_LAST_IMPROVEMENT
5330014000000|19.34|20.71|2015|||54|01/01/2024||YEAR_LAST_IMPROVEMENT
5440047040000|0.0|0.23|2015|||54|01/01/2024||YEAR_LAST_IMPROVEMENT
5440014160000|0.18|0.86|2018|||54|01/01/2024||YEAR_LAST_IMPROVEMENT
5440014160000|0.86|1.23|2015|||54|01/01/2024||YEAR_LAST_IMPROVEMENT
5440014160000|2.89|3.83|2016|||54|01/01/2024||YEAR_LAST_IMPROVEMENT
5430014000100|0.0|0.63|2018|||54|01/01/2024||YEAR_LAST_IMPROVEMENT
5430068000000|0.0|0.35|2017|||54|01/01/2024||YEAR_LAST_IMPROVEMENT
5430047000000|0.45|0.56|2015|||54|01/01/2024||YEAR_LAST_IMPROVEMENT
5440014140000|0.0|0.66|2018|||54|01/01/2024||YEAR_LAST_IMPROVEMENT
5430014000000|11.28|11.76|2019|||54|01/01/2024||YEAR_LAST_IMPROVEMENT
5430014000000|12.38|12.45|2024|||54|01/01/2024||YEAR_LAST_IMPROVEMENT
5430014000000|12.45|12.71|2024|||54|01/01/2024||YEAR_LAST_IMPROVEMENT
5430014000000|12.71|12.88|2024|||54|01/01/2024||YEAR_LAST_IMPROVEMENT
5430014000000|12.88|13.0|2024|||54|01/01/2024||YEAR_LAST_IMPROVEMENT
5430014000000|13.22|13.39|2024|||54|01/01/2024||YEAR_LAST_IMPROVEMENT
5430014000000|15.19|15.32|2020|||54|01/01/2024||YEAR_LAST_IMPROVEMENT
5430014000000|15.32|15.45|2020|||54|01/01/2024||YEAR_LAST_IMPROVEMENT
5430014000000|16.1|16.76|2020|||54|01/01/2024||YEAR_LAST_IMPROVEMENT
54100770000NB|156.99|158.69|2011|||54|01/01/2024||YEAR_LAST_IMPROVEMENT
54100770000NB|158.69|160.13|2021|||54|01/01/2024||YEAR_LAST_IMPROVEMENT
54100770000NB|160.13|160.38|2021|||54|01/01/2024||YEAR_LAST_IMPROVEMENT
54100770000NB|160.38|161.66|2015|||54|01/01/2024||YEAR_LAST_IMPROVEMENT
54100770000NB|161.66|162.73|2015|||54|01/01/2024||YEAR_LAST_IMPROVEMENT
54100770000NB|162.73|165.16|2020|||54|01/01/2024||YEAR_LAST_IMPROVEMENT
54100770000NB|165.16|168.205|2020|||54|01/01/2024||YEAR_LAST_IMPROVEMENT
54100770000NB|168.205|168.37|2020|||54|01/01/2024||YEAR_LAST_IMPROVEMENT
54100770000NB|168.37|172.29|2018|||54|01/01/2024||YEAR_LAST_IMPROVEMENT
54100770000NB|176.46|176.76|2023|||54|01/01/2024||YEAR_LAST_IMPROVEMENT
54100770000NB|176.76|177.928|2023|||54|01/01/2024||YEAR_LAST_IMPROVEMENT
54100770000NB|180.18|181.67|2023|||54|01/01/2024||YEAR_LAST_IMPROVEMENT
54100770000NB|181.67|181.674|2023|||54|01/01/2024||YEAR_LAST_IMPROVEMENT
54100770000NB|181.674|185.34|2023|||54|01/01/2024||YEAR_LAST_IMPROVEMENT
54100770000NB|185.34|185.64|2023|||54|01/01/2024||YEAR_LAST_IMPROVEMENT
54100770000NB|185.64|186.72|2012|||54|01/01/2024||YEAR_LAST_IMPROVEMENT
54100770000NB|186.72|187.21|2012|||54|01/01/2024||YEAR_LAST_IMPROVEMENT
54200500000EB|8.94|10.02|2021|||54|01/01/2024||YEAR_LAST_IMPROVEMENT
5430095000000|3.77|3.99|2011|||54|01/01/2024||YEAR_LAST_IMPROVEMENT
5430095000000|6.44|6.58|2010|||54|01/01/2024||YEAR_LAST_IMPROVEMENT
5440001000000|6.32|6.67|2024|||54|01/01/2024||YEAR_LAST_IMPROVEMENT
5440001000000|6.67|7.17|2024|||54|01/01/2024||YEAR_LAST_IMPROVEMENT
5440021020000|0.0|0.39|2011|||54|01/01/2024||YEAR_LAST_IMPROVEMENT
5440021020000|0.5|1.98|2011|||54|01/01/2024||YEAR_LAST_IMPROVEMENT
09200500000EB|0.0|3.98|2017|||54|01/01/2024||YEAR_LAST_IMPROVEMENT
09200500000EB|3.98|5.61|2010|||54|01/01/2024||YEAR_LAST_IMPROVEMENT
09200500000EB|5.63|6.54|2016|||54|01/01/2024||YEAR_LAST_IMPROVEMENT
09200500000EB|8.26|8.8|2024|||54|01/01/2024||YEAR_LAST_IMPROVEMENT
09200500000EB|8.8|9.75|2016|||54|01/01/2024||YEAR_LAST_IMPROVEMENT
09200500000EB|9.75|11.01|2017|||54|01/01/2024||YEAR_LAST_IMPROVEMENT
09200500000EB|11.43|12.1|2024|||54|01/01/2024||YEAR_LAST_IMPROVEMENT
09200500000EB|12.1|12.96|2024|||54|01/01/2024||YEAR_LAST_IMPROVEMENT
09200500000EB|17.75|18.87|2016|||54|01/01/2024||YEAR_LAST_IMPROVEMENT
17100790000NB|106.42|107.57|2015|||54|01/01/2024||YEAR_LAST_IMPROVEMENT
17100790000NB|107.57|107.94|2015|||54|01/01/2024||YEAR_LAST_IMPROVEMENT
17100790000NB|107.94|109.77|2015|||54|01/01/2024||YEAR_LAST_IMPROVEMENT
17100790000NB|109.77|110.29|2017|||54|01/01/2024||YEAR_LAST_IMPROVEMENT
17100790000NB|110.29|111.13|2017|||54|01/01/2024||YEAR_LAST_IMPROVEMENT
17100790000NB|111.13|111.91|2017|||54|01/01/2024||YEAR_LAST_IMPROVEMENT
17100790000NB|111.91|114.132|2017|||54|01/01/2024||YEAR_LAST_IMPROVEMENT
17100790000NB|114.9|115.33|2012|||54|01/01/2024||YEAR_LAST_IMPROVEMENT
17100790000NB|117.17|117.74|2012|||54|01/01/2024||YEAR_LAST_IMPROVEMENT
17100790000NB|122.43|122.9|2011|||54|01/01/2024||YEAR_LAST_IMPROVEMENT
17100790000NB|122.9|123.988|2011|||54|01/01/2024||YEAR_LAST_IMPROVEMENT
17100790000NB|125.38|125.8|2013|||54|01/01/2024||YEAR_LAST_IMPROVEMENT
17100790000NB|125.8|129.217|2014|||54|01/01/2024||YEAR_LAST_IMPROVEMENT
17200190000NB|18.61|20.62|2014|||54|01/01/2024||YEAR_LAST_IMPROVEMENT
17200500000EB|0.0|1.53|2017|||54|01/01/2024||YEAR_LAST_IMPROVEMENT
17200500000EB|1.53|3.37|2017|||54|01/01/2024||YEAR_LAST_IMPROVEMENT
17200500000EB|3.42|3.8|2017|||54|01/01/2024||YEAR_LAST_IMPROVEMENT
17200500000EB|6.11|7.16|2017|||54|01/01/2024||YEAR_LAST_IMPROVEMENT
17200500000EB|12.29|12.88|2022|||54|01/01/2024||YEAR_LAST_IMPROVEMENT
17200500000EB|13.25|13.78|2022|||54|01/01/2024||YEAR_LAST_IMPROVEMENT
17200500000EB|13.78|14.03|2014|||54|01/01/2024||YEAR_LAST_IMPROVEMENT
17200500000EB|14.03|14.25|2014|||54|01/01/2024||YEAR_LAST_IMPROVEMENT
17200500000EB|14.324|14.64|2014|||54|01/01/2024||YEAR_LAST_IMPROVEMENT
17200500000EB|14.96|15.31|2014|||54|01/01/2024||YEAR_LAST_IMPROVEMENT
17200500000EB|15.31|15.46|2014|||54|01/01/2024||YEAR_LAST_IMPROVEMENT
17200500000EB|15.465|15.57|2012|||54|01/01/2024||YEAR_LAST_IMPROVEMENT
17200500000EB|15.68|16.24|2012|||54|01/01/2024||YEAR_LAST_IMPROVEMENT
17200500000EB|17.79|18.0|2012|||54|01/01/2024||YEAR_LAST_IMPROVEMENT
17200500000EB|18.32|18.45|2015|||54|01/01/2024||YEAR_LAST_IMPROVEMENT
17200500000EB|18.45|18.52|2015|||54|01/01/2024||YEAR_LAST_IMPROVEMENT
17200500000EB|18.52|18.8|2015|||54|01/01/2024||YEAR_LAST_IMPROVEMENT
17200500000EB|18.85|19.21|2015|||54|01/01/2024||YEAR_LAST_IMPROVEMENT
1730020000000|7.22|7.414|2015|||54|01/01/2024||YEAR_LAST_IMPROVEMENT
1730020002300|0.0|0.13|2017|||54|01/01/2024||YEAR_LAST_IMPROVEMENT
1730058000000|2.43|2.82|2000|||54|01/01/2024||YEAR_LAST_IMPROVEMENT
1730098000000|0.42|1.96|2015|||54|01/01/2024||YEAR_LAST_IMPROVEMENT
1730131000000|4.33|5.47|2019|||54|01/01/2024||YEAR_LAST_IMPROVEMENT
1740006000000|0.0|0.808|2023|||54|01/01/2024||YEAR_LAST_IMPROVEMENT
1740009000000|0.05|0.52|1994|||54|01/01/2024||YEAR_LAST_IMPROVEMENT
1740011000000|0.0|1.14|1905|||54|01/01/2024||YEAR_LAST_IMPROVEMENT
1740011000000|1.14|2.3|2007|||54|01/01/2024||YEAR_LAST_IMPROVEMENT
1740011000000|4.24|4.7|2007|||54|01/01/2024||YEAR_LAST_IMPROVEMENT
1740011000000|4.7|5.24|2007|||54|01/01/2024||YEAR_LAST_IMPROVEMENT
1740012000000|0.14|0.9|2011|||54|01/01/2024||YEAR_LAST_IMPROVEMENT
1740019020000|0.23|0.65|2007|||54|01/01/2024||YEAR_LAST_IMPROVEMENT
1740019290000|0.0|0.57|2007|||54|01/01/2024||YEAR_LAST_IMPROVEMENT
1740019570000|0.0|0.49|2019|||54|01/01/2024||YEAR_LAST_IMPROVEMENT
1740020750000|0.46|0.93|2007|||54|01/01/2024||YEAR_LAST_IMPROVEMENT
1740020750000|1.26|1.48|2007|||54|01/01/2024||YEAR_LAST_IMPROVEMENT
1740023090000|6.77|7.36|2007|||54|01/01/2024||YEAR_LAST_IMPROVEMENT
1740024000000|4.76|5.65|2013|||54|01/01/2024||YEAR_LAST_IMPROVEMENT
1740024020000|0.0|0.75|2011|||54|01/01/2024||YEAR_LAST_IMPROVEMENT
1740024020000|0.75|0.87|2018|||54|01/01/2024||YEAR_LAST_IMPROVEMENT
1740024020000|0.87|1.09|2011|||54|01/01/2024||YEAR_LAST_IMPROVEMENT
1740024020000|1.09|1.86|2018|||54|01/01/2024||YEAR_LAST_IMPROVEMENT
1740024020000|1.86|2.95|2007|||54|01/01/2024||YEAR_LAST_IMPROVEMENT
1740024060000|0.29|0.6|2007|||54|01/01/2024||YEAR_LAST_IMPROVEMENT
1740024270000|0.0|0.41|2011|||54|01/01/2024||YEAR_LAST_IMPROVEMENT
1740025000000|12.11|12.26|2007|||54|01/01/2024||YEAR_LAST_IMPROVEMENT
1740025000000|12.26|12.62|2007|||54|01/01/2024||YEAR_LAST_IMPROVEMENT
1740025060000|2.98|5.26|2015|||54|01/01/2024||YEAR_LAST_IMPROVEMENT
1740025120000|0.27|0.64|2007|||54|01/01/2024||YEAR_LAST_IMPROVEMENT
1740031000000|0.5|1.45|2007|||54|01/01/2024||YEAR_LAST_IMPROVEMENT
1740050160000|0.12|0.54|2007|||54|01/01/2024||YEAR_LAST_IMPROVEMENT
1740050340000|0.0|0.69|2007|||54|01/01/2024||YEAR_LAST_IMPROVEMENT
1740050400000|0.0|0.67|2022|||54|01/01/2024||YEAR_LAST_IMPROVEMENT
1740058010000|0.0|0.17|2013|||54|01/01/2024||YEAR_LAST_IMPROVEMENT
1740707000000|0.0|0.57|2013|||54|01/01/2024||YEAR_LAST_IMPROVEMENT
1740707000000|0.57|0.907|2013|||54|01/01/2024||YEAR_LAST_IMPROVEMENT
25100790000NB|129.22|129.52|2012|||54|01/01/2024||YEAR_LAST_IMPROVEMENT
25100790000NB|129.52|130.19|2012|||54|01/01/2024||YEAR_LAST_IMPROVEMENT
25100790000NB|130.19|130.48|2014|||54|01/01/2024||YEAR_LAST_IMPROVEMENT
25100790000NB|130.53|133.37|2016|||54|01/01/2024||YEAR_LAST_IMPROVEMENT
25100790000NB|133.37|134.97|2016|||54|01/01/2024||YEAR_LAST_IMPROVEMENT
25100790000NB|139.1|139.82|2018|||54|01/01/2024||YEAR_LAST_IMPROVEMENT
25100790000NB|139.82|140.352|2018|||54|01/01/2024||YEAR_LAST_IMPROVEMENT
25200190000NB|3.003|4.64|2023|||54|01/01/2024||YEAR_LAST_IMPROVEMENT
25200190000NB|7.16|7.97|2023|||54|01/01/2024||YEAR_LAST_IMPROVEMENT
25200190000NB|7.97|8.47|2015|||54|01/01/2024||YEAR_LAST_IMPROVEMENT
25202500000NB|2.87|3.0|2014|||54|01/01/2024||YEAR_LAST_IMPROVEMENT
25202500000NB|3.785|4.16|2017|||54|01/01/2024||YEAR_LAST_IMPROVEMENT
2530310000000|7.16|7.808|2016|||54|01/01/2024||YEAR_LAST_IMPROVEMENT
2530310000000|8.35|8.45|2017|||54|01/01/2024||YEAR_LAST_IMPROVEMENT
2540019310000|0.4|0.89|1905|||54|01/01/2024||YEAR_LAST_IMPROVEMENT
2540031010000|1.72|2.03|2007|||54|01/01/2024||YEAR_LAST_IMPROVEMENT
2540054000000|0.0|0.183|2022|||54|01/01/2024||YEAR_LAST_IMPROVEMENT
2540060000000|2.11|2.61|2000|||54|01/01/2024||YEAR_LAST_IMPROVEMENT
2540060000000|4.38|4.86|2000|||54|01/01/2024||YEAR_LAST_IMPROVEMENT
2540064020000|0.0|0.24|2007|||54|01/01/2024||YEAR_LAST_IMPROVEMENT
2540072000000|1.02|1.79|2022|||54|01/01/2024||YEAR_LAST_IMPROVEMENT
2540072000000|2.07|2.67|2022|||54|01/01/2024||YEAR_LAST_IMPROVEMENT
2540072020000|0.0|0.5|2007|||54|01/01/2024||YEAR_LAST_IMPROVEMENT
2540072020000|0.5|0.72|2007|||54|01/01/2024||YEAR_LAST_IMPROVEMENT
2540072020000|0.72|1.17|2007|||54|01/01/2024||YEAR_LAST_IMPROVEMENT
2540072020000|1.17|1.71|2007|||54|01/01/2024||YEAR_LAST_IMPROVEMENT
2540072020000|1.76|1.93|2007|||54|01/01/2024||YEAR_LAST_IMPROVEMENT
2540072040000|0.0|0.13|2010|||54|01/01/2024||YEAR_LAST_IMPROVEMENT
2540073000000|2.45|3.55|1905|||54|01/01/2024||YEAR_LAST_IMPROVEMENT
2540073730000|2.11|2.33|2019|||54|01/01/2024||YEAR_LAST_IMPROVEMENT
2540073730000|2.62|2.673|1905|||54|01/01/2024||YEAR_LAST_IMPROVEMENT
2540073730000|2.673|3.34|1905|||54|01/01/2024||YEAR_LAST_IMPROVEMENT
2540250180000|0.08|0.85|2000|||54|01/01/2024||YEAR_LAST_IMPROVEMENT
2540250310000|0.0|0.55|2000|||54|01/01/2024||YEAR_LAST_IMPROVEMENT
2540250320000|2.05|2.49|2007|||54|01/01/2024||YEAR_LAST_IMPROVEMENT
2540250550000|0.045|0.29|2000|||54|01/01/2024||YEAR_LAST_IMPROVEMENT
31100680000EB|0.0|0.32|2017|||54|01/01/2024||YEAR_LAST_IMPROVEMENT
31100680000EB|1.15|2.67|2017|||54|01/01/2024||YEAR_LAST_IMPROVEMENT
31100680000EB|2.67|4.13|2017|||54|01/01/2024||YEAR_LAST_IMPROVEMENT
31100680000EB|4.13|4.56|2012|||54|01/01/2024||YEAR_LAST_IMPROVEMENT
31100680000EB|4.56|4.96|2012|||54|01/01/2024||YEAR_LAST_IMPROVEMENT
31100680000EB|4.96|5.79|2012|||54|01/01/2024||YEAR_LAST_IMPROVEMENT
31100680000EB|6.18|6.77|2009|||54|01/01/2024||YEAR_LAST_IMPROVEMENT
31100680000EB|6.77|7.2|2009|||54|01/01/2024||YEAR_LAST_IMPROVEMENT
31100680000EB|7.2|7.54|2009|||54|01/01/2024||YEAR_LAST_IMPROVEMENT
31100680000EB|7.54|8.89|2009|||54|01/01/2024||YEAR_LAST_IMPROVEMENT
31100680000EB|8.89|9.4|2009|||54|01/01/2024||YEAR_LAST_IMPROVEMENT
31100680000EB|10.28|10.32|2023|||54|01/01/2024||YEAR_LAST_IMPROVEMENT
31100680000EB|10.32|10.79|2023|||54|01/01/2024||YEAR_LAST_IMPROVEMENT
31100680000EB|10.79|13.149|2023|||54|01/01/2024||YEAR_LAST_IMPROVEMENT
31100680004NB|0.0|0.84|2017|||54|01/01/2024||YEAR_LAST_IMPROVEMENT
31100680005SB|0.65|1.14|2017|||54|01/01/2024||YEAR_LAST_IMPROVEMENT
31100680006EB|0.0|0.89|2017|||54|01/01/2024||YEAR_LAST_IMPROVEMENT
31100790000NB|142.37|143.81|2015|||54|01/01/2024||YEAR_LAST_IMPROVEMENT
31100790000NB|143.81|144.95|2015|||54|01/01/2024||YEAR_LAST_IMPROVEMENT
31100790000NB|144.95|145.2|2015|||54|01/01/2024||YEAR_LAST_IMPROVEMENT
31100790000NB|145.2|145.65|2015|||54|01/01/2024||YEAR_LAST_IMPROVEMENT
31100790000NB|145.65|147.85|2016|||54|01/01/2024||YEAR_LAST_IMPROVEMENT
31100790000NB|147.85|148.022|2016|||54|01/01/2024||YEAR_LAST_IMPROVEMENT
31100790000NB|148.66|149.05|2016|||54|01/01/2024||YEAR_LAST_IMPROVEMENT
31100790000NB|149.38|149.68|2018|||54|01/01/2024||YEAR_LAST_IMPROVEMENT
31100790000NB|150.74|151.07|2018|||54|01/01/2024||YEAR_LAST_IMPROVEMENT
31100790000NB|152.92|156.983|2009|||54|01/01/2024||YEAR_LAST_IMPROVEMENT
31100790000NB|157.0|160.52|2009|||54|01/01/2024||YEAR_LAST_IMPROVEMENT
31200190000NB|8.99|9.16|2007|||54|01/01/2024||YEAR_LAST_IMPROVEMENT
31200190000NB|9.54|9.94|2012|||54|01/01/2024||YEAR_LAST_IMPROVEMENT
31200190000NB|10.59|11.08|2012|||54|01/01/2024||YEAR_LAST_IMPROVEMENT
31200190000NB|13.74|14.19|2011|||54|01/01/2024||YEAR_LAST_IMPROVEMENT
31200190000NB|14.44|14.8|2006|||54|01/01/2024||YEAR_LAST_IMPROVEMENT
31200190000NB|14.8|14.98|2006|||54|01/01/2024||YEAR_LAST_IMPROVEMENT
31200190000NB|15.62|16.49|2023|||54|01/01/2024||YEAR_LAST_IMPROVEMENT
31200190000NB|16.49|17.021|2023|||54|01/01/2024||YEAR_LAST_IMPROVEMENT
31201190000NB|7.81|9.82|2015|||54|01/01/2024||YEAR_LAST_IMPROVEMENT
31201190000NB|11.9|12.06|2014|||54|01/01/2024||YEAR_LAST_IMPROVEMENT
31201190000NB|14.42|14.62|2023|||54|01/01/2024||YEAR_LAST_IMPROVEMENT
31201190000NB|14.85|15.15|2023|||54|01/01/2024||YEAR_LAST_IMPROVEMENT
31201190000NB|15.72|16.0|2006|||54|01/01/2024||YEAR_LAST_IMPROVEMENT
31201190000NB|16.82|17.35|2004|||54|01/01/2024||YEAR_LAST_IMPROVEMENT
31201190000NB|18.2|19.66|2016|||54|01/01/2024||YEAR_LAST_IMPROVEMENT
31201190000NB|19.66|20.0|2016|||54|01/01/2024||YEAR_LAST_IMPROVEMENT
31201190000NB|20.0|20.47|2016|||54|01/01/2024||YEAR_LAST_IMPROVEMENT
3130007000000|0.0|3.42|2012|||54|01/01/2024||YEAR_LAST_IMPROVEMENT
3130007000000|4.42|4.54|2015|||54|01/01/2024||YEAR_LAST_IMPROVEMENT
3130007000000|13.21|13.45|2003|||54|01/01/2024||YEAR_LAST_IMPROVEMENT
3130007000000|22.54|24.0|2005|||54|01/01/2024||YEAR_LAST_IMPROVEMENT
3130007000000|25.15|25.85|2017|||54|01/01/2024||YEAR_LAST_IMPROVEMENT
3130007000000|25.85|26.01|2016|||54|01/01/2024||YEAR_LAST_IMPROVEMENT
3130007000000|26.01|27.03|2016|||54|01/01/2024||YEAR_LAST_IMPROVEMENT
3130007000000|27.03|27.265|2016|||54|01/01/2024||YEAR_LAST_IMPROVEMENT
3130007000000|33.83|34.1|2024|||54|01/01/2024||YEAR_LAST_IMPROVEMENT
3130007000000|34.71|35.76|2024|||54|01/01/2024||YEAR_LAST_IMPROVEMENT
3130007000000|35.76|36.13|2015|||54|01/01/2024||YEAR_LAST_IMPROVEMENT
3130007000000|36.13|36.55|2006|||54|01/01/2024||YEAR_LAST_IMPROVEMENT
3130007000000|36.55|38.29|2015|||54|01/01/2024||YEAR_LAST_IMPROVEMENT
3130007000000|38.29|38.65|2015|||54|01/01/2024||YEAR_LAST_IMPROVEMENT
3130705000000|0.0|0.51|2019|||54|01/01/2024||YEAR_LAST_IMPROVEMENT
3130705000000|0.68|1.23|2019|||54|01/01/2024||YEAR_LAST_IMPROVEMENT
3130705000000|1.23|1.64|2019|||54|01/01/2024||YEAR_LAST_IMPROVEMENT
3130705000000|1.64|1.81|2019|||54|01/01/2024||YEAR_LAST_IMPROVEMENT
3140019190000|0.47|1.29|2023|||54|01/01/2024||YEAR_LAST_IMPROVEMENT
3140019190000|1.29|1.7|2019|||54|01/01/2024||YEAR_LAST_IMPROVEMENT
3140019220000|0.12|0.68|2014|||54|01/01/2024||YEAR_LAST_IMPROVEMENT
3140019240000|2.77|3.08|2008|||54|01/01/2024||YEAR_LAST_IMPROVEMENT
3140055000000|0.0|0.45|2007|||54|01/01/2024||YEAR_LAST_IMPROVEMENT
3140057000000|1.21|1.33|2012|||54|01/01/2024||YEAR_LAST_IMPROVEMENT
3140059000000|0.0|0.33|2018|||54|01/01/2024||YEAR_LAST_IMPROVEMENT
3140059000000|0.33|0.85|2018|||54|01/01/2024||YEAR_LAST_IMPROVEMENT
3140059020000|0.0|0.44|2024|||54|01/01/2024||YEAR_LAST_IMPROVEMENT
3140060000000|0.0|0.85|2018|||54|01/01/2024||YEAR_LAST_IMPROVEMENT
3140060000000|0.85|1.75|2018|||54|01/01/2024||YEAR_LAST_IMPROVEMENT
3140061040000|0.0|0.25|2019|||54|01/01/2024||YEAR_LAST_IMPROVEMENT
3140061040000|0.45|0.91|2019|||54|01/01/2024||YEAR_LAST_IMPROVEMENT
3140064000000|0.0|0.38|2023|||54|01/01/2024||YEAR_LAST_IMPROVEMENT
3140065000000|0.0|0.263|2016|||54|01/01/2024||YEAR_LAST_IMPROVEMENT
3140067000000|6.22|7.97|2011|||54|01/01/2024||YEAR_LAST_IMPROVEMENT
3140067000000|7.97|8.36|2013|||54|01/01/2024||YEAR_LAST_IMPROVEMENT
3140067000000|8.36|8.55|2013|||54|01/01/2024||YEAR_LAST_IMPROVEMENT
3140067010000|0.0|0.65|2016|||54|01/01/2024||YEAR_LAST_IMPROVEMENT
3140068070000|0.25|0.75|2017|||54|01/01/2024||YEAR_LAST_IMPROVEMENT
3140068070000|0.75|1.32|2017|||54|01/01/2024||YEAR_LAST_IMPROVEMENT
3140068070000|1.61|2.15|2017|||54|01/01/2024||YEAR_LAST_IMPROVEMENT
3140081000000|7.25|8.03|2014|||54|01/01/2024||YEAR_LAST_IMPROVEMENT
3140082000000|0.0|1.88|2020|||54|01/01/2024||YEAR_LAST_IMPROVEMENT
3140857000000|0.5|1.41|2015|||54|01/01/2024||YEAR_LAST_IMPROVEMENT
3140857000000|5.11|5.59|2013|||54|01/01/2024||YEAR_LAST_IMPROVEMENT
39100680000EB|18.12|23.34|2011|||54|01/01/2024||YEAR_LAST_IMPROVEMENT
39100680000EB|26.75|28.64|2012|||54|01/01/2024||YEAR_LAST_IMPROVEMENT
39100680000EB|28.64|29.23|2012|||54|01/01/2024||YEAR_LAST_IMPROVEMENT
39100680000EB|31.24|31.42|2016|||54|01/01/2024||YEAR_LAST_IMPROVEMENT
39100680000EB|31.42|32.06|2016|||54|01/01/2024||YEAR_LAST_IMPROVEMENT
39202190000NB|0.0|0.8|2008|||54|01/01/2024||YEAR_LAST_IMPROVEMENT
39202190000NB|0.8|3.01|2023|||54|01/01/2024||YEAR_LAST_IMPROVEMENT
39202190000NB|3.01|3.31|2023|||54|01/01/2024||YEAR_LAST_IMPROVEMENT
39202190000NB|3.31|4.76|2012|||54|01/01/2024||YEAR_LAST_IMPROVEMENT
3930072000000|18.42|20.44|2012|||54|01/01/2024||YEAR_LAST_IMPROVEMENT
3940003000000|4.6|7.27|2014|||54|01/01/2024||YEAR_LAST_IMPROVEMENT
46200500000EB|12.99|13.65|2015|||54|01/01/2024||YEAR_LAST_IMPROVEMENT
46201190000NB|6.05|6.54|2003|||54|01/01/2024||YEAR_LAST_IMPROVEMENT
46201190000NB|8.59|9.32|2024|||54|01/01/2024||YEAR_LAST_IMPROVEMENT
46202500000NB|6.95|7.082|2019|||54|01/01/2024||YEAR_LAST_IMPROVEMENT
46202500000NB|16.38|16.52|2015|||54|01/01/2024||YEAR_LAST_IMPROVEMENT
4630310000000|0.0|0.2|2008|||54|01/01/2024||YEAR_LAST_IMPROVEMENT
1640010030000|0.0|0.21|2015|||54|01/01/2024||YEAR_LAST_IMPROVEMENT
0240036010000|1.6|1.98|2019|||54|01/01/2024||YEAR_LAST_IMPROVEMENT
0240001000000|8.14|9.32|2015|||54|01/01/2024||YEAR_LAST_IMPROVEMENT
0230045000000|14.39|14.52|2012|||54|01/01/2024||YEAR_LAST_IMPROVEMENT
0230045000000|14.52|14.85|2018|||54|01/01/2024||YEAR_LAST_IMPROVEMENT
0230045000000|14.85|15.31|2018|||54|01/01/2024||YEAR_LAST_IMPROVEMENT
0230045000000|17.53|18.23|2008|||54|01/01/2024||YEAR_LAST_IMPROVEMENT
0230045000000|19.08|19.61|2011|||54|01/01/2024||YEAR_LAST_IMPROVEMENT
0230009000000|0.35|2.2|2013|||54|01/01/2024||YEAR_LAST_IMPROVEMENT
0230009000000|4.81|6.17|2021|||54|01/01/2024||YEAR_LAST_IMPROVEMENT
0230009000000|6.17|6.27|2003|||54|01/01/2024||YEAR_LAST_IMPROVEMENT
0230009000000|6.381|6.47|2003|||54|01/01/2024||YEAR_LAST_IMPROVEMENT
0230009000000|6.47|7.58|2003|||54|01/01/2024||YEAR_LAST_IMPROVEMENT
0230009000000|7.584|9.95|2022|||54|01/01/2024||YEAR_LAST_IMPROVEMENT
0230009000000|10.12|10.37|2022|||54|01/01/2024||YEAR_LAST_IMPROVEMENT
0230009000000|10.532|10.59|2015|||54|01/01/2024||YEAR_LAST_IMPROVEMENT
0230009000000|10.59|10.893|2013|||54|01/01/2024||YEAR_LAST_IMPROVEMENT
0230009000000|10.893|11.243|2013|||54|01/01/2024||YEAR_LAST_IMPROVEMENT
0230009000000|14.0|14.2|1998|||54|01/01/2024||YEAR_LAST_IMPROVEMENT
0230009000000|14.55|14.9|1998|||54|01/01/2024||YEAR_LAST_IMPROVEMENT
0230009000000|15.57|15.79|1998|||54|01/01/2024||YEAR_LAST_IMPROVEMENT
0230009000000|15.79|16.09|1998|||54|01/01/2024||YEAR_LAST_IMPROVEMENT
0230009000000|17.07|17.48|2010|||54|01/01/2024||YEAR_LAST_IMPROVEMENT
0230009000000|18.18|20.16|2010|||54|01/01/2024||YEAR_LAST_IMPROVEMENT
16202200000NB|10.0|10.53|2020|||54|01/01/2024||YEAR_LAST_IMPROVEMENT
16202200000NB|10.53|10.69|2020|||54|01/01/2024||YEAR_LAST_IMPROVEMENT
16202200000NB|10.7|11.7|2020|||54|01/01/2024||YEAR_LAST_IMPROVEMENT
16202200000NB|11.8|12.96|2018|||54|01/01/2024||YEAR_LAST_IMPROVEMENT
2930028000000|7.69|9.22|2021|||54|01/01/2024||YEAR_LAST_IMPROVEMENT
2930028000000|11.868|11.93|2019|||54|01/01/2024||YEAR_LAST_IMPROVEMENT
2930028000000|11.93|12.86|2019|||54|01/01/2024||YEAR_LAST_IMPROVEMENT
2930028000000|12.86|13.545|2019|||54|01/01/2024||YEAR_LAST_IMPROVEMENT
1940003000000|1.403|1.82|2018|||54|01/01/2024||YEAR_LAST_IMPROVEMENT
1940003000000|1.82|2.02|2018|||54|01/01/2024||YEAR_LAST_IMPROVEMENT
1940003000000|2.02|2.36|2018|||54|01/01/2024||YEAR_LAST_IMPROVEMENT
1930009000000|0.0|1.45|2010|||54|01/01/2024||YEAR_LAST_IMPROVEMENT
1930009000000|1.45|3.94|2010|||54|01/01/2024||YEAR_LAST_IMPROVEMENT
1930009000000|4.97|6.35|2010|||54|01/01/2024||YEAR_LAST_IMPROVEMENT
1930009000000|10.91|11.418|2010|||54|01/01/2024||YEAR_LAST_IMPROVEMENT
1930009000000|14.435|14.96|2010|||54|01/01/2024||YEAR_LAST_IMPROVEMENT
0240011370000|0.0|0.23|2012|||54|01/01/2024||YEAR_LAST_IMPROVEMENT
1230042000000|16.97|21.26|2006|||54|01/01/2024||YEAR_LAST_IMPROVEMENT
1230042000000|21.78|22.74|2016|||54|01/01/2024||YEAR_LAST_IMPROVEMENT
1230028000000|3.35|4.76|2021|||54|01/01/2024||YEAR_LAST_IMPROVEMENT
1230028000000|8.23|12.58|2013|||54|01/01/2024||YEAR_LAST_IMPROVEMENT
1230028000000|12.58|12.95|2021|||54|01/01/2024||YEAR_LAST_IMPROVEMENT
1230028000000|13.03|13.38|2021|||54|01/01/2024||YEAR_LAST_IMPROVEMENT
0240034030000|0.0|1.01|2019|||54|01/01/2024||YEAR_LAST_IMPROVEMENT
0240011130000|0.28|0.41|2015|||54|01/01/2024||YEAR_LAST_IMPROVEMENT
0240011130000|0.41|0.55|2015|||54|01/01/2024||YEAR_LAST_IMPROVEMENT
0240051070000|2.28|3.56|2015|||54|01/01/2024||YEAR_LAST_IMPROVEMENT
19203400000NB|6.9|8.56|1998|||54|01/01/2024||YEAR_LAST_IMPROVEMENT
19203400000NB|8.56|9.13|1998|||54|01/01/2024||YEAR_LAST_IMPROVEMENT
19203400000NB|9.13|9.38|1998|||54|01/01/2024||YEAR_LAST_IMPROVEMENT
19203400000NB|9.38|9.55|1998|||54|01/01/2024||YEAR_LAST_IMPROVEMENT
19203400000NB|9.55|10.41|2022|||54|01/01/2024||YEAR_LAST_IMPROVEMENT
19203400000NB|10.41|11.86|2021|||54|01/01/2024||YEAR_LAST_IMPROVEMENT
19203400000NB|11.9|12.047|2021|||54|01/01/2024||YEAR_LAST_IMPROVEMENT
19203400000NB|12.047|12.88|2021|||54|01/01/2024||YEAR_LAST_IMPROVEMENT
19203400000NB|12.88|13.26|2021|||54|01/01/2024||YEAR_LAST_IMPROVEMENT
19203400000NB|13.26|13.82|2021|||54|01/01/2024||YEAR_LAST_IMPROVEMENT
19203400000NB|14.66|14.86|2014|||54|01/01/2024||YEAR_LAST_IMPROVEMENT
19203400000NB|14.86|15.31|2014|||54|01/01/2024||YEAR_LAST_IMPROVEMENT
1640012000000|14.85|15.91|2013|||54|01/01/2024||YEAR_LAST_IMPROVEMENT
1930051000000|8.13|8.66|2015|||54|01/01/2024||YEAR_LAST_IMPROVEMENT
1930051000000|8.66|8.78|1998|||54|01/01/2024||YEAR_LAST_IMPROVEMENT
1630055000000|35.57|36.3|2012|||54|01/01/2024||YEAR_LAST_IMPROVEMENT
29200500000EB|8.0|10.56|2015|||54|01/01/2024||YEAR_LAST_IMPROVEMENT
2930972000000|0.0|1.48|2014|||54|01/01/2024||YEAR_LAST_IMPROVEMENT
2930972000000|1.48|2.19|2014|||54|01/01/2024||YEAR_LAST_IMPROVEMENT
1230093000000|2.36|2.98|2020|||54|01/01/2024||YEAR_LAST_IMPROVEMENT
1230093000000|3.77|4.05|2020|||54|01/01/2024||YEAR_LAST_IMPROVEMENT
1230093000000|9.6|9.71|2010|||54|01/01/2024||YEAR_LAST_IMPROVEMENT
1230093000000|9.71|13.45|2017|||54|01/01/2024||YEAR_LAST_IMPROVEMENT
1230093000000|13.45|15.85|2019|||54|01/01/2024||YEAR_LAST_IMPROVEMENT
1230093000000|15.85|18.046|2020|||54|01/01/2024||YEAR_LAST_IMPROVEMENT
0240009050000|1.67|3.26|2013|||54|01/01/2024||YEAR_LAST_IMPROVEMENT
12202200000NB|4.41|5.14|2021|||54|01/01/2024||YEAR_LAST_IMPROVEMENT
12200480000EB|0.0|5.82|2018|||54|01/01/2024||YEAR_LAST_IMPROVEMENT
0240009270000|0.0|0.31|2015|||54|01/01/2024||YEAR_LAST_IMPROVEMENT
0240011330000|0.0|0.26|2015|||54|01/01/2024||YEAR_LAST_IMPROVEMENT
1940009020000|0.2|0.35|2015|||54|01/01/2024||YEAR_LAST_IMPROVEMENT
1940031000000|0.0|0.029|2014|||54|01/01/2024||YEAR_LAST_IMPROVEMENT
1640010000000|4.6|5.8|2020|||54|01/01/2024||YEAR_LAST_IMPROVEMENT
02200110000NB|5.24|6.05|2022|||54|01/01/2024||YEAR_LAST_IMPROVEMENT
02200110000NB|13.65|13.78|2022|||54|01/01/2024||YEAR_LAST_IMPROVEMENT
02200110000NB|14.51|14.64|2014|||54|01/01/2024||YEAR_LAST_IMPROVEMENT
02200110000NB|16.48|17.51|2012|||54|01/01/2024||YEAR_LAST_IMPROVEMENT
02200110000NB|24.71|24.97|2021|||54|01/01/2024||YEAR_LAST_IMPROVEMENT
02100810000NB|0.0|1.39|2018|||54|01/01/2024||YEAR_LAST_IMPROVEMENT
02100810000NB|1.39|6.27|2018|||54|01/01/2024||YEAR_LAST_IMPROVEMENT
02100810000NB|11.63|12.0|2023|||54|01/01/2024||YEAR_LAST_IMPROVEMENT
02100810000NB|12.0|13.54|2016|||54|01/01/2024||YEAR_LAST_IMPROVEMENT
02100810000NB|13.54|14.26|2016|||54|01/01/2024||YEAR_LAST_IMPROVEMENT
02100810000NB|14.26|15.22|2016|||54|01/01/2024||YEAR_LAST_IMPROVEMENT
02100810000NB|15.22|15.62|2016|||54|01/01/2024||YEAR_LAST_IMPROVEMENT
02100810000NB|15.62|15.95|2016|||54|01/01/2024||YEAR_LAST_IMPROVEMENT
02100810000NB|15.95|16.23|2016|||54|01/01/2024||YEAR_LAST_IMPROVEMENT
02100810000NB|16.23|17.3|2015|||54|01/01/2024||YEAR_LAST_IMPROVEMENT
02100810000NB|17.3|18.13|2015|||54|01/01/2024||YEAR_LAST_IMPROVEMENT
02100810000NB|18.13|20.37|2015|||54|01/01/2024||YEAR_LAST_IMPROVEMENT
02100810000NB|20.37|23.0|2018|||54|01/01/2024||YEAR_LAST_IMPROVEMENT
02100810000NB|23.0|23.46|2021|||54|01/01/2024||YEAR_LAST_IMPROVEMENT
02100810000NB|23.46|24.53|2021|||54|01/01/2024||YEAR_LAST_IMPROVEMENT
02100810000NB|24.53|26.0|2021|||54|01/01/2024||YEAR_LAST_IMPROVEMENT
0240005000000|5.9|7.94|2021|||54|01/01/2024||YEAR_LAST_IMPROVEMENT
2930028000100|0.0|0.54|2016|||54|01/01/2024||YEAR_LAST_IMPROVEMENT
2930028000100|0.54|1.03|2016|||54|01/01/2024||YEAR_LAST_IMPROVEMENT
2930028000100|1.03|2.05|2016|||54|01/01/2024||YEAR_LAST_IMPROVEMENT
2930028000100|2.05|2.31|2016|||54|01/01/2024||YEAR_LAST_IMPROVEMENT
2930028000100|2.42|2.63|2016|||54|01/01/2024||YEAR_LAST_IMPROVEMENT
2930028000100|2.63|2.97|2008|||54|01/01/2024||YEAR_LAST_IMPROVEMENT
1940017000000|0.0|0.43|2012|||54|01/01/2024||YEAR_LAST_IMPROVEMENT
0240011190000|0.0|0.31|2015|||54|01/01/2024||YEAR_LAST_IMPROVEMENT
2940014000000|4.19|4.6|2012|||54|01/01/2024||YEAR_LAST_IMPROVEMENT
1940017040000|0.63|0.92|2015|||54|01/01/2024||YEAR_LAST_IMPROVEMENT
0240019000000|1.55|3.438|2020|||54|01/01/2024||YEAR_LAST_IMPROVEMENT
0240019000000|3.438|4.04|2019|||54|01/01/2024||YEAR_LAST_IMPROVEMENT
2940220010000|0.11|1.09|2024|||54|01/01/2024||YEAR_LAST_IMPROVEMENT
1940029000000|0.0|1.26|2021|||54|01/01/2024||YEAR_LAST_IMPROVEMENT
1940029000000|1.26|2.19|2021|||54|01/01/2024||YEAR_LAST_IMPROVEMENT
3330009000000|26.67|29.17|2018|||54|01/01/2024||YEAR_LAST_IMPROVEMENT
3330009000000|31.29|33.3|2021|||54|01/01/2024||YEAR_LAST_IMPROVEMENT
33205220000NB|0.0|6.35|2016|||54|01/01/2024||YEAR_LAST_IMPROVEMENT
33205220000NB|6.35|7.81|2010|||54|01/01/2024||YEAR_LAST_IMPROVEMENT
33205220000NB|12.67|13.11|2022|||54|01/01/2024||YEAR_LAST_IMPROVEMENT
33205220000NB|14.68|15.97|2017|||54|01/01/2024||YEAR_LAST_IMPROVEMENT
2930046000000|15.38|16.59|2014|||54|01/01/2024||YEAR_LAST_IMPROVEMENT
2930046000000|19.82|19.94|2019|||54|01/01/2024||YEAR_LAST_IMPROVEMENT
29202200000NB|12.61|13.26|2014|||54|01/01/2024||YEAR_LAST_IMPROVEMENT
29202200000NB|13.78|13.96|2009|||54|01/01/2024||YEAR_LAST_IMPROVEMENT
2930093000000|0.0|3.42|2019|||54|01/01/2024||YEAR_LAST_IMPROVEMENT
0240045050000|0.55|1.25|2018|||54|01/01/2024||YEAR_LAST_IMPROVEMENT
1930115000000|0.0|0.22|2021|||54|01/01/2024||YEAR_LAST_IMPROVEMENT
1930115000000|0.64|1.15|2021|||54|01/01/2024||YEAR_LAST_IMPROVEMENT
0240034000000|2.51|3.1|2024|||54|01/01/2024||YEAR_LAST_IMPROVEMENT
0240034000000|3.1|3.42|2024|||54|01/01/2024||YEAR_LAST_IMPROVEMENT
0240013000000|0.43|1.03|2020|||54|01/01/2024||YEAR_LAST_IMPROVEMENT
0240013000000|1.03|1.5|2020|||54|01/01/2024||YEAR_LAST_IMPROVEMENT
0240013000000|2.75|3.716|2020|||54|01/01/2024||YEAR_LAST_IMPROVEMENT
1640007000000|5.61|6.0|2018|||54|01/01/2024||YEAR_LAST_IMPROVEMENT
1640007000000|19.2|20.5|2017|||54|01/01/2024||YEAR_LAST_IMPROVEMENT
0240010010000|0.0|0.69|2021|||54|01/01/2024||YEAR_LAST_IMPROVEMENT
1940340180000|0.64|1.24|2012|||54|01/01/2024||YEAR_LAST_IMPROVEMENT
14200500000EB|7.48|7.98|2018|||54|01/01/2024||YEAR_LAST_IMPROVEMENT
14200500000EB|8.26|8.44|2022|||54|01/01/2024||YEAR_LAST_IMPROVEMENT
14200500000EB|8.56|8.92|2008|||54|01/01/2024||YEAR_LAST_IMPROVEMENT
14200500000EB|13.37|14.67|2017|||54|01/01/2024||YEAR_LAST_IMPROVEMENT
14200500000EB|15.88|16.97|2017|||54|01/01/2024||YEAR_LAST_IMPROVEMENT
14200500000EB|29.25|30.33|2018|||54|01/01/2024||YEAR_LAST_IMPROVEMENT
0230051000000|1.87|2.841|2018|||54|01/01/2024||YEAR_LAST_IMPROVEMENT
0230051000000|2.841|4.13|2020|||54|01/01/2024||YEAR_LAST_IMPROVEMENT
0230051000000|4.54|4.58|2023|||54|01/01/2024||YEAR_LAST_IMPROVEMENT
0230051000000|4.58|4.62|2023|||54|01/01/2024||YEAR_LAST_IMPROVEMENT
0230051000000|4.62|5.18|2023|||54|01/01/2024||YEAR_LAST_IMPROVEMENT
0230051000000|5.4|8.591|2014|||54|01/01/2024||YEAR_LAST_IMPROVEMENT
1940016000000|0.0|0.417|2015|||54|01/01/2024||YEAR_LAST_IMPROVEMENT
1430028000000|16.47|22.27|2018|||54|01/01/2024||YEAR_LAST_IMPROVEMENT
2940028010000|0.0|0.1|2018|||54|01/01/2024||YEAR_LAST_IMPROVEMENT
2940028010000|0.1|1.09|2018|||54|01/01/2024||YEAR_LAST_IMPROVEMENT
2940028010000|1.19|2.14|2012|||54|01/01/2024||YEAR_LAST_IMPROVEMENT
2940028010000|2.31|2.45|2012|||54|01/01/2024||YEAR_LAST_IMPROVEMENT
2940028010000|2.45|2.85|2012|||54|01/01/2024||YEAR_LAST_IMPROVEMENT
2940220020000|0.0|0.84|2014|||54|01/01/2024||YEAR_LAST_IMPROVEMENT
2940008000000|0.0|0.24|2014|||54|01/01/2024||YEAR_LAST_IMPROVEMENT
0240030000000|4.175|4.37|2014|||54|01/01/2024||YEAR_LAST_IMPROVEMENT
0240009130000|0.4|1.92|2014|||54|01/01/2024||YEAR_LAST_IMPROVEMENT
0240011240000|0.0|0.85|2023|||54|01/01/2024||YEAR_LAST_IMPROVEMENT
0240012000000|0.0|1.29|2018|||54|01/01/2024||YEAR_LAST_IMPROVEMENT
0240015000000|0.939|0.94|2015|||54|01/01/2024||YEAR_LAST_IMPROVEMENT
0240015000000|2.78|3.06|2014|||54|01/01/2024||YEAR_LAST_IMPROVEMENT
2940046040000|4.532|4.93|2021|||54|01/01/2024||YEAR_LAST_IMPROVEMENT
4830002000000|2.84|4.64|2023|||54|01/01/2024||YEAR_LAST_IMPROVEMENT
35202500010SB|0.0|0.64|2024|||54|01/01/2024||YEAR_LAST_IMPROVEMENT
15200300000EB|0.53|0.61|2016|||54|01/01/2024||YEAR_LAST_IMPROVEMENT
15200300000EB|1.543|2.38|2015|||54|01/01/2024||YEAR_LAST_IMPROVEMENT
05200220000EB|3.17|3.35|2020|||54|01/01/2024||YEAR_LAST_IMPROVEMENT
05200220000EB|3.35|3.45|2020|||54|01/01/2024||YEAR_LAST_IMPROVEMENT
05200220000EB|3.45|4.73|2020|||54|01/01/2024||YEAR_LAST_IMPROVEMENT
05200220000EB|4.73|5.19|2020|||54|01/01/2024||YEAR_LAST_IMPROVEMENT
05200220000EB|5.19|5.89|2020|||54|01/01/2024||YEAR_LAST_IMPROVEMENT
3530002000000|2.36|2.84|2013|||54|01/01/2024||YEAR_LAST_IMPROVEMENT
1530002000000|0.28|0.56|2023|||54|01/01/2024||YEAR_LAST_IMPROVEMENT
5230002000000|7.29|7.84|2024|||54|01/01/2024||YEAR_LAST_IMPROVEMENT
5230002000000|8.35|8.6|2024|||54|01/01/2024||YEAR_LAST_IMPROVEMENT
5230002000000|8.6|9.24|2024|||54|01/01/2024||YEAR_LAST_IMPROVEMENT
0530002000000|3.88|6.35|2024|||54|01/01/2024||YEAR_LAST_IMPROVEMENT
0530002000000|6.8|7.06|2024|||54|01/01/2024||YEAR_LAST_IMPROVEMENT
0530002000000|7.06|7.47|2024|||54|01/01/2024||YEAR_LAST_IMPROVEMENT
1540105010000|0.0|0.34|2024|||54|01/01/2024||YEAR_LAST_IMPROVEMENT
4240037080000|6.535|6.537|2009|||54|01/01/2024||YEAR_LAST_IMPROVEMENT
38202190000NB|0.0|0.3|2020|||54|01/01/2024||YEAR_LAST_IMPROVEMENT
38202190000NB|0.3|1.3|2020|||54|01/01/2024||YEAR_LAST_IMPROVEMENT
38202190000NB|3.7|4.37|2016|||54|01/01/2024||YEAR_LAST_IMPROVEMENT
38202190000NB|4.37|5.2|2016|||54|01/01/2024||YEAR_LAST_IMPROVEMENT
38202190000NB|5.2|6.01|2005|||54|01/01/2024||YEAR_LAST_IMPROVEMENT
38202190000NB|6.01|7.15|2005|||54|01/01/2024||YEAR_LAST_IMPROVEMENT
38202190000NB|7.77|8.9|2018|||54|01/01/2024||YEAR_LAST_IMPROVEMENT
38202190000NB|14.15|14.67|2023|||54|01/01/2024||YEAR_LAST_IMPROVEMENT
38202190000NB|19.58|21.69|2016|||54|01/01/2024||YEAR_LAST_IMPROVEMENT
38202190000NB|21.69|21.84|2016|||54|01/01/2024||YEAR_LAST_IMPROVEMENT
38202190000NB|25.34|26.37|2021|||54|01/01/2024||YEAR_LAST_IMPROVEMENT
38202190000NB|26.37|26.54|2021|||54|01/01/2024||YEAR_LAST_IMPROVEMENT
38202190000NB|26.54|29.12|2012|||54|01/01/2024||YEAR_LAST_IMPROVEMENT
38202190000NB|34.47|34.57|2018|||54|01/01/2024||YEAR_LAST_IMPROVEMENT
38202190000NB|34.57|34.78|2015|||54|01/01/2024||YEAR_LAST_IMPROVEMENT
38202190000NB|34.79|37.89|2015|||54|01/01/2024||YEAR_LAST_IMPROVEMENT
38202500000NB|0.0|2.5|2020|||54|01/01/2024||YEAR_LAST_IMPROVEMENT
38202500000NB|2.5|3.5|2020|||54|01/01/2024||YEAR_LAST_IMPROVEMENT
38202500000NB|6.96|7.0|2023|||54|01/01/2024||YEAR_LAST_IMPROVEMENT
4240031000000|0.0|1.81|2021|||54|01/01/2024||YEAR_LAST_IMPROVEMENT
4240219220000|0.0|0.16|2019|||54|01/01/2024||YEAR_LAST_IMPROVEMENT
4240009000000|0.0|0.02|2016|||54|01/01/2024||YEAR_LAST_IMPROVEMENT
4240009000000|0.02|0.18|2016|||54|01/01/2024||YEAR_LAST_IMPROVEMENT
4240009000000|0.18|0.32|2016|||54|01/01/2024||YEAR_LAST_IMPROVEMENT
36200330000EB|5.49|5.92|2007|||54|01/01/2024||YEAR_LAST_IMPROVEMENT
36200330000EB|33.184|33.783|2021|||54|01/01/2024||YEAR_LAST_IMPROVEMENT
47202190000NB|5.57|5.9|2016|||54|01/01/2024||YEAR_LAST_IMPROVEMENT
47202190000NB|13.1|13.13|2020|||54|01/01/2024||YEAR_LAST_IMPROVEMENT
47202190000NB|13.13|16.1|2020|||54|01/01/2024||YEAR_LAST_IMPROVEMENT
47202190000NB|16.1|17.49|2021|||54|01/01/2024||YEAR_LAST_IMPROVEMENT
47202190000NB|17.49|17.74|2021|||54|01/01/2024||YEAR_LAST_IMPROVEMENT
47202190000NB|17.74|18.0|2016|||54|01/01/2024||YEAR_LAST_IMPROVEMENT
47202190000NB|22.16|23.12|2023|||54|01/01/2024||YEAR_LAST_IMPROVEMENT
47202190000NB|23.12|25.0|2023|||54|01/01/2024||YEAR_LAST_IMPROVEMENT
47202190000NB|25.0|25.49|2023|||54|01/01/2024||YEAR_LAST_IMPROVEMENT
47202190000NB|25.49|25.83|2023|||54|01/01/2024||YEAR_LAST_IMPROVEMENT
47202190000NB|25.83|26.08|2023|||54|01/01/2024||YEAR_LAST_IMPROVEMENT
47202190000NB|26.08|26.1|2021|||54|01/01/2024||YEAR_LAST_IMPROVEMENT
47202190000NB|26.1|27.76|2021|||54|01/01/2024||YEAR_LAST_IMPROVEMENT
3830039000000|27.78|28.08|2021|||54|01/01/2024||YEAR_LAST_IMPROVEMENT
42202500000NB|9.71|9.77|2017|||54|01/01/2024||YEAR_LAST_IMPROVEMENT
42202500000NB|9.77|10.42|2018|||54|01/01/2024||YEAR_LAST_IMPROVEMENT
42202500000NB|10.42|12.45|2016|||54|01/01/2024||YEAR_LAST_IMPROVEMENT
4730032000000|0.0|0.19|2018|||54|01/01/2024||YEAR_LAST_IMPROVEMENT
4730032000000|0.19|2.67|2018|||54|01/01/2024||YEAR_LAST_IMPROVEMENT
4730032000000|2.67|3.26|2023|||54|01/01/2024||YEAR_LAST_IMPROVEMENT
4730032000000|3.26|4.17|2023|||54|01/01/2024||YEAR_LAST_IMPROVEMENT
4730032000000|4.17|4.88|2024|||54|01/01/2024||YEAR_LAST_IMPROVEMENT
4730032000000|14.79|16.09|2015|||54|01/01/2024||YEAR_LAST_IMPROVEMENT
4730032000000|16.09|16.45|2015|||54|01/01/2024||YEAR_LAST_IMPROVEMENT
47300320005SB|0.04|0.19|2018|||54|01/01/2024||YEAR_LAST_IMPROVEMENT
4730093000000|0.0|0.15|2017|||54|01/01/2024||YEAR_LAST_IMPROVEMENT
4730093000000|0.15|0.91|2017|||54|01/01/2024||YEAR_LAST_IMPROVEMENT
3830092000000|0.0|5.83|2015|||54|01/01/2024||YEAR_LAST_IMPROVEMENT
4240025000000|1.73|2.55|2016|||54|01/01/2024||YEAR_LAST_IMPROVEMENT
3630028000000|24.07|24.33|2019|||54|01/01/2024||YEAR_LAST_IMPROVEMENT
3630028000000|24.33|25.57|2014|||54|01/01/2024||YEAR_LAST_IMPROVEMENT
42200330000EB|7.9|8.05|2021|||54|01/01/2024||YEAR_LAST_IMPROVEMENT
42200330000EB|8.05|8.63|2021|||54|01/01/2024||YEAR_LAST_IMPROVEMENT
42200330000EB|8.63|8.64|2024|||54|01/01/2024||YEAR_LAST_IMPROVEMENT
42200330000EB|8.64|9.5|2024|||54|01/01/2024||YEAR_LAST_IMPROVEMENT
42200330000EB|9.5|9.74|2024|||54|01/01/2024||YEAR_LAST_IMPROVEMENT
42200330000EB|10.26|10.89|2023|||54|01/01/2024||YEAR_LAST_IMPROVEMENT
42200330000EB|10.89|10.99|2019|||54|01/01/2024||YEAR_LAST_IMPROVEMENT
42202190000NB|0.0|3.16|2019|||54|01/01/2024||YEAR_LAST_IMPROVEMENT
42202190000NB|3.16|3.24|2017|||54|01/01/2024||YEAR_LAST_IMPROVEMENT
42202190000NB|8.55|8.74|2023|||54|01/01/2024||YEAR_LAST_IMPROVEMENT
42202190000NB|8.74|9.66|2023|||54|01/01/2024||YEAR_LAST_IMPROVEMENT
42202190000NB|13.12|15.03|2019|||54|01/01/2024||YEAR_LAST_IMPROVEMENT
42202190000NB|15.03|15.89|2020|||54|01/01/2024||YEAR_LAST_IMPROVEMENT
42202190000NB|15.89|17.2|2020|||54|01/01/2024||YEAR_LAST_IMPROVEMENT
42202190000NB|17.2|17.29|2015|||54|01/01/2024||YEAR_LAST_IMPROVEMENT
42202190000NB|17.29|17.4|2021|||54|01/01/2024||YEAR_LAST_IMPROVEMENT
42202190000NB|17.4|19.15|2021|||54|01/01/2024||YEAR_LAST_IMPROVEMENT
42202190000NB|19.15|19.51|2021|||54|01/01/2024||YEAR_LAST_IMPROVEMENT
42202190000NB|19.51|21.44|2022|||54|01/01/2024||YEAR_LAST_IMPROVEMENT
42202190000NB|21.48|21.64|2022|||54|01/01/2024||YEAR_LAST_IMPROVEMENT
42202190000NB|21.64|21.67|2017|||54|01/01/2024||YEAR_LAST_IMPROVEMENT
42202190000NB|27.85|30.16|2015|||54|01/01/2024||YEAR_LAST_IMPROVEMENT
42202190000NB|37.54|37.87|2020|||54|01/01/2024||YEAR_LAST_IMPROVEMENT
4240033070000|0.0|0.43|2022|||54|01/01/2024||YEAR_LAST_IMPROVEMENT
1040019020000|0.0|0.82|1992|||54|01/01/2024||YEAR_LAST_IMPROVEMENT
4530020000000|24.37|24.94|2022|||54|01/01/2024||YEAR_LAST_IMPROVEMENT
4530020000000|25.32|32.0|2015|||54|01/01/2024||YEAR_LAST_IMPROVEMENT
4530020000000|32.0|32.14|2022|||54|01/01/2024||YEAR_LAST_IMPROVEMENT
32202190000NB|1.92|7.87|2021|||54|01/01/2024||YEAR_LAST_IMPROVEMENT
32202190000NB|16.18|19.24|2023|||54|01/01/2024||YEAR_LAST_IMPROVEMENT
32202190000NB|19.24|19.66|2023|||54|01/01/2024||YEAR_LAST_IMPROVEMENT
32202190000NB|19.66|21.45|2023|||54|01/01/2024||YEAR_LAST_IMPROVEMENT
32202190000NB|21.45|23.0|2023|||54|01/01/2024||YEAR_LAST_IMPROVEMENT
32202190000NB|24.92|25.93|2023|||54|01/01/2024||YEAR_LAST_IMPROVEMENT
32202190000NB|25.93|26.24|2022|||54|01/01/2024||YEAR_LAST_IMPROVEMENT
32202190000NB|26.24|27.59|2022|||54|01/01/2024||YEAR_LAST_IMPROVEMENT
32202190000NB|28.1|28.68|2022|||54|01/01/2024||YEAR_LAST_IMPROVEMENT
3430039000000|24.6|24.96|2023|||54|01/01/2024||YEAR_LAST_IMPROVEMENT
1040012000000|1.9|3.28|1967|||54|01/01/2024||YEAR_LAST_IMPROVEMENT
1030061000000|0.0|1.04|1984|||54|01/01/2024||YEAR_LAST_IMPROVEMENT
1030061000000|8.74|9.33|1978|||54|01/01/2024||YEAR_LAST_IMPROVEMENT
1030061000000|22.53|25.56|1984|||54|01/01/2024||YEAR_LAST_IMPROVEMENT
3230012000000|0.78|5.93|2020|||54|01/01/2024||YEAR_LAST_IMPROVEMENT
13202190000NB|2.57|4.79|2022|||54|01/01/2024||YEAR_LAST_IMPROVEMENT
13202190000NB|5.364|5.37|2022|||54|01/01/2024||YEAR_LAST_IMPROVEMENT
13202190000NB|5.37|5.69|2022|||54|01/01/2024||YEAR_LAST_IMPROVEMENT
13202190000NB|5.69|6.03|2022|||54|01/01/2024||YEAR_LAST_IMPROVEMENT
13202190000NB|6.03|6.04|2022|||54|01/01/2024||YEAR_LAST_IMPROVEMENT
13202190000NB|6.04|6.39|2022|||54|01/01/2024||YEAR_LAST_IMPROVEMENT
13202190000NB|6.39|6.52|2022|||54|01/01/2024||YEAR_LAST_IMPROVEMENT
13202190000NB|6.52|6.69|2022|||54|01/01/2024||YEAR_LAST_IMPROVEMENT
13202190000NB|6.69|7.11|2022|||54|01/01/2024||YEAR_LAST_IMPROVEMENT
13202190000NB|7.43|8.59|2021|||54|01/01/2024||YEAR_LAST_IMPROVEMENT
13202190000NB|8.59|9.06|2021|||54|01/01/2024||YEAR_LAST_IMPROVEMENT
13202190000NB|9.06|9.87|2021|||54|01/01/2024||YEAR_LAST_IMPROVEMENT
13202190000NB|10.01|10.2|2023|||54|01/01/2024||YEAR_LAST_IMPROVEMENT
13202190000NB|10.2|10.4|2023|||54|01/01/2024||YEAR_LAST_IMPROVEMENT
13202190000NB|10.4|10.48|2023|||54|01/01/2024||YEAR_LAST_IMPROVEMENT
13202190000NB|10.48|10.85|2023|||54|01/01/2024||YEAR_LAST_IMPROVEMENT
13202190000NB|13.99|14.154|2023|||54|01/01/2024||YEAR_LAST_IMPROVEMENT
13202190000NB|14.154|14.34|2023|||54|01/01/2024||YEAR_LAST_IMPROVEMENT
13202190000NB|14.34|14.45|2023|||54|01/01/2024||YEAR_LAST_IMPROVEMENT
13202190000NB|15.74|16.37|2021|||54|01/01/2024||YEAR_LAST_IMPROVEMENT
13202190000NB|21.34|21.86|2023|||54|01/01/2024||YEAR_LAST_IMPROVEMENT
13202190000NB|25.9|26.76|2024|||54|01/01/2024||YEAR_LAST_IMPROVEMENT
13202190000NB|26.76|26.97|2024|||54|01/01/2024||YEAR_LAST_IMPROVEMENT
13202190000NB|26.97|27.33|2024|||54|01/01/2024||YEAR_LAST_IMPROVEMENT
1030006000000|0.0|0.12|2023|||54|01/01/2024||YEAR_LAST_IMPROVEMENT
1030006000000|0.12|0.33|2023|||54|01/01/2024||YEAR_LAST_IMPROVEMENT
10200190000NB|0.0|1.02|2019|||54|01/01/2024||YEAR_LAST_IMPROVEMENT
10200190000NB|3.89|6.16|2017|||54|01/01/2024||YEAR_LAST_IMPROVEMENT
10200190000NB|6.16|6.66|2017|||54|01/01/2024||YEAR_LAST_IMPROVEMENT
10200190000NB|6.66|8.23|2017|||54|01/01/2024||YEAR_LAST_IMPROVEMENT
10200190000NB|14.64|15.627|2024|||54|01/01/2024||YEAR_LAST_IMPROVEMENT
4530107000000|0.29|0.76|1998|||54|01/01/2024||YEAR_LAST_IMPROVEMENT
1330063000000|6.06|7.63|2023|||54|01/01/2024||YEAR_LAST_IMPROVEMENT
34200190000NB|1.38|3.4|2024|||54|01/01/2024||YEAR_LAST_IMPROVEMENT
34200190000NB|11.03|11.47|2018|||54|01/01/2024||YEAR_LAST_IMPROVEMENT
34200190000NB|31.65|31.85|2020|||54|01/01/2024||YEAR_LAST_IMPROVEMENT
13100640000EB|149.84|156.18|2021|||54|01/01/2024||YEAR_LAST_IMPROVEMENT
13100640000EB|156.18|161.46|2018|||54|01/01/2024||YEAR_LAST_IMPROVEMENT
13100640000EB|161.46|165.87|2024|||54|01/01/2024||YEAR_LAST_IMPROVEMENT
13100640000EB|165.87|165.9|2024|||54|01/01/2024||YEAR_LAST_IMPROVEMENT
13100640000EB|165.9|165.95|2024|||54|01/01/2024||YEAR_LAST_IMPROVEMENT
13100640000EB|165.95|168.89|2024|||54|01/01/2024||YEAR_LAST_IMPROVEMENT
13100640000EB|168.96|169.38|2018|||54|01/01/2024||YEAR_LAST_IMPROVEMENT
13100640000EB|169.38|169.41|2018|||54|01/01/2024||YEAR_LAST_IMPROVEMENT
13100640000EB|169.41|170.09|2018|||54|01/01/2024||YEAR_LAST_IMPROVEMENT
13100640000EB|170.09|170.23|2018|||54|01/01/2024||YEAR_LAST_IMPROVEMENT
13100640000EB|172.62|174.1|2023|||54|01/01/2024||YEAR_LAST_IMPROVEMENT
13100640000EB|176.16|178.43|2021|||54|01/01/2024||YEAR_LAST_IMPROVEMENT
13100640000EB|178.43|181.12|2019|||54|01/01/2024||YEAR_LAST_IMPROVEMENT
13100640000EB|181.12|182.02|2020|||54|01/01/2024||YEAR_LAST_IMPROVEMENT
13100640000EB|182.02|184.02|2020|||54|01/01/2024||YEAR_LAST_IMPROVEMENT
1040008000000|1.3|2.0|2014|||54|01/01/2024||YEAR_LAST_IMPROVEMENT
1040008000000|2.47|2.82|2014|||54|01/01/2024||YEAR_LAST_IMPROVEMENT
1040008000000|3.28|6.25|2013|||54|01/01/2024||YEAR_LAST_IMPROVEMENT
13200600000EB|28.53|29.61|2022|||54|01/01/2024||YEAR_LAST_IMPROVEMENT
10200600000EB|0.34|0.345|2015|||54|01/01/2024||YEAR_LAST_IMPROVEMENT
10200600000EB|0.345|1.01|2015|||54|01/01/2024||YEAR_LAST_IMPROVEMENT
1030016000000|14.616|14.746|2021|||54|01/01/2024||YEAR_LAST_IMPROVEMENT
1030016000000|15.526|16.666|2024|||54|01/01/2024||YEAR_LAST_IMPROVEMENT
