RouteID|BMP|EMP|ValueNumeric|DataItem|BeginDate|ValueText|ValueDate|StateID|Comments
2840025000000|0.0|0.57|0.172|Curves_C|01/01/2024|||54|
2840025000000|0.57|1.53|0.087|Curves_C|01/01/2024|||54|
5140003000000|8.08|10.38|0.379|Curves_C|01/01/2024|||54|
3174810001900|0.0|0.76|0.043|Curves_C|01/01/2024|||54|
13202190000NB|2.57|4.79|0.663|Curves_C|01/01/2024|||54|
13202190000NB|5.69|6.03|0.201|Curves_C|01/01/2024|||54|
13202190000NB|6.03|6.04|0.01|Curves_C|01/01/2024|||54|
13202190000NB|6.04|6.39|0.053|Curves_C|01/01/2024|||54|
13202190000NB|6.39|6.69|0.074|Curves_C|01/01/2024|||54|
13202190000NB|6.69|7.11|0.072|Curves_C|01/01/2024|||54|
13202190000NB|7.19|7.43|0.086|Curves_C|01/01/2024|||54|
13202190000NB|7.43|8.59|0.034|Curves_C|01/01/2024|||54|
13202190000NB|8.59|9.06|0.097|Curves_C|01/01/2024|||54|
13202190000NB|10.01|10.85|0.183|Curves_C|01/01/2024|||54|
13202190000NB|13.99|14.154|0.06|Curves_C|01/01/2024|||54|
13202190000NB|15.74|16.37|0.043|Curves_C|01/01/2024|||54|
13202190000NB|21.34|21.86|0.012|Curves_C|01/01/2024|||54|
13202190000NB|25.9|26.76|0.493|Curves_C|01/01/2024|||54|
13202190000NB|26.76|26.97|0.109|Curves_C|01/01/2024|||54|
13202190000NB|26.97|27.33|0.246|Curves_C|01/01/2024|||54|
13202190000NB|27.33|29.72|0.412|Curves_C|01/01/2024|||54|
13202190000NB|29.72|31.56|0.3|Curves_C|01/01/2024|||54|
13202190000NB|31.56|34.22|0.476|Curves_C|01/01/2024|||54|
0240036010000|1.6|1.98|0.12|Curves_C|01/01/2024|||54|
2540064020000|0.0|0.24|0.14|Curves_C|01/01/2024|||54|
0540014000000|2.43|3.45|0.2|Curves_C|01/01/2024|||54|
25202500000NB|2.87|3.0|0.021|Curves_C|01/01/2024|||54|
3140060020000|0.0|0.26|0.005|Curves_C|01/01/2024|||54|
0240034000000|2.51|3.42|0.291|Curves_C|01/01/2024|||54|
4240219420000|0.0|0.21|0.019|Curves_C|01/01/2024|||54|
31200190000NB|8.29|8.806|0.098|Curves_C|01/01/2024|||54|
31200190000NB|8.99|9.16|0.045|Curves_C|01/01/2024|||54|
31200190000NB|9.54|9.94|0.026|Curves_C|01/01/2024|||54|
31200190000NB|10.59|11.08|0.079|Curves_C|01/01/2024|||54|
31200190000NB|13.74|14.19|0.068|Curves_C|01/01/2024|||54|
31200190000NB|14.44|14.8|0.061|Curves_C|01/01/2024|||54|
0640039000000|2.08|2.62|0.091|Curves_C|01/01/2024|||54|
52202500000NB|1.18|1.89|0.118|Curves_C|01/01/2024|||54|
52202500000NB|5.54|6.88|0.284|Curves_C|01/01/2024|||54|
52202500000NB|7.02|7.97|0.182|Curves_C|01/01/2024|||54|
52202500000NB|8.1|8.64|0.1|Curves_C|01/01/2024|||54|
52202500000NB|8.68|9.05|0.012|Curves_C|01/01/2024|||54|
52202500000NB|9.05|9.2|0.013|Curves_C|01/01/2024|||54|
52202500000NB|9.2|9.63|0.193|Curves_C|01/01/2024|||54|
52202500000NB|9.63|11.07|0.36|Curves_C|01/01/2024|||54|
2840007050000|0.0|0.324|0.111|Curves_C|01/01/2024|||54|
2840007050000|0.343|1.11|0.211|Curves_C|01/01/2024|||54|
2840007050000|1.11|1.83|0.032|Curves_C|01/01/2024|||54|
2840007050000|1.836|2.1|0.019|Curves_C|01/01/2024|||54|
19203400005SB|0.0|0.17|0.17|Curves_C|01/01/2024|||54|
19203400005SB|0.17|0.37|0.034|Curves_C|01/01/2024|||54|
30201190000NB|12.88|14.28|0.568|Curves_C|01/01/2024|||54|
0140010000000|7.41|8.63|0.141|Curves_C|01/01/2024|||54|
2071068001900|0.0|0.48|0.07|Curves_C|01/01/2024|||54|
27200350000NB|9.534|10.26|0.336|Curves_C|01/01/2024|||54|
27200350000NB|11.422|11.76|0.116|Curves_C|01/01/2024|||54|
27200350000NB|16.293|16.47|0.035|Curves_C|01/01/2024|||54|
27200350000NB|16.507|17.102|0.318|Curves_C|01/01/2024|||54|
27200350000NB|17.632|17.753|0.098|Curves_C|01/01/2024|||54|
27200350000NB|17.753|18.071|0.019|Curves_C|01/01/2024|||54|
27200350000NB|18.097|18.46|0.242|Curves_C|01/01/2024|||54|
0540507000000|0.62|1.2|0.054|Curves_C|01/01/2024|||54|
06200520004NB|0.321|0.46|0.094|Curves_C|01/01/2024|||54|
1040005000000|0.06|0.62|0.185|Curves_C|01/01/2024|||54|
0130020000000|0.0|2.15|0.205|Curves_C|01/01/2024|||54|
09200500000EB|0.0|3.98|0.4|Curves_C|01/01/2024|||54|
09200500000EB|3.98|5.61|0.861|Curves_C|01/01/2024|||54|
09200500000EB|5.63|6.54|0.367|Curves_C|01/01/2024|||54|
09200500000EB|8.26|8.8|0.276|Curves_C|01/01/2024|||54|
09200500000EB|8.8|9.75|0.083|Curves_C|01/01/2024|||54|
09200500000EB|9.75|11.01|0.628|Curves_C|01/01/2024|||54|
09200500000EB|12.1|12.96|0.544|Curves_C|01/01/2024|||54|
09200500000EB|17.75|18.87|0.456|Curves_C|01/01/2024|||54|
3140065000000|0.0|0.263|0.064|Curves_C|01/01/2024|||54|
4940020310000|0.0|0.22|0.066|Curves_C|01/01/2024|||54|
08100790000NB|36.0|39.91|1.583|Curves_C|01/01/2024|||54|
08100790000NB|41.43|44.6|0.889|Curves_C|01/01/2024|||54|
1230028000000|8.23|12.58|0.806|Curves_C|01/01/2024|||54|
1230028000000|13.03|13.38|0.113|Curves_C|01/01/2024|||54|
47202190000NB|5.57|7.37|0.302|Curves_C|01/01/2024|||54|
47202190000NB|13.1|17.49|0.632|Curves_C|01/01/2024|||54|
47202190000NB|17.49|18.0|0.082|Curves_C|01/01/2024|||54|
47202190000NB|22.16|25.83|0.992|Curves_C|01/01/2024|||54|
47202190000NB|25.83|26.1|0.035|Curves_C|01/01/2024|||54|
47202190000NB|26.1|27.76|0.579|Curves_C|01/01/2024|||54|
2040026000000|4.62|4.96|0.107|Curves_C|01/01/2024|||54|
2840011000000|0.08|0.58|0.24|Curves_C|01/01/2024|||54|
42200330000EB|7.76|8.05|0.222|Curves_C|01/01/2024|||54|
42200330000EB|8.05|9.5|0.1|Curves_C|01/01/2024|||54|
42200330000EB|9.5|9.74|0.07|Curves_C|01/01/2024|||54|
42200330000EB|10.26|10.99|0.124|Curves_C|01/01/2024|||54|
2540060000000|2.11|2.61|0.1|Curves_C|01/01/2024|||54|
2540060000000|4.38|4.86|0.068|Curves_C|01/01/2024|||54|
2540250180000|0.08|0.85|0.168|Curves_C|01/01/2024|||54|
1030006000000|0.0|0.12|0.022|Curves_C|01/01/2024|||54|
1030006000000|0.12|0.33|0.139|Curves_C|01/01/2024|||54|
0240051070000|2.28|3.56|0.356|Curves_C|01/01/2024|||54|
2540073000000|2.45|3.55|0.047|Curves_C|01/01/2024|||54|
06100640000EB|5.87|6.47|0.215|Curves_C|01/01/2024|||54|
06100640000EB|6.74|7.26|0.118|Curves_C|01/01/2024|||54|
06100640000EB|7.26|7.72|0.215|Curves_C|01/01/2024|||54|
06100640000EB|7.72|8.19|0.306|Curves_C|01/01/2024|||54|
06100640000EB|8.19|9.22|0.115|Curves_C|01/01/2024|||54|
06100640000EB|9.22|9.52|0.215|Curves_C|01/01/2024|||54|
06100640000EB|21.16|21.75|0.385|Curves_C|01/01/2024|||54|
06100640000EB|21.75|22.39|0.277|Curves_C|01/01/2024|||54|
06100640000EB|22.39|27.11|1.146|Curves_C|01/01/2024|||54|
28200520000EB|12.97|13.39|0.225|Curves_C|01/01/2024|||54|
28200520000EB|13.44|13.67|0.137|Curves_C|01/01/2024|||54|
1740012000000|0.14|0.9|0.146|Curves_C|01/01/2024|||54|
3140049000000|0.66|1.25|0.106|Curves_C|01/01/2024|||54|
2840014000000|0.0|0.63|0.239|Curves_C|01/01/2024|||54|
4040012000000|4.71|8.19|0.862|Curves_C|01/01/2024|||54|
4040012000000|8.19|10.77|0.423|Curves_C|01/01/2024|||54|
4040012000000|10.77|12.37|0.422|Curves_C|01/01/2024|||54|
15200300000EB|1.543|2.38|0.178|Curves_C|01/01/2024|||54|
1030061000000|0.0|1.12|0.449|Curves_C|01/01/2024|||54|
1030061000000|8.74|9.33|0.372|Curves_C|01/01/2024|||54|
1030061000000|22.53|25.56|1.072|Curves_C|01/01/2024|||54|
4130041000000|0.0|0.71|0.185|Curves_C|01/01/2024|||54|
5440021020000|0.5|1.98|0.122|Curves_C|01/01/2024|||54|
4530003000000|9.56|10.91|0.031|Curves_C|01/01/2024|||54|
5430014000100|0.0|0.63|0.072|Curves_C|01/01/2024|||54|
5430014000100|0.92|1.31|0.15|Curves_C|01/01/2024|||54|
5430014000100|1.72|1.98|0.156|Curves_C|01/01/2024|||54|
4730032000000|0.0|3.26|0.455|Curves_C|01/01/2024|||54|
4730032000000|3.26|4.88|0.577|Curves_C|01/01/2024|||54|
4730032000000|14.79|16.09|0.234|Curves_C|01/01/2024|||54|
1577269001900|0.65|0.97|0.045|Curves_C|01/01/2024|||54|
4140008010000|1.02|1.6|0.038|Curves_C|01/01/2024|||54|
2870513001900|0.0|0.37|0.031|Curves_C|01/01/2024|||54|
44200330000EB|4.33|5.61|0.102|Curves_C|01/01/2024|||54|
44200330000EB|6.75|9.1|0.298|Curves_C|01/01/2024|||54|
44200330000EB|15.77|17.73|0.467|Curves_C|01/01/2024|||54|
5475762001900|1.16|1.47|0.043|Curves_C|01/01/2024|||54|
12200480000EB|0.0|5.82|1.679|Curves_C|01/01/2024|||54|
4140030000000|4.27|4.52|0.046|Curves_C|01/01/2024|||54|
1540208000000|3.21|3.55|0.095|Curves_C|01/01/2024|||54|
20200600000EB|2.44|2.86|0.142|Curves_C|01/01/2024|||54|
20200600000EB|14.84|16.0|0.037|Curves_C|01/01/2024|||54|
0240011240000|0.0|0.85|0.169|Curves_C|01/01/2024|||54|
4140006000000|0.0|0.14|0.051|Curves_C|01/01/2024|||54|
4140006000000|0.91|1.13|0.068|Curves_C|01/01/2024|||54|
3174772001900|0.1|0.27|0.019|Curves_C|01/01/2024|||54|
3174772001900|0.27|0.42|0.024|Curves_C|01/01/2024|||54|
0673285001900|0.0|0.32|0.02|Curves_C|01/01/2024|||54|
2430016000000|0.06|1.73|0.362|Curves_C|01/01/2024|||54|
2430016000000|4.05|6.18|0.329|Curves_C|01/01/2024|||54|
2430016000000|16.06|19.56|1.827|Curves_C|01/01/2024|||54|
2430016000000|19.56|20.79|0.14|Curves_C|01/01/2024|||54|
2430016000000|20.79|22.05|0.112|Curves_C|01/01/2024|||54|
2430016000000|22.05|23.76|0.465|Curves_C|01/01/2024|||54|
2430016000000|23.76|24.86|0.346|Curves_C|01/01/2024|||54|
2430016000000|29.19|29.41|0.007|Curves_C|01/01/2024|||54|
2430016000000|32.7|35.38|0.983|Curves_C|01/01/2024|||54|
31100680004NB|0.0|0.84|0.112|Curves_C|01/01/2024|||54|
07200330000EB|0.09|2.33|0.143|Curves_C|01/01/2024|||54|
07200330000EB|3.68|5.03|0.063|Curves_C|01/01/2024|||54|
07200330000EB|5.59|6.2|0.151|Curves_C|01/01/2024|||54|
07200330000EB|6.62|8.3|0.064|Curves_C|01/01/2024|||54|
07200330000EB|10.13|14.3|0.799|Curves_C|01/01/2024|||54|
07200330000EB|14.3|14.86|0.037|Curves_C|01/01/2024|||54|
0830036000000|2.48|4.2|0.119|Curves_C|01/01/2024|||54|
1740020750000|0.46|0.93|0.411|Curves_C|01/01/2024|||54|
1740020750000|1.26|1.48|0.033|Curves_C|01/01/2024|||54|
1740023090000|6.77|7.36|0.137|Curves_C|01/01/2024|||54|
1740023090000|7.77|8.94|0.125|Curves_C|01/01/2024|||54|
13100640000EB|147.93|149.84|0.647|Curves_C|01/01/2024|||54|
13100640000EB|149.84|156.18|0.566|Curves_C|01/01/2024|||54|
13100640000EB|156.18|161.46|1.56|Curves_C|01/01/2024|||54|
13100640000EB|161.46|165.95|1.075|Curves_C|01/01/2024|||54|
13100640000EB|165.95|168.89|0.552|Curves_C|01/01/2024|||54|
13100640000EB|172.62|174.1|0.808|Curves_C|01/01/2024|||54|
13100640000EB|174.1|175.31|0.206|Curves_C|01/01/2024|||54|
13100640000EB|175.31|176.16|0.281|Curves_C|01/01/2024|||54|
13100640000EB|176.16|178.43|0.48|Curves_C|01/01/2024|||54|
13100640000EB|178.43|181.12|1.182|Curves_C|01/01/2024|||54|
13100640000EB|182.02|184.02|0.834|Curves_C|01/01/2024|||54|
0240005000000|5.9|7.94|0.58|Curves_C|01/01/2024|||54|
2540072000000|1.02|1.79|0.108|Curves_C|01/01/2024|||54|
2540072000000|2.07|2.67|0.07|Curves_C|01/01/2024|||54|
4140019210000|3.73|5.14|0.224|Curves_C|01/01/2024|||54|
1740025120000|0.27|0.64|0.043|Curves_C|01/01/2024|||54|
2430083000000|0.0|6.42|0.628|Curves_C|01/01/2024|||54|
2430083000000|14.092|17.6|0.514|Curves_C|01/01/2024|||54|
2430083000000|17.6|18.01|0.067|Curves_C|01/01/2024|||54|
4940013000000|0.0|0.86|0.147|Curves_C|01/01/2024|||54|
1140007000000|6.97|8.67|0.295|Curves_C|01/01/2024|||54|
0274259001900|0.17|0.61|0.12|Curves_C|01/01/2024|||54|
2930093000000|0.0|3.42|0.302|Curves_C|01/01/2024|||54|
2776503001900|0.0|0.23|0.024|Curves_C|01/01/2024|||54|
1771754001900|0.18|0.47|0.034|Curves_C|01/01/2024|||54|
1740050160000|0.12|0.54|0.087|Curves_C|01/01/2024|||54|
3140007210000|0.0|1.11|0.216|Curves_C|01/01/2024|||54|
2870514001900|0.6|1.41|0.088|Curves_C|01/01/2024|||54|
41100770016NB|35.21|35.75|0.192|Curves_C|01/01/2024|||54|
41100770016NB|35.75|37.82|0.214|Curves_C|01/01/2024|||54|
41100770016NB|42.31|43.13|0.212|Curves_C|01/01/2024|||54|
41100770016NB|43.13|44.54|0.61|Curves_C|01/01/2024|||54|
41100770016NB|48.05|48.34|0.075|Curves_C|01/01/2024|||54|
1940009020000|0.2|0.35|0.033|Curves_C|01/01/2024|||54|
3040065050000|5.74|7.12|0.028|Curves_C|01/01/2024|||54|
0673272001900|0.35|1.04|0.077|Curves_C|01/01/2024|||54|
0673272001900|1.08|1.44|0.044|Curves_C|01/01/2024|||54|
17200500000EB|0.0|1.53|0.832|Curves_C|01/01/2024|||54|
17200500000EB|1.53|3.37|0.333|Curves_C|01/01/2024|||54|
17200500000EB|3.42|3.8|0.074|Curves_C|01/01/2024|||54|
17200500000EB|6.11|7.16|0.058|Curves_C|01/01/2024|||54|
17200500000EB|11.38|12.29|0.084|Curves_C|01/01/2024|||54|
17200500000EB|13.25|13.78|0.394|Curves_C|01/01/2024|||54|
17200500000EB|15.31|15.46|0.075|Curves_C|01/01/2024|||54|
17200500000EB|15.68|16.24|0.199|Curves_C|01/01/2024|||54|
17200500000EB|17.79|18.0|0.013|Curves_C|01/01/2024|||54|
17200500000EB|18.32|18.45|0.092|Curves_C|01/01/2024|||54|
17200500000EB|18.45|18.52|0.065|Curves_C|01/01/2024|||54|
17200500000EB|18.85|19.21|0.038|Curves_C|01/01/2024|||54|
1940003000000|1.403|1.82|0.242|Curves_C|01/01/2024|||54|
1940003000000|1.82|2.02|0.102|Curves_C|01/01/2024|||54|
3430041000000|0.03|2.59|0.093|Curves_C|01/01/2024|||54|
4240025030000|0.0|0.005|0.002|Curves_C|01/01/2024|||54|
0274256001900|0.0|0.66|0.05|Curves_C|01/01/2024|||54|
3540039000000|0.01|0.42|0.064|Curves_C|01/01/2024|||54|
3540039000000|0.42|1.56|0.056|Curves_C|01/01/2024|||54|
3540039000000|1.56|2.05|0.029|Curves_C|01/01/2024|||54|
3540015010000|2.48|2.77|0.049|Curves_C|01/01/2024|||54|
1577271001900|0.4|1.18|0.179|Curves_C|01/01/2024|||54|
2940008000000|0.0|0.24|0.035|Curves_C|01/01/2024|||54|
36200330000EB|33.184|33.783|0.021|Curves_C|01/01/2024|||54|
0630193000000|0.46|3.55|0.752|Curves_C|01/01/2024|||54|
0240013000000|0.43|1.03|0.059|Curves_C|01/01/2024|||54|
0240013000000|1.03|1.5|0.104|Curves_C|01/01/2024|||54|
3140857000000|0.5|1.41|0.402|Curves_C|01/01/2024|||54|
3140857000000|5.11|5.59|0.071|Curves_C|01/01/2024|||54|
3140857000000|10.85|11.35|0.059|Curves_C|01/01/2024|||54|
4140048000000|0.0|1.9|0.481|Curves_C|01/01/2024|||54|
5040003000000|3.94|4.06|0.032|Curves_C|01/01/2024|||54|
5440047040000|0.0|0.23|0.029|Curves_C|01/01/2024|||54|
5440047040000|0.23|0.93|0.13|Curves_C|01/01/2024|||54|
5440047040000|0.93|2.86|0.759|Curves_C|01/01/2024|||54|
29200500000EB|8.0|10.56|0.069|Curves_C|01/01/2024|||54|
2040012010000|0.0|0.6|0.063|Curves_C|01/01/2024|||54|
0640031000000|0.16|0.5|0.056|Curves_C|01/01/2024|||54|
1230042000000|16.97|21.26|0.544|Curves_C|01/01/2024|||54|
1230042000000|21.78|22.74|0.257|Curves_C|01/01/2024|||54|
3174813001900|0.0|1.24|0.283|Curves_C|01/01/2024|||54|
1740006000000|0.0|0.808|0.267|Curves_C|01/01/2024|||54|
2877012001900|0.0|0.96|0.23|Curves_C|01/01/2024|||54|
0940003000000|4.14|5.77|0.057|Curves_C|01/01/2024|||54|
3930072000000|18.42|20.44|0.274|Curves_C|01/01/2024|||54|
1640010000000|4.6|5.8|0.279|Curves_C|01/01/2024|||54|
4240031000000|0.0|1.81|0.065|Curves_C|01/01/2024|||54|
1740019290000|0.0|0.57|0.193|Curves_C|01/01/2024|||54|
2040025470000|0.1|0.36|0.097|Curves_C|01/01/2024|||54|
1340045010000|0.0|0.539|0.055|Curves_C|01/01/2024|||54|
2040060280000|0.0|0.55|0.171|Curves_C|01/01/2024|||54|
3140067000000|6.22|7.97|0.182|Curves_C|01/01/2024|||54|
3140067000000|7.97|8.36|0.158|Curves_C|01/01/2024|||54|
3140067000000|8.36|8.55|0.059|Curves_C|01/01/2024|||54|
2940014000000|4.19|4.6|0.021|Curves_C|01/01/2024|||54|
2040008000000|0.86|1.17|0.081|Curves_C|01/01/2024|||54|
2040008000000|2.72|3.24|0.034|Curves_C|01/01/2024|||54|
3540091010000|0.0|0.2|0.032|Curves_C|01/01/2024|||54|
4140019030000|0.387|0.5|0.013|Curves_C|01/01/2024|||54|
4140019030000|0.5|0.98|0.365|Curves_C|01/01/2024|||54|
0530002000000|3.88|6.35|0.366|Curves_C|01/01/2024|||54|
0530002000000|6.799|7.06|0.143|Curves_C|01/01/2024|||54|
0530002000000|7.06|7.47|0.066|Curves_C|01/01/2024|||54|
0530002000000|10.14|10.72|0.105|Curves_C|01/01/2024|||54|
0530002000000|15.08|15.4|0.145|Curves_C|01/01/2024|||54|
0530002000000|15.75|16.16|0.111|Curves_C|01/01/2024|||54|
28100770016NB|8.98|9.19|0.105|Curves_C|01/01/2024|||54|
28100770016NB|9.19|9.5|0.042|Curves_C|01/01/2024|||54|
28100770016NB|11.44|12.16|0.087|Curves_C|01/01/2024|||54|
28100770016NB|13.74|14.006|0.07|Curves_C|01/01/2024|||54|
3140070000000|0.0|0.38|0.005|Curves_C|01/01/2024|||54|
3140070000000|0.387|1.47|0.167|Curves_C|01/01/2024|||54|
4040050000000|13.38|14.06|0.2|Curves_C|01/01/2024|||54|
20100640006EB|0.0|0.3|0.045|Curves_C|01/01/2024|||54|
33205220000NB|0.0|6.35|1.029|Curves_C|01/01/2024|||54|
33205220000NB|6.35|7.81|0.304|Curves_C|01/01/2024|||54|
33205220000NB|12.67|13.11|0.095|Curves_C|01/01/2024|||54|
33205220000NB|14.68|15.97|0.214|Curves_C|01/01/2024|||54|
0540027040000|0.0|0.13|0.022|Curves_C|01/01/2024|||54|
54100770000NB|156.99|158.69|1.035|Curves_C|01/01/2024|||54|
54100770000NB|158.69|160.38|1.219|Curves_C|01/01/2024|||54|
54100770000NB|160.38|161.66|0.892|Curves_C|01/01/2024|||54|
54100770000NB|176.46|176.76|0.3|Curves_C|01/01/2024|||54|
54100770000NB|176.76|177.928|0.516|Curves_C|01/01/2024|||54|
54100770000NB|180.18|181.674|0.754|Curves_C|01/01/2024|||54|
54100770000NB|181.674|185.34|0.538|Curves_C|01/01/2024|||54|
54100770000NB|185.34|185.64|0.028|Curves_C|01/01/2024|||54|
54100770000NB|185.64|186.72|0.139|Curves_C|01/01/2024|||54|
19203400000NB|8.56|9.13|0.21|Curves_C|01/01/2024|||54|
19203400000NB|9.55|10.41|0.113|Curves_C|01/01/2024|||54|
19203400000NB|10.41|11.86|0.272|Curves_C|01/01/2024|||54|
19203400000NB|11.9|12.047|0.086|Curves_C|01/01/2024|||54|
19203400000NB|12.047|12.88|0.337|Curves_C|01/01/2024|||54|
19203400000NB|12.88|13.26|0.05|Curves_C|01/01/2024|||54|
19203400000NB|13.26|13.82|0.261|Curves_C|01/01/2024|||54|
2530310000000|7.16|7.808|0.357|Curves_C|01/01/2024|||54|
2530310000000|9.67|10.1|0.328|Curves_C|01/01/2024|||54|
0140046010000|0.0|1.62|0.177|Curves_C|01/01/2024|||54|
4140016160000|0.0|0.42|0.111|Curves_C|01/01/2024|||54|
5230007000000|0.2|0.36|0.113|Curves_C|01/01/2024|||54|
5230007000000|35.64|36.52|0.028|Curves_C|01/01/2024|||54|
3940003000000|4.6|7.27|0.491|Curves_C|01/01/2024|||54|
4830002000000|2.84|4.64|0.28|Curves_C|01/01/2024|||54|
4830002000000|9.93|10.25|0.12|Curves_C|01/01/2024|||54|
4830002000000|10.25|12.02|0.356|Curves_C|01/01/2024|||54|
4830002000000|12.02|13.02|0.138|Curves_C|01/01/2024|||54|
0240009050000|1.67|3.26|0.199|Curves_C|01/01/2024|||54|
2030006000000|0.0|0.1|0.06|Curves_C|01/01/2024|||54|
1740050760000|0.0|0.31|0.047|Curves_C|01/01/2024|||54|
1740050760000|0.31|1.34|0.098|Curves_C|01/01/2024|||54|
2040038000000|0.0|2.43|0.387|Curves_C|01/01/2024|||54|
0640035000000|7.83|8.63|0.252|Curves_C|01/01/2024|||54|
4730093000000|2.34|7.42|0.317|Curves_C|01/01/2024|||54|
2572529001900|0.0|0.15|0.051|Curves_C|01/01/2024|||54|
20100640000EB|45.39|47.44|0.619|Curves_C|01/01/2024|||54|
20100640000EB|47.44|48.4|0.088|Curves_C|01/01/2024|||54|
20100640000EB|48.4|49.75|0.406|Curves_C|01/01/2024|||54|
20100640000EB|49.75|50.11|0.08|Curves_C|01/01/2024|||54|
20100640000EB|53.75|54.37|0.389|Curves_C|01/01/2024|||54|
20100640000EB|54.37|54.8|0.148|Curves_C|01/01/2024|||54|
20100640000EB|57.02|57.48|0.207|Curves_C|01/01/2024|||54|
20100640000EB|57.48|57.92|0.269|Curves_C|01/01/2024|||54|
20200600007WB|7.93|8.1|0.024|Curves_C|01/01/2024|||54|
3140059000000|0.0|0.33|0.071|Curves_C|01/01/2024|||54|
3140059000000|0.33|0.85|0.024|Curves_C|01/01/2024|||54|
0240015000000|0.939|0.94|0.001|Curves_C|01/01/2024|||54|
0240015000000|2.78|3.06|0.129|Curves_C|01/01/2024|||54|
5040060030000|1.37|1.47|0.02|Curves_C|01/01/2024|||54|
0640060700000|0.0|0.18|0.069|Curves_C|01/01/2024|||54|
0640060700000|0.18|0.56|0.064|Curves_C|01/01/2024|||54|
4970755001900|0.1|0.64|0.087|Curves_C|01/01/2024|||54|
5475766001900|0.0|0.46|0.137|Curves_C|01/01/2024|||54|
52300070006EB|0.1|0.27|0.116|Curves_C|01/01/2024|||54|
5030152000000|29.86|30.39|0.03|Curves_C|01/01/2024|||54|
5030152000000|40.4|43.98|0.387|Curves_C|01/01/2024|||54|
5030152000000|43.98|44.59|0.057|Curves_C|01/01/2024|||54|
2840052200000|0.001|0.82|0.227|Curves_C|01/01/2024|||54|
1771771001900|0.43|0.62|0.066|Curves_C|01/01/2024|||54|
0330003000000|8.17|11.14|0.579|Curves_C|01/01/2024|||54|
0673295001900|0.0|1.08|0.227|Curves_C|01/01/2024|||54|
4130003000000|35.98|36.18|0.062|Curves_C|01/01/2024|||54|
4130003000000|36.23|36.49|0.084|Curves_C|01/01/2024|||54|
4130003000000|37.1|37.73|0.179|Curves_C|01/01/2024|||54|
28204600000EB|0.029|1.06|0.242|Curves_C|01/01/2024|||54|
28204600000EB|1.33|2.9|0.536|Curves_C|01/01/2024|||54|
28204600000EB|4.29|5.38|0.232|Curves_C|01/01/2024|||54|
5040009000000|0.65|1.92|0.283|Curves_C|01/01/2024|||54|
5040009000000|1.92|3.59|0.31|Curves_C|01/01/2024|||54|
3540004000000|1.92|2.19|0.107|Curves_C|01/01/2024|||54|
3140069060000|0.0|0.32|0.187|Curves_C|01/01/2024|||54|
2640003000000|0.0|1.31|0.303|Curves_C|01/01/2024|||54|
5430095000000|4.2|6.12|0.424|Curves_C|01/01/2024|||54|
5430095000000|6.12|6.29|0.103|Curves_C|01/01/2024|||54|
50200600000EB|0.0|0.24|0.056|Curves_C|01/01/2024|||54|
5240003000000|0.15|0.28|0.052|Curves_C|01/01/2024|||54|
2040160070000|0.0|0.27|0.035|Curves_C|01/01/2024|||54|
2040160070000|0.27|0.51|0.026|Curves_C|01/01/2024|||54|
4170012001900|0.0|0.46|0.133|Curves_C|01/01/2024|||54|
4970753001900|0.26|0.44|0.058|Curves_C|01/01/2024|||54|
0673313001900|0.0|0.17|0.028|Curves_C|01/01/2024|||54|
3540018000000|0.0|0.72|0.067|Curves_C|01/01/2024|||54|
25100790000NB|129.22|129.52|0.3|Curves_C|01/01/2024|||54|
25100790000NB|129.52|130.48|0.394|Curves_C|01/01/2024|||54|
25100790000NB|130.53|133.37|1.297|Curves_C|01/01/2024|||54|
25100790000NB|133.37|134.97|0.415|Curves_C|01/01/2024|||54|
25100790000NB|139.1|139.82|0.127|Curves_C|01/01/2024|||54|
25100790000NB|139.82|140.352|0.048|Curves_C|01/01/2024|||54|
5040008000000|0.0|0.45|0.136|Curves_C|01/01/2024|||54|
4630310000000|0.0|0.2|0.073|Curves_C|01/01/2024|||54|
2240012000000|4.91|5.18|0.051|Curves_C|01/01/2024|||54|
43200500000EB|0.0|2.86|0.96|Curves_C|01/01/2024|||54|
43200500000EB|8.02|9.99|1.411|Curves_C|01/01/2024|||54|
43200500000EB|10.83|11.79|0.181|Curves_C|01/01/2024|||54|
43200500000EB|12.54|12.85|0.015|Curves_C|01/01/2024|||54|
43200500000EB|13.57|14.78|0.988|Curves_C|01/01/2024|||54|
1340219390000|0.0|0.48|0.043|Curves_C|01/01/2024|||54|
4140009000000|5.28|5.54|0.057|Curves_C|01/01/2024|||54|
4940012000000|0.85|1.53|0.099|Curves_C|01/01/2024|||54|
0330099000000|0.0|1.84|0.368|Curves_C|01/01/2024|||54|
4140009090000|0.0|1.81|0.279|Curves_C|01/01/2024|||54|
10100770016NB|52.58|53.06|0.166|Curves_C|01/01/2024|||54|
10100770016NB|53.06|54.13|0.082|Curves_C|01/01/2024|||54|
10100770016NB|54.13|55.02|0.239|Curves_C|01/01/2024|||54|
10100770016NB|55.02|58.32|1.138|Curves_C|01/01/2024|||54|
10100770016NB|58.32|59.62|0.334|Curves_C|01/01/2024|||54|
10100770016NB|59.62|61.6|0.562|Curves_C|01/01/2024|||54|
10100770016NB|62.73|66.15|1.208|Curves_C|01/01/2024|||54|
3140061000000|0.0|0.94|0.204|Curves_C|01/01/2024|||54|
1771761001900|0.0|0.26|0.049|Curves_C|01/01/2024|||54|
1771761001900|0.31|0.61|0.074|Curves_C|01/01/2024|||54|
2870516001900|0.0|0.41|0.162|Curves_C|01/01/2024|||54|
3578271001900|0.0|1.04|0.097|Curves_C|01/01/2024|||54|
3578271001900|1.04|1.59|0.112|Curves_C|01/01/2024|||54|
2840021010000|0.0|0.89|0.273|Curves_C|01/01/2024|||54|
3578275001900|0.0|0.26|0.147|Curves_C|01/01/2024|||54|
2572520001900|1.04|1.81|0.087|Curves_C|01/01/2024|||54|
2572520001900|1.88|2.0|0.025|Curves_C|01/01/2024|||54|
0673274001900|1.46|1.56|0.061|Curves_C|01/01/2024|||54|
4140011000000|0.0|1.26|0.157|Curves_C|01/01/2024|||54|
2540019310000|0.4|0.89|0.139|Curves_C|01/01/2024|||54|
4140006090000|0.6|1.37|0.142|Curves_C|01/01/2024|||54|
4240033070000|0.0|0.43|0.043|Curves_C|01/01/2024|||54|
1830002000000|0.0|2.72|0.385|Curves_C|01/01/2024|||54|
1830002000000|10.86|11.0|0.131|Curves_C|01/01/2024|||54|
3140019220000|0.12|0.68|0.03|Curves_C|01/01/2024|||54|
3140019220000|0.68|1.07|0.037|Curves_C|01/01/2024|||54|
2330073000000|0.31|2.15|0.353|Curves_C|01/01/2024|||54|
1540011020000|0.0|0.57|0.028|Curves_C|01/01/2024|||54|
1540011020000|0.57|2.75|0.253|Curves_C|01/01/2024|||54|
1540011020000|2.75|2.78|0.023|Curves_C|01/01/2024|||54|
2640054000000|7.086|7.71|0.044|Curves_C|01/01/2024|||54|
1930051000000|8.13|8.66|0.095|Curves_C|01/01/2024|||54|
0340006000000|2.99|5.53|0.632|Curves_C|01/01/2024|||54|
4170046001900|0.0|0.1|0.023|Curves_C|01/01/2024|||54|
4840007020000|0.0|1.01|0.19|Curves_C|01/01/2024|||54|
18100770000NB|117.5|119.26|0.334|Curves_C|01/01/2024|||54|
18100770000NB|120.71|122.73|0.139|Curves_C|01/01/2024|||54|
18100770000NB|122.73|124.92|0.805|Curves_C|01/01/2024|||54|
18100770000NB|124.92|126.39|0.953|Curves_C|01/01/2024|||54|
18100770000NB|128.33|132.44|0.396|Curves_C|01/01/2024|||54|
18100770000NB|132.44|137.74|1.616|Curves_C|01/01/2024|||54|
18100770000NB|138.83|145.99|2.836|Curves_C|01/01/2024|||54|
18100770000NB|145.99|150.45|1.503|Curves_C|01/01/2024|||54|
18100770000NB|150.45|153.79|0.993|Curves_C|01/01/2024|||54|
18100770000NB|153.79|154.41|0.379|Curves_C|01/01/2024|||54|
18100770000NB|156.01|156.99|0.816|Curves_C|01/01/2024|||54|
35104700000EB|0.0|0.98|0.047|Curves_C|01/01/2024|||54|
1577264001900|0.0|0.242|0.003|Curves_C|01/01/2024|||54|
01200330000EB|0.0|1.87|0.124|Curves_C|01/01/2024|||54|
3140019190000|0.47|1.29|0.657|Curves_C|01/01/2024|||54|
3140019190000|1.29|1.7|0.028|Curves_C|01/01/2024|||54|
5430014000000|11.28|11.76|0.026|Curves_C|01/01/2024|||54|
5430014000000|12.38|12.45|0.07|Curves_C|01/01/2024|||54|
5430014000000|12.45|12.71|0.01|Curves_C|01/01/2024|||54|
5430014000000|12.71|12.88|0.097|Curves_C|01/01/2024|||54|
5430014000000|12.88|13.0|0.058|Curves_C|01/01/2024|||54|
3174817001900|0.0|0.24|0.023|Curves_C|01/01/2024|||54|
28200190000NB|1.32|2.088|0.25|Curves_C|01/01/2024|||54|
28200190000NB|2.88|3.87|0.374|Curves_C|01/01/2024|||54|
28200190000NB|6.01|7.44|0.049|Curves_C|01/01/2024|||54|
28200190000NB|10.69|11.63|0.15|Curves_C|01/01/2024|||54|
1740019020000|0.23|0.65|0.061|Curves_C|01/01/2024|||54|
0540507020000|0.0|1.22|0.142|Curves_C|01/01/2024|||54|
1040061100000|0.08|0.45|0.044|Curves_C|01/01/2024|||54|
5440011000000|7.679|8.3|0.113|Curves_C|01/01/2024|||54|
35202500000NB|2.93|3.26|0.025|Curves_C|01/01/2024|||54|
4940001000000|2.28|3.17|0.059|Curves_C|01/01/2024|||54|
5440021010000|0.01|0.53|0.146|Curves_C|01/01/2024|||54|
5440021010000|1.2|1.71|0.094|Curves_C|01/01/2024|||54|
4940016000000|8.09|8.32|0.03|Curves_C|01/01/2024|||54|
4940016000000|9.05|9.51|0.14|Curves_C|01/01/2024|||54|
31100790000NB|142.37|143.81|0.389|Curves_C|01/01/2024|||54|
31100790000NB|143.81|145.2|0.438|Curves_C|01/01/2024|||54|
31100790000NB|145.2|145.65|0.149|Curves_C|01/01/2024|||54|
31100790000NB|145.65|147.85|0.997|Curves_C|01/01/2024|||54|
31100790000NB|148.66|149.05|0.226|Curves_C|01/01/2024|||54|
31100790000NB|150.74|151.07|0.012|Curves_C|01/01/2024|||54|
31100790000NB|152.92|156.983|2.17|Curves_C|01/01/2024|||54|
31100790000NB|157.0|160.52|2.269|Curves_C|01/01/2024|||54|
4170034001900|0.17|0.38|0.024|Curves_C|01/01/2024|||54|
5430002000000|25.29|26.795|1.1|Curves_C|01/01/2024|||54|
04100790000NB|44.6|46.22|0.875|Curves_C|01/01/2024|||54|
04100790000NB|46.22|49.73|0.329|Curves_C|01/01/2024|||54|
04100790000NB|49.73|50.35|0.371|Curves_C|01/01/2024|||54|
04100790000NB|50.35|51.61|0.241|Curves_C|01/01/2024|||54|
04100790000NB|51.61|52.61|0.12|Curves_C|01/01/2024|||54|
04100790000NB|52.61|53.27|0.321|Curves_C|01/01/2024|||54|
04100790000NB|53.27|54.18|0.146|Curves_C|01/01/2024|||54|
04100790000NB|54.18|57.51|0.395|Curves_C|01/01/2024|||54|
04100790000NB|57.51|59.0|0.219|Curves_C|01/01/2024|||54|
04100790000NB|59.0|61.47|0.379|Curves_C|01/01/2024|||54|
04100790000NB|61.47|62.04|0.194|Curves_C|01/01/2024|||54|
04100790000NB|62.04|63.46|0.088|Curves_C|01/01/2024|||54|
04100790000NB|63.46|64.83|0.307|Curves_C|01/01/2024|||54|
04100790000NB|64.83|67.52|1.263|Curves_C|01/01/2024|||54|
04100790000NB|67.52|69.32|1.1|Curves_C|01/01/2024|||54|
04100790000NB|69.32|70.83|0.042|Curves_C|01/01/2024|||54|
04100790000NB|70.83|78.41|2.325|Curves_C|01/01/2024|||54|
04100790000NB|79.08|83.15|1.101|Curves_C|01/01/2024|||54|
4140008000000|0.0|0.11|0.014|Curves_C|01/01/2024|||54|
4140008000000|0.19|0.75|0.056|Curves_C|01/01/2024|||54|
2540054000000|0.0|0.183|0.005|Curves_C|01/01/2024|||54|
3140055000000|0.0|0.45|0.019|Curves_C|01/01/2024|||54|
2040022000000|1.19|2.47|0.33|Curves_C|01/01/2024|||54|
3230012000000|0.78|5.93|1.455|Curves_C|01/01/2024|||54|
3230012000000|9.33|11.31|0.534|Curves_C|01/01/2024|||54|
2340119900000|0.0|0.5|0.051|Curves_C|01/01/2024|||54|
2040012000000|0.0|2.55|0.192|Curves_C|01/01/2024|||54|
2040012000000|3.6|4.14|0.197|Curves_C|01/01/2024|||54|
2040012000000|4.55|5.1|0.021|Curves_C|01/01/2024|||54|
2040006060000|0.0|0.47|0.119|Curves_C|01/01/2024|||54|
2040006060000|0.8|1.16|0.067|Curves_C|01/01/2024|||54|
2040006060000|1.16|2.24|0.061|Curves_C|01/01/2024|||54|
2040006060000|3.7|5.75|0.209|Curves_C|01/01/2024|||54|
49201190000NB|5.38|5.6|0.138|Curves_C|01/01/2024|||54|
41100640017WB|0.0|0.47|0.14|Curves_C|01/01/2024|||54|
2071058001900|0.09|1.81|0.717|Curves_C|01/01/2024|||54|
1730058000000|2.43|2.82|0.104|Curves_C|01/01/2024|||54|
2940220020000|0.0|0.84|0.318|Curves_C|01/01/2024|||54|
4140008030000|0.0|0.65|0.023|Curves_C|01/01/2024|||54|
0240012000000|0.0|1.29|0.226|Curves_C|01/01/2024|||54|
3740001000000|3.02|4.05|0.186|Curves_C|01/01/2024|||54|
25200190000NB|3.003|4.64|0.246|Curves_C|01/01/2024|||54|
25200190000NB|7.16|7.97|0.148|Curves_C|01/01/2024|||54|
25200190000NB|7.97|8.47|0.025|Curves_C|01/01/2024|||54|
0740011000000|6.9|7.85|0.053|Curves_C|01/01/2024|||54|
3140100010000|0.0|0.501|0.108|Curves_C|01/01/2024|||54|
46202500000NB|6.95|7.082|0.018|Curves_C|01/01/2024|||54|
46202500000NB|16.38|16.52|0.105|Curves_C|01/01/2024|||54|
3330009000000|26.67|29.17|0.535|Curves_C|01/01/2024|||54|
3330009000000|31.29|33.3|0.336|Curves_C|01/01/2024|||54|
22201190000NB|3.37|5.4|0.19|Curves_C|01/01/2024|||54|
22201190000NB|5.4|6.408|0.15|Curves_C|01/01/2024|||54|
3140082000000|0.0|1.88|0.17|Curves_C|01/01/2024|||54|
3578261001900|0.0|0.39|0.044|Curves_C|01/01/2024|||54|
0240045050000|0.55|1.25|0.062|Curves_C|01/01/2024|||54|
5275503001900|0.0|0.45|0.036|Curves_C|01/01/2024|||54|
5475756001900|0.0|0.25|0.071|Curves_C|01/01/2024|||54|
0240034030000|0.0|1.01|0.282|Curves_C|01/01/2024|||54|
2540250310000|0.0|0.55|0.101|Curves_C|01/01/2024|||54|
0540003010000|0.61|1.65|0.157|Curves_C|01/01/2024|||54|
0540003010000|1.65|1.94|0.063|Curves_C|01/01/2024|||54|
5440012000000|0.4|1.15|0.201|Curves_C|01/01/2024|||54|
3540018030000|0.0|0.61|0.081|Curves_C|01/01/2024|||54|
3540018030000|0.61|1.15|0.08|Curves_C|01/01/2024|||54|
2730002000000|20.72|20.88|0.034|Curves_C|01/01/2024|||54|
2730002000000|24.16|24.79|0.138|Curves_C|01/01/2024|||54|
5475760001900|0.0|0.21|0.024|Curves_C|01/01/2024|||54|
5475760001900|0.21|0.24|0.004|Curves_C|01/01/2024|||54|
1530105000000|1.141|3.27|0.543|Curves_C|01/01/2024|||54|
1530105000000|3.27|4.14|0.179|Curves_C|01/01/2024|||54|
1530105000000|4.14|4.26|0.077|Curves_C|01/01/2024|||54|
1530105000000|4.26|4.58|0.13|Curves_C|01/01/2024|||54|
1530105000000|4.58|4.82|0.034|Curves_C|01/01/2024|||54|
0340005000000|5.42|6.96|0.096|Curves_C|01/01/2024|||54|
0340005000000|15.1|17.57|0.053|Curves_C|01/01/2024|||54|
0140024000000|1.64|2.79|0.146|Curves_C|01/01/2024|||54|
0140024000000|2.79|4.74|0.407|Curves_C|01/01/2024|||54|
2040013080000|0.0|0.77|0.135|Curves_C|01/01/2024|||54|
0540007010000|0.0|0.742|0.041|Curves_C|01/01/2024|||54|
0540007010000|0.742|1.99|0.484|Curves_C|01/01/2024|||54|
2340005000000|0.45|2.789|0.044|Curves_C|01/01/2024|||54|
3130043000000|0.0|2.65|0.553|Curves_C|01/01/2024|||54|
3130043000000|2.65|3.582|0.712|Curves_C|01/01/2024|||54|
3130043000000|3.582|4.03|0.337|Curves_C|01/01/2024|||54|
0673281001900|0.19|0.48|0.056|Curves_C|01/01/2024|||54|
0673281001900|0.6|0.96|0.041|Curves_C|01/01/2024|||54|
2040046000000|0.0|0.41|0.025|Curves_C|01/01/2024|||54|
0640060050000|0.0|0.88|0.108|Curves_C|01/01/2024|||54|
0640060050000|0.88|1.68|0.353|Curves_C|01/01/2024|||54|
0640060050000|1.68|1.97|0.025|Curves_C|01/01/2024|||54|
4040046000000|0.0|2.29|0.375|Curves_C|01/01/2024|||54|
4040046000000|2.55|3.42|0.159|Curves_C|01/01/2024|||54|
0130038000000|0.43|2.43|0.646|Curves_C|01/01/2024|||54|
2071062001900|0.0|1.38|0.334|Curves_C|01/01/2024|||54|
5275515001900|0.0|0.22|0.026|Curves_C|01/01/2024|||54|
4140018000000|3.0|3.51|0.073|Curves_C|01/01/2024|||54|
4140018000000|3.51|4.41|0.098|Curves_C|01/01/2024|||54|
0730005000000|12.09|12.62|0.173|Curves_C|01/01/2024|||54|
06200600000EB|6.97|7.51|0.004|Curves_C|01/01/2024|||54|
06200600000EB|9.56|9.92|0.094|Curves_C|01/01/2024|||54|
3140069050000|0.0|1.77|0.117|Curves_C|01/01/2024|||54|
3140069050000|2.02|2.1|0.062|Curves_C|01/01/2024|||54|
0130076000000|1.75|6.62|0.836|Curves_C|01/01/2024|||54|
5440014140000|0.0|0.66|0.031|Curves_C|01/01/2024|||54|
2040027000000|5.07|7.24|0.25|Curves_C|01/01/2024|||54|
2540031010000|1.72|2.03|0.024|Curves_C|01/01/2024|||54|
3830039000000|27.78|28.08|0.097|Curves_C|01/01/2024|||54|
3830039000000|35.01|35.23|0.008|Curves_C|01/01/2024|||54|
3140019080000|0.0|0.23|0.021|Curves_C|01/01/2024|||54|
1030061000100|0.0|0.16|0.079|Curves_C|01/01/2024|||54|
2830598000000|0.0|2.13|0.045|Curves_C|01/01/2024|||54|
2830598000000|2.4|2.59|0.001|Curves_C|01/01/2024|||54|
2830598000000|2.59|2.98|0.257|Curves_C|01/01/2024|||54|
35300020005SB|0.49|0.81|0.022|Curves_C|01/01/2024|||54|
2572506001900|0.5|0.62|0.04|Curves_C|01/01/2024|||54|
2572506001900|0.62|0.72|0.075|Curves_C|01/01/2024|||54|
1540011000000|0.0|2.31|0.354|Curves_C|01/01/2024|||54|
1540011000000|4.91|5.16|0.073|Curves_C|01/01/2024|||54|
1540011000000|5.16|5.35|0.106|Curves_C|01/01/2024|||54|
1540011000000|5.35|5.59|0.002|Curves_C|01/01/2024|||54|
1740050340000|0.0|0.69|0.004|Curves_C|01/01/2024|||54|
1740019570000|0.0|0.49|0.024|Curves_C|01/01/2024|||54|
2840016000000|1.7|2.5|0.344|Curves_C|01/01/2024|||54|
2840016000000|2.5|2.614|0.019|Curves_C|01/01/2024|||54|
2030062000000|0.87|1.66|0.053|Curves_C|01/01/2024|||54|
2030062000000|7.93|8.26|0.069|Curves_C|01/01/2024|||54|
3630028000000|24.07|25.57|0.306|Curves_C|01/01/2024|||54|
3130100000000|0.0|0.97|0.477|Curves_C|01/01/2024|||54|
3130100000000|2.54|2.9|0.03|Curves_C|01/01/2024|||54|
1030016000000|1.75|2.38|0.121|Curves_C|01/01/2024|||54|
1030016000000|14.616|14.746|0.094|Curves_C|01/01/2024|||54|
1030016000000|15.526|16.666|0.09|Curves_C|01/01/2024|||54|
40200350000NB|0.29|0.65|0.005|Curves_C|01/01/2024|||54|
40200350000NB|1.64|2.06|0.368|Curves_C|01/01/2024|||54|
40200350000NB|2.1|2.532|0.302|Curves_C|01/01/2024|||54|
24200520000EB|2.54|3.72|0.144|Curves_C|01/01/2024|||54|
24200520000EB|6.4|7.91|0.181|Curves_C|01/01/2024|||54|
24200520000EB|9.59|12.82|0.255|Curves_C|01/01/2024|||54|
24200520000EB|24.59|26.77|0.313|Curves_C|01/01/2024|||54|
1040061280000|0.0|0.59|0.062|Curves_C|01/01/2024|||54|
2140007000000|3.84|4.17|0.051|Curves_C|01/01/2024|||54|
3430039000000|24.6|24.96|0.326|Curves_C|01/01/2024|||54|
1340045000000|0.66|1.04|0.115|Curves_C|01/01/2024|||54|
1640010030000|0.0|0.21|0.016|Curves_C|01/01/2024|||54|
1577261001900|0.0|0.73|0.089|Curves_C|01/01/2024|||54|
40100640000EB|34.45|36.27|0.517|Curves_C|01/01/2024|||54|
40100640000EB|39.134|40.4|0.238|Curves_C|01/01/2024|||54|
40100640000EB|43.77|44.47|0.132|Curves_C|01/01/2024|||54|
13200600000EB|16.48|17.43|0.162|Curves_C|01/01/2024|||54|
13200600000EB|28.53|29.61|0.271|Curves_C|01/01/2024|||54|
13200600000EB|35.19|37.65|0.197|Curves_C|01/01/2024|||54|
4030025000000|0.0|0.63|0.195|Curves_C|01/01/2024|||54|
02100810000NB|11.63|13.54|0.149|Curves_C|01/01/2024|||54|
02100810000NB|15.22|15.62|0.278|Curves_C|01/01/2024|||54|
02100810000NB|20.37|23.0|0.6|Curves_C|01/01/2024|||54|
02100810000NB|23.0|23.46|0.035|Curves_C|01/01/2024|||54|
02100810000NB|23.46|24.53|0.271|Curves_C|01/01/2024|||54|
02100810000NB|24.53|26.0|0.371|Curves_C|01/01/2024|||54|
0274268001900|0.0|0.48|0.128|Curves_C|01/01/2024|||54|
0240011330000|0.0|0.26|0.133|Curves_C|01/01/2024|||54|
34200190000NB|11.03|11.47|0.124|Curves_C|01/01/2024|||54|
1540507000000|0.43|0.92|0.116|Curves_C|01/01/2024|||54|
1540507000000|1.51|3.33|0.304|Curves_C|01/01/2024|||54|
3540005000000|0.0|1.47|0.194|Curves_C|01/01/2024|||54|
5230020000000|19.48|20.04|0.133|Curves_C|01/01/2024|||54|
4530020000000|24.37|24.94|0.09|Curves_C|01/01/2024|||54|
4530020000000|24.94|25.32|0.096|Curves_C|01/01/2024|||54|
4530020000000|25.32|32.14|1.018|Curves_C|01/01/2024|||54|
02200110000NB|5.24|6.05|0.104|Curves_C|01/01/2024|||54|
02200110000NB|13.65|13.78|0.004|Curves_C|01/01/2024|||54|
02200110000NB|14.51|14.64|0.009|Curves_C|01/01/2024|||54|
2940028010000|0.1|1.09|0.376|Curves_C|01/01/2024|||54|
2940028010000|1.19|2.14|0.254|Curves_C|01/01/2024|||54|
1940016000000|0.0|0.417|0.104|Curves_C|01/01/2024|||54|
4940009010000|0.0|0.97|0.291|Curves_C|01/01/2024|||54|
44100790000NB|21.28|25.79|1.69|Curves_C|01/01/2024|||54|
44100790000NB|25.79|33.99|2.495|Curves_C|01/01/2024|||54|
26202500000NB|0.0|3.56|0.43|Curves_C|01/01/2024|||54|
26202500000NB|3.56|4.01|0.018|Curves_C|01/01/2024|||54|
26202500000NB|4.65|7.1|0.384|Curves_C|01/01/2024|||54|
26202500000NB|7.1|8.07|0.043|Curves_C|01/01/2024|||54|
26202500000NB|8.07|9.79|0.323|Curves_C|01/01/2024|||54|
26202500000NB|9.79|10.67|0.039|Curves_C|01/01/2024|||54|
26202500000NB|11.65|12.35|0.11|Curves_C|01/01/2024|||54|
26202500000NB|12.47|13.37|0.089|Curves_C|01/01/2024|||54|
26202500000NB|13.4|15.31|0.373|Curves_C|01/01/2024|||54|
26202500000NB|23.89|24.64|0.062|Curves_C|01/01/2024|||54|
26202500000NB|28.49|29.07|0.052|Curves_C|01/01/2024|||54|
26202500000NB|30.09|30.92|0.063|Curves_C|01/01/2024|||54|
26202500000NB|36.47|36.69|0.123|Curves_C|01/01/2024|||54|
1640007000000|19.2|20.5|0.236|Curves_C|01/01/2024|||54|
23201190000NB|0.0|0.85|0.065|Curves_C|01/01/2024|||54|
23201190000NB|2.67|3.59|0.325|Curves_C|01/01/2024|||54|
23201190000NB|3.59|5.27|0.92|Curves_C|01/01/2024|||54|
23201190000NB|5.27|5.915|0.2|Curves_C|01/01/2024|||54|
23201190000NB|11.87|12.283|0.042|Curves_C|01/01/2024|||54|
2071069001900|0.0|0.22|0.007|Curves_C|01/01/2024|||54|
3140064030000|0.0|0.29|0.043|Curves_C|01/01/2024|||54|
2071056001900|0.0|0.38|0.141|Curves_C|01/01/2024|||54|
2040049000000|0.68|1.17|0.253|Curves_C|01/01/2024|||54|
0440032000000|6.27|6.5|0.072|Curves_C|01/01/2024|||54|
1140009000000|0.0|3.41|0.302|Curves_C|01/01/2024|||54|
4170052001900|0.31|0.57|0.03|Curves_C|01/01/2024|||54|
4170052001900|0.85|0.95|0.035|Curves_C|01/01/2024|||54|
5440050380000|0.0|2.13|0.686|Curves_C|01/01/2024|||54|
5440034000000|0.0|0.76|0.115|Curves_C|01/01/2024|||54|
5440034000000|1.45|1.76|0.076|Curves_C|01/01/2024|||54|
5130015000000|6.3|8.48|0.666|Curves_C|01/01/2024|||54|
13202190005SB|0.0|0.33|0.034|Curves_C|01/01/2024|||54|
0577279001900|0.0|0.16|0.053|Curves_C|01/01/2024|||54|
1740025000000|12.11|12.26|0.028|Curves_C|01/01/2024|||54|
1740025000000|12.26|12.62|0.094|Curves_C|01/01/2024|||54|
3140857010000|0.0|0.19|0.001|Curves_C|01/01/2024|||54|
3830092000000|0.0|5.83|0.692|Curves_C|01/01/2024|||54|
31201190000NB|7.81|9.82|0.836|Curves_C|01/01/2024|||54|
31201190000NB|11.9|12.06|0.02|Curves_C|01/01/2024|||54|
31201190000NB|15.72|16.0|0.058|Curves_C|01/01/2024|||54|
31201190000NB|16.82|17.35|0.041|Curves_C|01/01/2024|||54|
31201190000NB|17.44|18.2|0.247|Curves_C|01/01/2024|||54|
31201190000NB|18.2|19.66|0.305|Curves_C|01/01/2024|||54|
31201190000NB|19.66|20.0|0.159|Curves_C|01/01/2024|||54|
31201190000NB|20.0|20.47|0.103|Curves_C|01/01/2024|||54|
2040060640000|0.0|0.35|0.073|Curves_C|01/01/2024|||54|
2830020000000|4.23|5.2|0.306|Curves_C|01/01/2024|||54|
2830020000000|10.32|11.4|0.185|Curves_C|01/01/2024|||54|
0130092000000|8.64|10.73|0.552|Curves_C|01/01/2024|||54|
3140061010000|0.0|0.37|0.014|Curves_C|01/01/2024|||54|
3140061010000|0.41|0.52|0.019|Curves_C|01/01/2024|||54|
1430028000000|16.47|22.27|0.616|Curves_C|01/01/2024|||54|
4140016390000|0.0|0.64|0.12|Curves_C|01/01/2024|||54|
0530067000000|0.17|0.62|0.145|Curves_C|01/01/2024|||54|
0530067000000|6.14|6.71|0.079|Curves_C|01/01/2024|||54|
1577259001900|0.62|1.16|0.116|Curves_C|01/01/2024|||54|
5230002000000|7.29|7.84|0.072|Curves_C|01/01/2024|||54|
5230002000000|8.6|9.24|0.101|Curves_C|01/01/2024|||54|
5230002000000|11.75|12.12|0.053|Curves_C|01/01/2024|||54|
54300140005SB|0.0|0.16|0.008|Curves_C|01/01/2024|||54|
54300140005SB|0.16|0.32|0.068|Curves_C|01/01/2024|||54|
35200400000EB|0.007|0.12|0.046|Curves_C|01/01/2024|||54|
35200400000EB|1.99|2.102|0.02|Curves_C|01/01/2024|||54|
35200400000EB|2.102|2.71|0.264|Curves_C|01/01/2024|||54|
35200400000EB|3.44|3.91|0.026|Curves_C|01/01/2024|||54|
35200400000EB|4.32|5.42|0.265|Curves_C|01/01/2024|||54|
35200400000EB|5.42|5.93|0.153|Curves_C|01/01/2024|||54|
35200400000EB|7.1|7.44|0.071|Curves_C|01/01/2024|||54|
5330014000000|19.34|20.71|0.156|Curves_C|01/01/2024|||54|
2870502001900|0.0|1.01|0.236|Curves_C|01/01/2024|||54|
2870502001900|1.01|1.36|0.078|Curves_C|01/01/2024|||54|
2870502001900|1.78|1.91|0.077|Curves_C|01/01/2024|||54|
0330094000000|0.0|3.01|0.31|Curves_C|01/01/2024|||54|
0673288001900|0.78|0.89|0.019|Curves_C|01/01/2024|||54|
50100640000EB|0.0|1.25|0.55|Curves_C|01/01/2024|||54|
50100640000EB|1.29|1.66|0.129|Curves_C|01/01/2024|||54|
50100640000EB|1.66|2.17|0.13|Curves_C|01/01/2024|||54|
50100640000EB|2.17|2.75|0.168|Curves_C|01/01/2024|||54|
50100640000EB|2.75|4.22|0.286|Curves_C|01/01/2024|||54|
50100640000EB|4.22|5.29|0.382|Curves_C|01/01/2024|||54|
50100640000EB|5.29|5.87|0.044|Curves_C|01/01/2024|||54|
42202190000NB|0.0|3.24|0.673|Curves_C|01/01/2024|||54|
42202190000NB|8.74|9.68|0.145|Curves_C|01/01/2024|||54|
42202190000NB|12.59|15.89|0.456|Curves_C|01/01/2024|||54|
42202190000NB|15.89|17.4|0.22|Curves_C|01/01/2024|||54|
42202190000NB|17.4|19.15|0.41|Curves_C|01/01/2024|||54|
42202190000NB|19.15|21.44|0.634|Curves_C|01/01/2024|||54|
42202190000NB|27.85|30.16|0.219|Curves_C|01/01/2024|||54|
31100680000EB|0.0|0.32|0.082|Curves_C|01/01/2024|||54|
31100680000EB|1.15|2.67|0.508|Curves_C|01/01/2024|||54|
31100680000EB|2.67|4.13|0.471|Curves_C|01/01/2024|||54|
31100680000EB|4.13|4.56|0.146|Curves_C|01/01/2024|||54|
31100680000EB|4.96|5.79|0.207|Curves_C|01/01/2024|||54|
31100680000EB|5.79|6.18|0.287|Curves_C|01/01/2024|||54|
31100680000EB|6.77|7.2|0.167|Curves_C|01/01/2024|||54|
31100680000EB|7.2|7.54|0.288|Curves_C|01/01/2024|||54|
31100680000EB|7.54|8.89|0.858|Curves_C|01/01/2024|||54|
31100680000EB|8.89|9.4|0.297|Curves_C|01/01/2024|||54|
28100770000NB|0.69|2.56|1.573|Curves_C|01/01/2024|||54|
28100770000NB|2.56|5.12|1.32|Curves_C|01/01/2024|||54|
0240019000000|1.55|3.438|0.556|Curves_C|01/01/2024|||54|
4170038001900|0.0|0.15|0.031|Curves_C|01/01/2024|||54|
4170038001900|0.33|0.49|0.011|Curves_C|01/01/2024|||54|
3530002000000|1.9|2.13|0.059|Curves_C|01/01/2024|||54|
3530002000000|2.36|2.84|0.085|Curves_C|01/01/2024|||54|
3530002000000|5.81|7.04|0.157|Curves_C|01/01/2024|||54|
3530002000000|7.35|7.57|0.207|Curves_C|01/01/2024|||54|
3530002000000|7.57|8.08|0.002|Curves_C|01/01/2024|||54|
3530002000000|8.22|8.5|0.149|Curves_C|01/01/2024|||54|
2030114000000|0.5|1.44|0.094|Curves_C|01/01/2024|||54|
5530010000000|24.14|24.38|0.121|Curves_C|01/01/2024|||54|
3174771001900|0.3|0.65|0.071|Curves_C|01/01/2024|||54|
35202500009NB|0.0|0.68|0.043|Curves_C|01/01/2024|||54|
3174764001900|0.81|1.02|0.114|Curves_C|01/01/2024|||54|
20100790000NB|0.0|0.81|0.426|Curves_C|01/01/2024|||54|
20100790000NB|0.81|1.95|0.361|Curves_C|01/01/2024|||54|
20100790000NB|1.95|2.24|0.185|Curves_C|01/01/2024|||54|
20100790000NB|4.51|5.42|0.198|Curves_C|01/01/2024|||54|
20100790000NB|5.56|6.12|0.091|Curves_C|01/01/2024|||54|
20100790000NB|6.82|7.19|0.08|Curves_C|01/01/2024|||54|
20100790000NB|9.97|10.64|0.002|Curves_C|01/01/2024|||54|
20100790000NB|10.64|16.04|0.32|Curves_C|01/01/2024|||54|
20100790000NB|16.04|19.22|1.551|Curves_C|01/01/2024|||54|
20100790000NB|19.22|20.62|0.207|Curves_C|01/01/2024|||54|
20100790000NB|20.62|21.28|0.138|Curves_C|01/01/2024|||54|
1540016000000|1.05|1.126|0.019|Curves_C|01/01/2024|||54|
4140006020000|1.57|1.69|0.088|Curves_C|01/01/2024|||54|
5040012000000|3.176|4.65|0.14|Curves_C|01/01/2024|||54|
30200520004NB|0.096|0.39|0.011|Curves_C|01/01/2024|||54|
2930028000100|0.0|0.54|0.151|Curves_C|01/01/2024|||54|
2930028000100|0.54|1.03|0.14|Curves_C|01/01/2024|||54|
2930028000100|1.03|2.05|0.197|Curves_C|01/01/2024|||54|
2930028000100|2.05|2.31|0.03|Curves_C|01/01/2024|||54|
2930028000100|2.63|2.97|0.075|Curves_C|01/01/2024|||54|
3140073730000|0.0|0.58|0.226|Curves_C|01/01/2024|||54|
20100770023NB|0.0|1.02|0.441|Curves_C|01/01/2024|||54|
18200330000EB|0.19|0.62|0.192|Curves_C|01/01/2024|||54|
18200330000EB|3.32|3.46|0.027|Curves_C|01/01/2024|||54|
18200330000EB|11.09|11.48|0.074|Curves_C|01/01/2024|||54|
18200330000EB|21.43|24.76|0.101|Curves_C|01/01/2024|||54|
0240011370000|0.0|0.23|0.061|Curves_C|01/01/2024|||54|
2870517001900|0.19|0.38|0.02|Curves_C|01/01/2024|||54|
0240011130000|0.28|0.41|0.009|Curves_C|01/01/2024|||54|
0240011130000|0.41|0.55|0.05|Curves_C|01/01/2024|||54|
2870504001900|0.0|0.47|0.081|Curves_C|01/01/2024|||54|
2870504001900|0.47|0.71|0.029|Curves_C|01/01/2024|||54|
5275502001900|0.11|0.3|0.071|Curves_C|01/01/2024|||54|
21100790000NB|83.55|87.45|1.46|Curves_C|01/01/2024|||54|
21100790000NB|87.45|90.82|0.504|Curves_C|01/01/2024|||54|
21100790000NB|90.82|96.17|0.4|Curves_C|01/01/2024|||54|
21100790000NB|96.17|97.13|0.797|Curves_C|01/01/2024|||54|
21100790000NB|97.13|98.287|0.334|Curves_C|01/01/2024|||54|
21100790000NB|98.63|98.925|0.251|Curves_C|01/01/2024|||54|
21100790000NB|100.39|101.69|0.318|Curves_C|01/01/2024|||54|
21100790000NB|101.69|104.15|0.329|Curves_C|01/01/2024|||54|
21100790000NB|104.69|106.42|0.401|Curves_C|01/01/2024|||54|
3140067010000|0.0|0.65|0.218|Curves_C|01/01/2024|||54|
41200190000NB|0.0|2.17|0.58|Curves_C|01/01/2024|||54|
41200190000NB|2.17|6.47|0.704|Curves_C|01/01/2024|||54|
41200190000NB|17.18|17.95|0.051|Curves_C|01/01/2024|||54|
41200190000NB|18.64|19.33|0.039|Curves_C|01/01/2024|||54|
41200190000NB|19.8|21.61|0.532|Curves_C|01/01/2024|||54|
4640044080000|0.0|0.33|0.018|Curves_C|01/01/2024|||54|
4640044080000|0.45|0.69|0.067|Curves_C|01/01/2024|||54|
4130307000000|4.55|5.59|0.256|Curves_C|01/01/2024|||54|
4130307000000|7.42|8.45|0.279|Curves_C|01/01/2024|||54|
1640012000000|14.85|15.91|0.229|Curves_C|01/01/2024|||54|
01201190000NB|6.95|9.29|0.666|Curves_C|01/01/2024|||54|
01201190000NB|10.66|11.5|0.104|Curves_C|01/01/2024|||54|
41100770004NB|0.0|0.43|0.264|Curves_C|01/01/2024|||54|
4130054000000|2.48|4.86|0.04|Curves_C|01/01/2024|||54|
4130054000000|4.86|5.72|0.418|Curves_C|01/01/2024|||54|
4130054000000|7.1|7.41|0.039|Curves_C|01/01/2024|||54|
4130054000000|7.41|8.84|0.122|Curves_C|01/01/2024|||54|
4130054000000|10.14|10.33|0.028|Curves_C|01/01/2024|||54|
39202190000NB|0.0|0.8|0.257|Curves_C|01/01/2024|||54|
39202190000NB|0.8|3.01|1.141|Curves_C|01/01/2024|||54|
39202190000NB|3.01|3.31|0.055|Curves_C|01/01/2024|||54|
39202190000NB|3.31|4.76|0.331|Curves_C|01/01/2024|||54|
1740050400000|0.0|0.67|0.67|Curves_C|01/01/2024|||54|
1771765001900|0.0|0.22|0.037|Curves_C|01/01/2024|||54|
2630002000000|10.22|11.92|0.091|Curves_C|01/01/2024|||54|
2630002000000|18.24|18.76|0.08|Curves_C|01/01/2024|||54|
10200600000EB|0.34|1.01|0.307|Curves_C|01/01/2024|||54|
1740009000000|0.05|0.52|0.116|Curves_C|01/01/2024|||54|
46200500000EB|12.99|13.65|0.213|Curves_C|01/01/2024|||54|
1540005000000|1.86|3.674|0.614|Curves_C|01/01/2024|||54|
3140019240000|2.77|3.08|0.225|Curves_C|01/01/2024|||54|
3730002000000|5.72|6.86|0.052|Curves_C|01/01/2024|||54|
1740031000000|0.5|1.45|0.037|Curves_C|01/01/2024|||54|
0540001080000|0.95|1.45|0.109|Curves_C|01/01/2024|||54|
0540001080000|1.9|2.41|0.032|Curves_C|01/01/2024|||54|
4640009000000|0.82|1.16|0.054|Curves_C|01/01/2024|||54|
2840019290000|2.54|3.32|0.04|Curves_C|01/01/2024|||54|
1540015000000|0.0|1.44|0.31|Curves_C|01/01/2024|||54|
1540015000000|1.44|1.95|0.105|Curves_C|01/01/2024|||54|
5475770001900|0.43|1.04|0.181|Curves_C|01/01/2024|||54|
4170054001900|0.0|0.44|0.087|Curves_C|01/01/2024|||54|
5440004100000|0.0|0.4|0.156|Curves_C|01/01/2024|||54|
5475769001900|0.0|0.34|0.1|Curves_C|01/01/2024|||54|
1040019020000|0.0|0.82|0.188|Curves_C|01/01/2024|||54|
2030601000000|0.0|0.95|0.242|Curves_C|01/01/2024|||54|
0240001000000|8.14|9.32|0.262|Curves_C|01/01/2024|||54|
2178006001900|0.58|0.92|0.066|Curves_C|01/01/2024|||54|
1740011000000|0.0|1.14|0.358|Curves_C|01/01/2024|||54|
1740011000000|1.14|2.3|0.699|Curves_C|01/01/2024|||54|
1740011000000|4.24|4.7|0.087|Curves_C|01/01/2024|||54|
1740011000000|4.7|5.24|0.099|Curves_C|01/01/2024|||54|
05200220000EB|3.17|3.35|0.053|Curves_C|01/01/2024|||54|
05200220000EB|3.45|4.73|0.103|Curves_C|01/01/2024|||54|
05200220000EB|4.73|5.19|0.057|Curves_C|01/01/2024|||54|
05200220000EB|5.19|5.89|0.064|Curves_C|01/01/2024|||54|
3130705000000|0.0|0.51|0.197|Curves_C|01/01/2024|||54|
3130705000000|0.68|1.23|0.237|Curves_C|01/01/2024|||54|
3130705000000|1.23|1.64|0.015|Curves_C|01/01/2024|||54|
3130705000000|1.64|1.81|0.042|Curves_C|01/01/2024|||54|
1040009010000|0.0|1.93|0.407|Curves_C|01/01/2024|||54|
1040015000000|0.0|1.58|0.215|Curves_C|01/01/2024|||54|
5240002090000|0.0|0.19|0.064|Curves_C|01/01/2024|||54|
20201190023NB|0.0|0.51|0.304|Curves_C|01/01/2024|||54|
20201190023NB|0.7|1.17|0.23|Curves_C|01/01/2024|||54|
1740024020000|0.0|0.75|0.206|Curves_C|01/01/2024|||54|
1740024020000|0.75|0.87|0.041|Curves_C|01/01/2024|||54|
1740024020000|0.87|1.09|0.016|Curves_C|01/01/2024|||54|
1740024020000|1.09|1.86|0.069|Curves_C|01/01/2024|||54|
1740024020000|1.86|2.95|0.317|Curves_C|01/01/2024|||54|
2071013001900|0.0|1.48|0.32|Curves_C|01/01/2024|||54|
5040060070000|0.24|0.87|0.055|Curves_C|01/01/2024|||54|
5040060070000|0.87|1.44|0.145|Curves_C|01/01/2024|||54|
39100680000EB|18.12|23.34|1.37|Curves_C|01/01/2024|||54|
39100680000EB|26.75|28.64|0.529|Curves_C|01/01/2024|||54|
39100680000EB|28.64|29.23|0.232|Curves_C|01/01/2024|||54|
39100680000EB|31.42|32.06|0.094|Curves_C|01/01/2024|||54|
4040031000000|0.0|0.3|0.056|Curves_C|01/01/2024|||54|
2440009000000|7.87|9.2|0.349|Curves_C|01/01/2024|||54|
05300020005SB|0.0|0.34|0.09|Curves_C|01/01/2024|||54|
0540001000000|0.12|0.5|0.153|Curves_C|01/01/2024|||54|
0540001000000|4.01|4.8|0.135|Curves_C|01/01/2024|||54|
03201190000NB|11.49|12.83|0.528|Curves_C|01/01/2024|||54|
03201190000NB|12.83|13.54|0.11|Curves_C|01/01/2024|||54|
31100680005SB|0.65|1.14|0.212|Curves_C|01/01/2024|||54|
1540009000000|0.0|0.79|0.007|Curves_C|01/01/2024|||54|
1540011030000|0.06|0.352|0.053|Curves_C|01/01/2024|||54|
3140059020000|0.0|0.44|0.022|Curves_C|01/01/2024|||54|
31100680006EB|0.0|0.89|0.347|Curves_C|01/01/2024|||54|
0330085000000|10.67|13.13|0.135|Curves_C|01/01/2024|||54|
38202500000NB|0.0|5.0|0.085|Curves_C|01/01/2024|||54|
38202500000NB|5.01|7.0|0.228|Curves_C|01/01/2024|||54|
0640017000000|0.0|1.577|0.537|Curves_C|01/01/2024|||54|
0640017000000|4.47|5.02|0.064|Curves_C|01/01/2024|||54|
2071308001900|0.77|1.62|0.079|Curves_C|01/01/2024|||54|
2040114010000|0.0|1.07|0.165|Curves_C|01/01/2024|||54|
5040003020000|0.0|0.64|0.136|Curves_C|01/01/2024|||54|
5040003020000|0.64|1.25|0.069|Curves_C|01/01/2024|||54|
4140004030000|0.0|0.47|0.101|Curves_C|01/01/2024|||54|
2640001000000|0.6|1.209|0.062|Curves_C|01/01/2024|||54|
4130210000000|1.2|1.89|0.352|Curves_C|01/01/2024|||54|
4130210000000|1.89|2.79|0.298|Curves_C|01/01/2024|||54|
5040007000000|17.84|18.87|0.286|Curves_C|01/01/2024|||54|
3540088020000|0.0|0.57|0.037|Curves_C|01/01/2024|||54|
2770100001900|5.61|5.81|0.023|Curves_C|01/01/2024|||54|
1040018230000|0.0|0.44|0.073|Curves_C|01/01/2024|||54|
5430892000000|2.81|4.73|0.439|Curves_C|01/01/2024|||54|
5430892000000|7.02|8.55|0.112|Curves_C|01/01/2024|||54|
5430892000000|8.55|9.9|0.282|Curves_C|01/01/2024|||54|
4140006030000|0.53|1.48|0.098|Curves_C|01/01/2024|||54|
3140057000000|1.21|1.33|0.051|Curves_C|01/01/2024|||54|
2630002000300|0.0|0.43|0.066|Curves_C|01/01/2024|||54|
3540007000000|0.0|0.44|0.086|Curves_C|01/01/2024|||54|
0530027000100|0.4|0.96|0.268|Curves_C|01/01/2024|||54|
0530027000100|0.96|3.35|0.824|Curves_C|01/01/2024|||54|
1330063000000|6.06|7.63|0.07|Curves_C|01/01/2024|||54|
17200190000NB|18.61|20.62|0.55|Curves_C|01/01/2024|||54|
2930028000000|7.69|9.22|0.27|Curves_C|01/01/2024|||54|
2930028000000|11.868|11.93|0.062|Curves_C|01/01/2024|||54|
2930028000000|11.93|12.86|0.138|Curves_C|01/01/2024|||54|
2930028000000|12.86|13.545|0.178|Curves_C|01/01/2024|||54|
23200520000EB|0.0|0.43|0.154|Curves_C|01/01/2024|||54|
06200520000EB|0.01|0.33|0.203|Curves_C|01/01/2024|||54|
06200520000EB|0.33|0.45|0.029|Curves_C|01/01/2024|||54|
06200520000EB|0.75|1.01|0.096|Curves_C|01/01/2024|||54|
4640119300000|0.0|0.6|0.196|Curves_C|01/01/2024|||54|
4170045001900|0.0|0.26|0.009|Curves_C|01/01/2024|||54|
1940340180000|0.64|1.24|0.036|Curves_C|01/01/2024|||54|
5040060040000|1.24|2.4|0.279|Curves_C|01/01/2024|||54|
2230003000000|5.71|6.1|0.054|Curves_C|01/01/2024|||54|
5475772001900|0.44|1.25|0.16|Curves_C|01/01/2024|||54|
45100640000EB|138.38|143.2|0.273|Curves_C|01/01/2024|||54|
2540072040000|0.0|0.13|0.013|Curves_C|01/01/2024|||54|
3540013000000|0.0|0.99|0.452|Curves_C|01/01/2024|||54|
3030080000000|4.6|5.6|0.11|Curves_C|01/01/2024|||54|
3030080000000|7.05|9.46|0.095|Curves_C|01/01/2024|||54|
0540028000000|0.0|0.198|0.078|Curves_C|01/01/2024|||54|
2840027000000|0.0|1.57|0.267|Curves_C|01/01/2024|||54|
2840027000000|2.12|2.59|0.029|Curves_C|01/01/2024|||54|
1040012000000|0.18|1.9|0.568|Curves_C|01/01/2024|||54|
1040012000000|1.9|3.28|0.277|Curves_C|01/01/2024|||54|
35202500005SB|0.0|0.36|0.023|Curves_C|01/01/2024|||54|
2774501001900|0.0|0.15|0.017|Curves_C|01/01/2024|||54|
0630010000000|15.82|16.27|0.167|Curves_C|01/01/2024|||54|
0630010000000|17.46|18.41|0.004|Curves_C|01/01/2024|||54|
1730098000000|0.42|1.96|0.399|Curves_C|01/01/2024|||54|
2040009030000|0.97|2.86|0.331|Curves_C|01/01/2024|||54|
2040043000000|0.427|1.27|0.116|Curves_C|01/01/2024|||54|
3140081000000|7.25|8.03|0.078|Curves_C|01/01/2024|||54|
2930046000000|15.38|16.59|0.251|Curves_C|01/01/2024|||54|
2930046000000|19.82|19.94|0.023|Curves_C|01/01/2024|||54|
2040025260000|0.4|0.71|0.036|Curves_C|01/01/2024|||54|
0640021000000|0.537|0.9|0.132|Curves_C|01/01/2024|||54|
0640021000000|0.9|1.51|0.191|Curves_C|01/01/2024|||54|
0640021000000|1.51|2.939|0.484|Curves_C|01/01/2024|||54|
1740024270000|0.0|0.41|0.268|Curves_C|01/01/2024|||54|
0740004000000|0.0|0.67|0.179|Curves_C|01/01/2024|||54|
4140001000000|1.95|3.4|0.143|Curves_C|01/01/2024|||54|
0630002001300|0.0|0.17|0.068|Curves_C|01/01/2024|||54|
41100640000EB|120.1|120.5|0.4|Curves_C|01/01/2024|||54|
41100640000EB|123.18|123.3|0.12|Curves_C|01/01/2024|||54|
41100640000EB|128.91|129.49|0.266|Curves_C|01/01/2024|||54|
41100640000EB|129.49|132.0|1.079|Curves_C|01/01/2024|||54|
41100640000EB|132.0|132.53|0.072|Curves_C|01/01/2024|||54|
41100640000EB|132.84|137.48|0.353|Curves_C|01/01/2024|||54|
41100640000EB|137.48|138.01|0.048|Curves_C|01/01/2024|||54|
4640044000000|0.76|1.76|0.241|Curves_C|01/01/2024|||54|
4640044000000|1.92|2.03|0.056|Curves_C|01/01/2024|||54|
1740707000000|0.0|0.57|0.201|Curves_C|01/01/2024|||54|
1740707000000|0.57|0.907|0.022|Curves_C|01/01/2024|||54|
1577270001900|0.0|0.5|0.047|Curves_C|01/01/2024|||54|
41200190023EB|0.0|0.033|0.012|Curves_C|01/01/2024|||54|
41200190023EB|0.033|0.034|0.001|Curves_C|01/01/2024|||54|
41200190023EB|1.1|1.36|0.175|Curves_C|01/01/2024|||54|
2840016100000|0.0|0.66|0.094|Curves_C|01/01/2024|||54|
0540008000000|0.0|0.75|0.236|Curves_C|01/01/2024|||54|
54200500000EB|2.53|3.15|0.123|Curves_C|01/01/2024|||54|
54200500000EB|8.94|10.02|0.156|Curves_C|01/01/2024|||54|
1230093000000|2.36|2.98|0.145|Curves_C|01/01/2024|||54|
1230093000000|3.77|4.05|0.112|Curves_C|01/01/2024|||54|
1230093000000|9.6|9.71|0.013|Curves_C|01/01/2024|||54|
1230093000000|9.71|13.45|0.983|Curves_C|01/01/2024|||54|
1230093000000|13.45|15.85|0.822|Curves_C|01/01/2024|||54|
1230093000000|15.85|18.046|0.474|Curves_C|01/01/2024|||54|
4130016000000|8.47|9.485|0.02|Curves_C|01/01/2024|||54|
4130016000000|12.0|14.12|0.802|Curves_C|01/01/2024|||54|
4130016000000|14.42|14.72|0.04|Curves_C|01/01/2024|||54|
4130016000000|14.72|15.08|0.058|Curves_C|01/01/2024|||54|
4130016000000|15.08|15.61|0.051|Curves_C|01/01/2024|||54|
4130016000000|15.65|15.81|0.049|Curves_C|01/01/2024|||54|
4130016000000|18.53|18.82|0.033|Curves_C|01/01/2024|||54|
4130016000000|18.82|18.96|0.033|Curves_C|01/01/2024|||54|
4130016000000|18.96|19.79|0.335|Curves_C|01/01/2024|||54|
3140068070000|0.25|0.75|0.196|Curves_C|01/01/2024|||54|
3140068070000|0.75|1.32|0.073|Curves_C|01/01/2024|||54|
3140068070000|1.61|2.15|0.143|Curves_C|01/01/2024|||54|
1740025060000|2.98|5.26|0.604|Curves_C|01/01/2024|||54|
32202190000NB|1.92|7.87|1.367|Curves_C|01/01/2024|||54|
32202190000NB|14.38|16.18|0.389|Curves_C|01/01/2024|||54|
32202190000NB|16.18|19.24|0.839|Curves_C|01/01/2024|||54|
32202190000NB|19.66|23.0|0.733|Curves_C|01/01/2024|||54|
32202190000NB|24.92|26.24|0.496|Curves_C|01/01/2024|||54|
32202190000NB|26.24|28.68|0.474|Curves_C|01/01/2024|||54|
1730131000000|4.33|5.47|0.178|Curves_C|01/01/2024|||54|
3130007000000|0.0|3.42|0.578|Curves_C|01/01/2024|||54|
3130007000000|13.21|13.45|0.114|Curves_C|01/01/2024|||54|
3130007000000|22.54|24.0|0.238|Curves_C|01/01/2024|||54|
3130007000000|25.15|25.85|0.254|Curves_C|01/01/2024|||54|
3130007000000|26.01|27.03|0.237|Curves_C|01/01/2024|||54|
3130007000000|27.03|27.265|0.101|Curves_C|01/01/2024|||54|
3130007000000|33.83|34.1|0.025|Curves_C|01/01/2024|||54|
3130007000000|35.76|36.13|0.068|Curves_C|01/01/2024|||54|
3130007000000|36.55|38.29|0.369|Curves_C|01/01/2024|||54|
3130007000000|38.29|38.65|0.08|Curves_C|01/01/2024|||54|
4030034000000|15.27|15.39|0.056|Curves_C|01/01/2024|||54|
4030034000000|15.39|15.68|0.081|Curves_C|01/01/2024|||54|
4030034000000|15.68|17.018|0.205|Curves_C|01/01/2024|||54|
4030034000000|17.081|18.41|0.28|Curves_C|01/01/2024|||54|
4030034000000|18.41|19.87|0.023|Curves_C|01/01/2024|||54|
0673289001900|1.72|2.02|0.046|Curves_C|01/01/2024|||54|
1530002000000|0.28|0.56|0.058|Curves_C|01/01/2024|||54|
1530002000000|1.49|2.3|0.157|Curves_C|01/01/2024|||54|
1530002000000|2.3|2.66|0.034|Curves_C|01/01/2024|||54|
1530002000000|2.66|3.03|0.047|Curves_C|01/01/2024|||54|
1530002000000|4.69|6.69|0.156|Curves_C|01/01/2024|||54|
1530002000000|10.33|10.56|0.063|Curves_C|01/01/2024|||54|
1530002000000|10.8|11.14|0.036|Curves_C|01/01/2024|||54|
1530002000000|12.89|13.84|0.216|Curves_C|01/01/2024|||54|
1530002000000|17.55|18.12|0.179|Curves_C|01/01/2024|||54|
1530002000000|19.71|20.25|0.191|Curves_C|01/01/2024|||54|
0274265001900|0.0|0.57|0.167|Curves_C|01/01/2024|||54|
2040015000000|0.0|0.1|0.039|Curves_C|01/01/2024|||54|
2030622000000|2.32|2.72|0.093|Curves_C|01/01/2024|||54|
2030622000000|2.72|3.79|0.255|Curves_C|01/01/2024|||54|
2030622000000|4.23|5.57|0.528|Curves_C|01/01/2024|||54|
2030622000000|13.94|16.86|0.718|Curves_C|01/01/2024|||54|
2040025250000|0.0|0.15|0.044|Curves_C|01/01/2024|||54|
2040025250000|0.15|2.17|0.514|Curves_C|01/01/2024|||54|
1130005000000|10.83|12.51|0.097|Curves_C|01/01/2024|||54|
2974002001900|0.0|0.39|0.165|Curves_C|01/01/2024|||54|
38202190000NB|0.0|3.69|0.68|Curves_C|01/01/2024|||54|
38202190000NB|3.69|4.37|0.019|Curves_C|01/01/2024|||54|
38202190000NB|4.37|6.01|0.165|Curves_C|01/01/2024|||54|
38202190000NB|6.01|7.15|0.173|Curves_C|01/01/2024|||54|
38202190000NB|7.77|9.82|0.149|Curves_C|01/01/2024|||54|
38202190000NB|19.58|21.84|0.463|Curves_C|01/01/2024|||54|
38202190000NB|25.34|26.37|0.026|Curves_C|01/01/2024|||54|
38202190000NB|26.37|29.12|0.761|Curves_C|01/01/2024|||54|
38202190000NB|34.47|34.78|0.1|Curves_C|01/01/2024|||54|
38202190000NB|34.79|37.89|0.523|Curves_C|01/01/2024|||54|
4030817000000|2.06|8.81|0.402|Curves_C|01/01/2024|||54|
0640013000000|0.02|0.42|0.204|Curves_C|01/01/2024|||54|
5440030000000|0.0|0.98|0.099|Curves_C|01/01/2024|||54|
2870515001900|0.0|0.95|0.448|Curves_C|01/01/2024|||54|
0540002010000|0.0|0.13|0.033|Curves_C|01/01/2024|||54|
0540002010000|0.13|1.03|0.191|Curves_C|01/01/2024|||54|
1840021000000|28.32|29.88|0.413|Curves_C|01/01/2024|||54|
5040003010000|0.09|0.65|0.029|Curves_C|01/01/2024|||54|
5040003010000|0.65|0.68|0.029|Curves_C|01/01/2024|||54|
0640031060000|0.0|0.38|0.002|Curves_C|01/01/2024|||54|
3530088000000|0.0|1.06|0.155|Curves_C|01/01/2024|||54|
3530088000000|7.12|7.47|0.031|Curves_C|01/01/2024|||54|
3530088000000|7.77|8.5|0.02|Curves_C|01/01/2024|||54|
3530088000000|8.57|8.89|0.087|Curves_C|01/01/2024|||54|
3530088000000|8.89|10.06|0.229|Curves_C|01/01/2024|||54|
50200520000EB|5.8|6.51|0.087|Curves_C|01/01/2024|||54|
50200520000EB|29.12|31.4|1.047|Curves_C|01/01/2024|||54|
0240009270000|0.0|0.31|0.043|Curves_C|01/01/2024|||54|
1374103001900|0.0|0.31|0.044|Curves_C|01/01/2024|||54|
28200520004NB|0.0|0.22|0.019|Curves_C|01/01/2024|||54|
1771759001900|0.0|0.19|0.042|Curves_C|01/01/2024|||54|
3140061040000|0.0|0.25|0.085|Curves_C|01/01/2024|||54|
2040060020000|2.13|3.0|0.215|Curves_C|01/01/2024|||54|
20100770000NB|97.22|98.17|0.155|Curves_C|01/01/2024|||54|
20100770000NB|99.12|100.07|0.265|Curves_C|01/01/2024|||54|
20100770000NB|102.66|103.69|0.397|Curves_C|01/01/2024|||54|
20100770000NB|103.69|104.81|0.282|Curves_C|01/01/2024|||54|
20100770000NB|104.81|105.002|0.164|Curves_C|01/01/2024|||54|
20100770000NB|106.17|107.6|0.394|Curves_C|01/01/2024|||54|
20100770000NB|107.6|110.13|1.658|Curves_C|01/01/2024|||54|
20100770000NB|114.59|116.05|0.548|Curves_C|01/01/2024|||54|
55200520000EB|0.0|1.4|0.047|Curves_C|01/01/2024|||54|
55200520000EB|4.78|7.65|0.254|Curves_C|01/01/2024|||54|
55200520000EB|7.65|8.34|0.234|Curves_C|01/01/2024|||54|
2640034000000|1.15|1.61|0.022|Curves_C|01/01/2024|||54|
2640034000000|4.38|5.18|0.048|Curves_C|01/01/2024|||54|
2640034000000|5.18|5.23|0.031|Curves_C|01/01/2024|||54|
2040006010000|0.46|1.89|0.299|Curves_C|01/01/2024|||54|
1730020000000|7.22|7.414|0.108|Curves_C|01/01/2024|||54|
2040016000000|4.25|5.42|0.221|Curves_C|01/01/2024|||54|
2540250320000|2.05|2.49|0.191|Curves_C|01/01/2024|||54|
11200330000EB|2.2|6.44|0.269|Curves_C|01/01/2024|||54|
11200330000EB|18.2|19.62|0.221|Curves_C|01/01/2024|||54|
11200330000EB|19.62|22.18|0.394|Curves_C|01/01/2024|||54|
11200330000EB|22.28|25.09|0.445|Curves_C|01/01/2024|||54|
11200330000EB|25.09|26.73|0.062|Curves_C|01/01/2024|||54|
49200330000EB|0.0|0.64|0.182|Curves_C|01/01/2024|||54|
49200330000EB|4.0|4.35|0.087|Curves_C|01/01/2024|||54|
49200330000EB|5.37|7.192|0.132|Curves_C|01/01/2024|||54|
49200330000EB|8.31|10.87|0.363|Curves_C|01/01/2024|||54|
4140041210000|0.0|1.63|0.428|Curves_C|01/01/2024|||54|
5475791001900|0.0|0.37|0.084|Curves_C|01/01/2024|||54|
0940011000000|11.45|12.55|0.264|Curves_C|01/01/2024|||54|
0673287001900|0.0|0.28|0.003|Curves_C|01/01/2024|||54|
5440016000000|0.5|0.9|0.228|Curves_C|01/01/2024|||54|
5440016000000|1.21|1.47|0.039|Curves_C|01/01/2024|||54|
3174770001900|0.0|0.4|0.003|Curves_C|01/01/2024|||54|
20100770016NB|67.21|74.17|0.055|Curves_C|01/01/2024|||54|
20100770016NB|74.36|75.0|0.042|Curves_C|01/01/2024|||54|
20100770016NB|77.51|77.83|0.085|Curves_C|01/01/2024|||54|
20100770016NB|83.45|84.42|0.525|Curves_C|01/01/2024|||54|
20100770016NB|84.42|84.94|0.063|Curves_C|01/01/2024|||54|
20100770016NB|89.5|93.31|0.323|Curves_C|01/01/2024|||54|
0240009130000|0.4|1.92|0.253|Curves_C|01/01/2024|||54|
3174784001900|0.0|0.41|0.111|Curves_C|01/01/2024|||54|
3174784001900|0.41|0.58|0.068|Curves_C|01/01/2024|||54|
5475763001900|0.0|0.9|0.192|Curves_C|01/01/2024|||54|
2540250500000|0.0|0.39|0.068|Curves_C|01/01/2024|||54|
35100700000EB|0.08|0.49|0.108|Curves_C|01/01/2024|||54|
35100700000EB|0.49|0.85|0.132|Curves_C|01/01/2024|||54|
35100700000EB|1.44|1.92|0.288|Curves_C|01/01/2024|||54|
35100700000EB|5.37|5.93|0.415|Curves_C|01/01/2024|||54|
35100700000EB|6.9|8.07|0.066|Curves_C|01/01/2024|||54|
35100700000EB|11.06|11.761|0.137|Curves_C|01/01/2024|||54|
35100700000EB|11.761|14.45|0.673|Curves_C|01/01/2024|||54|
4940151000000|1.13|1.6|0.106|Curves_C|01/01/2024|||54|
2330010000000|15.633|15.742|0.109|Curves_C|01/01/2024|||54|
2330010000000|26.308|27.71|0.33|Curves_C|01/01/2024|||54|
0140030000000|6.14|6.83|0.084|Curves_C|01/01/2024|||54|
2140015000000|2.36|4.01|0.332|Curves_C|01/01/2024|||54|
0640060090000|0.0|0.35|0.086|Curves_C|01/01/2024|||54|
10200190000NB|0.0|1.02|0.017|Curves_C|01/01/2024|||54|
10200190000NB|2.85|3.82|0.193|Curves_C|01/01/2024|||54|
10200190000NB|3.89|6.16|1.009|Curves_C|01/01/2024|||54|
10200190000NB|6.16|6.66|0.096|Curves_C|01/01/2024|||54|
10200190000NB|6.66|8.23|0.232|Curves_C|01/01/2024|||54|
1930009000000|0.0|1.45|0.279|Curves_C|01/01/2024|||54|
1930009000000|1.45|3.94|0.277|Curves_C|01/01/2024|||54|
1930009000000|14.435|14.96|0.027|Curves_C|01/01/2024|||54|
1771758001900|0.0|0.47|0.03|Curves_C|01/01/2024|||54|
1771758001900|0.47|0.69|0.104|Curves_C|01/01/2024|||54|
3540003000000|0.0|1.17|0.41|Curves_C|01/01/2024|||54|
4272253001900|0.16|0.25|0.066|Curves_C|01/01/2024|||54|
0240010010000|0.0|0.69|0.262|Curves_C|01/01/2024|||54|
4240025000000|1.73|2.55|0.206|Curves_C|01/01/2024|||54|
30200520000EB|9.95|11.65|0.049|Curves_C|01/01/2024|||54|
30200520000EB|20.68|20.78|0.026|Curves_C|01/01/2024|||54|
30200520000EB|20.78|20.91|0.001|Curves_C|01/01/2024|||54|
30200520000EB|21.06|21.95|0.022|Curves_C|01/01/2024|||54|
30200520000EB|21.97|22.28|0.026|Curves_C|01/01/2024|||54|
30200520000EB|26.08|26.53|0.029|Curves_C|01/01/2024|||54|
30200520000EB|43.29|44.74|0.234|Curves_C|01/01/2024|||54|
2540073730000|2.11|2.33|0.026|Curves_C|01/01/2024|||54|
2540073730000|2.673|3.34|0.131|Curves_C|01/01/2024|||54|
04200190000NB|26.57|27.64|0.063|Curves_C|01/01/2024|||54|
4170014001900|0.12|0.29|0.064|Curves_C|01/01/2024|||54|
1040008000000|1.3|2.0|0.226|Curves_C|01/01/2024|||54|
1040008000000|2.47|2.82|0.08|Curves_C|01/01/2024|||54|
1040008000000|3.28|6.25|0.932|Curves_C|01/01/2024|||54|
41200190014NB|0.0|2.7|0.708|Curves_C|01/01/2024|||54|
4140003180000|2.77|3.51|0.324|Curves_C|01/01/2024|||54|
2340210250000|10.07|10.72|0.043|Curves_C|01/01/2024|||54|
4330053000000|0.0|1.4|0.165|Curves_C|01/01/2024|||54|
0230045000000|14.39|14.52|0.035|Curves_C|01/01/2024|||54|
0230045000000|14.52|14.85|0.106|Curves_C|01/01/2024|||54|
0230045000000|14.85|15.31|0.059|Curves_C|01/01/2024|||54|
0230045000000|17.53|18.23|0.22|Curves_C|01/01/2024|||54|
0230045000000|19.08|19.61|0.147|Curves_C|01/01/2024|||54|
5530097000000|21.56|22.26|0.071|Curves_C|01/01/2024|||54|
5530097000000|28.09|32.88|0.914|Curves_C|01/01/2024|||54|
0230009000000|0.35|2.2|0.477|Curves_C|01/01/2024|||54|
0230009000000|4.81|6.17|0.696|Curves_C|01/01/2024|||54|
0230009000000|6.17|6.27|0.056|Curves_C|01/01/2024|||54|
0230009000000|6.381|6.47|0.03|Curves_C|01/01/2024|||54|
0230009000000|6.47|7.58|0.495|Curves_C|01/01/2024|||54|
0230009000000|7.584|9.95|0.801|Curves_C|01/01/2024|||54|
0230009000000|10.12|10.37|0.1|Curves_C|01/01/2024|||54|
0230009000000|10.532|10.893|0.256|Curves_C|01/01/2024|||54|
0230009000000|10.893|11.243|0.177|Curves_C|01/01/2024|||54|
0230009000000|14.55|14.9|0.065|Curves_C|01/01/2024|||54|
0230009000000|15.57|15.79|0.075|Curves_C|01/01/2024|||54|
0230009000000|17.07|17.48|0.055|Curves_C|01/01/2024|||54|
0230009000000|18.18|20.16|0.221|Curves_C|01/01/2024|||54|
3140060000000|0.0|0.85|0.28|Curves_C|01/01/2024|||54|
3140060000000|0.85|1.75|0.21|Curves_C|01/01/2024|||54|
1730020002300|0.0|0.13|0.059|Curves_C|01/01/2024|||54|
0140030070000|0.0|0.92|0.065|Curves_C|01/01/2024|||54|
0140030070000|0.92|2.0|0.229|Curves_C|01/01/2024|||54|
0640001000000|2.477|2.619|0.021|Curves_C|01/01/2024|||54|
1040021200000|0.0|0.98|0.093|Curves_C|01/01/2024|||54|
1740024000000|4.78|5.67|0.149|Curves_C|01/01/2024|||54|
2040028000000|4.95|5.91|0.143|Curves_C|01/01/2024|||54|
2040028000000|5.91|7.37|0.386|Curves_C|01/01/2024|||54|
0540007000000|1.29|2.449|0.272|Curves_C|01/01/2024|||54|
3730016000000|7.41|8.23|0.035|Curves_C|01/01/2024|||54|
2840024000000|0.0|0.3|0.024|Curves_C|01/01/2024|||54|
2840024000000|0.3|2.789|0.697|Curves_C|01/01/2024|||54|
5275518001900|0.0|0.13|0.07|Curves_C|01/01/2024|||54|
5440004000000|0.57|0.93|0.054|Curves_C|01/01/2024|||54|
0240011190000|0.0|0.31|0.057|Curves_C|01/01/2024|||54|
4940005090000|0.0|0.28|0.037|Curves_C|01/01/2024|||54|
46201190000NB|8.59|9.32|0.25|Curves_C|01/01/2024|||54|
5530016000000|1.73|3.33|0.467|Curves_C|01/01/2024|||54|
5530016000000|6.42|8.95|0.328|Curves_C|01/01/2024|||54|
0140011000000|3.05|3.78|0.29|Curves_C|01/01/2024|||54|
11100790000NB|83.15|83.55|0.059|Curves_C|01/01/2024|||54|
2675256001900|0.42|0.59|0.155|Curves_C|01/01/2024|||54|
17100790000NB|107.57|107.94|0.14|Curves_C|01/01/2024|||54|
17100790000NB|107.94|109.77|0.343|Curves_C|01/01/2024|||54|
17100790000NB|109.77|110.29|0.202|Curves_C|01/01/2024|||54|
17100790000NB|110.29|111.13|0.614|Curves_C|01/01/2024|||54|
17100790000NB|111.13|111.91|0.378|Curves_C|01/01/2024|||54|
17100790000NB|111.91|114.132|0.689|Curves_C|01/01/2024|||54|
17100790000NB|114.132|114.9|0.032|Curves_C|01/01/2024|||54|
17100790000NB|115.33|117.17|1.061|Curves_C|01/01/2024|||54|
17100790000NB|117.17|117.74|0.556|Curves_C|01/01/2024|||54|
17100790000NB|118.5|118.7|0.044|Curves_C|01/01/2024|||54|
17100790000NB|122.9|123.988|0.528|Curves_C|01/01/2024|||54|
17100790000NB|125.38|125.8|0.197|Curves_C|01/01/2024|||54|
17100790000NB|125.8|129.217|1.693|Curves_C|01/01/2024|||54|
2040073000000|0.0|1.18|0.103|Curves_C|01/01/2024|||54|
4140025000000|3.7|5.9|0.429|Curves_C|01/01/2024|||54|
0830004000000|15.75|19.01|0.097|Curves_C|01/01/2024|||54|
2877019001900|0.0|0.13|0.032|Curves_C|01/01/2024|||54|
42202500000NB|9.71|12.45|0.568|Curves_C|01/01/2024|||54|
2540072020000|0.0|0.5|0.026|Curves_C|01/01/2024|||54|
2540072020000|0.5|0.72|0.039|Curves_C|01/01/2024|||54|
2540072020000|0.72|1.17|0.093|Curves_C|01/01/2024|||54|
2540072020000|1.17|1.71|0.072|Curves_C|01/01/2024|||54|
0274266001900|0.0|0.44|0.009|Curves_C|01/01/2024|||54|
1940029000000|0.0|1.26|0.234|Curves_C|01/01/2024|||54|
1940029000000|1.26|2.19|0.137|Curves_C|01/01/2024|||54|
47300320005SB|0.04|0.19|0.006|Curves_C|01/01/2024|||54|
0540018000000|0.0|0.55|0.066|Curves_C|01/01/2024|||54|
0230051000000|1.87|2.841|0.1|Curves_C|01/01/2024|||54|
0230051000000|2.841|4.13|0.251|Curves_C|01/01/2024|||54|
0230051000000|4.62|5.18|0.164|Curves_C|01/01/2024|||54|
0230051000000|5.4|8.591|1.071|Curves_C|01/01/2024|||54|
5440014160000|0.18|0.86|0.242|Curves_C|01/01/2024|||54|
5440014160000|0.86|1.23|0.229|Curves_C|01/01/2024|||54|
5440014160000|2.89|3.83|0.059|Curves_C|01/01/2024|||54|
14200500000EB|7.48|7.98|0.197|Curves_C|01/01/2024|||54|
14200500000EB|8.26|8.44|0.039|Curves_C|01/01/2024|||54|
14200500000EB|8.56|8.92|0.108|Curves_C|01/01/2024|||54|
14200500000EB|13.37|14.67|0.325|Curves_C|01/01/2024|||54|
14200500000EB|15.88|16.97|0.76|Curves_C|01/01/2024|||54|
14200500000EB|29.25|30.33|0.067|Curves_C|01/01/2024|||54|
4330016000000|1.45|3.62|0.034|Curves_C|01/01/2024|||54|
4330016000000|19.02|21.98|0.433|Curves_C|01/01/2024|||54|
0140006000000|0.11|3.13|0.76|Curves_C|01/01/2024|||54|
4130061000000|2.604|3.29|0.104|Curves_C|01/01/2024|||54|
2940220010000|0.11|1.09|0.16|Curves_C|01/01/2024|||54|
20201190000NB|14.22|16.28|1.016|Curves_C|01/01/2024|||54|
2940046040000|4.532|4.93|0.084|Curves_C|01/01/2024|||54|
