RouteID,BMP,EMP,thickness_rigid_13_ValueNumeric,thickness_rigid_14_ValueNumeric,thickness_rigid_15_ValueNumeric
3530002000000,2.36,2.84,,,9.0
1030006000000,0.12,0.33,,,8.0
3130705000000,0,0.51,10,,10.0
3130705000000,0.68,0.7,10,,10.0
3130705000000,0.7,1.23,10,,10.0
3130705000000,1.23,1.63,10,,10.0
3130705000000,1.63,1.64,10,,10.0
3130705000000,1.64,1.81,10,,10.0
17100790000NB,114.132,114.9,,,9.0
17100790000NB,115.33,117.17,,,9.0
17100790000NB,118.5,118.7,,,9.0
20100770000NB,98.28,99.12,8,,
20100770000NB,100.28,100.78,8,,
20100770000NB,100.78,101.08,8,,
20100770000NB,106.17,107.6,8,,8.0
5140003000000,8.08,10.38,,2.0,2.0
20100640006EB,0,0.3,9,,9.0
39100680000EB,14.66,18.1,9,,
39100680000EB,18.1,18.12,9,,
39100680000EB,18.12,18.2,9,,9.0
39100680000EB,18.2,23.34,9,,9.0
39100680000EB,26.75,28.64,9,,9.0
39100680000EB,28.64,29.23,9,,9.0
39100680000EB,29.23,31.24,9,,
39100680000EB,31.24,31.42,9,,9.0
42202500000NB,9.71,9.77,,,7.0
42202500000NB,9.77,10.42,,,7.0
42202500000NB,10.42,12.45,,,7.0
19203400005SB,0,0.1,10,10.0,10.0
19203400005SB,0.1,0.17,10,10.0,10.0
19203400005SB,0.17,0.2,10,10.0,10.0
19203400005SB,0.2,0.23,10,10.0,10.0
19203400005SB,0.23,0.3,10,10.0,10.0
19203400005SB,0.3,0.37,10,10.0,10.0
19203400005SB,0.371,0.4,10,10.0,10.0
19203400005SB,0.4,0.5,10,10.0,10.0
19203400005SB,0.5,0.6,10,10.0,10.0
12200480000EB,0,0.1,10,10.0,10.0
12200480000EB,0.1,0.2,10,10.0,10.0
12200480000EB,0.2,0.3,10,10.0,10.0
12200480000EB,0.3,0.4,10,10.0,10.0
12200480000EB,0.4,0.5,10,10.0,10.0
12200480000EB,0.5,0.6,10,10.0,10.0
12200480000EB,0.6,0.7,10,10.0,10.0
12200480000EB,0.7,0.8,10,10.0,10.0
12200480000EB,0.8,0.9,10,10.0,10.0
12200480000EB,0.9,1,10,10.0,10.0
12200480000EB,1,1.1,10,10.0,10.0
12200480000EB,1.1,1.2,10,10.0,10.0
12200480000EB,1.2,1.3,10,10.0,10.0
12200480000EB,1.3,1.4,10,10.0,10.0
12200480000EB,1.4,1.5,10,10.0,10.0
12200480000EB,1.5,1.6,10,10.0,10.0
12200480000EB,1.6,1.7,10,10.0,10.0
12200480000EB,1.7,1.8,10,10.0,10.0
12200480000EB,1.8,1.9,10,10.0,10.0
12200480000EB,1.9,2,10,10.0,10.0
12200480000EB,2,2.1,10,10.0,10.0
12200480000EB,2.1,2.2,10,10.0,10.0
12200480000EB,2.2,2.3,10,10.0,10.0
12200480000EB,2.3,2.4,10,10.0,10.0
12200480000EB,2.4,2.5,10,10.0,10.0
12200480000EB,2.5,2.6,10,10.0,10.0
12200480000EB,2.6,2.7,10,10.0,10.0
12200480000EB,2.7,2.8,10,10.0,10.0
12200480000EB,2.8,2.9,10,10.0,10.0
12200480000EB,2.9,3,10,10.0,10.0
12200480000EB,3,3.1,10,10.0,10.0
12200480000EB,3.1,3.2,10,10.0,10.0
12200480000EB,3.2,3.3,10,10.0,10.0
12200480000EB,3.3,3.4,10,10.0,10.0
12200480000EB,3.4,3.5,10,10.0,10.0
12200480000EB,3.5,3.6,10,10.0,10.0
12200480000EB,3.6,3.7,10,10.0,10.0
12200480000EB,3.7,3.8,10,10.0,10.0
12200480000EB,3.8,3.9,10,10.0,10.0
12200480000EB,3.9,4,10,10.0,10.0
12200480000EB,4,4.1,10,10.0,10.0
12200480000EB,4.1,4.2,10,10.0,10.0
12200480000EB,4.2,4.3,10,10.0,10.0
12200480000EB,4.3,4.4,10,10.0,10.0
12200480000EB,4.4,4.5,10,10.0,10.0
12200480000EB,4.5,4.6,10,10.0,10.0
12200480000EB,4.6,4.7,10,10.0,10.0
12200480000EB,4.7,4.8,10,10.0,10.0
12200480000EB,4.8,4.9,10,10.0,10.0
12200480000EB,4.9,5,10,10.0,10.0
12200480000EB,5,5.1,10,10.0,10.0
12200480000EB,5.1,5.2,10,10.0,10.0
12200480000EB,5.2,5.3,10,,10.0
12200480000EB,5.3,5.4,10,10.0,10.0
12200480000EB,5.4,5.5,10,10.0,10.0
12200480000EB,5.5,5.6,10,10.0,10.0
12200480000EB,5.6,5.7,10,10.0,10.0
12200480000EB,5.7,5.8,10,10.0,10.0
12200480000EB,5.8,5.82,10,10.0,10.0
2040114010000,0,1.07,,,3.0
21100790000NB,98.4,98.63,9,,
17200500000EB,11.38,12.29,,,8.0
15200300000EB,0.53,0.61,,,7.0
20100640000EB,57.48,57.92,8,,
20100640000EB,57.92,58.3,9,,
28204600000EB,0.029,1.06,,,9.0
28204600000EB,1.33,2.9,,,9.0
28204600000EB,2.9,3.09,,,9.0
28204600000EB,4.29,5.38,,,9.0
28204600000EB,13.48,14.72,,,9.0
28204600000EB,14.72,15.15,,,9.0
42200330000EB,7.76,8.05,4,,
1930051000000,8.66,8.78,10,10.0,10.0
4130307000000,7.42,8.45,11,11.0,11.0
0230009000000,10.12,10.37,10,,
0230009000000,17.07,17.1,10,10.0,10.0
0230009000000,17.1,17.2,10,10.0,10.0
0230009000000,17.2,17.3,10,10.0,10.0
0230009000000,17.3,17.4,10,10.0,10.0
0230009000000,17.4,17.48,10,10.0,10.0
0230009000000,18.18,18.2,10,10.0,10.0
0230009000000,18.2,18.3,10,10.0,10.0
0230009000000,18.3,18.4,10,10.0,10.0
0230009000000,18.4,18.5,10,10.0,10.0
0230009000000,18.5,18.6,10,10.0,10.0
0230009000000,18.6,18.7,10,10.0,10.0
0230009000000,18.7,18.8,10,10.0,10.0
0230009000000,18.8,18.9,10,10.0,10.0
0230009000000,18.9,19,10,10.0,10.0
0230009000000,19,19.1,10,10.0,10.0
0230009000000,19.1,19.2,10,10.0,10.0
0230009000000,19.2,19.3,10,10.0,10.0
0230009000000,19.3,19.4,10,10.0,10.0
0230009000000,19.4,19.5,10,10.0,10.0
0230009000000,19.5,19.6,10,10.0,10.0
0230009000000,19.6,19.7,10,10.0,10.0
0230009000000,19.7,19.8,10,10.0,10.0
0230009000000,19.8,19.9,10,10.0,10.0
0230009000000,19.9,20,10,10.0,10.0
0230009000000,20,20.1,10,10.0,10.0
0230009000000,20.1,20.16,10,10.0,10.0
01200330000EB,0,0.1,10,10.0,10.0
01200330000EB,0.1,0.2,10,10.0,10.0
01200330000EB,0.2,0.3,10,10.0,10.0
01200330000EB,0.3,0.4,10,10.0,10.0
01200330000EB,0.4,0.5,10,10.0,10.0
01200330000EB,0.5,0.6,10,10.0,10.0
01200330000EB,0.6,0.7,10,10.0,10.0
01200330000EB,0.7,0.8,10,10.0,10.0
01200330000EB,0.8,0.9,10,10.0,10.0
01200330000EB,0.9,1,10,10.0,10.0
01200330000EB,1,1.1,10,10.0,10.0
01200330000EB,1.1,1.2,10,10.0,10.0
01200330000EB,1.2,1.3,10,10.0,10.0
01200330000EB,1.3,1.4,10,10.0,10.0
01200330000EB,1.4,1.5,10,10.0,10.0
01200330000EB,1.5,1.6,10,10.0,10.0
01200330000EB,1.6,1.7,10,10.0,10.0
01200330000EB,1.7,1.8,10,10.0,10.0
01200330000EB,1.8,1.87,10,10.0,10.0
19203400000NB,6.9,7,10,10.0,10.0
19203400000NB,7,7.1,10,10.0,10.0
19203400000NB,7.1,7.2,10,10.0,10.0
19203400000NB,7.2,7.3,10,10.0,10.0
19203400000NB,7.3,7.4,10,10.0,10.0
19203400000NB,7.4,7.5,10,10.0,10.0
19203400000NB,7.5,7.6,10,10.0,10.0
19203400000NB,7.6,7.7,10,10.0,10.0
19203400000NB,7.7,7.8,10,10.0,10.0
19203400000NB,7.8,7.9,10,10.0,10.0
19203400000NB,7.9,8,10,10.0,10.0
19203400000NB,8,8.1,10,10.0,10.0
19203400000NB,8.1,8.2,10,10.0,10.0
19203400000NB,8.2,8.3,10,10.0,10.0
19203400000NB,8.3,8.4,10,10.0,10.0
19203400000NB,8.4,8.5,10,10.0,10.0
19203400000NB,8.5,8.56,10,10.0,10.0
19203400000NB,8.56,8.6,10,10.0,10.0
19203400000NB,8.6,8.627,10,10.0,10.0
19203400000NB,8.627,8.7,10,10.0,10.0
19203400000NB,8.7,8.8,10,10.0,10.0
19203400000NB,8.8,8.9,10,10.0,10.0
19203400000NB,8.9,9,10,10.0,10.0
19203400000NB,9,9.1,10,10.0,10.0
19203400000NB,9.1,9.13,10,10.0,10.0
19203400000NB,9.13,9.2,10,10.0,10.0
19203400000NB,9.2,9.3,10,10.0,10.0
19203400000NB,9.3,9.38,10,10.0,10.0
19203400000NB,9.38,9.4,10,10.0,10.0
19203400000NB,9.4,9.5,10,10.0,10.0
19203400000NB,9.5,9.55,,,10.0
19203400000NB,9.6,9.7,,10.0,10.0
19203400000NB,9.7,9.8,,10.0,10.0
19203400000NB,9.8,9.9,,10.0,10.0
19203400000NB,9.9,10,,10.0,10.0
19203400000NB,10,10.1,,10.0,10.0
19203400000NB,10.1,10.2,,10.0,10.0
19203400000NB,10.2,10.3,,10.0,10.0
19203400000NB,10.3,10.4,,10.0,10.0
19203400000NB,10.4,10.41,,10.0,10.0
19203400000NB,10.41,10.5,,10.0,10.0
19203400000NB,10.5,10.6,,10.0,10.0
19203400000NB,10.6,10.7,,10.0,10.0
19203400000NB,10.7,10.8,,10.0,10.0
19203400000NB,10.8,10.9,,10.0,10.0
19203400000NB,10.9,11,,10.0,10.0
19203400000NB,11,11.1,,10.0,10.0
19203400000NB,11.1,11.2,,10.0,10.0
19203400000NB,11.2,11.3,,10.0,10.0
19203400000NB,11.3,11.4,,10.0,10.0
19203400000NB,11.4,11.5,,10.0,10.0
19203400000NB,11.5,11.6,,10.0,10.0
19203400000NB,11.6,11.7,,10.0,10.0
19203400000NB,11.7,11.8,,10.0,10.0
19203400000NB,11.8,11.86,,10.0,10.0
19203400000NB,11.9,12,,10.0,10.0
19203400000NB,12,12.047,,10.0,10.0
19203400000NB,12.047,12.1,,10.0,10.0
19203400000NB,12.1,12.2,,10.0,10.0
19203400000NB,12.2,12.3,,10.0,10.0
19203400000NB,12.3,12.4,,10.0,10.0
19203400000NB,12.4,12.5,,10.0,10.0
19203400000NB,12.5,12.6,,10.0,10.0
19203400000NB,12.6,12.7,,10.0,10.0
19203400000NB,12.7,12.8,,10.0,10.0
19203400000NB,12.8,12.88,,10.0,10.0
19203400000NB,12.88,12.9,,10.0,10.0
19203400000NB,12.9,13,,10.0,10.0
19203400000NB,13,13.1,,10.0,10.0
19203400000NB,13.1,13.2,,10.0,10.0
19203400000NB,13.2,13.26,,10.0,10.0
19203400000NB,13.26,13.3,,10.0,10.0
19203400000NB,13.3,13.4,,10.0,10.0
19203400000NB,13.4,13.5,,10.0,10.0
19203400000NB,13.5,13.6,,10.0,10.0
19203400000NB,13.6,13.7,,10.0,10.0
19203400000NB,13.7,13.8,,10.0,10.0
19203400000NB,13.8,13.82,,10.0,10.0
19203400000NB,14.66,14.7,,10.0,10.0
19203400000NB,14.7,14.8,,10.0,10.0
19203400000NB,14.8,14.86,,10.0,10.0
19203400000NB,14.86,14.9,,10.0,10.0
19203400000NB,14.9,15,,10.0,10.0
19203400000NB,15,15.1,,10.0,10.0
19203400000NB,15.1,15.2,,10.0,10.0
19203400000NB,15.2,15.3,,10.0,10.0
19203400000NB,15.3,15.31,,10.0,10.0
05200220000EB,3.17,3.35,,,12.0
05200220000EB,3.35,3.45,,,12.0
05200220000EB,3.45,4.73,,,12.0
05200220000EB,4.73,5.19,,,12.0
05200220000EB,5.19,5.89,,,12.0
02100810000NB,0,1.39,,,10.0
02100810000NB,1.39,6.27,,,10.0
02100810000NB,11.63,12,,,10.0
02100810000NB,12,13.54,,,10.0
02100810000NB,13.54,14.26,,,10.0
02100810000NB,14.26,15.22,,,10.0
02100810000NB,15.22,15.62,,,10.0
02100810000NB,15.62,15.95,,,10.0
02100810000NB,15.95,16.23,,,10.0
02100810000NB,16.23,17.3,,,10.0
02100810000NB,17.3,18.13,,,10.0
02100810000NB,18.13,20.37,,,10.0
02100810000NB,20.37,23,,,10.0
02100810000NB,23,23.46,,,10.0
02100810000NB,23.46,24.53,,,10.0
02100810000NB,24.53,26,,,10.0
03201190000NB,11.49,12.36,9,,9.0
03201190000NB,12.36,12.83,9,,
03201190000NB,12.83,13.54,10,,10.0
03201190000NB,16.97,17.83,10,,10.0
31200190000NB,8.99,9.16,10,,10.0
07200330000EB,3.68,5.03,5,,
07200330000EB,6.62,8.3,5,,
4730032000000,14.79,16.09,,,7.0
4730032000000,16.09,16.45,,,7.0
41100640000EB,120,120.1,,11.0,11.0
41100640000EB,120.1,120.5,,,11.0
41100640000EB,120.69,120.7,11,11.0,11.0
41100640000EB,120.7,120.8,11,11.0,11.0
41100640000EB,120.8,120.9,11,11.0,11.0
41100640000EB,120.9,121,11,11.0,11.0
41100640000EB,121,121.1,11,11.0,11.0
41100640000EB,121.1,121.2,11,11.0,11.0
41100640000EB,121.2,121.3,11,11.0,11.0
41100640000EB,121.3,121.4,11,11.0,11.0
41100640000EB,121.4,121.5,11,11.0,11.0
41100640000EB,121.5,121.6,11,11.0,11.0
41100640000EB,121.6,121.7,11,11.0,11.0
41100640000EB,121.7,121.8,11,11.0,11.0
41100640000EB,121.8,121.9,11,11.0,11.0
41100640000EB,121.9,122,11,11.0,11.0
41100640000EB,122,122.1,11,11.0,11.0
41100640000EB,122.1,122.2,11,11.0,11.0
41100640000EB,122.2,122.3,11,11.0,11.0
41100640000EB,122.3,122.4,11,11.0,11.0
41100640000EB,122.4,122.5,11,11.0,11.0
41100640000EB,122.5,122.6,11,11.0,11.0
41100640000EB,122.6,122.62,11,11.0,11.0
41100640000EB,122.62,122.71,,,11.0
41100640000EB,122.71,122.8,11,11.0,11.0
41100640000EB,122.8,122.9,11,11.0,11.0
41100640000EB,122.9,123,11,11.0,11.0
41100640000EB,123,123.1,11,11.0,11.0
41100640000EB,123.1,123.18,11,11.0,11.0
41100640000EB,123.18,123.3,,,11.0
41100640000EB,123.63,123.7,11,11.0,11.0
41100640000EB,123.7,123.8,11,11.0,11.0
41100640000EB,123.8,123.9,11,11.0,11.0
41100640000EB,123.9,124,11,11.0,11.0
41100640000EB,124,124.1,11,11.0,11.0
41100640000EB,124.1,124.2,11,11.0,11.0
41100640000EB,124.2,124.3,11,11.0,11.0
41100640000EB,124.3,124.4,11,11.0,11.0
41100640000EB,124.4,124.47,11,11.0,11.0
41100640000EB,124.9,125.65,,,11.0
41100640000EB,125.65,126.6,,,11.0
41100640000EB,126.65,126.7,11,11.0,11.0
41100640000EB,126.7,126.8,11,11.0,11.0
41100640000EB,126.8,126.9,11,11.0,11.0
41100640000EB,126.9,127,11,11.0,11.0
41100640000EB,127,127.1,11,11.0,11.0
41100640000EB,127.1,127.2,11,11.0,11.0
41100640000EB,127.2,127.3,11,11.0,11.0
41100640000EB,127.3,127.4,11,11.0,11.0
41100640000EB,127.4,127.5,11,11.0,11.0
41100640000EB,127.5,127.58,11,11.0,11.0
41100640000EB,128.91,129,11,11.0,11.0
41100640000EB,129,129.1,11,11.0,11.0
41100640000EB,129.1,129.2,11,11.0,11.0
41100640000EB,129.2,129.3,11,11.0,11.0
41100640000EB,129.3,129.4,11,11.0,11.0
41100640000EB,129.4,129.49,11,11.0,11.0
41100640000EB,129.49,129.5,11,11.0,11.0
41100640000EB,129.5,129.6,11,11.0,11.0
41100640000EB,129.6,129.7,11,11.0,11.0
41100640000EB,129.7,129.8,11,11.0,11.0
41100640000EB,129.8,129.9,11,11.0,11.0
41100640000EB,129.9,130,11,11.0,11.0
41100640000EB,130,130.1,11,11.0,11.0
41100640000EB,130.1,130.2,11,11.0,11.0
41100640000EB,130.2,130.3,11,11.0,11.0
41100640000EB,130.3,130.4,11,11.0,11.0
41100640000EB,130.4,130.5,11,11.0,11.0
41100640000EB,130.5,130.6,11,11.0,11.0
41100640000EB,130.6,130.7,11,11.0,11.0
41100640000EB,130.7,130.8,11,11.0,11.0
41100640000EB,130.8,130.9,11,11.0,11.0
41100640000EB,130.9,131,11,11.0,11.0
41100640000EB,131,131.1,11,11.0,11.0
41100640000EB,131.1,131.2,11,11.0,11.0
41100640000EB,131.2,131.3,11,11.0,11.0
41100640000EB,131.3,131.4,11,11.0,11.0
41100640000EB,131.4,131.5,11,11.0,11.0
41100640000EB,131.5,131.6,11,11.0,11.0
41100640000EB,131.6,131.7,11,11.0,11.0
41100640000EB,131.7,131.8,11,11.0,11.0
41100640000EB,131.8,131.9,11,11.0,11.0
41100640000EB,131.9,132,11,11.0,11.0
41100640000EB,132,132.1,11,11.0,11.0
41100640000EB,132.1,132.2,11,11.0,11.0
41100640000EB,132.2,132.3,11,11.0,11.0
41100640000EB,132.3,132.4,11,11.0,11.0
41100640000EB,132.4,132.5,11,11.0,11.0
41100640000EB,132.5,132.53,11,11.0,11.0
41100640000EB,132.84,132.9,11,11.0,11.0
41100640000EB,132.9,133,11,11.0,11.0
41100640000EB,133,133.1,11,11.0,11.0
41100640000EB,133.1,133.2,11,11.0,11.0
41100640000EB,133.2,133.3,11,11.0,11.0
41100640000EB,133.3,133.4,11,11.0,11.0
41100640000EB,133.4,133.5,11,11.0,11.0
41100640000EB,133.5,133.6,11,11.0,11.0
41100640000EB,133.6,133.7,11,11.0,11.0
41100640000EB,133.7,133.8,11,11.0,11.0
41100640000EB,133.8,133.9,11,11.0,11.0
41100640000EB,133.9,134,11,11.0,11.0
41100640000EB,134,134.1,11,11.0,11.0
41100640000EB,134.1,134.2,11,11.0,11.0
41100640000EB,134.2,134.3,11,11.0,11.0
41100640000EB,134.3,134.4,11,11.0,11.0
41100640000EB,134.4,134.5,11,11.0,11.0
41100640000EB,134.5,134.6,11,11.0,11.0
41100640000EB,134.6,134.7,11,11.0,11.0
41100640000EB,134.7,134.8,11,11.0,11.0
41100640000EB,134.8,134.9,11,11.0,11.0
41100640000EB,134.9,135,11,11.0,11.0
41100640000EB,135,135.1,11,11.0,11.0
41100640000EB,135.1,135.2,11,11.0,11.0
41100640000EB,135.2,135.3,11,11.0,11.0
41100640000EB,135.3,135.4,11,11.0,11.0
41100640000EB,135.4,135.5,11,11.0,11.0
41100640000EB,135.5,135.6,11,11.0,11.0
41100640000EB,135.6,135.7,11,11.0,11.0
41100640000EB,135.7,135.8,11,11.0,11.0
41100640000EB,135.8,135.9,11,11.0,11.0
41100640000EB,135.9,136,11,11.0,11.0
41100640000EB,136,136.1,11,11.0,11.0
41100640000EB,136.1,136.2,11,11.0,11.0
41100640000EB,136.2,136.3,11,11.0,11.0
41100640000EB,136.3,136.4,11,11.0,11.0
41100640000EB,136.4,136.5,11,11.0,11.0
41100640000EB,136.5,136.6,11,11.0,11.0
41100640000EB,136.6,136.7,11,11.0,11.0
41100640000EB,136.7,136.8,11,11.0,11.0
41100640000EB,136.8,136.9,11,11.0,11.0
41100640000EB,136.9,137,11,11.0,11.0
41100640000EB,137,137.1,11,11.0,11.0
41100640000EB,137.1,137.2,11,11.0,11.0
41100640000EB,137.2,137.3,11,11.0,11.0
41100640000EB,137.3,137.4,11,11.0,11.0
41100640000EB,137.4,137.48,11,11.0,11.0
41100640000EB,137.48,137.5,11,11.0,11.0
41100640000EB,137.5,137.6,11,11.0,11.0
41100640000EB,137.6,137.7,11,11.0,11.0
41100640000EB,137.7,137.8,11,11.0,11.0
41100640000EB,137.8,137.9,11,11.0,11.0
41100640000EB,137.9,138,11,11.0,11.0
41100640000EB,138,138.01,11,11.0,11.0
0240005000000,5.9,7.94,,,10.0
1930009000000,0,0.059,10,10.0,10.0
1930009000000,0.059,0.1,10,10.0,10.0
1930009000000,0.1,0.2,10,10.0,10.0
1930009000000,0.2,0.3,10,10.0,10.0
1930009000000,0.3,0.4,10,10.0,10.0
1930009000000,0.4,0.5,10,10.0,10.0
1930009000000,0.5,0.6,10,10.0,10.0
1930009000000,0.6,0.7,10,10.0,10.0
1930009000000,0.7,0.8,10,10.0,10.0
1930009000000,0.8,0.9,10,10.0,10.0
1930009000000,0.9,1,10,10.0,10.0
1930009000000,1,1.1,10,10.0,10.0
1930009000000,1.1,1.2,10,10.0,10.0
1930009000000,1.2,1.3,10,10.0,10.0
1930009000000,1.3,1.4,10,10.0,10.0
1930009000000,1.4,1.45,10,10.0,10.0
1930009000000,1.45,1.5,10,10.0,10.0
1930009000000,1.5,1.6,10,10.0,10.0
1930009000000,1.6,1.7,10,10.0,10.0
1930009000000,1.7,1.8,10,10.0,10.0
1930009000000,1.8,1.9,10,10.0,10.0
1930009000000,1.9,2,10,10.0,10.0
1930009000000,2,2.1,10,10.0,10.0
1930009000000,2.1,2.2,10,10.0,10.0
1930009000000,2.2,2.3,10,10.0,10.0
1930009000000,2.3,2.4,10,10.0,10.0
1930009000000,2.4,2.5,10,10.0,10.0
1930009000000,2.5,2.6,10,10.0,10.0
1930009000000,2.6,2.7,10,10.0,10.0
1930009000000,2.7,2.8,10,10.0,10.0
1930009000000,2.8,2.9,10,10.0,10.0
1930009000000,2.9,3,10,10.0,10.0
1930009000000,3,3.1,10,10.0,10.0
1930009000000,3.1,3.2,10,10.0,10.0
1930009000000,3.2,3.3,10,10.0,10.0
1930009000000,3.3,3.4,10,10.0,10.0
1930009000000,3.4,3.5,10,10.0,10.0
1930009000000,3.5,3.6,10,10.0,10.0
1930009000000,3.6,3.7,10,10.0,10.0
1930009000000,3.7,3.8,10,10.0,10.0
1930009000000,3.8,3.9,10,10.0,10.0
1930009000000,3.9,3.94,10,10.0,10.0
1930009000000,4.97,5,10,10.0,10.0
1930009000000,5,5.1,10,10.0,10.0
1930009000000,5.1,5.2,10,10.0,10.0
1930009000000,5.2,5.3,10,10.0,10.0
1930009000000,5.3,5.4,10,10.0,10.0
1930009000000,5.4,5.5,10,10.0,10.0
1930009000000,5.5,5.6,10,10.0,10.0
1930009000000,5.6,5.7,10,10.0,10.0
1930009000000,5.7,5.8,10,10.0,10.0
1930009000000,5.8,5.9,10,10.0,10.0
1930009000000,5.9,6,10,10.0,10.0
1930009000000,6,6.1,10,10.0,10.0
1930009000000,6.1,6.2,10,10.0,10.0
1930009000000,6.2,6.3,10,10.0,10.0
1930009000000,6.3,6.35,10,10.0,10.0
1930009000000,10.91,11,10,10.0,10.0
1930009000000,11,11.1,10,10.0,10.0
1930009000000,11.1,11.2,10,10.0,10.0
1930009000000,11.2,11.3,10,10.0,10.0
1930009000000,11.3,11.4,10,10.0,10.0
1930009000000,11.4,11.418,10,10.0,10.0
1930009000000,14.435,14.5,10,10.0,10.0
1930009000000,14.5,14.6,10,10.0,10.0
1930009000000,14.6,14.7,10,10.0,10.0
1930009000000,14.7,14.8,10,10.0,10.0
1930009000000,14.8,14.9,10,10.0,10.0
1930009000000,14.9,14.96,10,10.0,10.0
28100770000NB,0.69,0.7,11,11.0,11.0
28100770000NB,0.7,0.8,11,11.0,11.0
28100770000NB,0.8,0.9,11,11.0,11.0
28100770000NB,0.9,1,11,11.0,11.0
28100770000NB,1,1.1,11,11.0,11.0
28100770000NB,1.1,1.2,11,11.0,11.0
28100770000NB,1.2,1.3,11,11.0,11.0
28100770000NB,1.3,1.4,11,11.0,11.0
28100770000NB,1.4,1.5,11,11.0,11.0
28100770000NB,1.5,1.6,11,11.0,11.0
28100770000NB,1.6,1.7,11,11.0,11.0
28100770000NB,1.7,1.8,11,11.0,11.0
28100770000NB,1.8,1.9,11,11.0,11.0
28100770000NB,1.9,2,11,11.0,11.0
28100770000NB,2,2.1,11,11.0,11.0
28100770000NB,2.1,2.2,11,11.0,11.0
28100770000NB,2.2,2.3,11,11.0,11.0
28100770000NB,2.3,2.4,11,11.0,11.0
28100770000NB,2.4,2.5,11,11.0,11.0
28100770000NB,2.5,2.56,11,11.0,11.0
28100770000NB,2.56,2.6,11,11.0,11.0
28100770000NB,2.6,2.7,11,11.0,11.0
28100770000NB,2.7,2.8,11,11.0,11.0
28100770000NB,2.8,2.9,11,11.0,11.0
28100770000NB,2.9,3,11,11.0,11.0
28100770000NB,3,3.1,11,11.0,11.0
28100770000NB,3.1,3.2,11,11.0,11.0
28100770000NB,3.2,3.3,11,11.0,11.0
28100770000NB,3.3,3.4,11,11.0,11.0
28100770000NB,3.4,3.5,11,11.0,11.0
28100770000NB,3.5,3.6,11,11.0,11.0
28100770000NB,3.6,3.7,11,11.0,11.0
28100770000NB,3.7,3.8,11,11.0,11.0
28100770000NB,3.8,3.9,11,11.0,11.0
28100770000NB,3.9,4,11,11.0,11.0
28100770000NB,4,4.1,11,11.0,11.0
28100770000NB,4.1,4.2,11,11.0,11.0
28100770000NB,4.2,4.3,11,11.0,11.0
28100770000NB,4.3,4.4,11,11.0,11.0
28100770000NB,4.4,4.5,11,11.0,11.0
28100770000NB,4.5,4.6,11,11.0,11.0
28100770000NB,4.6,4.7,11,11.0,11.0
28100770000NB,4.7,4.8,11,11.0,11.0
28100770000NB,4.8,4.9,11,11.0,11.0
28100770000NB,4.9,5,11,11.0,11.0
28100770000NB,5,5.1,11,11.0,11.0
28100770000NB,5.1,5.12,11,11.0,11.0
28100770000NB,5.12,5.2,11,11.0,11.0
28100770000NB,5.2,5.3,11,11.0,11.0
28100770000NB,5.3,5.4,11,11.0,11.0
28100770000NB,5.4,5.5,11,11.0,11.0
28100770000NB,5.5,5.6,11,11.0,11.0
28100770000NB,5.6,5.7,11,11.0,11.0
28100770000NB,5.7,5.8,11,11.0,11.0
28100770000NB,5.8,5.9,11,11.0,11.0
28100770000NB,5.9,6,11,11.0,11.0
28100770000NB,6,6.1,11,11.0,11.0
28100770000NB,6.1,6.2,11,11.0,11.0
28100770000NB,6.2,6.3,11,11.0,11.0
28100770000NB,6.3,6.4,11,11.0,11.0
28100770000NB,6.4,6.5,11,11.0,11.0
28100770000NB,6.5,6.6,11,11.0,11.0
28100770000NB,6.6,6.7,11,11.0,11.0
28100770000NB,6.7,6.8,11,11.0,11.0
28100770000NB,6.8,6.9,11,11.0,11.0
28100770000NB,8.189,8.98,11,,
