RouteID|BMP|EMP|BeginDate|StateID|ValueNumeric|DataItem|Comment|ValueText|ValueDate
0630527000000|0.0|0.6|01/01/2025|54|1|NHFN|||
0630527000000|1.04|3.22|01/01/2025|54|3|NHFN|||
2030025000000|0.0|0.59|01/01/2025|54|3|NHFN|||
2030025000000|2.69|5.75|01/01/2025|54|3|NHFN|||
5230002000000|0.0|12.12|01/01/2025|54|2|NHFN|||
54100770000NB|156.99|187.21|01/01/2025|54|1|NHFN|||
5430002000000|23.09|23.11|01/01/2025|54|3|NHFN|||
5430002000000|23.11|29.46|01/01/2025|54|2|NHFN|||
4030025000000|0.0|2.19|01/01/2025|54|3|NHFN|||
19203400000SB|7.93|8.71|01/01/2025|54|3|NHFN|||
0240011270000|0.0|1.11|01/01/2025|54|3|NHFN|||
0240009300000|0.0|0.23|01/01/2025|54|3|NHFN|||
0240011650000|0.86|1.01|01/01/2025|54|3|NHFN|||
06200600007WB|0.005|0.15|01/01/2025|54|1|NHFN|||
06200600007WB|0.15|2.26|01/01/2025|54|1|NHFN|||
50100640000EB|0.0|5.87|01/01/2025|54|1|NHFN|||
3140857000000|0.0|3.47|01/01/2025|54|3|NHFN|||
3140857000000|4.06|5.59|01/01/2025|54|3|NHFN|||
3140857000000|6.21|7.25|01/01/2025|54|3|NHFN|||
31400192400SB|2.92|3.35|01/01/2025|54|3|NHFN|||
20201190003WB|0.0|0.3|01/01/2025|54|3|NHFN|||
35100700000EB|0.0|14.45|01/01/2025|54|1|NHFN|||
18100770000NB|117.5|156.99|01/01/2025|54|1|NHFN|||
2830108000000|1.1|2.43|01/01/2025|54|2|NHFN|||
18200330000EB|0.0|0.12|01/01/2025|54|2|NHFN|||
18200330000EB|0.121|3.32|01/01/2025|54|2|NHFN|||
50200520000EB|4.41|6.82|01/01/2025|54|2|NHFN|||
50200520000EB|15.97|20.98|01/01/2025|54|2|NHFN|||
28301080000SB|0.0|1.1|01/01/2025|54|2|NHFN|||
41200190000SB|8.75|12.17|01/01/2025|54|3|NHFN|||
41200190000SB|16.321|18.927|01/01/2025|54|3|NHFN|||
41200190000NB|8.75|12.191|01/01/2025|54|3|NHFN|||
41200190000NB|16.399|18.926|01/01/2025|54|3|NHFN|||
20100770000NB|95.34|117.5|01/01/2025|54|1|NHFN|||
0240011210000|0.0|0.33|01/01/2025|54|3|NHFN|||
5530121000000|16.952|19.112|01/01/2025|54|2|NHFN|||
43200500000EB|0.0|20.95|01/01/2025|54|2|NHFN|||
0230009000000|10.434|10.55|01/01/2025|54|3|NHFN|||
0230009000000|10.55|11.75|01/01/2025|54|2|NHFN|||
0230009000000|11.75|12.45|01/01/2025|54|2|NHFN|||
0230009000000|14.0|15.37|01/01/2025|54|2|NHFN|||
0230009000000|15.371|20.18|01/01/2025|54|2|NHFN|||
20201190000NB|14.006|14.995|01/01/2025|54|3|NHFN|||
20201190000NB|15.424|17.03|01/01/2025|54|3|NHFN|||
28200520000EB|16.54|18.49|01/01/2025|54|2|NHFN|||
0530002000000|0.0|5.72|01/01/2025|54|2|NHFN|||
0530002000000|5.72|15.61|01/01/2025|54|3|NHFN|||
0530002000000|15.75|16.81|01/01/2025|54|2|NHFN|||
0630002000000|0.0|2.2|01/01/2025|54|1|NHFN|||
0630002000000|2.2|5.61|01/01/2025|54|1|NHFN|||
0630002000000|5.61|5.63|01/01/2025|54|3|NHFN|||
0630002000000|5.63|17.99|01/01/2025|54|2|NHFN|||
0240001080000|0.0|0.85|01/01/2025|54|3|NHFN|||
0640013000000|0.0|0.44|01/01/2025|54|3|NHFN|||
17200500000EB|0.0|18.35|01/01/2025|54|2|NHFN|||
0230901000000|5.12|5.65|01/01/2025|54|3|NHFN|||
09200500000EB|0.0|18.87|01/01/2025|54|2|NHFN|||
31200190000NB|9.22|11.23|01/01/2025|54|3|NHFN|||
31200190000NB|11.24|14.74|01/01/2025|54|3|NHFN|||
41100770016NB|27.26|52.58|01/01/2025|54|1|NHFN|||
4030817000000|1.59|4.75|01/01/2025|54|3|NHFN|||
20201190023NB|0.7|1.17|01/01/2025|54|3|NHFN|||
1830002000000|0.0|11.28|01/01/2025|54|2|NHFN|||
1830002000000|13.53|13.62|01/01/2025|54|2|NHFN|||
10100770016NB|52.58|67.21|01/01/2025|54|1|NHFN|||
4040033000000|0.79|2.3|01/01/2025|54|3|NHFN|||
13202190000NB|6.72|12.82|01/01/2025|54|2|NHFN|||
54200500000WB|5.2|9.83|01/01/2025|54|3|NHFN|||
20100770016NB|67.21|95.34|01/01/2025|54|1|NHFN|||
20201190003EB|0.0|0.3|01/01/2025|54|3|NHFN|||
0240032000000|1.68|2.15|01/01/2025|54|3|NHFN|||
0240032000000|2.16|2.57|01/01/2025|54|3|NHFN|||
1530002000000|0.0|21.37|01/01/2025|54|2|NHFN|||
3730002000000|0.0|17.49|01/01/2025|54|2|NHFN|||
28100770016NB|8.98|27.26|01/01/2025|54|1|NHFN|||
26202500000NB|33.98|39.2|01/01/2025|54|3|NHFN|||
3530002000000|1.9|2.84|01/01/2025|54|2|NHFN|||
3530002000000|3.27|3.31|01/01/2025|54|2|NHFN|||
3530002000000|3.31|8.89|01/01/2025|54|3|NHFN|||
3530002000000|8.89|11.61|01/01/2025|54|2|NHFN|||
40100640000EB|31.77|45.39|01/01/2025|54|1|NHFN|||
2730002000000|0.0|36.98|01/01/2025|54|2|NHFN|||
20100640000EB|45.39|58.78|01/01/2025|54|1|NHFN|||
27200350000NB|0.0|18.46|01/01/2025|54|2|NHFN|||
2030622000000|2.403|3.318|01/01/2025|54|3|NHFN|||
0230051000000|4.54|5.18|01/01/2025|54|3|NHFN|||
0630527000100|0.278|0.51|01/01/2025|54|1|NHFN|||
06100640000EB|5.87|31.77|01/01/2025|54|1|NHFN|||
28100770000NB|0.0|8.98|01/01/2025|54|1|NHFN|||
06200520000EB|0.0|1.3|01/01/2025|54|3|NHFN|||
0230045000000|14.3|15.31|01/01/2025|54|3|NHFN|||
40200350000NB|0.0|16.75|01/01/2025|54|2|NHFN|||
2630002000000|0.0|20.16|01/01/2025|54|2|NHFN|||
5040003010000|0.0|0.68|01/01/2025|54|3|NHFN|||
1930009000000|0.0|7.11|01/01/2025|54|2|NHFN|||
1930009000000|7.11|8.89|01/01/2025|54|2|NHFN|||
1930009000000|8.89|8.94|01/01/2025|54|2|NHFN|||
54200500000EB|5.2|9.83|01/01/2025|54|3|NHFN|||
54200500000EB|9.86|24.13|01/01/2025|54|2|NHFN|||
4030034000000|8.64|16.8|01/01/2025|54|3|NHFN|||
50200520000WB|5.43|11.133|01/01/2025|54|3|NHFN|||
19203400000NB|0.0|9.04|01/01/2025|54|2|NHFN|||
19203400000NB|9.04|9.6|01/01/2025|54|2|NHFN|||
19203400000NB|9.6|12.03|01/01/2025|54|2|NHFN|||
19203400000NB|12.03|12.5|01/01/2025|54|2|NHFN|||
19203400000NB|12.5|16.03|01/01/2025|54|2|NHFN|||
3130007000000|34.94|36.13|01/01/2025|54|3|NHFN|||
4830002000000|0.0|13.93|01/01/2025|54|2|NHFN|||
02200110000NB|6.0|8.08|01/01/2025|54|3|NHFN|||
02200110000NB|8.31|9.62|01/01/2025|54|3|NHFN|||
02200110000NB|10.4|11.58|01/01/2025|54|3|NHFN|||
02200110000NB|16.41|16.96|01/01/2025|54|3|NHFN|||
02200110000NB|19.66|20.79|01/01/2025|54|3|NHFN|||
02200110000NB|22.41|23.57|01/01/2025|54|3|NHFN|||
30200520000EB|33.64|43.09|01/01/2025|54|2|NHFN|||
3140019190000|0.0|1.25|01/01/2025|54|3|NHFN|||
0240001000000|0.0|0.425|01/01/2025|54|3|NHFN|||
35202500000NB|0.0|1.3|01/01/2025|54|3|NHFN|||
2030094000000|1.507|6.962|01/01/2025|54|3|NHFN|||
4130121000000|0.0|6.46|01/01/2025|54|2|NHFN|||
4130121000000|6.46|10.86|01/01/2025|54|2|NHFN|||
20201190000SB|13.927|14.908|01/01/2025|54|3|NHFN|||
20201190000SB|15.512|17.147|01/01/2025|54|3|NHFN|||
0640060210000|0.0|0.51|01/01/2025|54|3|NHFN|||
3540065000000|0.32|1.09|01/01/2025|54|3|NHFN|||
31201190000NB|10.37|13.99|01/01/2025|54|3|NHFN|||
02100810000NB|0.0|26.0|01/01/2025|54|1|NHFN|||
06200600000EB|1.12|2.88|01/01/2025|54|3|NHFN|||
06200600000EB|2.88|3.93|01/01/2025|54|1|NHFN|||
06200600000EB|3.93|6.019|01/01/2025|54|1|NHFN|||
06200600000EB|6.019|9.13|01/01/2025|54|1|NHFN|||
06200600000EB|9.13|9.363|01/01/2025|54|1|NHFN|||
06200600000EB|9.363|12.52|01/01/2025|54|3|NHFN|||
0630010000000|15.88|18.41|01/01/2025|54|3|NHFN|||
0630010000000|18.41|18.58|01/01/2025|54|1|NHFN|||
05200220000EB|0.0|2.06|01/01/2025|54|2|NHFN|||
05200220000EB|2.45|5.89|01/01/2025|54|2|NHFN|||
