BeginDate|StateID|RouteID|BeginPoint|EndPoint|DataItem|ValueNumeric|ValueText|ValueDate|Comments
01/01/2022|54|04100790000NB|79.6|79.7|FAULTING|0.142||01/06/2022|
01/01/2022|54|10100770016NB|56.1|56.2|FAULTING|0.07||31/05/2022|
01/01/2022|54|10100770016NB|56.2|56.3|FAULTING|0.085||31/05/2022|
01/01/2022|54|10100770016NB|56.3|56.4|FAULTING|0.123||31/05/2022|
01/01/2022|54|10100770016NB|56.4|56.5|FAULTING|0.069||31/05/2022|
01/01/2022|54|10100770016SB|56.2|56.3|FAULTING|0.059||31/05/2022|
01/01/2022|54|10100770016SB|56.3|56.4|FAULTING|0.11||31/05/2022|
01/01/2022|54|10100770016SB|56.4|56.5|FAULTING|0.129||31/05/2022|
01/01/2022|54|13100640000EB|147.6|147.7|FAULTING|0.027||01/06/2022|
01/01/2022|54|13100640000EB|147.7|147.8|FAULTING|0.039||01/06/2022|
01/01/2022|54|13100640000EB|147.8|147.9|FAULTING|0.021||01/06/2022|
01/01/2022|54|13100640000EB|147.9|148.0|FAULTING|0.077||01/06/2022|
01/01/2022|54|13100640000EB|148.0|148.1|FAULTING|0.066||01/06/2022|
01/01/2022|54|13100640000EB|148.1|148.2|FAULTING|0.031||01/06/2022|
01/01/2022|54|13100640000EB|148.2|148.3|FAULTING|0.044||01/06/2022|
01/01/2022|54|13100640000EB|148.3|148.4|FAULTING|0.05||01/06/2022|
01/01/2022|54|13100640000EB|148.4|148.5|FAULTING|0.012||01/06/2022|
01/01/2022|54|13100640000EB|148.5|148.6|FAULTING|0.075||01/06/2022|
01/01/2022|54|13100640000EB|148.6|148.7|FAULTING|0.028||01/06/2022|
01/01/2022|54|13100640000EB|148.7|148.8|FAULTING|0.012||01/06/2022|
01/01/2022|54|13100640000EB|148.8|148.9|FAULTING|0.014||01/06/2022|
01/01/2022|54|13100640000EB|148.9|149.0|FAULTING|0.031||01/06/2022|
01/01/2022|54|13100640000EB|149.0|149.1|FAULTING|0.053||01/06/2022|
01/01/2022|54|13100640000EB|149.1|149.2|FAULTING|0.075||01/06/2022|
01/01/2022|54|13100640000EB|149.2|149.3|FAULTING|0.039||01/06/2022|
01/01/2022|54|13100640000EB|149.3|149.4|FAULTING|0.021||01/06/2022|
01/01/2022|54|13100640000EB|149.4|149.5|FAULTING|0.07||01/06/2022|
01/01/2022|54|13100640000EB|149.5|149.6|FAULTING|0.019||01/06/2022|
01/01/2022|54|13100640000EB|149.6|149.7|FAULTING|0.052||01/06/2022|
01/01/2022|54|13100640000EB|149.7|149.8|FAULTING|0.071||01/06/2022|
01/01/2022|54|13100640000EB|149.8|149.9|FAULTING|0.019||01/06/2022|
01/01/2022|54|13100640000EB|149.9|150.0|FAULTING|0.017||01/06/2022|
01/01/2022|54|13100640000EB|150.0|150.1|FAULTING|0.03||01/06/2022|
01/01/2022|54|13100640000EB|150.1|150.2|FAULTING|0.062||01/06/2022|
01/01/2022|54|13100640000EB|150.2|150.3|FAULTING|0.034||01/06/2022|
01/01/2022|54|13100640000EB|150.3|150.4|FAULTING|0.022||01/06/2022|
01/01/2022|54|13100640000EB|150.4|150.5|FAULTING|0.056||01/06/2022|
01/01/2022|54|13100640000EB|150.5|150.6|FAULTING|0.017||01/06/2022|
01/01/2022|54|13100640000EB|150.6|150.7|FAULTING|0.016||01/06/2022|
01/01/2022|54|13100640000EB|150.7|150.8|FAULTING|0.022||01/06/2022|
01/01/2022|54|13100640000EB|150.8|150.9|FAULTING|0.025||01/06/2022|
01/01/2022|54|13100640000EB|150.9|151.0|FAULTING|0.018||01/06/2022|
01/01/2022|54|13100640000EB|151.0|151.1|FAULTING|0.026||01/06/2022|
01/01/2022|54|13100640000EB|151.1|151.2|FAULTING|0.016||01/06/2022|
01/01/2022|54|13100640000EB|151.2|151.3|FAULTING|0.019||01/06/2022|
01/01/2022|54|13100640000EB|151.3|151.4|FAULTING|0.078||01/06/2022|
01/01/2022|54|13100640000EB|151.4|151.5|FAULTING|0.017||01/06/2022|
01/01/2022|54|13100640000EB|151.5|151.6|FAULTING|0.019||01/06/2022|
01/01/2022|54|13100640000EB|151.6|151.7|FAULTING|0.023||01/06/2022|
01/01/2022|54|13100640000EB|151.7|151.8|FAULTING|0.024||01/06/2022|
01/01/2022|54|13100640000EB|151.8|151.9|FAULTING|0.021||01/06/2022|
01/01/2022|54|13100640000EB|151.9|152.0|FAULTING|0.044||01/06/2022|
01/01/2022|54|13100640000EB|152.0|152.1|FAULTING|0.033||01/06/2022|
01/01/2022|54|13100640000EB|152.1|152.2|FAULTING|0.017||01/06/2022|
01/01/2022|54|13100640000EB|152.2|152.3|FAULTING|0.021||01/06/2022|
01/01/2022|54|13100640000EB|152.3|152.4|FAULTING|0.035||01/06/2022|
01/01/2022|54|13100640000EB|152.4|152.5|FAULTING|0.047||01/06/2022|
01/01/2022|54|13100640000EB|152.5|152.6|FAULTING|0.036||01/06/2022|
01/01/2022|54|13100640000EB|152.6|152.7|FAULTING|0.019||01/06/2022|
01/01/2022|54|13100640000EB|152.7|152.8|FAULTING|0.017||01/06/2022|
01/01/2022|54|13100640000EB|152.8|152.9|FAULTING|0.039||01/06/2022|
01/01/2022|54|13100640000EB|152.9|153.0|FAULTING|0.029||01/06/2022|
01/01/2022|54|13100640000EB|153.0|153.1|FAULTING|0.023||01/06/2022|
01/01/2022|54|13100640000EB|153.1|153.2|FAULTING|0.023||01/06/2022|
01/01/2022|54|13100640000EB|153.2|153.3|FAULTING|0.073||01/06/2022|
01/01/2022|54|13100640000EB|153.3|153.4|FAULTING|0.023||01/06/2022|
01/01/2022|54|13100640000EB|153.4|153.5|FAULTING|0.019||01/06/2022|
01/01/2022|54|13100640000EB|153.5|153.6|FAULTING|0.019||01/06/2022|
01/01/2022|54|13100640000EB|153.6|153.7|FAULTING|0.051||01/06/2022|
01/01/2022|54|13100640000EB|153.7|153.8|FAULTING|0.02||01/06/2022|
01/01/2022|54|13100640000EB|153.8|153.9|FAULTING|0.02||01/06/2022|
01/01/2022|54|13100640000EB|153.9|154.0|FAULTING|0.02||01/06/2022|
01/01/2022|54|13100640000EB|154.0|154.1|FAULTING|0.02||01/06/2022|
01/01/2022|54|13100640000EB|154.1|154.2|FAULTING|0.01||01/06/2022|
01/01/2022|54|13100640000EB|154.2|154.3|FAULTING|0.019||01/06/2022|
01/01/2022|54|13100640000EB|154.3|154.4|FAULTING|0.015||01/06/2022|
01/01/2022|54|13100640000EB|154.4|154.5|FAULTING|0.033||01/06/2022|
01/01/2022|54|13100640000EB|154.5|154.6|FAULTING|0.028||01/06/2022|
01/01/2022|54|13100640000EB|154.6|154.7|FAULTING|0.028||01/06/2022|
01/01/2022|54|13100640000EB|154.7|154.8|FAULTING|0.022||01/06/2022|
01/01/2022|54|13100640000EB|154.8|154.9|FAULTING|0.021||01/06/2022|
01/01/2022|54|13100640000EB|154.9|155.0|FAULTING|0.032||01/06/2022|
01/01/2022|54|13100640000EB|155.0|155.1|FAULTING|0.019||01/06/2022|
01/01/2022|54|13100640000EB|155.1|155.2|FAULTING|0.014||01/06/2022|
01/01/2022|54|13100640000EB|155.2|155.3|FAULTING|0.017||01/06/2022|
01/01/2022|54|13100640000EB|155.3|155.4|FAULTING|0.017||01/06/2022|
01/01/2022|54|13100640000EB|155.4|155.5|FAULTING|0.015||01/06/2022|
01/01/2022|54|13100640000WB|147.6|147.7|FAULTING|0.0||01/06/2022|
01/01/2022|54|13100640000WB|147.7|147.8|FAULTING|0.013||01/06/2022|
01/01/2022|54|13100640000WB|147.8|147.9|FAULTING|0.033||01/06/2022|
01/01/2022|54|13100640000WB|147.9|148.0|FAULTING|0.036||01/06/2022|
01/01/2022|54|13100640000WB|148.0|148.1|FAULTING|0.032||01/06/2022|
01/01/2022|54|13100640000WB|148.1|148.2|FAULTING|0.029||01/06/2022|
01/01/2022|54|13100640000WB|148.2|148.3|FAULTING|0.088||01/06/2022|
01/01/2022|54|13100640000WB|148.3|148.4|FAULTING|0.091||01/06/2022|
01/01/2022|54|13100640000WB|148.4|148.5|FAULTING|0.133||01/06/2022|
01/01/2022|54|13100640000WB|148.5|148.6|FAULTING|0.075||01/06/2022|
01/01/2022|54|13100640000WB|148.6|148.7|FAULTING|0.034||01/06/2022|
01/01/2022|54|13100640000WB|148.7|148.8|FAULTING|0.019||01/06/2022|
01/01/2022|54|13100640000WB|148.8|148.9|FAULTING|0.031||01/06/2022|
01/01/2022|54|13100640000WB|148.9|149.0|FAULTING|0.029||01/06/2022|
01/01/2022|54|13100640000WB|149.0|149.1|FAULTING|0.053||01/06/2022|
01/01/2022|54|13100640000WB|149.1|149.2|FAULTING|0.037||01/06/2022|
01/01/2022|54|13100640000WB|149.2|149.3|FAULTING|0.052||01/06/2022|
01/01/2022|54|13100640000WB|149.3|149.4|FAULTING|0.054||01/06/2022|
01/01/2022|54|13100640000WB|149.4|149.5|FAULTING|0.051||01/06/2022|
01/01/2022|54|13100640000WB|149.5|149.6|FAULTING|0.027||01/06/2022|
01/01/2022|54|13100640000WB|149.6|149.7|FAULTING|0.014||01/06/2022|
01/01/2022|54|13100640000WB|149.7|149.8|FAULTING|0.03||01/06/2022|
01/01/2022|54|13100640000WB|149.8|149.9|FAULTING|0.044||01/06/2022|
01/01/2022|54|13100640000WB|149.9|150.0|FAULTING|0.017||01/06/2022|
01/01/2022|54|13100640000WB|150.0|150.1|FAULTING|0.023||01/06/2022|
01/01/2022|54|13100640000WB|150.1|150.2|FAULTING|0.028||01/06/2022|
01/01/2022|54|13100640000WB|150.2|150.3|FAULTING|0.032||01/06/2022|
01/01/2022|54|13100640000WB|150.3|150.4|FAULTING|0.022||01/06/2022|
01/01/2022|54|13100640000WB|150.4|150.5|FAULTING|0.022||01/06/2022|
01/01/2022|54|13100640000WB|150.5|150.6|FAULTING|0.027||01/06/2022|
01/01/2022|54|13100640000WB|150.6|150.7|FAULTING|0.034||01/06/2022|
01/01/2022|54|13100640000WB|150.7|150.8|FAULTING|0.021||01/06/2022|
01/01/2022|54|13100640000WB|150.8|150.9|FAULTING|0.021||01/06/2022|
01/01/2022|54|13100640000WB|150.9|151.0|FAULTING|0.02||01/06/2022|
01/01/2022|54|13100640000WB|151.0|151.1|FAULTING|0.026||01/06/2022|
01/01/2022|54|13100640000WB|151.1|151.2|FAULTING|0.088||01/06/2022|
01/01/2022|54|13100640000WB|151.2|151.3|FAULTING|0.017||01/06/2022|
01/01/2022|54|13100640000WB|151.3|151.4|FAULTING|0.017||01/06/2022|
01/01/2022|54|13100640000WB|151.4|151.5|FAULTING|0.014||01/06/2022|
01/01/2022|54|13100640000WB|151.5|151.6|FAULTING|0.019||01/06/2022|
01/01/2022|54|13100640000WB|151.6|151.7|FAULTING|0.019||01/06/2022|
01/01/2022|54|13100640000WB|151.7|151.8|FAULTING|0.022||01/06/2022|
01/01/2022|54|13100640000WB|151.8|151.9|FAULTING|0.018||01/06/2022|
01/01/2022|54|13100640000WB|151.9|152.0|FAULTING|0.02||01/06/2022|
01/01/2022|54|13100640000WB|152.0|152.1|FAULTING|0.023||01/06/2022|
01/01/2022|54|13100640000WB|152.1|152.2|FAULTING|0.019||01/06/2022|
01/01/2022|54|13100640000WB|152.2|152.3|FAULTING|0.019||01/06/2022|
01/01/2022|54|13100640000WB|152.3|152.4|FAULTING|0.035||01/06/2022|
01/01/2022|54|13100640000WB|152.4|152.5|FAULTING|0.015||01/06/2022|
01/01/2022|54|13100640000WB|152.5|152.6|FAULTING|0.021||01/06/2022|
01/01/2022|54|13100640000WB|152.6|152.7|FAULTING|0.029||01/06/2022|
01/01/2022|54|13100640000WB|152.7|152.8|FAULTING|0.022||01/06/2022|
01/01/2022|54|13100640000WB|152.8|152.9|FAULTING|0.031||01/06/2022|
01/01/2022|54|13100640000WB|152.9|153.0|FAULTING|0.027||01/06/2022|
01/01/2022|54|13100640000WB|153.0|153.1|FAULTING|0.017||01/06/2022|
01/01/2022|54|13100640000WB|153.1|153.2|FAULTING|0.031||01/06/2022|
01/01/2022|54|13100640000WB|153.2|153.3|FAULTING|0.022||01/06/2022|
01/01/2022|54|13100640000WB|153.3|153.4|FAULTING|0.015||01/06/2022|
01/01/2022|54|13100640000WB|153.4|153.5|FAULTING|0.037||01/06/2022|
01/01/2022|54|13100640000WB|153.5|153.6|FAULTING|0.05||01/06/2022|
01/01/2022|54|13100640000WB|153.6|153.7|FAULTING|0.028||01/06/2022|
01/01/2022|54|13100640000WB|153.7|153.8|FAULTING|0.016||01/06/2022|
01/01/2022|54|13100640000WB|153.8|153.9|FAULTING|0.048||01/06/2022|
01/01/2022|54|13100640000WB|153.9|154.0|FAULTING|0.016||01/06/2022|
01/01/2022|54|13100640000WB|154.0|154.1|FAULTING|0.031||01/06/2022|
01/01/2022|54|13100640000WB|154.1|154.2|FAULTING|0.018||01/06/2022|
01/01/2022|54|13100640000WB|154.2|154.3|FAULTING|0.026||01/06/2022|
01/01/2022|54|13100640000WB|154.3|154.4|FAULTING|0.027||01/06/2022|
01/01/2022|54|13100640000WB|154.4|154.5|FAULTING|0.022||01/06/2022|
01/01/2022|54|13100640000WB|154.5|154.6|FAULTING|0.013||01/06/2022|
01/01/2022|54|13100640000WB|154.6|154.7|FAULTING|0.015||01/06/2022|
01/01/2022|54|13100640000WB|154.7|154.8|FAULTING|0.016||01/06/2022|
01/01/2022|54|13100640000WB|154.8|154.9|FAULTING|0.02||01/06/2022|
01/01/2022|54|13100640000WB|154.9|155.0|FAULTING|0.024||01/06/2022|
01/01/2022|54|13100640000WB|155.0|155.1|FAULTING|0.041||01/06/2022|
01/01/2022|54|13100640000WB|155.1|155.2|FAULTING|0.048||01/06/2022|
01/01/2022|54|13100640000WB|155.2|155.3|FAULTING|0.051||01/06/2022|
01/01/2022|54|13100640000WB|155.3|155.4|FAULTING|0.039||01/06/2022|
01/01/2022|54|13100640000WB|155.4|155.5|FAULTING|0.035||01/06/2022|
01/01/2022|54|20100770016NB|82.5|82.6|FAULTING|0.143||31/05/2022|
01/01/2022|54|20100770016NB|82.6|82.7|FAULTING|0.116||31/05/2022|
01/01/2022|54|20100770016SB|82.5|82.6|FAULTING|0.122||31/05/2022|
01/01/2022|54|20100770016SB|82.6|82.7|FAULTING|0.127||31/05/2022|
01/01/2022|54|20100770016SB|94.2|94.3|FAULTING|0.073||31/05/2022|
01/01/2022|54|25100790000SB|129.8|129.9|FAULTING|0.121||03/06/2022|
01/01/2022|54|31100790000NB|160.5|160.52|FAULTING|0.121||01/06/2022|
01/01/2022|54|31100790000SB|160.5|160.52|FAULTING|0.079||01/06/2022|
01/01/2022|54|41100640000EB|118.7|118.8|FAULTING|0.044||01/06/2022|
01/01/2022|54|41100640000EB|118.8|118.9|FAULTING|0.035||01/06/2022|
01/01/2022|54|41100640000EB|118.9|119.0|FAULTING|0.068||01/06/2022|
01/01/2022|54|41100640000EB|119.0|119.1|FAULTING|0.031||01/06/2022|
01/01/2022|54|41100640000EB|119.1|119.2|FAULTING|0.041||01/06/2022|
01/01/2022|54|41100640000EB|119.2|119.3|FAULTING|0.04||01/06/2022|
01/01/2022|54|41100640000EB|119.3|119.4|FAULTING|0.046||01/06/2022|
01/01/2022|54|41100640000EB|119.4|119.5|FAULTING|0.121||01/06/2022|
01/01/2022|54|41100640000EB|119.5|119.6|FAULTING|0.097||01/06/2022|
01/01/2022|54|41100640000EB|119.6|119.7|FAULTING|0.085||01/06/2022|
01/01/2022|54|41100640000EB|119.7|119.8|FAULTING|0.137||01/06/2022|
01/01/2022|54|41100640000EB|119.8|119.9|FAULTING|0.026||01/06/2022|
01/01/2022|54|41100640000EB|120.0|120.1|FAULTING|0.043||01/06/2022|
01/01/2022|54|41100640000EB|120.1|120.2|FAULTING|0.099||01/06/2022|
01/01/2022|54|41100640000EB|120.2|120.3|FAULTING|0.031||01/06/2022|
01/01/2022|54|41100640000EB|120.3|120.4|FAULTING|0.019||01/06/2022|
01/01/2022|54|41100640000EB|120.4|120.5|FAULTING|0.023||01/06/2022|
01/01/2022|54|41100640000EB|120.5|120.6|FAULTING|0.026||01/06/2022|
01/01/2022|54|41100640000EB|120.6|120.7|FAULTING|0.04||01/06/2022|
01/01/2022|54|41100640000EB|120.7|120.8|FAULTING|0.026||01/06/2022|
01/01/2022|54|41100640000EB|120.8|120.9|FAULTING|0.025||01/06/2022|
01/01/2022|54|41100640000EB|120.9|121.0|FAULTING|0.03||01/06/2022|
01/01/2022|54|41100640000EB|121.0|121.1|FAULTING|0.028||01/06/2022|
01/01/2022|54|41100640000EB|121.1|121.2|FAULTING|0.036||01/06/2022|
01/01/2022|54|41100640000EB|121.2|121.3|FAULTING|0.039||01/06/2022|
01/01/2022|54|41100640000EB|121.3|121.4|FAULTING|0.022||01/06/2022|
01/01/2022|54|41100640000EB|121.4|121.5|FAULTING|0.025||01/06/2022|
01/01/2022|54|41100640000EB|121.5|121.6|FAULTING|0.03||01/06/2022|
01/01/2022|54|41100640000EB|121.6|121.7|FAULTING|0.041||01/06/2022|
01/01/2022|54|41100640000EB|121.7|121.8|FAULTING|0.041||01/06/2022|
01/01/2022|54|41100640000EB|121.8|121.9|FAULTING|0.039||01/06/2022|
01/01/2022|54|41100640000EB|121.9|122.0|FAULTING|0.034||01/06/2022|
01/01/2022|54|41100640000EB|122.0|122.1|FAULTING|0.041||01/06/2022|
01/01/2022|54|41100640000EB|122.1|122.2|FAULTING|0.035||01/06/2022|
01/01/2022|54|41100640000EB|122.2|122.3|FAULTING|0.035||01/06/2022|
01/01/2022|54|41100640000EB|122.3|122.4|FAULTING|0.04||01/06/2022|
01/01/2022|54|41100640000EB|122.4|122.5|FAULTING|0.031||01/06/2022|
01/01/2022|54|41100640000EB|122.5|122.6|FAULTING|0.041||01/06/2022|
01/01/2022|54|41100640000EB|122.6|122.7|FAULTING|0.047||01/06/2022|
01/01/2022|54|41100640000EB|122.7|122.8|FAULTING|0.049||01/06/2022|
01/01/2022|54|41100640000EB|122.8|122.9|FAULTING|0.043||01/06/2022|
01/01/2022|54|41100640000EB|123.2|123.3|FAULTING|0.035||01/06/2022|
01/01/2022|54|41100640000EB|123.3|123.4|FAULTING|0.051||01/06/2022|
01/01/2022|54|41100640000EB|123.4|123.5|FAULTING|0.044||01/06/2022|
01/01/2022|54|41100640000EB|123.6|123.7|FAULTING|0.039||01/06/2022|
01/01/2022|54|41100640000EB|123.7|123.8|FAULTING|0.032||01/06/2022|
01/01/2022|54|41100640000EB|123.8|123.9|FAULTING|0.039||01/06/2022|
01/01/2022|54|41100640000EB|123.9|124.0|FAULTING|0.032||01/06/2022|
01/01/2022|54|41100640000EB|124.0|124.1|FAULTING|0.049||01/06/2022|
01/01/2022|54|41100640000EB|124.1|124.2|FAULTING|0.036||01/06/2022|
01/01/2022|54|41100640000EB|124.2|124.3|FAULTING|0.042||01/06/2022|
01/01/2022|54|41100640000EB|124.3|124.4|FAULTING|0.032||01/06/2022|
01/01/2022|54|41100640000EB|124.4|124.5|FAULTING|0.044||01/06/2022|
01/01/2022|54|41100640000EB|124.5|124.6|FAULTING|0.114||01/06/2022|
01/01/2022|54|41100640000EB|124.6|124.7|FAULTING|0.187||01/06/2022|
01/01/2022|54|41100640000EB|124.7|124.8|FAULTING|0.138||01/06/2022|
01/01/2022|54|41100640000EB|125.0|125.1|FAULTING|0.198||01/06/2022|
01/01/2022|54|41100640000EB|125.1|125.2|FAULTING|0.173||01/06/2022|
01/01/2022|54|41100640000EB|125.2|125.3|FAULTING|0.13||01/06/2022|
01/01/2022|54|41100640000EB|125.3|125.4|FAULTING|0.086||01/06/2022|
01/01/2022|54|41100640000EB|125.4|125.5|FAULTING|0.138||01/06/2022|
01/01/2022|54|41100640000EB|125.5|125.6|FAULTING|0.207||01/06/2022|
01/01/2022|54|41100640000EB|125.6|125.7|FAULTING|0.091||01/06/2022|
01/01/2022|54|41100640000EB|125.7|125.8|FAULTING|0.033||01/06/2022|
01/01/2022|54|41100640000EB|125.8|125.9|FAULTING|0.046||01/06/2022|
01/01/2022|54|41100640000EB|125.9|126.0|FAULTING|0.108||01/06/2022|
01/01/2022|54|41100640000EB|126.0|126.1|FAULTING|0.056||01/06/2022|
01/01/2022|54|41100640000EB|126.1|126.2|FAULTING|0.121||01/06/2022|
01/01/2022|54|41100640000EB|126.2|126.3|FAULTING|0.053||01/06/2022|
01/01/2022|54|41100640000EB|126.3|126.4|FAULTING|0.088||01/06/2022|
01/01/2022|54|41100640000EB|126.4|126.5|FAULTING|0.07||01/06/2022|
01/01/2022|54|41100640000EB|126.5|126.6|FAULTING|0.071||01/06/2022|
01/01/2022|54|41100640000EB|126.6|126.7|FAULTING|0.184||01/06/2022|
01/01/2022|54|41100640000EB|126.7|126.8|FAULTING|0.145||01/06/2022|
01/01/2022|54|41100640000EB|126.8|126.9|FAULTING|0.105||01/06/2022|
01/01/2022|54|41100640000EB|126.9|127.0|FAULTING|0.032||01/06/2022|
01/01/2022|54|41100640000EB|127.0|127.1|FAULTING|0.104||01/06/2022|
01/01/2022|54|41100640000EB|127.1|127.2|FAULTING|0.035||01/06/2022|
01/01/2022|54|41100640000EB|127.2|127.3|FAULTING|0.055||01/06/2022|
01/01/2022|54|41100640000EB|127.3|127.4|FAULTING|0.059||01/06/2022|
01/01/2022|54|41100640000EB|127.4|127.5|FAULTING|0.077||01/06/2022|
01/01/2022|54|41100640000EB|127.5|127.6|FAULTING|0.029||01/06/2022|
01/01/2022|54|41100640000EB|127.6|127.7|FAULTING|0.058||01/06/2022|
01/01/2022|54|41100640000EB|127.7|127.8|FAULTING|0.081||01/06/2022|
01/01/2022|54|41100640000EB|127.8|127.9|FAULTING|0.074||01/06/2022|
01/01/2022|54|41100640000EB|127.9|128.0|FAULTING|0.121||01/06/2022|
01/01/2022|54|41100640000EB|128.0|128.1|FAULTING|0.053||01/06/2022|
01/01/2022|54|41100640000EB|128.1|128.2|FAULTING|0.041||01/06/2022|
01/01/2022|54|41100640000EB|128.2|128.3|FAULTING|0.037||01/06/2022|
01/01/2022|54|41100640000EB|128.3|128.4|FAULTING|0.034||01/06/2022|
01/01/2022|54|41100640000EB|128.4|128.5|FAULTING|0.016||01/06/2022|
01/01/2022|54|41100640000EB|128.5|128.6|FAULTING|0.044||01/06/2022|
01/01/2022|54|41100640000EB|128.6|128.7|FAULTING|0.028||01/06/2022|
01/01/2022|54|41100640000EB|128.7|128.8|FAULTING|0.015||01/06/2022|
01/01/2022|54|41100640000EB|128.8|128.9|FAULTING|0.045||01/06/2022|
01/01/2022|54|41100640000EB|128.9|129.0|FAULTING|0.042||01/06/2022|
01/01/2022|54|41100640000EB|129.0|129.1|FAULTING|0.109||01/06/2022|
01/01/2022|54|41100640000EB|129.1|129.2|FAULTING|0.067||01/06/2022|
01/01/2022|54|41100640000EB|129.2|129.3|FAULTING|0.134||01/06/2022|
01/01/2022|54|41100640000EB|129.3|129.4|FAULTING|0.161||01/06/2022|
01/01/2022|54|41100640000EB|129.4|129.5|FAULTING|0.125||01/06/2022|
01/01/2022|54|41100640000EB|129.9|130.0|FAULTING|0.077||01/06/2022|
01/01/2022|54|41100640000EB|130.0|130.1|FAULTING|0.062||01/06/2022|
01/01/2022|54|41100640000EB|130.1|130.2|FAULTING|0.028||01/06/2022|
01/01/2022|54|41100640000EB|130.2|130.3|FAULTING|0.014||01/06/2022|
01/01/2022|54|41100640000EB|130.3|130.4|FAULTING|0.037||01/06/2022|
01/01/2022|54|41100640000EB|130.4|130.5|FAULTING|0.058||01/06/2022|
01/01/2022|54|41100640000EB|130.5|130.6|FAULTING|0.036||01/06/2022|
01/01/2022|54|41100640000EB|130.6|130.7|FAULTING|0.03||01/06/2022|
01/01/2022|54|41100640000EB|130.7|130.8|FAULTING|0.012||01/06/2022|
01/01/2022|54|41100640000EB|130.8|130.9|FAULTING|0.017||01/06/2022|
01/01/2022|54|41100640000EB|130.9|131.0|FAULTING|0.051||01/06/2022|
01/01/2022|54|41100640000EB|131.0|131.1|FAULTING|0.077||01/06/2022|
01/01/2022|54|41100640000EB|131.1|131.2|FAULTING|0.036||01/06/2022|
01/01/2022|54|41100640000EB|131.2|131.3|FAULTING|0.071||01/06/2022|
01/01/2022|54|41100640000EB|131.3|131.4|FAULTING|0.019||01/06/2022|
01/01/2022|54|41100640000EB|131.4|131.5|FAULTING|0.024||01/06/2022|
01/01/2022|54|41100640000EB|131.5|131.6|FAULTING|0.016||01/06/2022|
01/01/2022|54|41100640000EB|131.6|131.7|FAULTING|0.016||01/06/2022|
01/01/2022|54|41100640000EB|131.7|131.8|FAULTING|0.018||01/06/2022|
01/01/2022|54|41100640000EB|131.8|131.9|FAULTING|0.018||01/06/2022|
01/01/2022|54|41100640000EB|131.9|132.0|FAULTING|0.013||01/06/2022|
01/01/2022|54|41100640000EB|132.0|132.1|FAULTING|0.024||01/06/2022|
01/01/2022|54|41100640000EB|132.1|132.2|FAULTING|0.029||01/06/2022|
01/01/2022|54|41100640000EB|132.2|132.3|FAULTING|0.04||01/06/2022|
01/01/2022|54|41100640000EB|132.3|132.4|FAULTING|0.019||01/06/2022|
01/01/2022|54|41100640000EB|132.4|132.5|FAULTING|0.016||01/06/2022|
01/01/2022|54|41100640000EB|132.5|132.6|FAULTING|0.026||01/06/2022|
01/01/2022|54|41100640000EB|132.6|132.7|FAULTING|0.111||01/06/2022|
01/01/2022|54|41100640000EB|132.7|132.8|FAULTING|0.04||01/06/2022|
01/01/2022|54|41100640000EB|132.8|132.9|FAULTING|0.077||01/06/2022|
01/01/2022|54|41100640000EB|132.9|133.0|FAULTING|0.042||01/06/2022|
01/01/2022|54|41100640000EB|133.0|133.1|FAULTING|0.026||01/06/2022|
01/01/2022|54|41100640000EB|133.1|133.2|FAULTING|0.018||01/06/2022|
01/01/2022|54|41100640000EB|133.2|133.3|FAULTING|0.015||01/06/2022|
01/01/2022|54|41100640000EB|133.3|133.4|FAULTING|0.02||01/06/2022|
01/01/2022|54|41100640000EB|133.4|133.5|FAULTING|0.02||01/06/2022|
01/01/2022|54|41100640000EB|133.5|133.6|FAULTING|0.011||01/06/2022|
01/01/2022|54|41100640000EB|133.6|133.7|FAULTING|0.023||01/06/2022|
01/01/2022|54|41100640000EB|133.7|133.8|FAULTING|0.011||01/06/2022|
01/01/2022|54|41100640000EB|133.8|133.9|FAULTING|0.012||01/06/2022|
01/01/2022|54|41100640000EB|133.9|134.0|FAULTING|0.034||01/06/2022|
01/01/2022|54|41100640000EB|134.0|134.1|FAULTING|0.021||01/06/2022|
01/01/2022|54|41100640000EB|134.1|134.2|FAULTING|0.024||01/06/2022|
01/01/2022|54|41100640000EB|134.2|134.3|FAULTING|0.023||01/06/2022|
01/01/2022|54|41100640000EB|134.3|134.4|FAULTING|0.013||01/06/2022|
01/01/2022|54|41100640000EB|134.4|134.5|FAULTING|0.014||01/06/2022|
01/01/2022|54|41100640000EB|134.5|134.6|FAULTING|0.019||01/06/2022|
01/01/2022|54|41100640000EB|134.6|134.7|FAULTING|0.02||01/06/2022|
01/01/2022|54|41100640000EB|134.7|134.8|FAULTING|0.026||01/06/2022|
01/01/2022|54|41100640000EB|134.8|134.9|FAULTING|0.026||01/06/2022|
01/01/2022|54|41100640000EB|134.9|135.0|FAULTING|0.02||01/06/2022|
01/01/2022|54|41100640000EB|135.0|135.1|FAULTING|0.019||01/06/2022|
01/01/2022|54|41100640000EB|135.1|135.2|FAULTING|0.016||01/06/2022|
01/01/2022|54|41100640000EB|135.2|135.3|FAULTING|0.03||01/06/2022|
01/01/2022|54|41100640000EB|135.3|135.4|FAULTING|0.015||01/06/2022|
01/01/2022|54|41100640000EB|135.4|135.5|FAULTING|0.01||01/06/2022|
01/01/2022|54|41100640000EB|135.5|135.6|FAULTING|0.018||01/06/2022|
01/01/2022|54|41100640000EB|135.6|135.7|FAULTING|0.015||01/06/2022|
01/01/2022|54|41100640000EB|135.7|135.8|FAULTING|0.011||01/06/2022|
01/01/2022|54|41100640000EB|135.8|135.9|FAULTING|0.03||01/06/2022|
01/01/2022|54|41100640000EB|135.9|136.0|FAULTING|0.023||01/06/2022|
01/01/2022|54|41100640000EB|136.0|136.1|FAULTING|0.017||01/06/2022|
01/01/2022|54|41100640000EB|136.1|136.2|FAULTING|0.012||01/06/2022|
01/01/2022|54|41100640000EB|136.2|136.3|FAULTING|0.01||01/06/2022|
01/01/2022|54|41100640000EB|136.3|136.4|FAULTING|0.03||01/06/2022|
01/01/2022|54|41100640000EB|136.4|136.5|FAULTING|0.015||01/06/2022|
01/01/2022|54|41100640000EB|136.5|136.6|FAULTING|0.025||01/06/2022|
01/01/2022|54|41100640000EB|136.6|136.7|FAULTING|0.018||01/06/2022|
01/01/2022|54|41100640000EB|136.7|136.8|FAULTING|0.01||01/06/2022|
01/01/2022|54|41100640000EB|136.8|136.9|FAULTING|0.016||01/06/2022|
01/01/2022|54|41100640000EB|136.9|137.0|FAULTING|0.016||01/06/2022|
01/01/2022|54|41100640000EB|137.0|137.1|FAULTING|0.023||01/06/2022|
01/01/2022|54|41100640000EB|137.1|137.2|FAULTING|0.036||01/06/2022|
01/01/2022|54|41100640000EB|137.2|137.3|FAULTING|0.012||01/06/2022|
01/01/2022|54|41100640000EB|137.3|137.4|FAULTING|0.011||01/06/2022|
01/01/2022|54|41100640000EB|137.4|137.5|FAULTING|0.014||01/06/2022|
01/01/2022|54|41100640000EB|137.5|137.6|FAULTING|0.013||01/06/2022|
01/01/2022|54|41100640000EB|137.6|137.7|FAULTING|0.016||01/06/2022|
01/01/2022|54|41100640000EB|137.7|137.8|FAULTING|0.015||01/06/2022|
01/01/2022|54|41100640000EB|137.8|137.9|FAULTING|0.031||01/06/2022|
01/01/2022|54|41100640000WB|120.1|120.2|FAULTING|0.058||01/06/2022|
01/01/2022|54|41100640000WB|120.2|120.3|FAULTING|0.079||01/06/2022|
01/01/2022|54|41100640000WB|120.3|120.4|FAULTING|0.088||01/06/2022|
01/01/2022|54|41100640000WB|120.4|120.5|FAULTING|0.09||01/06/2022|
01/01/2022|54|41100640000WB|120.5|120.6|FAULTING|0.085||01/06/2022|
01/01/2022|54|41100640000WB|120.6|120.7|FAULTING|0.079||01/06/2022|
01/01/2022|54|41100640000WB|120.7|120.8|FAULTING|0.077||01/06/2022|
01/01/2022|54|41100640000WB|120.8|120.9|FAULTING|0.052||01/06/2022|
01/01/2022|54|41100640000WB|120.9|121.0|FAULTING|0.038||01/06/2022|
01/01/2022|54|41100640000WB|121.0|121.1|FAULTING|0.034||01/06/2022|
01/01/2022|54|41100640000WB|121.1|121.2|FAULTING|0.031||01/06/2022|
01/01/2022|54|41100640000WB|121.2|121.3|FAULTING|0.025||01/06/2022|
01/01/2022|54|41100640000WB|121.3|121.4|FAULTING|0.035||01/06/2022|
01/01/2022|54|41100640000WB|121.4|121.5|FAULTING|0.024||01/06/2022|
01/01/2022|54|41100640000WB|121.5|121.6|FAULTING|0.028||01/06/2022|
01/01/2022|54|41100640000WB|121.6|121.7|FAULTING|0.034||01/06/2022|
01/01/2022|54|41100640000WB|121.7|121.8|FAULTING|0.034||01/06/2022|
01/01/2022|54|41100640000WB|121.8|121.9|FAULTING|0.042||01/06/2022|
01/01/2022|54|41100640000WB|121.9|122.0|FAULTING|0.036||01/06/2022|
01/01/2022|54|41100640000WB|122.0|122.1|FAULTING|0.041||01/06/2022|
01/01/2022|54|41100640000WB|122.1|122.2|FAULTING|0.043||01/06/2022|
01/01/2022|54|41100640000WB|122.2|122.3|FAULTING|0.045||01/06/2022|
01/01/2022|54|41100640000WB|122.3|122.4|FAULTING|0.03||01/06/2022|
01/01/2022|54|41100640000WB|122.4|122.5|FAULTING|0.039||01/06/2022|
01/01/2022|54|41100640000WB|122.5|122.6|FAULTING|0.046||01/06/2022|
01/01/2022|54|41100640000WB|122.6|122.7|FAULTING|0.026||01/06/2022|
01/01/2022|54|41100640000WB|122.7|122.8|FAULTING|0.028||01/06/2022|
01/01/2022|54|41100640000WB|122.8|122.9|FAULTING|0.028||01/06/2022|
01/01/2022|54|41100640000WB|123.2|123.3|FAULTING|0.031||01/06/2022|
01/01/2022|54|41100640000WB|123.3|123.4|FAULTING|0.036||01/06/2022|
01/01/2022|54|41100640000WB|123.4|123.5|FAULTING|0.057||01/06/2022|
01/01/2022|54|41100640000WB|123.5|123.6|FAULTING|0.032||01/06/2022|
01/01/2022|54|41100640000WB|123.6|123.7|FAULTING|0.037||01/06/2022|
01/01/2022|54|41100640000WB|123.7|123.8|FAULTING|0.035||01/06/2022|
01/01/2022|54|41100640000WB|123.8|123.9|FAULTING|0.043||01/06/2022|
01/01/2022|54|41100640000WB|123.9|124.0|FAULTING|0.032||01/06/2022|
01/01/2022|54|41100640000WB|124.0|124.1|FAULTING|0.036||01/06/2022|
01/01/2022|54|41100640000WB|124.1|124.2|FAULTING|0.079||01/06/2022|
01/01/2022|54|41100640000WB|124.2|124.3|FAULTING|0.035||01/06/2022|
01/01/2022|54|41100640000WB|124.3|124.4|FAULTING|0.031||01/06/2022|
01/01/2022|54|41100640000WB|124.4|124.5|FAULTING|0.071||01/06/2022|
01/01/2022|54|41100640000WB|124.5|124.6|FAULTING|0.029||01/06/2022|
01/01/2022|54|41100640000WB|124.6|124.7|FAULTING|0.013||01/06/2022|
01/01/2022|54|41100640000WB|124.7|124.8|FAULTING|0.018||01/06/2022|
01/01/2022|54|41100640000WB|125.0|125.1|FAULTING|0.101||01/06/2022|
01/01/2022|54|41100640000WB|125.1|125.2|FAULTING|0.064||01/06/2022|
01/01/2022|54|41100640000WB|125.2|125.3|FAULTING|0.097||01/06/2022|
01/01/2022|54|41100640000WB|125.3|125.4|FAULTING|0.094||01/06/2022|
01/01/2022|54|41100640000WB|125.4|125.5|FAULTING|0.038||01/06/2022|
01/01/2022|54|41100640000WB|125.5|125.6|FAULTING|0.206||01/06/2022|
01/01/2022|54|41100640000WB|125.6|125.7|FAULTING|0.21||01/06/2022|
01/01/2022|54|41100640000WB|125.7|125.8|FAULTING|0.079||01/06/2022|
01/01/2022|54|41100640000WB|125.8|125.9|FAULTING|0.115||01/06/2022|
01/01/2022|54|41100640000WB|125.9|126.0|FAULTING|0.119||01/06/2022|
01/01/2022|54|41100640000WB|126.0|126.1|FAULTING|0.137||01/06/2022|
01/01/2022|54|41100640000WB|126.1|126.2|FAULTING|0.176||01/06/2022|
01/01/2022|54|41100640000WB|126.2|126.3|FAULTING|0.122||01/06/2022|
01/01/2022|54|41100640000WB|126.3|126.4|FAULTING|0.091||01/06/2022|
01/01/2022|54|41100640000WB|126.4|126.5|FAULTING|0.073||01/06/2022|
01/01/2022|54|41100640000WB|126.5|126.6|FAULTING|0.118||01/06/2022|
01/01/2022|54|41100640000WB|126.6|126.7|FAULTING|0.054||01/06/2022|
01/01/2022|54|41100640000WB|126.7|126.8|FAULTING|0.054||01/06/2022|
01/01/2022|54|41100640000WB|126.8|126.9|FAULTING|0.074||01/06/2022|
01/01/2022|54|41100640000WB|126.9|127.0|FAULTING|0.067||01/06/2022|
01/01/2022|54|41100640000WB|127.0|127.1|FAULTING|0.054||01/06/2022|
01/01/2022|54|41100640000WB|127.1|127.2|FAULTING|0.096||01/06/2022|
01/01/2022|54|41100640000WB|127.2|127.3|FAULTING|0.118||01/06/2022|
01/01/2022|54|41100640000WB|127.3|127.4|FAULTING|0.09||01/06/2022|
01/01/2022|54|41100640000WB|127.4|127.5|FAULTING|0.117||01/06/2022|
01/01/2022|54|41100640000WB|127.5|127.6|FAULTING|0.078||01/06/2022|
01/01/2022|54|41100640000WB|127.6|127.7|FAULTING|0.138||01/06/2022|
01/01/2022|54|41100640000WB|127.7|127.8|FAULTING|0.127||01/06/2022|
01/01/2022|54|41100640000WB|127.8|127.9|FAULTING|0.129||01/06/2022|
01/01/2022|54|41100640000WB|127.9|128.0|FAULTING|0.128||01/06/2022|
01/01/2022|54|41100640000WB|128.0|128.1|FAULTING|0.128||01/06/2022|
01/01/2022|54|41100640000WB|128.1|128.2|FAULTING|0.076||01/06/2022|
01/01/2022|54|41100640000WB|128.2|128.3|FAULTING|0.06||01/06/2022|
01/01/2022|54|41100640000WB|128.3|128.4|FAULTING|0.052||01/06/2022|
01/01/2022|54|41100640000WB|128.4|128.5|FAULTING|0.05||01/06/2022|
01/01/2022|54|41100640000WB|128.5|128.6|FAULTING|0.035||01/06/2022|
01/01/2022|54|41100640000WB|128.6|128.7|FAULTING|0.061||01/06/2022|
01/01/2022|54|41100640000WB|128.7|128.8|FAULTING|0.062||01/06/2022|
01/01/2022|54|41100640000WB|128.8|128.9|FAULTING|0.042||01/06/2022|
01/01/2022|54|41100640000WB|128.9|129.0|FAULTING|0.048||01/06/2022|
01/01/2022|54|41100640000WB|129.0|129.1|FAULTING|0.045||01/06/2022|
01/01/2022|54|41100640000WB|129.1|129.2|FAULTING|0.04||01/06/2022|
01/01/2022|54|41100640000WB|129.2|129.3|FAULTING|0.029||01/06/2022|
01/01/2022|54|41100640000WB|129.3|129.4|FAULTING|0.032||01/06/2022|
01/01/2022|54|41100640000WB|129.4|129.5|FAULTING|0.039||01/06/2022|
01/01/2022|54|41100640000WB|130.0|130.1|FAULTING|0.046||01/06/2022|
01/01/2022|54|41100640000WB|130.1|130.2|FAULTING|0.016||01/06/2022|
01/01/2022|54|41100640000WB|130.2|130.3|FAULTING|0.014||01/06/2022|
01/01/2022|54|41100640000WB|130.3|130.4|FAULTING|0.015||01/06/2022|
01/01/2022|54|41100640000WB|130.4|130.5|FAULTING|0.049||01/06/2022|
01/01/2022|54|41100640000WB|130.5|130.6|FAULTING|0.021||01/06/2022|
01/01/2022|54|41100640000WB|130.6|130.7|FAULTING|0.018||01/06/2022|
01/01/2022|54|41100640000WB|130.7|130.8|FAULTING|0.035||01/06/2022|
01/01/2022|54|41100640000WB|130.8|130.9|FAULTING|0.034||01/06/2022|
01/01/2022|54|41100640000WB|130.9|131.0|FAULTING|0.02||01/06/2022|
01/01/2022|54|41100640000WB|131.0|131.1|FAULTING|0.019||01/06/2022|
01/01/2022|54|41100640000WB|131.1|131.2|FAULTING|0.017||01/06/2022|
01/01/2022|54|41100640000WB|131.2|131.3|FAULTING|0.047||01/06/2022|
01/01/2022|54|41100640000WB|131.3|131.4|FAULTING|0.014||01/06/2022|
01/01/2022|54|41100640000WB|131.4|131.5|FAULTING|0.05||01/06/2022|
01/01/2022|54|41100640000WB|131.5|131.6|FAULTING|0.037||01/06/2022|
01/01/2022|54|41100640000WB|131.6|131.7|FAULTING|0.045||01/06/2022|
01/01/2022|54|41100640000WB|131.7|131.8|FAULTING|0.028||01/06/2022|
01/01/2022|54|41100640000WB|131.8|131.9|FAULTING|0.018||01/06/2022|
01/01/2022|54|41100640000WB|131.9|132.0|FAULTING|0.037||01/06/2022|
01/01/2022|54|41100640000WB|132.0|132.1|FAULTING|0.041||01/06/2022|
01/01/2022|54|41100640000WB|132.1|132.2|FAULTING|0.036||01/06/2022|
01/01/2022|54|41100640000WB|132.2|132.3|FAULTING|0.054||01/06/2022|
01/01/2022|54|41100640000WB|132.3|132.4|FAULTING|0.059||01/06/2022|
01/01/2022|54|41100640000WB|132.4|132.5|FAULTING|0.022||01/06/2022|
01/01/2022|54|41100640000WB|132.5|132.6|FAULTING|0.028||01/06/2022|
01/01/2022|54|41100640000WB|132.6|132.7|FAULTING|0.033||01/06/2022|
01/01/2022|54|41100640000WB|132.7|132.8|FAULTING|0.037||01/06/2022|
01/01/2022|54|41100640000WB|132.8|132.9|FAULTING|0.017||01/06/2022|
01/01/2022|54|41100640000WB|132.9|133.0|FAULTING|0.038||01/06/2022|
01/01/2022|54|41100640000WB|133.0|133.1|FAULTING|0.037||01/06/2022|
01/01/2022|54|41100640000WB|133.1|133.2|FAULTING|0.041||01/06/2022|
01/01/2022|54|41100640000WB|133.2|133.3|FAULTING|0.043||01/06/2022|
01/01/2022|54|41100640000WB|133.3|133.4|FAULTING|0.028||01/06/2022|
01/01/2022|54|41100640000WB|133.4|133.5|FAULTING|0.029||01/06/2022|
01/01/2022|54|41100640000WB|133.5|133.6|FAULTING|0.029||01/06/2022|
01/01/2022|54|41100640000WB|133.6|133.7|FAULTING|0.024||01/06/2022|
01/01/2022|54|41100640000WB|133.7|133.8|FAULTING|0.026||01/06/2022|
01/01/2022|54|41100640000WB|133.8|133.9|FAULTING|0.025||01/06/2022|
01/01/2022|54|41100640000WB|133.9|134.0|FAULTING|0.029||01/06/2022|
01/01/2022|54|41100640000WB|134.0|134.1|FAULTING|0.023||01/06/2022|
01/01/2022|54|41100640000WB|134.1|134.2|FAULTING|0.014||01/06/2022|
01/01/2022|54|41100640000WB|134.2|134.3|FAULTING|0.025||01/06/2022|
01/01/2022|54|41100640000WB|134.3|134.4|FAULTING|0.026||01/06/2022|
01/01/2022|54|41100640000WB|134.4|134.5|FAULTING|0.051||01/06/2022|
01/01/2022|54|41100640000WB|134.5|134.6|FAULTING|0.031||01/06/2022|
01/01/2022|54|41100640000WB|134.6|134.7|FAULTING|0.036||01/06/2022|
01/01/2022|54|41100640000WB|134.7|134.8|FAULTING|0.022||01/06/2022|
01/01/2022|54|41100640000WB|134.8|134.9|FAULTING|0.023||01/06/2022|
01/01/2022|54|41100640000WB|134.9|135.0|FAULTING|0.02||01/06/2022|
01/01/2022|54|41100640000WB|135.0|135.1|FAULTING|0.023||01/06/2022|
01/01/2022|54|41100640000WB|135.1|135.2|FAULTING|0.015||01/06/2022|
01/01/2022|54|41100640000WB|135.2|135.3|FAULTING|0.014||01/06/2022|
01/01/2022|54|41100640000WB|135.3|135.4|FAULTING|0.018||01/06/2022|
01/01/2022|54|41100640000WB|135.4|135.5|FAULTING|0.024||01/06/2022|
01/01/2022|54|41100640000WB|135.5|135.6|FAULTING|0.017||01/06/2022|
01/01/2022|54|41100640000WB|135.6|135.7|FAULTING|0.018||01/06/2022|
01/01/2022|54|41100640000WB|135.7|135.8|FAULTING|0.019||01/06/2022|
01/01/2022|54|41100640000WB|135.8|135.9|FAULTING|0.017||01/06/2022|
01/01/2022|54|41100640000WB|135.9|136.0|FAULTING|0.017||01/06/2022|
01/01/2022|54|41100640000WB|136.0|136.1|FAULTING|0.018||01/06/2022|
01/01/2022|54|41100640000WB|136.1|136.2|FAULTING|0.024||01/06/2022|
01/01/2022|54|41100640000WB|136.2|136.3|FAULTING|0.017||01/06/2022|
01/01/2022|54|41100640000WB|136.3|136.4|FAULTING|0.014||01/06/2022|
01/01/2022|54|41100640000WB|136.4|136.5|FAULTING|0.015||01/06/2022|
01/01/2022|54|41100640000WB|136.5|136.6|FAULTING|0.02||01/06/2022|
01/01/2022|54|41100640000WB|136.6|136.7|FAULTING|0.02||01/06/2022|
01/01/2022|54|41100640000WB|136.7|136.8|FAULTING|0.018||01/06/2022|
01/01/2022|54|41100640000WB|136.8|136.9|FAULTING|0.037||01/06/2022|
01/01/2022|54|41100640000WB|136.9|137.0|FAULTING|0.02||01/06/2022|
01/01/2022|54|41100640000WB|137.0|137.1|FAULTING|0.016||01/06/2022|
01/01/2022|54|41100640000WB|137.1|137.2|FAULTING|0.025||01/06/2022|
01/01/2022|54|41100640000WB|137.2|137.3|FAULTING|0.025||01/06/2022|
01/01/2022|54|41100640000WB|137.3|137.4|FAULTING|0.019||01/06/2022|
01/01/2022|54|41100640000WB|137.4|137.5|FAULTING|0.018||01/06/2022|
01/01/2022|54|41100640000WB|137.5|137.6|FAULTING|0.015||01/06/2022|
01/01/2022|54|41100640000WB|137.6|137.7|FAULTING|0.014||01/06/2022|
01/01/2022|54|41100640000WB|137.7|137.8|FAULTING|0.027||01/06/2022|
01/01/2022|54|41100640000WB|137.8|137.9|FAULTING|0.021||01/06/2022|
01/01/2022|54|41100640007WB|0.0|0.1|FAULTING|0.042||01/06/2022|
01/01/2022|54|41100640007WB|0.1|0.2|FAULTING|0.031||01/06/2022|
01/01/2022|54|41100640007WB|0.2|0.3|FAULTING|0.073||01/06/2022|
01/01/2022|54|41100770004NB|0.1|0.2|FAULTING|0.02||01/06/2022|
01/01/2022|54|41100770004NB|0.2|0.3|FAULTING|0.02||01/06/2022|
01/01/2022|54|41100770004NB|0.3|0.4|FAULTING|0.026||01/06/2022|
01/01/2022|54|41100770004NB|0.4|0.43|FAULTING|0.022||01/06/2022|
01/01/2022|54|41100770016NB|30.0|30.1|FAULTING|0.076||31/05/2022|
01/01/2022|54|41100770016NB|30.1|30.2|FAULTING|0.127||31/05/2022|
01/01/2022|54|41100770016SB|30.0|30.1|FAULTING|0.065||31/05/2022|
01/01/2022|54|41100770016SB|30.1|30.2|FAULTING|0.066||31/05/2022|
01/01/2022|54|44100790000SB|29.6|29.7|FAULTING|0.189||03/06/2022|
01/01/2022|54|45100640000EB|138.3|138.4|FAULTING|0.149||01/06/2022|
01/01/2022|54|45100640000EB|138.4|138.5|FAULTING|0.048||01/06/2022|
01/01/2022|54|45100640000EB|138.5|138.6|FAULTING|0.043||01/06/2022|
01/01/2022|54|45100640000EB|138.6|138.7|FAULTING|0.252||01/06/2022|
01/01/2022|54|45100640000EB|138.7|138.8|FAULTING|0.031||01/06/2022|
01/01/2022|54|45100640000EB|138.8|138.9|FAULTING|0.044||01/06/2022|
01/01/2022|54|45100640000EB|138.9|139.0|FAULTING|0.012||01/06/2022|
01/01/2022|54|45100640000EB|139.0|139.1|FAULTING|0.024||01/06/2022|
01/01/2022|54|45100640000EB|139.1|139.2|FAULTING|0.014||01/06/2022|
01/01/2022|54|45100640000EB|139.2|139.3|FAULTING|0.04||01/06/2022|
01/01/2022|54|45100640000EB|139.3|139.4|FAULTING|0.031||01/06/2022|
01/01/2022|54|45100640000EB|139.4|139.5|FAULTING|0.014||01/06/2022|
01/01/2022|54|45100640000EB|139.5|139.6|FAULTING|0.015||01/06/2022|
01/01/2022|54|45100640000EB|139.6|139.7|FAULTING|0.01||01/06/2022|
01/01/2022|54|45100640000EB|139.7|139.8|FAULTING|0.012||01/06/2022|
01/01/2022|54|45100640000EB|139.8|139.9|FAULTING|0.077||01/06/2022|
01/01/2022|54|45100640000EB|139.9|140.0|FAULTING|0.043||01/06/2022|
01/01/2022|54|45100640000EB|140.0|140.1|FAULTING|0.014||01/06/2022|
01/01/2022|54|45100640000EB|140.1|140.2|FAULTING|0.01||01/06/2022|
01/01/2022|54|45100640000EB|140.2|140.3|FAULTING|0.018||01/06/2022|
01/01/2022|54|45100640000EB|140.3|140.4|FAULTING|0.009||01/06/2022|
01/01/2022|54|45100640000EB|140.4|140.5|FAULTING|0.064||01/06/2022|
01/01/2022|54|45100640000EB|140.5|140.6|FAULTING|0.09||01/06/2022|
01/01/2022|54|45100640000EB|140.6|140.7|FAULTING|0.008||01/06/2022|
01/01/2022|54|45100640000EB|140.7|140.8|FAULTING|0.012||01/06/2022|
01/01/2022|54|45100640000EB|140.8|140.9|FAULTING|0.022||01/06/2022|
01/01/2022|54|45100640000EB|140.9|141.0|FAULTING|0.008||01/06/2022|
01/01/2022|54|45100640000EB|141.0|141.1|FAULTING|0.012||01/06/2022|
01/01/2022|54|45100640000EB|141.1|141.2|FAULTING|0.021||01/06/2022|
01/01/2022|54|45100640000EB|141.2|141.3|FAULTING|0.018||01/06/2022|
01/01/2022|54|45100640000EB|141.3|141.4|FAULTING|0.022||01/06/2022|
01/01/2022|54|45100640000EB|141.4|141.5|FAULTING|0.025||01/06/2022|
01/01/2022|54|45100640000EB|141.5|141.6|FAULTING|0.014||01/06/2022|
01/01/2022|54|45100640000EB|141.6|141.7|FAULTING|0.022||01/06/2022|
01/01/2022|54|45100640000EB|141.7|141.8|FAULTING|0.019||01/06/2022|
01/01/2022|54|45100640000EB|141.8|141.9|FAULTING|0.013||01/06/2022|
01/01/2022|54|45100640000EB|141.9|142.0|FAULTING|0.016||01/06/2022|
01/01/2022|54|45100640000EB|142.0|142.1|FAULTING|0.019||01/06/2022|
01/01/2022|54|45100640000EB|142.1|142.2|FAULTING|0.014||01/06/2022|
01/01/2022|54|45100640000EB|142.2|142.3|FAULTING|0.015||01/06/2022|
01/01/2022|54|45100640000EB|142.3|142.4|FAULTING|0.013||01/06/2022|
01/01/2022|54|45100640000EB|142.4|142.5|FAULTING|0.014||01/06/2022|
01/01/2022|54|45100640000EB|142.5|142.6|FAULTING|0.011||01/06/2022|
01/01/2022|54|45100640000EB|142.6|142.7|FAULTING|0.013||01/06/2022|
01/01/2022|54|45100640000EB|142.7|142.8|FAULTING|0.02||01/06/2022|
01/01/2022|54|45100640000EB|142.8|142.9|FAULTING|0.055||01/06/2022|
01/01/2022|54|45100640000EB|143.0|143.1|FAULTING|0.028||01/06/2022|
01/01/2022|54|45100640000EB|143.1|143.2|FAULTING|0.048||01/06/2022|
01/01/2022|54|45100640000EB|143.2|143.3|FAULTING|0.041||01/06/2022|
01/01/2022|54|45100640000EB|143.3|143.4|FAULTING|0.072||01/06/2022|
01/01/2022|54|45100640000EB|143.4|143.5|FAULTING|0.038||01/06/2022|
01/01/2022|54|45100640000EB|143.5|143.6|FAULTING|0.032||01/06/2022|
01/01/2022|54|45100640000EB|143.6|143.7|FAULTING|0.046||01/06/2022|
01/01/2022|54|45100640000EB|143.7|143.8|FAULTING|0.042||01/06/2022|
01/01/2022|54|45100640000EB|143.8|143.9|FAULTING|0.027||01/06/2022|
01/01/2022|54|45100640000EB|143.9|144.0|FAULTING|0.027||01/06/2022|
01/01/2022|54|45100640000EB|144.0|144.1|FAULTING|0.015||01/06/2022|
01/01/2022|54|45100640000EB|144.1|144.2|FAULTING|0.034||01/06/2022|
01/01/2022|54|45100640000EB|144.2|144.3|FAULTING|0.023||01/06/2022|
01/01/2022|54|45100640000EB|144.3|144.4|FAULTING|0.047||01/06/2022|
01/01/2022|54|45100640000EB|144.4|144.5|FAULTING|0.059||01/06/2022|
01/01/2022|54|45100640000EB|144.5|144.6|FAULTING|0.028||01/06/2022|
01/01/2022|54|45100640000EB|144.6|144.7|FAULTING|0.02||01/06/2022|
01/01/2022|54|45100640000EB|144.7|144.8|FAULTING|0.091||01/06/2022|
01/01/2022|54|45100640000EB|144.8|144.9|FAULTING|0.017||01/06/2022|
01/01/2022|54|45100640000EB|144.9|145.0|FAULTING|0.072||01/06/2022|
01/01/2022|54|45100640000EB|145.0|145.1|FAULTING|0.031||01/06/2022|
01/01/2022|54|45100640000EB|145.1|145.2|FAULTING|0.034||01/06/2022|
01/01/2022|54|45100640000EB|145.2|145.3|FAULTING|0.017||01/06/2022|
01/01/2022|54|45100640000EB|145.3|145.4|FAULTING|0.02||01/06/2022|
01/01/2022|54|45100640000EB|145.4|145.5|FAULTING|0.012||01/06/2022|
01/01/2022|54|45100640000EB|145.5|145.6|FAULTING|0.017||01/06/2022|
01/01/2022|54|45100640000EB|145.6|145.7|FAULTING|0.016||01/06/2022|
01/01/2022|54|45100640000EB|145.7|145.8|FAULTING|0.024||01/06/2022|
01/01/2022|54|45100640000EB|145.8|145.9|FAULTING|0.027||01/06/2022|
01/01/2022|54|45100640000EB|145.9|146.0|FAULTING|0.022||01/06/2022|
01/01/2022|54|45100640000EB|146.0|146.1|FAULTING|0.027||01/06/2022|
01/01/2022|54|45100640000EB|146.1|146.2|FAULTING|0.076||01/06/2022|
01/01/2022|54|45100640000EB|146.2|146.3|FAULTING|0.013||01/06/2022|
01/01/2022|54|45100640000EB|146.3|146.4|FAULTING|0.077||01/06/2022|
01/01/2022|54|45100640000EB|146.4|146.5|FAULTING|0.036||01/06/2022|
01/01/2022|54|45100640000EB|146.5|146.6|FAULTING|0.012||01/06/2022|
01/01/2022|54|45100640000EB|146.6|146.7|FAULTING|0.038||01/06/2022|
01/01/2022|54|45100640000EB|146.7|146.8|FAULTING|0.036||01/06/2022|
01/01/2022|54|45100640000EB|146.8|146.9|FAULTING|0.081||01/06/2022|
01/01/2022|54|45100640000EB|146.9|147.0|FAULTING|0.077||01/06/2022|
01/01/2022|54|45100640000EB|147.0|147.1|FAULTING|0.055||01/06/2022|
01/01/2022|54|45100640000EB|147.1|147.2|FAULTING|0.016||01/06/2022|
01/01/2022|54|45100640000EB|147.2|147.3|FAULTING|0.048||01/06/2022|
01/01/2022|54|45100640000EB|147.3|147.4|FAULTING|0.057||01/06/2022|
01/01/2022|54|45100640000EB|147.4|147.5|FAULTING|0.053||01/06/2022|
01/01/2022|54|45100640000EB|147.5|147.6|FAULTING|0.074||01/06/2022|
01/01/2022|54|45100640000WB|138.3|138.4|FAULTING|0.085||01/06/2022|
01/01/2022|54|45100640000WB|138.4|138.5|FAULTING|0.033||01/06/2022|
01/01/2022|54|45100640000WB|138.5|138.6|FAULTING|0.054||01/06/2022|
01/01/2022|54|45100640000WB|138.6|138.7|FAULTING|0.199||01/06/2022|
01/01/2022|54|45100640000WB|138.7|138.8|FAULTING|0.013||01/06/2022|
01/01/2022|54|45100640000WB|138.8|138.9|FAULTING|0.013||01/06/2022|
01/01/2022|54|45100640000WB|138.9|139.0|FAULTING|0.026||01/06/2022|
01/01/2022|54|45100640000WB|139.0|139.1|FAULTING|0.018||01/06/2022|
01/01/2022|54|45100640000WB|139.1|139.2|FAULTING|0.019||01/06/2022|
01/01/2022|54|45100640000WB|139.2|139.3|FAULTING|0.043||01/06/2022|
01/01/2022|54|45100640000WB|139.3|139.4|FAULTING|0.012||01/06/2022|
01/01/2022|54|45100640000WB|139.4|139.5|FAULTING|0.021||01/06/2022|
01/01/2022|54|45100640000WB|139.5|139.6|FAULTING|0.014||01/06/2022|
01/01/2022|54|45100640000WB|139.6|139.7|FAULTING|0.016||01/06/2022|
01/01/2022|54|45100640000WB|139.7|139.8|FAULTING|0.041||01/06/2022|
01/01/2022|54|45100640000WB|139.8|139.9|FAULTING|0.045||01/06/2022|
01/01/2022|54|45100640000WB|139.9|140.0|FAULTING|0.031||01/06/2022|
01/01/2022|54|45100640000WB|140.0|140.1|FAULTING|0.022||01/06/2022|
01/01/2022|54|45100640000WB|140.1|140.2|FAULTING|0.013||01/06/2022|
01/01/2022|54|45100640000WB|140.2|140.3|FAULTING|0.015||01/06/2022|
01/01/2022|54|45100640000WB|140.3|140.4|FAULTING|0.015||01/06/2022|
01/01/2022|54|45100640000WB|140.4|140.5|FAULTING|0.011||01/06/2022|
01/01/2022|54|45100640000WB|140.5|140.6|FAULTING|0.012||01/06/2022|
01/01/2022|54|45100640000WB|140.6|140.7|FAULTING|0.011||01/06/2022|
01/01/2022|54|45100640000WB|140.7|140.8|FAULTING|0.047||01/06/2022|
01/01/2022|54|45100640000WB|140.8|140.9|FAULTING|0.011||01/06/2022|
01/01/2022|54|45100640000WB|140.9|141.0|FAULTING|0.016||01/06/2022|
01/01/2022|54|45100640000WB|141.0|141.1|FAULTING|0.012||01/06/2022|
01/01/2022|54|45100640000WB|141.1|141.2|FAULTING|0.009||01/06/2022|
01/01/2022|54|45100640000WB|141.2|141.3|FAULTING|0.019||01/06/2022|
01/01/2022|54|45100640000WB|141.3|141.4|FAULTING|0.01||01/06/2022|
01/01/2022|54|45100640000WB|141.4|141.5|FAULTING|0.012||01/06/2022|
01/01/2022|54|45100640000WB|141.5|141.6|FAULTING|0.01||01/06/2022|
01/01/2022|54|45100640000WB|141.6|141.7|FAULTING|0.022||01/06/2022|
01/01/2022|54|45100640000WB|141.7|141.8|FAULTING|0.012||01/06/2022|
01/01/2022|54|45100640000WB|141.8|141.9|FAULTING|0.012||01/06/2022|
01/01/2022|54|45100640000WB|141.9|142.0|FAULTING|0.017||01/06/2022|
01/01/2022|54|45100640000WB|142.0|142.1|FAULTING|0.013||01/06/2022|
01/01/2022|54|45100640000WB|142.1|142.2|FAULTING|0.009||01/06/2022|
01/01/2022|54|45100640000WB|142.2|142.3|FAULTING|0.012||01/06/2022|
01/01/2022|54|45100640000WB|142.3|142.4|FAULTING|0.013||01/06/2022|
01/01/2022|54|45100640000WB|142.4|142.5|FAULTING|0.015||01/06/2022|
01/01/2022|54|45100640000WB|142.5|142.6|FAULTING|0.023||01/06/2022|
01/01/2022|54|45100640000WB|142.6|142.7|FAULTING|0.033||01/06/2022|
01/01/2022|54|45100640000WB|142.7|142.8|FAULTING|0.012||01/06/2022|
01/01/2022|54|45100640000WB|142.8|142.9|FAULTING|0.038||01/06/2022|
01/01/2022|54|45100640000WB|143.0|143.1|FAULTING|0.025||01/06/2022|
01/01/2022|54|45100640000WB|143.2|143.3|FAULTING|0.051||01/06/2022|
01/01/2022|54|45100640000WB|143.3|143.4|FAULTING|0.014||01/06/2022|
01/01/2022|54|45100640000WB|143.4|143.5|FAULTING|0.028||01/06/2022|
01/01/2022|54|45100640000WB|143.5|143.6|FAULTING|0.059||01/06/2022|
01/01/2022|54|45100640000WB|143.6|143.7|FAULTING|0.053||01/06/2022|
01/01/2022|54|45100640000WB|143.7|143.8|FAULTING|0.047||01/06/2022|
01/01/2022|54|45100640000WB|143.8|143.9|FAULTING|0.014||01/06/2022|
01/01/2022|54|45100640000WB|143.9|144.0|FAULTING|0.009||01/06/2022|
01/01/2022|54|45100640000WB|144.0|144.1|FAULTING|0.075||01/06/2022|
01/01/2022|54|45100640000WB|144.1|144.2|FAULTING|0.038||01/06/2022|
01/01/2022|54|45100640000WB|144.2|144.3|FAULTING|0.043||01/06/2022|
01/01/2022|54|45100640000WB|144.3|144.4|FAULTING|0.012||01/06/2022|
01/01/2022|54|45100640000WB|144.4|144.5|FAULTING|0.025||01/06/2022|
01/01/2022|54|45100640000WB|144.5|144.6|FAULTING|0.015||01/06/2022|
01/01/2022|54|45100640000WB|144.6|144.7|FAULTING|0.062||01/06/2022|
01/01/2022|54|45100640000WB|144.7|144.8|FAULTING|0.049||01/06/2022|
01/01/2022|54|45100640000WB|144.8|144.9|FAULTING|0.087||01/06/2022|
01/01/2022|54|45100640000WB|144.9|145.0|FAULTING|0.089||01/06/2022|
01/01/2022|54|45100640000WB|145.0|145.1|FAULTING|0.091||01/06/2022|
01/01/2022|54|45100640000WB|145.1|145.2|FAULTING|0.096||01/06/2022|
01/01/2022|54|45100640000WB|145.2|145.3|FAULTING|0.071||01/06/2022|
01/01/2022|54|45100640000WB|145.3|145.4|FAULTING|0.035||01/06/2022|
01/01/2022|54|45100640000WB|145.4|145.5|FAULTING|0.093||01/06/2022|
01/01/2022|54|45100640000WB|145.5|145.6|FAULTING|0.055||01/06/2022|
01/01/2022|54|45100640000WB|145.6|145.7|FAULTING|0.066||01/06/2022|
01/01/2022|54|45100640000WB|145.7|145.8|FAULTING|0.055||01/06/2022|
01/01/2022|54|45100640000WB|145.8|145.9|FAULTING|0.014||01/06/2022|
01/01/2022|54|45100640000WB|145.9|146.0|FAULTING|0.026||01/06/2022|
01/01/2022|54|45100640000WB|146.0|146.1|FAULTING|0.022||01/06/2022|
01/01/2022|54|45100640000WB|146.1|146.2|FAULTING|0.048||01/06/2022|
01/01/2022|54|45100640000WB|146.2|146.3|FAULTING|0.06||01/06/2022|
01/01/2022|54|45100640000WB|146.3|146.4|FAULTING|0.051||01/06/2022|
01/01/2022|54|45100640000WB|146.4|146.5|FAULTING|0.077||01/06/2022|
01/01/2022|54|45100640000WB|146.5|146.6|FAULTING|0.046||01/06/2022|
01/01/2022|54|45100640000WB|146.6|146.7|FAULTING|0.041||01/06/2022|
01/01/2022|54|45100640000WB|146.7|146.8|FAULTING|0.069||01/06/2022|
01/01/2022|54|45100640000WB|146.8|146.9|FAULTING|0.036||01/06/2022|
01/01/2022|54|45100640000WB|146.9|147.0|FAULTING|0.107||01/06/2022|
01/01/2022|54|45100640000WB|147.0|147.1|FAULTING|0.132||01/06/2022|
01/01/2022|54|45100640000WB|147.1|147.2|FAULTING|0.119||01/06/2022|
01/01/2022|54|45100640000WB|147.2|147.3|FAULTING|0.095||01/06/2022|
01/01/2022|54|45100640000WB|147.3|147.4|FAULTING|0.059||01/06/2022|
01/01/2022|54|45100640000WB|147.4|147.5|FAULTING|0.064||01/06/2022|
01/01/2022|54|45100640000WB|147.5|147.6|FAULTING|0.014||01/06/2022|
